case_id,group,env_tag,source_case_id,D_L1,t_L1,D_L2,t_L2,D_B1,t_B1,D_B2,t_B2,wind_speed_used,wave_height_used,wave_period_used,wave_direction_used,wave_seed_source,seed_index,wave_seed,return_code,wall_time_s,success,output_rows,output_dt_s,max_tower_base_moment_knm_W1_full_0_10,max_top_displacement_m_W1_full_0_10,max_hydrodynamic_force_kn_W1_full_0_10,max_tracked_member_force_kn_W1_full_0_10,max_platform_pitch_deg_W1_full_0_10,max_tower_base_moment_knm_W1_orig_2_10,max_top_displacement_m_W1_orig_2_10,max_hydrodynamic_force_kn_W1_orig_2_10,max_tracked_member_force_kn_W1_orig_2_10,max_platform_pitch_deg_W1_orig_2_10,max_tower_base_moment_knm_W2_fix_60_70,max_top_displacement_m_W2_fix_60_70,max_hydrodynamic_force_kn_W2_fix_60_70,max_tracked_member_force_kn_W2_fix_60_70,max_platform_pitch_deg_W2_fix_60_70,max_tower_base_moment_knm_W3_600_60_660,max_top_displacement_m_W3_600_60_660,max_hydrodynamic_force_kn_W3_600_60_660,max_tracked_member_force_kn_W3_600_60_660,max_platform_pitch_deg_W3_600_60_660
E3_E1_001_s0,baseline,calm,HA0100_0069,1.2,0.05,1.2,0.035,0.8,0.02,0.8,0.02,3.13,0.5,4.35,38.0,742554125.0,0,742554125,0,5948.185400936,True,13201,0.05000000000001137,23501.068343996823,0.11291496956404751,2143.013365913519,564.1205928189589,0.04152875644539767,18434.069060738173,0.09583815049882612,2134.5567342726904,564.1205928189589,0.03560006569831688,5855.469002118749,0.027074552283125213,2122.282932411782,325.927443734265,0.009007421202123053,6013.638757181294,0.027074552283125213,2132.208971912066,344.88573679393295,0.009290476593947142
E3_E1_001_s1,baseline,calm,HA0100_0069,1.2,0.05,1.2,0.035,0.8,0.02,0.8,0.02,3.13,0.5,4.35,38.0,742554125.0,1,742562044,0,7117.35850567,True,13201,0.05000000000001137,23618.3636188051,0.11344995566058998,2135.711523176077,577.7852639300215,0.04177507698765627,18416.229135405058,0.09554364473804929,2135.440217688897,577.7852639300215,0.035789570725825254,6559.344794517433,0.029889233105232,2128.7518164819203,336.14229420583627,0.00957911224706187,6649.954792289092,0.030245894370518438,2132.3149733797745,343.59695394699474,0.009621341278970493
E3_E1_001_s10,baseline,calm,HA0100_0069,1.2,0.05,1.2,0.035,0.8,0.02,0.8,0.02,3.13,0.5,4.35,38.0,742554125.0,10,742633315,0,7112.905839479,True,13201,0.05000000000001137,23571.63643644109,0.11322034223443574,2138.770025650014,589.5536280309373,0.041866573670361465,18357.02348612554,0.09535122075690866,2126.8825834004742,589.5536280309373,0.03573873340680143,6458.667945848488,0.02955255531867271,2126.483200527157,342.4691630301305,0.009401231549380792,6458.667945848488,0.02955255531867271,2132.2218452546986,342.4691630301305,0.009601977524198505
E3_E1_001_s11,baseline,calm,HA0100_0069,1.2,0.05,1.2,0.035,0.8,0.02,0.8,0.02,3.13,0.5,4.35,38.0,742554125.0,11,742641234,0,6083.885734804,True,13201,0.05000000000001137,23553.89249814344,0.11322792956513274,2147.634597317904,586.8676854991762,0.041951560648492564,18365.631830920844,0.09552155895721696,2128.234975168512,586.8676854991762,0.03594804869613256,6019.612007208929,0.027804249421119448,2124.9386244755856,331.95699488208487,0.00919500301173707,6019.612007208929,0.027804249421119448,2132.7270475634423,342.02265864443285,0.00958960440050184
E3_E1_001_s12,baseline,calm,HA0100_0069,1.2,0.05,1.2,0.035,0.8,0.02,0.8,0.02,3.13,0.5,4.35,38.0,742554125.0,12,742649153,0,7088.593864521,True,13201,0.05000000000001137,23640.91071289416,0.1136361729018964,2137.8580399894886,595.1192922919969,0.042189340802698115,18433.95247929774,0.09565776305644885,2128.241322045625,595.1192922919969,0.03586621728241818,6026.732667163681,0.027876881609114078,2123.2705633564838,331.87415264813126,0.009172735715268908,6026.732667163681,0.027876881609114078,2133.191074261043,340.91346600194345,0.009509906703573347
E3_E1_001_s13,baseline,calm,HA0100_0069,1.2,0.05,1.2,0.035,0.8,0.02,0.8,0.02,3.13,0.5,4.35,38.0,742554125.0,13,742657072,0,7043.092294495,True,13201,0.05000000000001137,23674.471938940318,0.11383428636930208,2140.481265795677,591.2893553839275,0.04223586660721968,18401.631377942515,0.09560697751986029,2131.444689508571,591.2893553839275,0.035978518450442185,6220.793261269743,0.028678118529178374,2129.901833088402,343.33148062955706,0.009054545043704747,6225.143896585542,0.028678118529178374,2134.273630368214,344.5359742302048,0.009621611381591271
E3_E1_001_s14,baseline,calm,HA0100_0069,1.2,0.05,1.2,0.035,0.8,0.02,0.8,0.02,3.13,0.5,4.35,38.0,742554125.0,14,742664991,0,7962.300111347,True,13201,0.05000000000001137,23631.98328267235,0.11353634976140715,2134.2482787893227,579.8272698492281,0.04196086978187237,18432.47634363952,0.09563454786259483,2132.927682051198,579.8272698492281,0.03630136220500229,6083.5674158189695,0.028212355338000813,2128.695379147027,338.0758486874703,0.00901053685976037,6145.35122721238,0.028212355338000813,2132.629617666409,346.11431672184926,0.009398734130376007
E3_E1_001_s15,baseline,calm,HA0100_0069,1.2,0.05,1.2,0.035,0.8,0.02,0.8,0.02,3.13,0.5,4.35,38.0,742554125.0,15,742672910,0,7216.126344257,True,13201,0.05000000000001137,23575.305796279772,0.11325708177377498,2138.534515833349,591.1733645430337,0.04198476002007682,18367.88002057897,0.09532650222560475,2131.540639120534,591.1733645430337,0.03593614776217732,6248.962889409837,0.029064079300232363,2125.343237551844,338.59827609814715,0.009267773551011169,6248.962889409837,0.029064079300232363,2134.1901704645543,339.206094927877,0.009808857524896429
E3_E1_001_s16,baseline,calm,HA0100_0069,1.2,0.05,1.2,0.035,0.8,0.02,0.8,0.02,3.13,0.5,4.35,38.0,742554125.0,16,742680829,0,6936.721347716,True,13201,0.05000000000001137,23633.89286779082,0.11357815242548029,2133.5577789766776,583.2644206660555,0.04193472248709817,18387.428469852086,0.09544413345053612,2129.8038183792974,583.2644206660555,0.0360942655941769,6631.383870845784,0.031151386233654658,2123.7915650420814,333.626505861491,0.008866506246121139,6633.531155954604,0.031151386233654658,2132.2326847800678,344.60290701641566,0.009530530361556051
E3_E1_001_s17,baseline,calm,HA0100_0069,1.2,0.05,1.2,0.035,0.8,0.02,0.8,0.02,3.13,0.5,4.35,38.0,742554125.0,17,742688748,0,7418.985602576,True,13201,0.05000000000001137,23623.74293935448,0.11356359716221007,2137.8373005851467,570.7855267876927,0.04191924937820556,18493.88621501926,0.0960209784954591,2133.033677017194,570.7855267876927,0.035774091779654904,6044.9627221386345,0.028016444925576697,2126.2926515382574,335.0023348216855,0.008956347832721446,6044.9627221386345,0.028016444925576697,2133.656651514383,339.53003064562125,0.009364183760235744
E3_E1_001_s18,baseline,calm,HA0100_0069,1.2,0.05,1.2,0.035,0.8,0.02,0.8,0.02,3.13,0.5,4.35,38.0,742554125.0,18,742696667,0,8848.820870896,True,13201,0.05000000000001137,23537.961552886172,0.11308349710812274,2141.8129472021697,574.8690694290905,0.04167074573852591,18421.925781349935,0.09571413178094232,2130.489423141372,574.8690694290905,0.035417183742179614,6417.595802323224,0.030016950553832956,2122.8890813285107,331.6505592142827,0.009072818854704397,6417.595802323224,0.030016950553832956,2132.8454002814383,340.7796496902776,0.009413123866793457
E3_E1_001_s19,baseline,calm,HA0100_0069,1.2,0.05,1.2,0.035,0.8,0.02,0.8,0.02,3.13,0.5,4.35,38.0,742554125.0,19,742704586,0,7100.064536794,True,13201,0.05000000000001137,23686.30452561987,0.11386453006098161,2134.8164679776905,586.4853439466681,0.04226787283011969,18449.891339406542,0.09571611840635609,2132.6930581325346,586.4853439466681,0.03644955268736004,6242.094038520023,0.02918020232572205,2124.7957586002935,329.16918260104296,0.008819558965945846,6242.094038520023,0.02918020232572205,2135.5128557646312,341.2379678723052,0.009565353303085408
E3_E1_001_s2,baseline,calm,HA0100_0069,1.2,0.05,1.2,0.035,0.8,0.02,0.8,0.02,3.13,0.5,4.35,38.0,742554125.0,2,742569963,0,6781.39981942,True,13201,0.05000000000001137,23632.214098583685,0.11357211199979403,2139.323216387922,585.1383942588224,0.042184484454198694,18483.174247966763,0.0958865569698067,2129.1226427547576,585.1383942588224,0.03617240842555254,6083.7361651088995,0.02831638855500334,2125.8595183920506,334.66381353987543,0.008974120446456468,6083.7361651088995,0.02831638855500334,2132.989179882184,341.45852225221734,0.009419978696715207
E3_E1_001_s20,baseline,calm,HA0100_0069,1.2,0.05,1.2,0.035,0.8,0.02,0.8,0.02,3.13,0.5,4.35,38.0,742554125.0,20,742712505,0,7130.617680083,True,13201,0.05000000000001137,23662.439362085246,0.11366380188472176,2133.3241558833006,588.8315004819883,0.04196508142660863,18414.137191766757,0.09554128961106277,2133.3241558833006,588.8315004819883,0.03612224277696027,6064.015354696231,0.028138464690469687,2124.97919765709,343.07865627578207,0.009291080397910411,6342.400918947607,0.02881802225704759,2133.8795424645436,347.33561217073924,0.00949547290910816
E3_E1_001_s21,baseline,calm,HA0100_0069,1.2,0.05,1.2,0.035,0.8,0.02,0.8,0.02,3.13,0.5,4.35,38.0,742554125.0,21,742720424,0,5786.602810328,True,13201,0.05000000000001137,23641.288848902514,0.11358096061733941,2135.212998301631,582.2328520481282,0.04202635469759709,18442.33043971995,0.09564363717601726,2128.374720624698,582.2328520481282,0.036003372915096005,6114.814446638059,0.028660988350879223,2129.07677474545,333.5315302615999,0.008723409608639755,6114.814446638059,0.028660988350879223,2137.3109246312392,339.8410650216303,0.009578260463298965
E3_E1_001_s22,baseline,calm,HA0100_0069,1.2,0.05,1.2,0.035,0.8,0.02,0.8,0.02,3.13,0.5,4.35,38.0,742554125.0,22,742728343,0,7128.080578623,True,13201,0.05000000000001137,23547.81420775223,0.11317391749869479,2142.456734349941,584.7626979867696,0.04182704472618547,18356.017330701743,0.0954886238721857,2127.631161764651,584.7626979867696,0.035561835413697326,6448.583037986252,0.02964299029806796,2123.82186779334,339.00592124034915,0.009043137463808183,6448.583037986252,0.02964299029806796,2136.6160595080746,343.78730383213457,0.009513741896952595
E3_E1_001_s23,baseline,calm,HA0100_0069,1.2,0.05,1.2,0.035,0.8,0.02,0.8,0.02,3.13,0.5,4.35,38.0,742554125.0,23,742736262,0,9708.870991754,True,13201,0.05000000000001137,23698.67112701096,0.11392671201630568,2136.836059517092,588.7875834559164,0.042266533972779,18481.89924808298,0.09585653366007689,2131.2160259049488,588.7875834559164,0.03605173152842109,6500.957560787222,0.02975947166852883,2130.3968185664253,342.1467849618755,0.009304397556039939,6550.6599170854815,0.030002155938545074,2134.2627300958025,345.32179081334084,0.009418602390836093
E3_E1_001_s24,baseline,calm,HA0100_0069,1.2,0.05,1.2,0.035,0.8,0.02,0.8,0.02,3.13,0.5,4.35,38.0,742554125.0,24,742744181,0,7003.917370107,True,13201,0.05000000000001137,23565.29413792653,0.11323615981988819,2138.9396310687835,589.3065419808548,0.04197694013149584,18366.56674938484,0.09538965300209368,2131.348486015604,589.3065419808548,0.03598742410247079,6507.741829766166,0.02974470462235356,2127.9619319953467,337.2513888757357,0.0093461309789405,6507.741829766166,0.02974470462235356,2134.517968808844,341.8237798668275,0.0093461309789405
E3_E1_001_s25,baseline,calm,HA0100_0069,1.2,0.05,1.2,0.035,0.8,0.02,0.8,0.02,3.13,0.5,4.35,38.0,742554125.0,25,742752100,0,7258.085457016,True,13201,0.05000000000001137,23443.433678822883,0.11260696043813889,2141.6857381065993,577.1937007615716,0.04151532981761368,18385.112984506464,0.09551657498628575,2132.3351048188474,577.1937007615716,0.0354145043045068,6088.252543422145,0.027607521198177706,2125.086889387756,333.72197726394666,0.009611177261405188,6156.360277203321,0.027798972779613358,2132.0272449221866,339.9819026954725,0.009611177261405188
E3_E1_001_s26,baseline,calm,HA0100_0069,1.2,0.05,1.2,0.035,0.8,0.02,0.8,0.02,3.13,0.5,4.35,38.0,742554125.0,26,742760019,0,5597.40973099,True,13201,0.05000000000001137,23599.542039453154,0.11342116159748562,2140.4977024452282,592.4091174114935,0.04196582002734918,18334.344992058806,0.09529234391647265,2127.978352993202,592.4091174114935,0.0355898179226764,6445.715445763384,0.03023926387165054,2126.4930766301013,336.70877964233193,0.0091199728531904,6597.400124990256,0.03023926387165054,2135.073480537148,339.06449083451236,0.009381784895503575
E3_E1_001_s27,baseline,calm,HA0100_0069,1.2,0.05,1.2,0.035,0.8,0.02,0.8,0.02,3.13,0.5,4.35,38.0,742554125.0,27,742767938,0,7221.223857554,True,13201,0.05000000000001137,23609.43765435725,0.11337965549335803,2133.912355134807,582.287203211875,0.04183227784235008,18424.74712024321,0.09559249692549132,2132.1729435132124,582.287203211875,0.036225828203422655,6487.286432187291,0.029798773372530514,2127.1454148524736,340.26987506137755,0.009236920290006013,6487.286432187291,0.029798773372530514,2135.8282652752905,347.40863617846594,0.009412816167052944
E3_E1_001_s28,baseline,calm,HA0100_0069,1.2,0.05,1.2,0.035,0.8,0.02,0.8,0.02,3.13,0.5,4.35,38.0,742554125.0,28,742775857,0,8477.439037737999,True,13201,0.05000000000001137,23613.59237586467,0.11350139435146758,2136.911506253698,581.4209062882935,0.04204254632774236,18445.10808061783,0.09573941712641965,2128.9603909453263,581.4209062882935,0.035895388311460635,5997.4288901636155,0.027777043563177627,2125.4578918697816,340.38441597417363,0.009002035157649453,6097.520317267151,0.027777043563177627,2134.7225315691085,351.26943497683885,0.009853336878107999
E3_E1_001_s29,baseline,calm,HA0100_0069,1.2,0.05,1.2,0.035,0.8,0.02,0.8,0.02,3.13,0.5,4.35,38.0,742554125.0,29,742783776,0,7178.533459885,True,13201,0.05000000000001137,23609.111419414727,0.11345558934774683,2138.3395359805354,584.8159009662509,0.04210443064292755,18464.442179619717,0.09580016201462774,2134.9424764509495,584.8159009662509,0.03633925038474804,6263.518121240896,0.02889464720544218,2128.5281433417063,332.86784976518754,0.009102648866999444,6263.518121240896,0.02889464720544218,2138.0959556616253,353.94669488518554,0.009534056913529883
E3_E1_001_s3,baseline,calm,HA0100_0069,1.2,0.05,1.2,0.035,0.8,0.02,0.8,0.02,3.13,0.5,4.35,38.0,742554125.0,3,742577882,0,8312.639574621999,True,13201,0.05000000000001137,23740.622151612726,0.1141041492146585,2135.7279233314266,581.502900533341,0.042260400512616654,18497.262075654766,0.09572483133972841,2135.7279233314266,581.502900533341,0.03663282473618106,6249.073885051142,0.02849233375971871,2127.205747755105,334.1541345115702,0.008864626950243265,6288.672317601708,0.0286779530296333,2131.9545325802032,342.7173589712479,0.00942242424988664
E3_E1_001_s30,baseline,calm,HA0100_0069,1.2,0.05,1.2,0.035,0.8,0.02,0.8,0.02,3.13,0.5,4.35,38.0,742554125.0,30,742891695,0,7299.147294807,True,13201,0.05000000000001137,23546.19971009121,0.11318842926825173,2145.578261096404,581.9194185745715,0.04191157473754914,18415.98821503439,0.09575544702090397,2132.5274173391736,581.9194185745715,0.03589049355194755,6250.208230366418,0.028747118549566016,2127.698868211844,332.31664449430235,0.009012120687150802,6250.208230366418,0.028747118549566016,2132.374651793115,337.8945420203041,0.009320206125811732
E3_E1_001_s31,baseline,calm,HA0100_0069,1.2,0.05,1.2,0.035,0.8,0.02,0.8,0.02,3.13,0.5,4.35,38.0,742554125.0,31,742899614,0,6960.815887864001,True,13201,0.05000000000001137,23620.240560319846,0.11353818089966333,2138.877704547994,578.7370591423622,0.04192087505999013,18485.19814942729,0.09605447567123496,2126.6004993723636,578.7370591423622,0.035724146232897186,6240.649576904795,0.029260973247332178,2124.1953783549334,329.2290205358079,0.008671283593026996,6451.227587557355,0.029260973247332178,2132.906598479887,344.70494362547186,0.009554947650176145
E3_E1_001_s32,baseline,calm,HA0100_0069,1.2,0.05,1.2,0.035,0.8,0.02,0.8,0.02,3.13,0.5,4.35,38.0,742554125.0,32,742907533,0,10192.244069596,True,13201,0.05000000000001137,23714.183770615262,0.11400236256886576,2137.100762746801,586.1544247980912,0.042332568698669235,18496.043225297148,0.09590653898348955,2134.1812857836203,586.1544247980912,0.03645859631211666,6034.323041320059,0.028024388290749006,2128.349538054273,340.6062687235666,0.008886716651521047,6034.323041320059,0.028024388290749006,2131.20395739,340.6062687235666,0.009418408378818143
E3_E1_001_s33,baseline,calm,HA0100_0069,1.2,0.05,1.2,0.035,0.8,0.02,0.8,0.02,3.13,0.5,4.35,38.0,742554125.0,33,742915452,0,10724.223559357,True,13201,0.05000000000001137,23469.078596805055,0.11277691281636407,2151.4228519691637,588.3209895162775,0.041843121155942714,18336.525373380395,0.09539536421736101,2128.3807187005827,588.3209895162775,0.03526770992745456,6475.966702509528,0.030310749013363825,2126.86710046597,335.6622349617249,0.008970678689637544,6853.064640815793,0.03134578877119778,2133.356739986906,344.6749040764365,0.009709789606564153
E3_E1_001_s34,baseline,calm,HA0100_0069,1.2,0.05,1.2,0.035,0.8,0.02,0.8,0.02,3.13,0.5,4.35,38.0,742554125.0,34,742923371,0,8355.219863378,True,13201,0.05000000000001137,23609.488343927544,0.11351521034362157,2142.642712130013,587.1536094185003,0.04211748482218578,18405.514448874077,0.09558791489922303,2127.624903543738,587.1536094185003,0.03605101633489551,6412.2986211126245,0.030000656104664486,2123.5982813723977,331.03508676388645,0.00921343664438507,6412.2986211126245,0.030000656104664486,2132.2645581258494,340.09452849454965,0.009375507198168044
E3_E1_001_s35,baseline,calm,HA0100_0069,1.2,0.05,1.2,0.035,0.8,0.02,0.8,0.02,3.13,0.5,4.35,38.0,742554125.0,35,742931290,0,6940.484975122,True,13201,0.05000000000001137,23626.62333512825,0.11338789011037291,2139.7313629639066,570.4986606339914,0.04167106320590978,18426.01484887634,0.09539938017976836,2139.7313629639066,570.4986606339914,0.03630529732896478,6130.307366727931,0.02846330218684336,2124.9554841567556,333.8163728076723,0.009214051897590303,6130.307366727931,0.02846330218684336,2131.6442402225666,343.8698612553075,0.009479220560113747
E3_E1_001_s36,baseline,calm,HA0100_0069,1.2,0.05,1.2,0.035,0.8,0.02,0.8,0.02,3.13,0.5,4.35,38.0,742554125.0,36,742939209,0,7541.658033325,True,13201,0.05000000000001137,23605.934303787137,0.11341283223941952,2136.5796812326917,588.6757254098529,0.04207105085029242,18396.258017542703,0.09545215847482284,2136.183177165463,588.6757254098529,0.03635761615539254,6228.459487846183,0.02836592230727725,2123.915963391938,334.04207751894165,0.008839944331010393,6228.459487846183,0.02836592230727725,2132.0892714186893,338.13578634375864,0.009449663706034027
E3_E1_001_s37,baseline,calm,HA0100_0069,1.2,0.05,1.2,0.035,0.8,0.02,0.8,0.02,3.13,0.5,4.35,38.0,742554125.0,37,742947128,0,9089.727833873,True,13201,0.05000000000001137,23554.576937895785,0.11319417716493466,2140.1831873194005,587.6344409524332,0.04182057570899869,18398.54966808949,0.09560826149609629,2127.2594348775433,587.6344409524332,0.03557522806556094,6019.648579734621,0.02778838135399718,2125.4401249398,328.0048272541313,0.008966139153806547,6019.648579734621,0.02778838135399718,2132.0053725334565,341.7024108021334,0.009559705252149804
E3_E1_001_s38,baseline,calm,HA0100_0069,1.2,0.05,1.2,0.035,0.8,0.02,0.8,0.02,3.13,0.5,4.35,38.0,742554125.0,38,742955047,0,5347.090221485,True,13201,0.05000000000001137,23621.256265683398,0.1134670334283567,2135.1850449890603,590.2456840256148,0.04199350524379262,18404.529452719325,0.09550851334938949,2129.210178223677,590.2456840256148,0.03593528161644168,6157.812087452378,0.028468458684806453,2127.951071632884,343.0093038359255,0.009398607942717772,6157.812087452378,0.028468458684806453,2139.568466526651,343.0935683079839,0.009667180826335569
E3_E1_001_s39,baseline,calm,HA0100_0069,1.2,0.05,1.2,0.035,0.8,0.02,0.8,0.02,3.13,0.5,4.35,38.0,742554125.0,39,742962966,0,7015.192183973,True,13201,0.05000000000001137,23537.670318281052,0.11307017197771416,2139.884461858768,578.7037627913749,0.04169677215270469,18362.952215254263,0.09547258793581717,2129.643762830552,578.7037627913749,0.035772543088326766,6093.233635829224,0.02824189376071613,2123.9271427047333,330.07739750452436,0.009303950335939582,6093.233635829224,0.02824189376071613,2138.1921587232814,343.4412764667528,0.009603144553598326
E3_E1_001_s4,baseline,calm,HA0100_0069,1.2,0.05,1.2,0.035,0.8,0.02,0.8,0.02,3.13,0.5,4.35,38.0,742554125.0,4,742585801,0,7002.108839024,True,13201,0.05000000000001137,23680.65020755498,0.11384753472882181,2139.8252027598955,582.6929436717262,0.0422069233132722,18481.839047147405,0.09586726433061248,2130.0961480018655,582.6929436717262,0.03624236366603891,6004.650108838284,0.027681887740523124,2126.937006040652,328.5682562062222,0.009183447154441127,6004.650108838284,0.027681887740523124,2133.692513870202,341.84591780576335,0.009541676156305695
E3_E1_001_s40,baseline,calm,HA0100_0069,1.2,0.05,1.2,0.035,0.8,0.02,0.8,0.02,3.13,0.5,4.35,38.0,742554125.0,40,742970885,0,7064.78345956,True,13201,0.05000000000001137,23650.851166339948,0.11364263765064535,2136.8856809549343,581.4562895991799,0.04199643114655584,18465.191143084285,0.09579327146318461,2136.8856809549343,581.4562895991799,0.036335000583053945,6358.225550057053,0.029027169065908322,2126.674303613149,331.74342875814295,0.009111259555638561,6358.225550057053,0.029027169065908322,2133.841979360467,339.5242590416234,0.009530315059354194
E3_E1_001_s41,baseline,calm,HA0100_0069,1.2,0.05,1.2,0.035,0.8,0.02,0.8,0.02,3.13,0.5,4.35,38.0,742554125.0,41,742978804,0,7658.094824565001,True,13201,0.05000000000001137,23676.70923583995,0.11380749886664848,2135.694449665626,590.0986056971861,0.04222527432046131,18441.72594950939,0.09569280730398287,2129.743060748621,590.0986056971861,0.03620208250593969,6314.620402271603,0.029434466468020865,2123.152454933369,330.54153792757126,0.009116430716220003,6314.620402271603,0.029434466468020865,2132.02428581723,343.2308778991079,0.009373712131099382
E3_E1_001_s42,baseline,calm,HA0100_0069,1.2,0.05,1.2,0.035,0.8,0.02,0.8,0.02,3.13,0.5,4.35,38.0,742554125.0,42,742986723,0,8399.535215673,True,13201,0.05000000000001137,23496.925797720447,0.11282546034534792,2142.256427155697,579.8171831156254,0.04161146698867253,18385.27315394718,0.09551275361699753,2129.8664866060603,579.8171831156254,0.03579587195946183,6262.700041185506,0.0291198248583081,2128.019673730704,332.65745769094923,0.00913110214879847,6262.700041185506,0.0291198248583081,2132.8968118578287,340.64246493170975,0.009312207463492513
E3_E1_001_s43,baseline,calm,HA0100_0069,1.2,0.05,1.2,0.035,0.8,0.02,0.8,0.02,3.13,0.5,4.35,38.0,742554125.0,43,742994642,0,8382.122527177,True,13201,0.05000000000001137,23619.413320561664,0.11350829635157751,2134.1124067740507,575.4589920939944,0.041990052540716326,18476.4224082605,0.09584155091180907,2132.5711869336587,575.4589920939944,0.035908244741366085,6034.894759285276,0.027875231268935926,2121.349968038935,330.6959073652552,0.009215558064424473,6034.894759285276,0.027875231268935926,2135.613056644162,342.128071903245,0.009647068888231304
E3_E1_001_s44,baseline,calm,HA0100_0069,1.2,0.05,1.2,0.035,0.8,0.02,0.8,0.02,3.13,0.5,4.35,38.0,742554125.0,44,743002561,0,9400.331591716,True,13201,0.05000000000001137,23706.17826698945,0.11393852207812305,2132.222572297216,585.9898255621815,0.0422056826921247,18433.905073535312,0.09557351970525131,2129.4920897632414,585.9898255621815,0.0363763045551182,6132.351386759997,0.028519318911244568,2129.7314778767955,335.5219055243103,0.00881635722127527,6132.351386759997,0.028519318911244568,2133.0421832875827,338.8865201896213,0.009213326570454528
E3_E1_001_s45,baseline,calm,HA0100_0069,1.2,0.05,1.2,0.035,0.8,0.02,0.8,0.02,3.13,0.5,4.35,38.0,742554125.0,45,743010480,0,6911.207812794,True,13201,0.05000000000001137,23572.831343193,0.11327416304948128,2138.584337761541,586.9584426301183,0.04196721493955467,18384.2127558949,0.09551182665343269,2130.568627898324,586.9584426301183,0.03574180219329999,5924.498399282426,0.0273570744865222,2130.5301123471972,329.6009734198044,0.00899846660418094,5924.498399282426,0.0273570744865222,2136.566866838841,341.51980353223786,0.009485753375688374
E3_E1_001_s46,baseline,calm,HA0100_0069,1.2,0.05,1.2,0.035,0.8,0.02,0.8,0.02,3.13,0.5,4.35,38.0,742554125.0,46,743018399,0,7031.353023948,True,13201,0.05000000000001137,23539.273750579858,0.11310258910792786,2142.3941238064476,574.83532083929,0.04171187073306809,18419.11554033347,0.09578481247419161,2128.2372002149345,574.83532083929,0.03542438108382274,6522.939734321955,0.029938168269875894,2126.2353152901674,326.4557272181971,0.009203919224393372,6547.762357131541,0.029983405936001708,2132.0986530667824,347.1715161294427,0.009516187498554844
E3_E1_001_s47,baseline,calm,HA0100_0069,1.2,0.05,1.2,0.035,0.8,0.02,0.8,0.02,3.13,0.5,4.35,38.0,742554125.0,47,743026318,0,7080.029014647001,True,13201,0.05000000000001137,23553.962325583816,0.11316086382971989,2137.7468424732065,570.5250118300485,0.04178838371343764,18503.864735625637,0.0960802402562849,2133.6753443817247,570.5250118300485,0.03594351859325749,6212.556767517916,0.028731392960992003,2126.5732329324924,344.17840692430605,0.00975262732502079,6309.996465335206,0.028731392960992003,2137.301530199417,347.71421364671943,0.00975262732502079
E3_E1_001_s48,baseline,calm,HA0100_0069,1.2,0.05,1.2,0.035,0.8,0.02,0.8,0.02,3.13,0.5,4.35,38.0,742554125.0,48,743034237,0,5644.003605065001,True,13201,0.05000000000001137,23617.85307088656,0.11352294186869145,2142.1321398736604,584.6126808075963,0.04204889282860898,18452.4341036932,0.09584139349913195,2128.1105885108564,584.6126808075963,0.03565823091427033,6042.133078478456,0.027808936523798986,2125.4847838071482,332.11565148683,0.009312523057191345,6042.133078478456,0.027808936523798986,2132.823024739916,345.17844408162034,0.009507360310677278
E3_E1_001_s49,baseline,calm,HA0100_0069,1.2,0.05,1.2,0.035,0.8,0.02,0.8,0.02,3.13,0.5,4.35,38.0,742554125.0,49,743042156,0,8357.152810401,True,13201,0.05000000000001137,23653.453208923394,0.11366494549057966,2134.2204222553096,568.4855750877691,0.041974294628401625,18540.457264016713,0.09620479147857967,2133.785859799881,568.4855750877691,0.03604408601328783,5733.373088507901,0.026267657664939735,2121.5893347485217,330.3818795381737,0.009053608054023407,5733.373088507901,0.026267657664939735,2134.401564890661,347.2073485557785,0.00954271645209535
E3_E1_001_s5,baseline,calm,HA0100_0069,1.2,0.05,1.2,0.035,0.8,0.02,0.8,0.02,3.13,0.5,4.35,38.0,742554125.0,5,742593720,0,7087.667792661,True,13201,0.05000000000001137,23609.54942360299,0.11345665044976046,2138.201599842984,584.0230782809655,0.04188023673385797,18429.15473386293,0.09571954893736331,2127.9701018534397,584.0230782809655,0.03588147961752838,6127.303006150954,0.028394844327279237,2123.8177656594157,339.9894270341534,0.009116371571364856,6127.303006150954,0.028394844327279237,2133.651005603553,339.9894270341534,0.009671127161654277
E3_E1_001_s50,baseline,calm,HA0100_0069,1.2,0.05,1.2,0.035,0.8,0.02,0.8,0.02,3.13,0.5,4.35,38.0,742554125.0,50,743050075,0,5040.3179327279995,True,13201,0.05000000000001137,23464.706523208635,0.11265951637535039,2145.0729103895264,583.536890339326,0.0415683962943081,18344.83894882556,0.09537314256256435,2132.3353985729555,583.536890339326,0.035983328681413254,6363.689353469085,0.02966915049736435,2133.9532794649813,342.3130782667473,0.00941948326609927,6363.689353469085,0.02966915049736435,2134.057640488235,342.3130782667473,0.009853355416136128
E3_E1_001_s51,baseline,calm,HA0100_0069,1.2,0.05,1.2,0.035,0.8,0.02,0.8,0.02,3.13,0.5,4.35,38.0,742554125.0,51,743057994,0,7500.079732818,True,13201,0.05000000000001137,23544.653976038564,0.11309875681630492,2139.4492987626327,576.1846778358396,0.04174112389446324,18405.621071136153,0.09556884016269351,2132.3161800295265,576.1846778358396,0.0353414350031597,6269.226094558243,0.02915666912570589,2123.7984519892616,334.8493294138513,0.009275101367677294,6269.226094558243,0.02915666912570589,2132.7220642328234,341.84276480071253,0.009592615243182345
E3_E1_001_s52,baseline,calm,HA0100_0069,1.2,0.05,1.2,0.035,0.8,0.02,0.8,0.02,3.13,0.5,4.35,38.0,742554125.0,52,743065913,0,8363.752625137,True,13201,0.05000000000001137,23557.455068994033,0.1131760782556705,2138.445975842444,579.7545137992438,0.041809910207816,18404.599588342764,0.09565270364232553,2126.3999113950563,579.7545137992438,0.035680507275442405,6084.992762024669,0.02819779224278925,2125.986994928867,336.8713019649551,0.009057438731010968,6084.992762024669,0.02819779224278925,2133.0217520799206,341.7191096160098,0.009625709446153645
E3_E1_001_s53,baseline,calm,HA0100_0069,1.2,0.05,1.2,0.035,0.8,0.02,0.8,0.02,3.13,0.5,4.35,38.0,742554125.0,53,743073832,0,9060.04731088,True,13201,0.05000000000001137,23505.821367085988,0.11296624076308302,2144.4904444760846,579.3497938442785,0.04172878120162336,18375.69217637535,0.09554482954267363,2129.7552913722743,579.3497938442785,0.03534193482609342,6108.852568676103,0.028073221495847532,2126.4772139124248,342.829183643582,0.009215675538037194,6108.852568676103,0.028073221495847532,2131.950908320468,342.829183643582,0.009440080724041042
E3_E1_001_s54,baseline,calm,HA0100_0069,1.2,0.05,1.2,0.035,0.8,0.02,0.8,0.02,3.13,0.5,4.35,38.0,742554125.0,54,743081751,0,7780.441835672,True,13201,0.05000000000001137,23613.55763107103,0.11349094567260191,2139.027431227619,583.7003423977166,0.04198868543947576,18405.295284635886,0.09562081607564796,2126.1583406977734,583.7003423977166,0.03600024794425562,6017.6911036783995,0.027938987076712662,2124.7027560816796,337.8356412004416,0.009067111259096794,6017.6911036783995,0.027938987076712662,2136.831091984286,337.8356412004416,0.009397124223229669
E3_E1_001_s55,baseline,calm,HA0100_0069,1.2,0.05,1.2,0.035,0.8,0.02,0.8,0.02,3.13,0.5,4.35,38.0,742554125.0,55,743089670,0,7113.517288362001,True,13201,0.05000000000001137,23653.737681192033,0.11369106060426985,2138.214231398663,590.5546105301538,0.042120613144383964,18416.919072237633,0.09559626926368334,2131.0719898280536,590.5546105301538,0.03598307047737259,6101.642423748469,0.02832458294994087,2127.601100955877,335.50285012086204,0.009001764957490707,6121.953734003667,0.02832458294994087,2132.9558854390534,340.59988669616956,0.009955187758172517
E3_E1_001_s56,baseline,calm,HA0100_0069,1.2,0.05,1.2,0.035,0.8,0.02,0.8,0.02,3.13,0.5,4.35,38.0,742554125.0,56,743097589,0,8315.003418376999,True,13201,0.05000000000001137,23563.900894396014,0.11321627922116159,2141.140193932069,585.432620220804,0.041895832287942976,18391.585312610114,0.09551369833111217,2130.171409666529,585.432620220804,0.036089468673808425,6263.172467720063,0.029444969129307,2124.705477156532,334.6237161306685,0.008782037689562348,6263.172467720063,0.029444969129307,2136.242158025647,339.09769564133444,0.009524636644523512
E3_E1_001_s57,baseline,calm,HA0100_0069,1.2,0.05,1.2,0.035,0.8,0.02,0.8,0.02,3.13,0.5,4.35,38.0,742554125.0,57,743105508,0,7187.1591751529995,True,13201,0.05000000000001137,23582.092261492697,0.1132761648747457,2138.4694554036405,589.7081639261668,0.041978668145971273,18361.306617859856,0.09531722805288367,2130.103172078597,589.7081639261668,0.03595981868971274,6384.098242662669,0.029899781057218234,2124.4672140839702,331.0579078451344,0.008778787500453156,6628.53940610869,0.030288097099720017,2134.2651311555173,345.876178471924,0.009532654204549785
E3_E1_001_s58,baseline,calm,HA0100_0069,1.2,0.05,1.2,0.035,0.8,0.02,0.8,0.02,3.13,0.5,4.35,38.0,742554125.0,58,743113427,0,7520.307204041001,True,13201,0.05000000000001137,23550.370703960132,0.11320784396452369,2137.7018144199387,578.9425012196346,0.04183012126874894,18388.03989554046,0.095518995691901,2130.4441865496196,578.9425012196346,0.0358975030652857,6003.040252190294,0.027585541032972092,2128.4598490411095,328.15935134810445,0.0090236898360805,6003.040252190294,0.027585541032972092,2134.5165669624494,342.9775169051813,0.009395225683886909
E3_E1_001_s59,baseline,calm,HA0100_0069,1.2,0.05,1.2,0.035,0.8,0.02,0.8,0.02,3.13,0.5,4.35,38.0,742554125.0,59,743121346,0,7212.945132727,True,13201,0.05000000000001137,23596.774017665615,0.11336407215586668,2138.0421354929786,590.8480835224525,0.04194995379716978,18373.41725449464,0.0954122706690527,2129.9308661842124,590.8480835224525,0.03600107459814188,6353.735338210999,0.029640417887901244,2123.118219914069,340.50849942899083,0.009157755502434667,6353.735338210999,0.029640417887901244,2133.263414174565,351.3135061342398,0.00950413888383295
E3_E1_001_s6,baseline,calm,HA0100_0069,1.2,0.05,1.2,0.035,0.8,0.02,0.8,0.02,3.13,0.5,4.35,38.0,742554125.0,6,742601639,0,7342.373634957,True,13201,0.05000000000001137,23714.880681334387,0.11399955570473785,2134.80528441855,578.8361530221918,0.042253089050018004,18548.045110495183,0.09611665521967974,2131.10666613767,578.8361530221918,0.03592776341034353,5917.764851898399,0.027348073819396204,2125.6053890868493,328.28974385300813,0.009207609326415116,5917.764851898399,0.027348073819396204,2134.706351761484,340.82768789352315,0.009310815433427296
E3_E1_001_s7,baseline,calm,HA0100_0069,1.2,0.05,1.2,0.035,0.8,0.02,0.8,0.02,3.13,0.5,4.35,38.0,742554125.0,7,742609558,0,6959.225932856,True,13201,0.05000000000001137,23502.97794567265,0.11296684107538263,2148.4172703960558,582.5127090919661,0.04172781293705232,18350.94585445124,0.0955069709936726,2128.2458269574063,582.5127090919661,0.03520093579822775,6319.241835262941,0.029423263536923233,2125.849093672904,326.7379899363466,0.009280407012107972,6319.241835262941,0.029423263536923233,2134.0200919786157,342.5002475419345,0.009313403441963004
E3_E1_001_s8,baseline,calm,HA0100_0069,1.2,0.05,1.2,0.035,0.8,0.02,0.8,0.02,3.13,0.5,4.35,38.0,742554125.0,8,742617477,0,7348.636858692001,True,13201,0.05000000000001137,23658.104515217394,0.11364522368463631,2132.839304960464,576.1857728856471,0.042092746711912744,18512.664608990995,0.09594103909673952,2132.839304960464,576.1857728856471,0.03650412774814516,5975.760633932976,0.027653840537362265,2123.4162333691115,331.12310056837396,0.008985767970553567,5975.760633932976,0.027653840537362265,2133.3867816051356,340.00593437640936,0.009617281913459303
E3_E1_001_s9,baseline,calm,HA0100_0069,1.2,0.05,1.2,0.035,0.8,0.02,0.8,0.02,3.13,0.5,4.35,38.0,742554125.0,9,742625396,0,7142.416251829001,True,13201,0.05000000000001137,23632.69682451784,0.1135128581030467,2134.532509932042,587.5943345047682,0.04209881172480591,18441.358777975987,0.09563140812911126,2130.9119039549396,587.5943345047682,0.03616517763519628,6053.782844908133,0.028221162989694317,2128.170937689271,341.7088189691057,0.00916662931804498,6063.026624615831,0.028221162989694317,2134.5129995185243,347.6690065129089,0.00961172185786945
E3_E1_002_s0,baseline,low,HF0300_0082,1.2,0.05,1.2,0.035,0.8,0.02,0.8,0.02,8.52,0.62,3.55,1.0,770234567.0,0,770234567,0,7734.9280074260005,True,13201,0.05000000000001137,59894.58300817181,0.2974930316379679,2142.1368433834537,493.2111103530674,0.1062808219552971,54273.77064191721,0.2725892639819081,2128.7788394556346,489.4517135428493,0.10157290670182602,29773.35496134182,0.15287627741581528,2125.591950029381,290.7130750153297,0.05112377555991128,30103.464905613015,0.15411371326632692,2140.0383545956342,305.3164267393603,0.052448738275063155
E3_E1_002_s1,baseline,low,HF0300_0082,1.2,0.05,1.2,0.035,0.8,0.02,0.8,0.02,8.52,0.62,3.55,1.0,770234567.0,1,770242486,0,7311.565750723999,True,13201,0.05000000000001137,59956.19033165499,0.29787235401552536,2138.712941760719,490.76766333427054,0.10596540147385465,54266.4955468878,0.2726567508001738,2138.712941760719,484.4434913125111,0.10099333247568512,29939.10289472425,0.1527056727717705,2134.7991595396024,289.6612304139886,0.051280727159027484,30472.653215525035,0.1549135731132677,2138.604863895762,309.4855318007146,0.05313211545265484
E3_E1_002_s10,baseline,low,HF0300_0082,1.2,0.05,1.2,0.035,0.8,0.02,0.8,0.02,8.52,0.62,3.55,1.0,770234567.0,10,770313757,0,8487.934018109001,True,13201,0.05000000000001137,59903.51480872958,0.2976548827888669,2142.088858437305,490.27946028507444,0.10634636548511878,54191.06971719198,0.2723531257978621,2127.734625433894,488.50782379422145,0.1016482048539678,29631.039964482683,0.15137428408197745,2126.0193736086944,276.7497428597727,0.05141002970137702,30139.667815371264,0.15320004731760048,2141.456469967956,305.3383196083816,0.052901947330965045
E3_E1_002_s11,baseline,low,HF0300_0082,1.2,0.05,1.2,0.035,0.8,0.02,0.8,0.02,8.52,0.62,3.55,1.0,770234567.0,11,770321676,0,8376.057802579999,True,13201,0.05000000000001137,59894.62792802007,0.29732173900823006,2142.8461821618166,492.77349124207615,0.10664566353809825,54410.93917255553,0.2732239749236479,2131.923223886924,489.6383927548775,0.10178326569493294,29679.172524561913,0.15167437981293186,2125.4903582308984,287.0588893430833,0.05156452491846676,30133.13396937431,0.15333669155120488,2138.9488466096623,305.8160393254763,0.05221382101599786
E3_E1_002_s12,baseline,low,HF0300_0082,1.2,0.05,1.2,0.035,0.8,0.02,0.8,0.02,8.52,0.62,3.55,1.0,770234567.0,12,770329595,0,8158.669098654,True,13201,0.05000000000001137,60181.80528099098,0.29926838795588284,2133.989770844398,488.1768926383935,0.10589899498477648,54235.92821374339,0.272734688902302,2131.662775668183,486.13980004501445,0.10103555195248119,29851.866451387355,0.15332627889682018,2138.305029635363,311.79543752641507,0.05200337994537115,30158.466206593694,0.15383589661493935,2140.7857156689333,311.79543752641507,0.05254502004371521
E3_E1_002_s13,baseline,low,HF0300_0082,1.2,0.05,1.2,0.035,0.8,0.02,0.8,0.02,8.52,0.62,3.55,1.0,770234567.0,13,770337514,0,6932.393336717,True,13201,0.05000000000001137,60089.59768263537,0.2987519261712495,2140.0713977615123,491.692856279855,0.10572603469448448,54220.57326830274,0.27250047578172204,2140.0713977615123,483.77551165745507,0.10097252565867251,29736.365373784465,0.1501806516842221,2131.471354035596,303.00422816636603,0.0516625337596862,29951.574456108145,0.15271329699416641,2138.9375404195525,303.00422816636603,0.052535462608421526
E3_E1_002_s14,baseline,low,HF0300_0082,1.2,0.05,1.2,0.035,0.8,0.02,0.8,0.02,8.52,0.62,3.55,1.0,770234567.0,14,770345433,0,7180.639682959,True,13201,0.05000000000001137,59869.555537817134,0.2977123239444958,2144.5688067646215,492.91200485115013,0.10557598440900316,53980.221591079906,0.27128403835175074,2139.75138418971,483.1236088425585,0.10110173445660853,30045.772693898787,0.15387577437251726,2125.9043777727156,287.0440292333957,0.05211216151728148,30092.472267709738,0.15387577437251726,2140.336997901772,300.9914515020945,0.05236511695211257
E3_E1_002_s15,baseline,low,HF0300_0082,1.2,0.05,1.2,0.035,0.8,0.02,0.8,0.02,8.52,0.62,3.55,1.0,770234567.0,15,770353352,0,7345.367875508,True,13201,0.05000000000001137,60196.55821769131,0.2991424635262948,2136.306442862361,490.46393345570016,0.10631702988812865,54444.810282959734,0.273527738711839,2132.7419083896116,487.1419298027622,0.10142743611254583,29470.896098533445,0.1501677036357699,2130.5301552936426,289.239381617625,0.051610035428870625,30236.294042604037,0.15427447931201227,2145.3802161033054,305.7425141231773,0.052787820790872325
E3_E1_002_s16,baseline,low,HF0300_0082,1.2,0.05,1.2,0.035,0.8,0.02,0.8,0.02,8.52,0.62,3.55,1.0,770234567.0,16,770361271,0,7162.133379735,True,13201,0.05000000000001137,60137.474789768356,0.2989850327513123,2137.033881904707,491.99960537881844,0.10615110719848585,54332.515081871235,0.27287033859456783,2137.033881904707,486.0551607569851,0.10147323434292428,29727.46902984913,0.15213282283331625,2127.8941530683737,286.7369341197178,0.051902035980179784,29906.92219642503,0.15275919645791608,2136.3101075201744,302.0483830910713,0.052238946490552635
E3_E1_002_s17,baseline,low,HF0300_0082,1.2,0.05,1.2,0.035,0.8,0.02,0.8,0.02,8.52,0.62,3.55,1.0,770234567.0,17,770369190,0,6870.1095958099995,True,13201,0.05000000000001137,60134.04275803346,0.29837521072745976,2144.6119285656337,491.1503950186835,0.10686523744841002,54704.988310735214,0.274596985913922,2134.331829104984,490.78023494951367,0.10175964412498023,29593.784840370165,0.15083379982569675,2135.2394968307995,296.22616537965934,0.051067347847285526,30004.660777817186,0.15282052340804586,2139.359380503402,302.9222435874748,0.0525675541256488
E3_E1_002_s18,baseline,low,HF0300_0082,1.2,0.05,1.2,0.035,0.8,0.02,0.8,0.02,8.52,0.62,3.55,1.0,770234567.0,18,770377109,0,6949.079704015,True,13201,0.05000000000001137,59751.120912180384,0.29679235331612536,2146.6493374279958,494.25532284514804,0.10613015620331451,54143.04983110315,0.2719596942076199,2126.2297881434592,486.7316015317976,0.101495312119178,29274.78486281955,0.14973102153868517,2126.5165411697603,297.9148559674747,0.05129097897720878,30098.301044235544,0.15310267528768895,2142.1902817725327,304.2052026025684,0.05232742209874874
E3_E1_002_s19,baseline,low,HF0300_0082,1.2,0.05,1.2,0.035,0.8,0.02,0.8,0.02,8.52,0.62,3.55,1.0,770234567.0,19,770385028,0,7136.712016114,True,13201,0.05000000000001137,60200.01977387729,0.29953672159464423,2138.8152850368383,489.6416587879171,0.10558125296836371,54140.64522156093,0.2722512378320796,2138.8152850368383,482.83026840788295,0.10086451420794636,30010.209019384936,0.1531245247559488,2127.250292696798,291.2344179614247,0.05118561635471939,30010.209019384936,0.1531245247559488,2142.3067752136485,309.5172778675658,0.0523946232140198
E3_E1_002_s2,baseline,low,HF0300_0082,1.2,0.05,1.2,0.035,0.8,0.02,0.8,0.02,8.52,0.62,3.55,1.0,770234567.0,2,770250405,0,6950.004352782999,True,13201,0.05000000000001137,59996.71950805789,0.2981214420537996,2136.6002945204327,490.6133885071117,0.10630482850773187,54291.91327551871,0.27272119816760443,2128.6501499446895,486.70936909603364,0.10136875475860503,29822.30156180014,0.15245596705886713,2124.694537590722,282.23421980349116,0.050950403043074056,30030.239642860768,0.15269324585715846,2140.1236990722164,305.7882830974215,0.05235352620869835
E3_E1_002_s20,baseline,low,HF0300_0082,1.2,0.05,1.2,0.035,0.8,0.02,0.8,0.02,8.52,0.62,3.55,1.0,770234567.0,20,770392947,0,6916.475033688999,True,13201,0.05000000000001137,60178.50569591904,0.29885056055464854,2139.8657819233695,491.44892765931723,0.10684948006461756,54640.563282423784,0.2742669981860541,2138.8953323126048,490.18065070248855,0.10178376961126032,29982.347914648926,0.15386988686406075,2131.0729498356263,286.8640943413047,0.05150655260122581,30043.000981410998,0.15465638809354512,2142.5498922847655,305.7939368281176,0.05241632615544961
E3_E1_002_s21,baseline,low,HF0300_0082,1.2,0.05,1.2,0.035,0.8,0.02,0.8,0.02,8.52,0.62,3.55,1.0,770234567.0,21,770400866,0,6930.924145781,True,13201,0.05000000000001137,59748.22391331385,0.29692335307125883,2140.48822385567,491.45897370686964,0.10626214262883461,54066.52594181494,0.2715949020132564,2132.2551932331303,489.6707664351286,0.10152097526230257,29668.097716993125,0.1521297412502112,2128.698631053238,284.28960028290265,0.05087123346053736,30022.15178121378,0.1530228384624075,2140.461399416053,309.86752719904416,0.05248134946428781
E3_E1_002_s22,baseline,low,HF0300_0082,1.2,0.05,1.2,0.035,0.8,0.02,0.8,0.02,8.52,0.62,3.55,1.0,770234567.0,22,770408785,0,8471.070856107,True,13201,0.05000000000001137,59841.62165920674,0.29713190398009376,2143.2894555330226,493.92845392467717,0.10669763315758996,54386.204779029045,0.27293725838418265,2129.4529524789436,487.8776923331871,0.10185403113357484,30257.316135838013,0.15455217758654435,2130.3813658406657,293.53095822435273,0.051659661251092226,30257.316135838013,0.15455217758654435,2139.732631796945,308.9504145539758,0.05217251323010559
E3_E1_002_s23,baseline,low,HF0300_0082,1.2,0.05,1.2,0.035,0.8,0.02,0.8,0.02,8.52,0.62,3.55,1.0,770234567.0,23,770416704,0,7250.571250143,True,13201,0.05000000000001137,59786.7222271894,0.29711052912245106,2144.053165096892,492.3806756137732,0.10618580733963721,54094.0830459471,0.2717094293429565,2135.37243387256,485.5633300737564,0.10148534152606756,29533.972160955516,0.15128776898541557,2123.9341790972885,282.84896949216323,0.051196352399641674,30084.068330012196,0.15403154421049006,2138.637740312517,302.7544229902103,0.05260114518156683
E3_E1_002_s24,baseline,low,HF0300_0082,1.2,0.05,1.2,0.035,0.8,0.02,0.8,0.02,8.52,0.62,3.55,1.0,770234567.0,24,770424623,0,7088.46682978,True,13201,0.05000000000001137,60275.01195966153,0.29955579894287276,2140.37508001953,489.89429788497335,0.10658189174629085,54530.91914101692,0.27397068483151815,2136.5465524138,486.76844114503524,0.10164828318494282,29893.962768480218,0.1526085825150036,2124.26060408595,295.2386509787528,0.05146959643899356,30429.16637832468,0.1543880379455937,2142.1863326313573,306.6452875701673,0.05379244280417819
E3_E1_002_s25,baseline,low,HF0300_0082,1.2,0.05,1.2,0.035,0.8,0.02,0.8,0.02,8.52,0.62,3.55,1.0,770234567.0,25,770432542,0,6953.403536536999,True,13201,0.05000000000001137,60118.689093876215,0.2987398204462747,2136.854962062465,492.2782121957343,0.10635825447332639,54409.48334341906,0.2732846753418996,2133.211840679649,487.17974361238646,0.10166961097364109,30032.308068955248,0.15371516433458482,2125.9587400491496,295.34023515896644,0.051637938488941,30192.204932485747,0.15431161124418566,2138.8648083867815,301.36878766200186,0.05259708985907392
E3_E1_002_s26,baseline,low,HF0300_0082,1.2,0.05,1.2,0.035,0.8,0.02,0.8,0.02,8.52,0.62,3.55,1.0,770234567.0,26,770440461,0,6913.10677754,True,13201,0.05000000000001137,59650.49783892021,0.29695246533923453,2149.382740217509,494.1773510351102,0.1055825637123439,53677.23769517328,0.2697356891749842,2134.3015678876436,482.8469054162534,0.10140173480013032,30188.35907396414,0.1540061848445605,2136.998291191311,301.34798063500295,0.05220403615054572,30261.15117044768,0.1540061848445605,2145.4757891385275,313.2653196897977,0.05265065767336992
E3_E1_002_s27,baseline,low,HF0300_0082,1.2,0.05,1.2,0.035,0.8,0.02,0.8,0.02,8.52,0.62,3.55,1.0,770234567.0,27,770448380,0,8889.846322611,True,13201,0.05000000000001137,60022.629681121296,0.2985852647476686,2135.4349030494263,489.7577232358924,0.10555509955520567,54033.10283164158,0.27180981809441396,2135.4349030494263,482.85357954222604,0.10081309901062536,29886.532608232515,0.15235087989378382,2134.9986467814438,302.9506858240604,0.052106416776459455,30021.38003777763,0.15329106749016114,2138.2442670844016,304.22382600318105,0.052614315508707946
E3_E1_002_s28,baseline,low,HF0300_0082,1.2,0.05,1.2,0.035,0.8,0.02,0.8,0.02,8.52,0.62,3.55,1.0,770234567.0,28,770456299,0,7165.584185058,True,13201,0.05000000000001137,59696.992916331095,0.2966410666284813,2146.426717998589,492.59863022016066,0.10603347436365607,54031.31314637894,0.2715376832276652,2130.9138784799843,486.1052778768071,0.10135472409589778,29372.386348397908,0.14994676685331723,2133.953095515801,298.424283187168,0.05129695306507217,30007.696971141035,0.15327591974178023,2142.3537623897428,312.48351375724184,0.05301141553343065
E3_E1_002_s29,baseline,low,HF0300_0082,1.2,0.05,1.2,0.035,0.8,0.02,0.8,0.02,8.52,0.62,3.55,1.0,770234567.0,29,770464218,0,7361.9473108130005,True,13201,0.05000000000001137,59997.03219988428,0.29791723142908644,2143.348727484396,490.516446266481,0.10654924869549419,54416.99289329545,0.2732536424049268,2127.0329296714935,488.3469747271889,0.10164247166699031,29584.40275055115,0.1513748043904137,2123.0978559687683,288.0580236600004,0.05109356358441444,30111.588728084385,0.15234465852678372,2142.033315634639,303.77354876020155,0.05258608224318401
E3_E1_002_s3,baseline,low,HF0300_0082,1.2,0.05,1.2,0.035,0.8,0.02,0.8,0.02,8.52,0.62,3.55,1.0,770234567.0,3,770258324,0,6914.269821145001,True,13201,0.05000000000001137,59913.18498707273,0.29755720859891105,2140.9015304399686,491.3264748475726,0.10632551769399903,54288.130909628366,0.27277024811414236,2140.9015304399686,489.3201406846864,0.10154366003275865,29445.258950708558,0.15050816979605505,2126.870931511041,297.36404690277624,0.05127006114636194,29953.98541375551,0.15278245230155973,2140.826378566655,316.48895321640185,0.052216047918164844
E3_E1_002_s30,baseline,low,HF0300_0082,1.2,0.05,1.2,0.035,0.8,0.02,0.8,0.02,8.52,0.62,3.55,1.0,770234567.0,30,770572137,0,11426.927175599001,True,13201,0.05000000000001137,59987.27886175319,0.29837423290552373,2139.7578338141707,492.86774876944213,0.10605845251343346,54094.14530531761,0.27177719130883454,2133.764027638609,486.94133363838273,0.10169571871840445,29296.10132626168,0.1495728173520315,2127.1778640804946,283.1355870914332,0.05125474568712096,29947.337018371913,0.15253350040316915,2137.4496464566096,305.06401502153574,0.052336120891232046
E3_E1_002_s31,baseline,low,HF0300_0082,1.2,0.05,1.2,0.035,0.8,0.02,0.8,0.02,8.52,0.62,3.55,1.0,770234567.0,31,770580056,0,5584.467761270999,True,13201,0.05000000000001137,60065.06135491067,0.29888551891636034,2132.883583185887,488.2323229149197,0.10573416412250733,54000.26915131407,0.2717056934549742,2132.0348824183575,485.7240827933591,0.1010496802637849,29591.339087189954,0.15135211383437297,2129.9110976306183,290.72620667938736,0.05146038027105393,30129.057283476326,0.1536010022803704,2140.8073733917336,305.91466114634346,0.0524021230605833
E3_E1_002_s32,baseline,low,HF0300_0082,1.2,0.05,1.2,0.035,0.8,0.02,0.8,0.02,8.52,0.62,3.55,1.0,770234567.0,32,770587975,0,6967.755914447,True,13201,0.05000000000001137,59836.875570033735,0.29730081529604757,2143.585301514499,492.9529141216926,0.10629530216854338,54198.94616727028,0.2721205354918213,2132.751337330058,485.98935467466004,0.10161107492107632,29425.59896083021,0.14924512047098476,2133.1446746767165,298.8712521554137,0.05191577068453096,30135.24308702018,0.15358211733743532,2141.790783745648,308.461439349448,0.052480213580001364
E3_E1_002_s33,baseline,low,HF0300_0082,1.2,0.05,1.2,0.035,0.8,0.02,0.8,0.02,8.52,0.62,3.55,1.0,770234567.0,33,770595894,0,5283.870809906999,True,13201,0.05000000000001137,59633.53244679237,0.2961477592748758,2153.9450856772887,495.09114311831763,0.10637738812955122,54129.0120911246,0.2717547702565274,2136.0066613682598,486.46752209078056,0.10189082216037322,29976.0515122381,0.15146924342305873,2125.1534103449535,302.9085509134044,0.05246555182915014,30128.987461869365,0.15320948458304978,2141.2085913362016,306.9462992639892,0.05281941267621266
E3_E1_002_s34,baseline,low,HF0300_0082,1.2,0.05,1.2,0.035,0.8,0.02,0.8,0.02,8.52,0.62,3.55,1.0,770234567.0,34,770603813,0,10891.184674679,True,13201,0.05000000000001137,59926.33414525939,0.29766948721496944,2138.5925764388257,491.98888629880804,0.10608523310528954,54265.161678828095,0.2726569767735802,2135.4850091961625,487.4560144884519,0.10127897185326172,29511.99900431165,0.1498852213085784,2127.0672230785954,289.3613778020553,0.05145670760480764,30262.28796992004,0.15410715309570341,2139.2224802054575,304.43954979804926,0.052722620807598396
E3_E1_002_s35,baseline,low,HF0300_0082,1.2,0.05,1.2,0.035,0.8,0.02,0.8,0.02,8.52,0.62,3.55,1.0,770234567.0,35,770611732,0,11106.443714942001,True,13201,0.05000000000001137,60088.257671864296,0.29852877167787495,2135.6605392512993,490.2564866509135,0.10630103500971506,54404.36370238718,0.27329857618511105,2132.5893877888734,486.1238670350596,0.10129052311309479,29714.55812455519,0.1516188574925564,2128.851206216311,292.0899509553015,0.05133949887987322,29809.16001166139,0.1522728315400899,2136.4398977916903,309.6584389068922,0.05235976821719085
E3_E1_002_s36,baseline,low,HF0300_0082,1.2,0.05,1.2,0.035,0.8,0.02,0.8,0.02,8.52,0.62,3.55,1.0,770234567.0,36,770619651,0,9962.883627626,True,13201,0.05000000000001137,59973.03095284109,0.2978121383101275,2138.443161315908,491.9167531816108,0.10642489450988583,54384.31422845648,0.2731962210088856,2134.626039730715,488.99144470668574,0.1015758102799855,29916.915479843483,0.15299871315048832,2125.988204477149,289.98364889091806,0.05136359179756129,29916.915479843483,0.15299871315048832,2140.387050294417,315.3451118080565,0.052272998083142064
E3_E1_002_s37,baseline,low,HF0300_0082,1.2,0.05,1.2,0.035,0.8,0.02,0.8,0.02,8.52,0.62,3.55,1.0,770234567.0,37,770627570,0,5993.521666048,True,13201,0.05000000000001137,59964.67897519228,0.29777783872998653,2141.9322902379213,492.67578404796313,0.1064877544566409,54384.28050626967,0.27310529456481486,2128.0940420751076,489.4778494226883,0.10174954903975579,29455.709320950773,0.15098173001643078,2132.213426826047,303.449624177294,0.051164818987269524,30042.812497560848,0.1526851709235137,2136.9747839041383,303.449624177294,0.05277671877243757
E3_E1_002_s38,baseline,low,HF0300_0082,1.2,0.05,1.2,0.035,0.8,0.02,0.8,0.02,8.52,0.62,3.55,1.0,770234567.0,38,770635489,0,6166.922354058,True,13201,0.05000000000001137,59963.364638902414,0.2982620371044508,2139.0489626851904,491.4043556880777,0.10562077795083331,53999.58979761292,0.27145713401855365,2134.740511690185,485.51086839890996,0.10108723134841875,29341.21316060811,0.15016065684604826,2126.3855552289815,281.79849851015825,0.051044099577811454,30082.0912508444,0.15296575044421443,2142.1700275977705,304.7464834020222,0.05231774887223091
E3_E1_002_s39,baseline,low,HF0300_0082,1.2,0.05,1.2,0.035,0.8,0.02,0.8,0.02,8.52,0.62,3.55,1.0,770234567.0,39,770643408,0,5482.753795158999,True,13201,0.05000000000001137,59937.24404558443,0.2983534864058572,2138.1371219884263,490.47904428175787,0.10562286873892268,53889.321262022226,0.27098514781840166,2131.3113053805464,482.6016859871461,0.10113103559826167,29649.189968272833,0.1518047141519565,2128.958126039117,294.0876193091888,0.05126587933200116,30282.433505799007,0.1545436920251337,2143.1521345165534,306.12887833914635,0.052343661134429884
E3_E1_002_s4,baseline,low,HF0300_0082,1.2,0.05,1.2,0.035,0.8,0.02,0.8,0.02,8.52,0.62,3.55,1.0,770234567.0,4,770266243,0,7169.662052932001,True,13201,0.05000000000001137,60131.59428590866,0.2988197356830147,2138.9301852903022,490.3966083189477,0.10628266408480963,54350.9563741955,0.27308934447677463,2138.9301852903022,489.3128903100553,0.10148222636922198,29799.004765166464,0.15260536335449443,2129.256431333193,287.25604270492636,0.05147009857419094,30298.162942888983,0.15441568749698076,2142.569606145632,311.42997907286883,0.052381533032353184
E3_E1_002_s40,baseline,low,HF0300_0082,1.2,0.05,1.2,0.035,0.8,0.02,0.8,0.02,8.52,0.62,3.55,1.0,770234567.0,40,770651327,0,7124.936427154,True,13201,0.05000000000001137,60231.67406147212,0.29946732954254,2134.3024130889607,488.8238097455491,0.10620453294090838,54350.77676916443,0.2732258730577256,2132.6695147585465,488.15607628634467,0.10124041870832313,29648.209485996114,0.15176165857130186,2127.711370042495,291.82723208344174,0.051338263191273326,29957.05500921455,0.15238267164413943,2139.3088612610372,303.54655068232745,0.0526190111480801
E3_E1_002_s41,baseline,low,HF0300_0082,1.2,0.05,1.2,0.035,0.8,0.02,0.8,0.02,8.52,0.62,3.55,1.0,770234567.0,41,770659246,0,6954.143292989,True,13201,0.05000000000001137,60030.87811220104,0.29864678426143465,2134.811499013085,491.2118789073549,0.10579544923531622,54061.41587647006,0.271714306642145,2131.8450474879587,486.05730403009386,0.10122224342531017,29892.68893087223,0.15324701085272288,2134.964852902896,289.4108717013157,0.0514208072739729,29892.68893087223,0.15324701085272288,2138.7656234476385,305.60563454976756,0.05224437187958839
E3_E1_002_s42,baseline,low,HF0300_0082,1.2,0.05,1.2,0.035,0.8,0.02,0.8,0.02,8.52,0.62,3.55,1.0,770234567.0,42,770667165,0,5842.137185158,True,13201,0.05000000000001137,60054.97128131055,0.29845263406103734,2133.0630989428905,490.4362388344454,0.10608818241226373,54292.76857155563,0.2727974239358409,2133.0630989428905,486.91172299713173,0.1011702622448958,29343.32048597033,0.15067315510770327,2130.674816729156,293.60161873893395,0.051160615197332455,30128.206460587568,0.15414471079257105,2141.565584921913,307.2442820375978,0.05287168880395125
E3_E1_002_s43,baseline,low,HF0300_0082,1.2,0.05,1.2,0.035,0.8,0.02,0.8,0.02,8.52,0.62,3.55,1.0,770234567.0,43,770675084,0,6883.537098598,True,13201,0.05000000000001137,60081.590805295724,0.2984383200935927,2132.709001914868,490.6779874750195,0.10604959883990299,54366.19673450524,0.2731999473688714,2131.873617989959,487.20327897570553,0.10105579305642942,29625.436229305902,0.1512417023153758,2132.4486346030485,303.54568504159374,0.05122291907649789,30160.083373749894,0.1534681940280045,2137.540813842469,303.54568504159374,0.052752130504035974
E3_E1_002_s44,baseline,low,HF0300_0082,1.2,0.05,1.2,0.035,0.8,0.02,0.8,0.02,8.52,0.62,3.55,1.0,770234567.0,44,770683003,0,7256.826588743,True,13201,0.05000000000001137,59903.80322823305,0.29766804262276375,2145.119397293141,493.65505396122427,0.10652348670381552,54275.005717203814,0.27245102406511523,2133.875554825527,487.78668061636125,0.10197061745444667,30028.09872075033,0.15288247448005607,2133.627844782001,294.78565962743374,0.05272128315004587,30221.062400009367,0.1540807141157048,2140.919444102123,306.68161003916435,0.05272128315004587
E3_E1_002_s45,baseline,low,HF0300_0082,1.2,0.05,1.2,0.035,0.8,0.02,0.8,0.02,8.52,0.62,3.55,1.0,770234567.0,45,770690922,0,6904.077291498999,True,13201,0.05000000000001137,60286.55018587989,0.2997518822144293,2138.144065507727,489.57700850762086,0.10577213510439604,54326.41534681684,0.2732262370878291,2138.144065507727,486.56494261802493,0.10094658877842458,29775.980488959158,0.15204559072395696,2133.07723125843,288.5740252336419,0.05171568041131807,30032.755028133983,0.15300855232001626,2138.2229739124286,308.1836848327382,0.052455339118578755
E3_E1_002_s46,baseline,low,HF0300_0082,1.2,0.05,1.2,0.035,0.8,0.02,0.8,0.02,8.52,0.62,3.55,1.0,770234567.0,46,770698841,0,11145.702517938002,True,13201,0.05000000000001137,59751.84654225463,0.2970315472209992,2149.3646984041834,495.6511944802955,0.10578231126438369,54009.174334752934,0.27136387671138584,2130.005377540019,483.8771314618713,0.10140901630235327,29961.885159133893,0.15337216305712695,2125.511840410165,296.8939872814318,0.05165228890938534,30118.070767217992,0.15337216305712695,2139.8279736428185,306.5629824601491,0.05232087979353623
E3_E1_002_s47,baseline,low,HF0300_0082,1.2,0.05,1.2,0.035,0.8,0.02,0.8,0.02,8.52,0.62,3.55,1.0,770234567.0,47,770706760,0,7532.845591483,True,13201,0.05000000000001137,59863.09436517192,0.2975502549302297,2141.6139797795813,492.933279524231,0.10638092805124336,54176.01301614506,0.27204731788314185,2129.9329389203103,488.2045449197799,0.10174811858060555,29553.477108643012,0.15062586846928241,2131.226760242718,292.668161664643,0.05134886544663128,30173.904794332135,0.1535859335304664,2143.2652029731626,306.67281776608286,0.0524494417679671
E3_E1_002_s48,baseline,low,HF0300_0082,1.2,0.05,1.2,0.035,0.8,0.02,0.8,0.02,8.52,0.62,3.55,1.0,770234567.0,48,770714679,0,7553.489477279,True,13201,0.05000000000001137,60060.00361308318,0.2984987287993638,2134.546422659941,490.4356354614569,0.10624508334920275,54286.1409170838,0.27280532037428495,2134.202198294183,488.33375102095437,0.10144523626325012,30056.290777804927,0.1539187511029055,2133.0810236592934,294.4548396551103,0.05160141878757038,30437.497075856143,0.1546425079633153,2141.1795809414157,307.91886800386123,0.05301867093389558
E3_E1_002_s49,baseline,low,HF0300_0082,1.2,0.05,1.2,0.035,0.8,0.02,0.8,0.02,8.52,0.62,3.55,1.0,770234567.0,49,770722598,0,7255.47188598,True,13201,0.05000000000001137,60272.17325009217,0.2997383735363294,2138.097709254707,488.23580468659463,0.10562132869268029,54249.74163525489,0.2728646027595143,2138.097709254707,486.30880181879695,0.1006731977094942,29355.33041469663,0.15027173359519358,2128.710363686069,294.93750449553573,0.05096939127428379,30220.674430478735,0.1532153192311977,2147.8078753501227,321.8031489235607,0.05265101415322257
E3_E1_002_s5,baseline,low,HF0300_0082,1.2,0.05,1.2,0.035,0.8,0.02,0.8,0.02,8.52,0.62,3.55,1.0,770234567.0,5,770274162,0,7080.655008478,True,13201,0.05000000000001137,60036.455240781615,0.29779711127761244,2146.860073057686,492.64685556934603,0.10686240578607707,54656.34955323229,0.27440870497816255,2133.010845343394,489.7240477006111,0.10197871149555596,30023.640183824307,0.1517423737467462,2126.6511793847744,288.3332227267268,0.05152256711105024,30243.00956160363,0.15414002546537361,2139.6653179623786,303.23221647658886,0.05236885670596858
E3_E1_002_s50,baseline,low,HF0300_0082,1.2,0.05,1.2,0.035,0.8,0.02,0.8,0.02,8.52,0.62,3.55,1.0,770234567.0,50,770730517,0,9071.96724813,True,13201,0.05000000000001137,60123.99134310835,0.29887040063310966,2134.0820914592064,490.42651928913097,0.10634661631552046,54335.47590363209,0.27302972547244736,2134.0820914592064,489.09263908818116,0.10156118266907643,29418.43263836842,0.15006911139171863,2125.7180808439593,282.06380780678415,0.05102193872457561,30336.436163220074,0.15406712153456772,2141.6025392747683,321.2983885989826,0.052838390641255006
E3_E1_002_s51,baseline,low,HF0300_0082,1.2,0.05,1.2,0.035,0.8,0.02,0.8,0.02,8.52,0.62,3.55,1.0,770234567.0,51,770738436,0,7013.497518476001,True,13201,0.05000000000001137,59918.38894123548,0.29764643760171483,2140.191741142372,492.04894297427666,0.1065959117698636,54330.17193052019,0.272777172754943,2127.282464510682,488.9408360990252,0.10177969913919958,29823.501858922373,0.15256475272800457,2129.901745063389,292.16376993608554,0.05126720901921616,30010.80575336264,0.15273835852319556,2138.307597452547,307.9178609564119,0.05249688032917293
E3_E1_002_s52,baseline,low,HF0300_0082,1.2,0.05,1.2,0.035,0.8,0.02,0.8,0.02,8.52,0.62,3.55,1.0,770234567.0,52,770746355,0,6988.375455245,True,13201,0.05000000000001137,60009.218556638865,0.2982263114860891,2141.1438554855486,493.13042828484845,0.10629149080446658,54278.406943423935,0.27271465479520446,2134.563734307193,488.19482300968417,0.10170992243051066,29950.256243853597,0.15306643361887526,2136.6800192432047,292.3774354690533,0.05229420320164265,30025.203913516845,0.15306643361887526,2136.6800192432047,310.9672078755791,0.0524288597792058
E3_E1_002_s53,baseline,low,HF0300_0082,1.2,0.05,1.2,0.035,0.8,0.02,0.8,0.02,8.52,0.62,3.55,1.0,770234567.0,53,770754274,0,7586.137194794,True,13201,0.05000000000001137,59533.41312600083,0.29572106192480113,2157.816773568554,497.35416613363657,0.10619914304170566,54006.82616621185,0.2710463758618835,2124.3105726182844,486.8617047011608,0.10195020502300799,29564.838284731326,0.1513003777573362,2133.1570475965236,298.1577892058596,0.05156577295689503,29907.051632053903,0.1519979239533573,2137.7200274198335,303.98368506992983,0.05234685157055342
E3_E1_002_s54,baseline,low,HF0300_0082,1.2,0.05,1.2,0.035,0.8,0.02,0.8,0.02,8.52,0.62,3.55,1.0,770234567.0,54,770762193,0,9291.605267619,True,13201,0.05000000000001137,60002.92530309292,0.2978549842432608,2141.089258962349,492.393231282576,0.10676716427059289,54518.266361449096,0.2736819649867064,2130.618135907696,489.8605727440527,0.10186664347825379,29819.17049651605,0.1527407152454255,2133.764037518705,281.334036877769,0.051776413331558906,29994.022197734124,0.15322220023488572,2139.3084803219544,306.0672143934515,0.05266267773017343
E3_E1_002_s55,baseline,low,HF0300_0082,1.2,0.05,1.2,0.035,0.8,0.02,0.8,0.02,8.52,0.62,3.55,1.0,770234567.0,55,770770112,0,7086.218729484,True,13201,0.05000000000001137,60100.00997023474,0.29873305096748853,2134.5564646497164,489.9963562036152,0.10618249267646326,54277.41999052732,0.2728689178415191,2131.5141697470435,488.44694986360656,0.10144047034376724,29320.150139463956,0.1491609353629975,2125.4342333573454,290.96708008681753,0.05137119932736237,30818.616633472127,0.15709437003334023,2143.5607416797225,306.6771462389125,0.053378250147149614
E3_E1_002_s56,baseline,low,HF0300_0082,1.2,0.05,1.2,0.035,0.8,0.02,0.8,0.02,8.52,0.62,3.55,1.0,770234567.0,56,770778031,0,8804.104127638,True,13201,0.05000000000001137,59939.62812875359,0.2974938236270583,2146.0568346551395,494.625713303066,0.10701806455458333,54559.76315812442,0.2737311696692472,2133.927282058776,490.33593182140606,0.10222360300682631,29630.647160799792,0.1511001973633123,2131.6601679291525,283.33876805942657,0.05170049475544531,30210.01130013447,0.15369424618335223,2139.731334450748,306.2571344710627,0.05243860668309728
E3_E1_002_s57,baseline,low,HF0300_0082,1.2,0.05,1.2,0.035,0.8,0.02,0.8,0.02,8.52,0.62,3.55,1.0,770234567.0,57,770785950,0,9441.635856102,True,13201,0.05000000000001137,59857.11768719238,0.2977458467169756,2141.3719278475155,491.4478724364617,0.10580782908816883,53937.716712966925,0.2711355462754064,2130.43997991425,485.30812943477594,0.10128478691423323,29732.63040298337,0.15282142103075574,2131.103027721333,288.46107078081053,0.051529707628736585,30027.59230735844,0.1535883338983713,2139.849090888252,304.39531737880145,0.05236808580311965
E3_E1_002_s58,baseline,low,HF0300_0082,1.2,0.05,1.2,0.035,0.8,0.02,0.8,0.02,8.52,0.62,3.55,1.0,770234567.0,58,770793869,0,9915.623404435999,True,13201,0.05000000000001137,60132.939021277925,0.2988684744500098,2136.177380560541,491.76696888050225,0.10637759317956251,54358.61087825614,0.2730603179349302,2128.9941025491744,489.03834097896913,0.10174979859415116,29548.06085244923,0.15075482999471007,2126.754575536404,290.7378463385897,0.05119142681168632,30181.152308733122,0.15360194673587385,2141.3545399780724,300.5834038098929,0.052449420780011045
E3_E1_002_s59,baseline,low,HF0300_0082,1.2,0.05,1.2,0.035,0.8,0.02,0.8,0.02,8.52,0.62,3.55,1.0,770234567.0,59,770801788,0,5059.279554248,True,13201,0.05000000000001137,59947.18143091102,0.297583468618259,2140.8994510697084,492.40786304132445,0.10645535329124163,54433.29947958684,0.2733386518839445,2133.9576956274263,488.24802429648884,0.10157401756773234,29609.34116586784,0.15159768613619015,2133.488271679192,305.09490341442125,0.051025796255199235,30025.46003640322,0.15256246561936843,2138.515889250831,305.85794007581063,0.052211611589030114
E3_E1_002_s6,baseline,low,HF0300_0082,1.2,0.05,1.2,0.035,0.8,0.02,0.8,0.02,8.52,0.62,3.55,1.0,770234567.0,6,770282081,0,7125.88071726,True,13201,0.05000000000001137,59775.244230984055,0.29674780180946386,2151.5185431038944,494.53044265995027,0.10649853759518428,54290.2196481849,0.27260667051674164,2134.657455618249,487.9364475714206,0.10185248099970658,29577.407626693148,0.15121777433911782,2130.234891385276,288.7328286647937,0.050830361752342554,30027.65081052362,0.15292266312792588,2139.214099428593,305.4570378649365,0.05227341815555494
E3_E1_002_s7,baseline,low,HF0300_0082,1.2,0.05,1.2,0.035,0.8,0.02,0.8,0.02,8.52,0.62,3.55,1.0,770234567.0,7,770290000,0,6325.588198188,True,13201,0.05000000000001137,59881.9585774493,0.29733896752594396,2140.490233312644,491.64702527858924,0.10625484503488425,54311.28837421697,0.27281558958584,2140.490233312644,487.7313207234276,0.10128866527839,30273.619860124723,0.15437330728720355,2130.3226515301258,292.0499289586597,0.05218785308587555,30273.619860124723,0.15437330728720355,2137.612854498392,305.511958557528,0.05218785308587555
E3_E1_002_s8,baseline,low,HF0300_0082,1.2,0.05,1.2,0.035,0.8,0.02,0.8,0.02,8.52,0.62,3.55,1.0,770234567.0,8,770297919,0,7054.167890424999,True,13201,0.05000000000001137,59922.4555044733,0.29764749671277385,2142.9988858237048,492.4048697177688,0.10645948207303586,54308.168752969184,0.27273705311371554,2129.015709404375,487.9254559958728,0.10170791443645037,29579.34734213531,0.15107260138719913,2132.2724205753993,295.1414852714035,0.05216490254565236,30046.020625492605,0.15365559272972473,2141.266867395477,307.2027681809779,0.0524296907592467
E3_E1_002_s9,baseline,low,HF0300_0082,1.2,0.05,1.2,0.035,0.8,0.02,0.8,0.02,8.52,0.62,3.55,1.0,770234567.0,9,770305838,0,6948.29719678,True,13201,0.05000000000001137,59804.09854420814,0.29673585804930996,2145.5562412744493,492.5877152649017,0.1064194723195296,54371.99783827793,0.27306134944204896,2130.7103887796593,489.1946171405546,0.10149106614741131,29486.285485436532,0.15107663857143366,2128.6075759708915,285.93768353300067,0.051211580049454565,30161.64819151788,0.15462766264688377,2139.2173527624927,311.7445288329852,0.05256912455024234
E3_E1_003_s0,baseline,mid,HF0300_0158,1.2,0.05,1.2,0.035,0.8,0.02,0.8,0.02,9.72,1.3,5.75,21.0,1960664516.0,0,1960664516,0,7006.099299544,True,13201,0.05000000000001137,72256.41123156872,0.36068392654741493,2160.6848775838553,495.3307333635343,0.1290892139642396,65834.53686671992,0.33142874575945935,2142.7316642512856,463.72023567005783,0.12298821304647925,38369.755648286104,0.1969414818350508,2149.24036095973,332.715597647668,0.06726363669494971,38663.96428439746,0.1991018601620697,2172.513183332857,332.715597647668,0.0681028444414676
E3_E1_003_s1,baseline,mid,HF0300_0158,1.2,0.05,1.2,0.035,0.8,0.02,0.8,0.02,9.72,1.3,5.75,21.0,1960664516.0,1,1960672435,0,7263.542056665001,True,13201,0.05000000000001137,71895.22056518575,0.35845704592371996,2169.096721056022,489.6938407480612,0.12936417967107353,65904.16417654771,0.33125943968140364,2159.978506790512,473.34675486025697,0.12330211518995861,38010.561293639774,0.19546864215909668,2163.5523399994895,309.32469195320357,0.06666691752546222,38629.316910659,0.19839201003891405,2169.375770233366,331.8919295763291,0.06893303606154816
E3_E1_003_s10,baseline,mid,HF0300_0158,1.2,0.05,1.2,0.035,0.8,0.02,0.8,0.02,9.72,1.3,5.75,21.0,1960664516.0,10,1960743706,0,6857.303979793,True,13201,0.05000000000001137,72127.8147063423,0.3599912946444019,2135.5448045760077,484.30250549322915,0.12800292979926298,65722.55065042908,0.3307845444760406,2135.5448045760077,470.5597009882387,0.1219480113224534,38400.34626545388,0.19800207176956341,2155.4923973095083,320.37212522788633,0.06731116146703595,38709.94572567715,0.19800207176956341,2164.071457987164,332.37136455903675,0.0682037736424882
E3_E1_003_s11,baseline,mid,HF0300_0158,1.2,0.05,1.2,0.035,0.8,0.02,0.8,0.02,9.72,1.3,5.75,21.0,1960664516.0,11,1960751625,0,6969.74060639,True,13201,0.05000000000001137,71818.42963577915,0.35849646251316497,2144.216442380953,483.32366209340825,0.12783165662175808,65496.11961923417,0.32954243957581064,2137.9776505012824,472.75713314843574,0.12202671254445051,38544.198713884834,0.19815532124865767,2133.827954661555,282.6549529184773,0.06636283850744569,38638.144921487925,0.19833780891337133,2182.765659576347,350.63406768053267,0.06802668840594817
E3_E1_003_s12,baseline,mid,HF0300_0158,1.2,0.05,1.2,0.035,0.8,0.02,0.8,0.02,9.72,1.3,5.75,21.0,1960664516.0,12,1960759544,0,8606.512702139,True,13201,0.05000000000001137,72399.65568407495,0.3618859564821221,2163.2044146706326,482.25949085307934,0.12772663891423502,65625.7631188752,0.33070117154275175,2163.2044146706326,460.47009530241127,0.12152675471092375,38268.4316385845,0.19801613881942315,2140.6541289572747,302.23339790339844,0.06704268736351107,38529.64939423495,0.19801613881942315,2180.3612633475327,334.394543115528,0.06799666576987332
E3_E1_003_s13,baseline,mid,HF0300_0158,1.2,0.05,1.2,0.035,0.8,0.02,0.8,0.02,9.72,1.3,5.75,21.0,1960664516.0,13,1960767463,0,7267.4588386059995,True,13201,0.05000000000001137,71395.08827397611,0.3555289980772352,2174.582156991124,475.563168388912,0.12926812294842235,65841.49467262682,0.33040540288363635,2135.7594491996597,475.42150987510206,0.12324124192555533,37984.89847050301,0.19573037004926644,2138.553513630108,284.8214667344864,0.0663125592545645,38571.424404308236,0.1987429921962474,2197.8071220187558,348.12876956248846,0.06887259774423832
E3_E1_003_s14,baseline,mid,HF0300_0158,1.2,0.05,1.2,0.035,0.8,0.02,0.8,0.02,9.72,1.3,5.75,21.0,1960664516.0,14,1960775382,0,7428.793856048001,True,13201,0.05000000000001137,71912.3799205809,0.358602239443064,2166.9322027960156,490.6125592286872,0.12947230368056287,65883.3880353679,0.33121141841715446,2144.5778516051837,470.2950649479028,0.12346444108053858,38238.77268086523,0.1961590581222062,2142.7503477422297,305.4747275760247,0.06636307550063,38764.01831769744,0.19857657649656846,2170.540430989593,338.1820411131978,0.06839203797686313
E3_E1_003_s15,baseline,mid,HF0300_0158,1.2,0.05,1.2,0.035,0.8,0.02,0.8,0.02,9.72,1.3,5.75,21.0,1960664516.0,15,1960783301,0,6937.895317357,True,13201,0.05000000000001137,72166.410472869,0.3603432928062243,2150.5032168722937,490.6536884708958,0.12876737377420874,65731.26191915805,0.3307798303915851,2132.38089124254,467.3739249525817,0.12280990559257449,38459.26197426432,0.19740405051436835,2150.3128944004125,295.264813573377,0.06713154943724141,38692.04536435368,0.19892951292123387,2173.5796852753856,330.6214741790586,0.0681611382654658
E3_E1_003_s16,baseline,mid,HF0300_0158,1.2,0.05,1.2,0.035,0.8,0.02,0.8,0.02,9.72,1.3,5.75,21.0,1960664516.0,16,1960791220,0,7062.498698132001,True,13201,0.05000000000001137,71733.50260309885,0.3572525145178265,2179.6642830996357,492.48384158443935,0.12965117321249428,66094.47874477644,0.33183239984918944,2131.6165025350406,474.7973777691459,0.12340183342160889,38051.86797150794,0.19590996375097244,2135.7010154871805,274.7896368938025,0.06661288993823353,38602.80268677856,0.19824980048287905,2177.551409866905,349.31183067666194,0.0689291480915452
E3_E1_003_s17,baseline,mid,HF0300_0158,1.2,0.05,1.2,0.035,0.8,0.02,0.8,0.02,9.72,1.3,5.75,21.0,1960664516.0,17,1960799139,0,7608.754962963,True,13201,0.05000000000001137,72372.45578936701,0.3612687984043354,2173.477901052748,489.43588451790373,0.12872654658389898,65948.47202606435,0.33203676697788537,2173.477901052748,486.47105323728726,0.12244841542585459,38011.70627793137,0.19557454111476458,2141.3218771486845,288.1088434495882,0.06635984710810207,38763.22263196798,0.198509915294016,2173.761082763898,337.68251333982244,0.06862744127285425
E3_E1_003_s18,baseline,mid,HF0300_0158,1.2,0.05,1.2,0.035,0.8,0.02,0.8,0.02,9.72,1.3,5.75,21.0,1960664516.0,18,1960807058,0,7136.213596922001,True,13201,0.05000000000001137,71906.8264876028,0.35915105643679196,2141.780705741935,476.820496656006,0.12785989554015573,65439.07578438883,0.3293588733081855,2141.780705741935,474.35306786990054,0.12211186642539318,38406.753016212126,0.1972640514777113,2149.1483691945805,277.0095593553673,0.06659636323383221,38625.61546796358,0.19821649946310688,2177.3673310759023,329.22243630397514,0.06800507912685955
E3_E1_003_s19,baseline,mid,HF0300_0158,1.2,0.05,1.2,0.035,0.8,0.02,0.8,0.02,9.72,1.3,5.75,21.0,1960664516.0,19,1960814977,0,7228.063220256,True,13201,0.05000000000001137,72246.43769556975,0.3608691569939486,2143.162529595668,490.30803038356856,0.12834656086518523,65705.39466183184,0.33073996465327443,2138.1913627594904,468.830643748302,0.12238935830168794,38581.067827683604,0.19855895986322936,2145.7124475551286,301.06659068381526,0.06746398984547711,38581.067827683604,0.19855895986322936,2167.6699072745696,326.5007703831869,0.06780876710663314
E3_E1_003_s2,baseline,mid,HF0300_0158,1.2,0.05,1.2,0.035,0.8,0.02,0.8,0.02,9.72,1.3,5.75,21.0,1960664516.0,2,1960680354,0,5627.644381441,True,13201,0.05000000000001137,72008.24570821562,0.3594750135688417,2134.2067020660775,482.0697732662195,0.1281848553339116,65675.69650405186,0.3303340986816231,2134.2067020660775,468.67648382175094,0.1221291551414375,38535.66335546611,0.19786201844679405,2155.2754113127176,313.498581224918,0.06794276546698334,38547.20422351435,0.19786201844679405,2181.3718956887383,345.4655244728651,0.06847479080689063
E3_E1_003_s20,baseline,mid,HF0300_0158,1.2,0.05,1.2,0.035,0.8,0.02,0.8,0.02,9.72,1.3,5.75,21.0,1960664516.0,20,1960822896,0,7086.115827795,True,13201,0.05000000000001137,72269.60287259698,0.3605490050920912,2147.0605984246927,487.0217756865428,0.12924727416024587,66011.09992585213,0.3321950060954904,2147.0605984246927,462.2523457281686,0.12290274862467691,38151.04080126423,0.19667369717262392,2144.019291525684,294.0144394422334,0.06670725263135967,38692.21601598713,0.19777069070459988,2171.5991462339493,346.3783277077298,0.06844277717947925
E3_E1_003_s21,baseline,mid,HF0300_0158,1.2,0.05,1.2,0.035,0.8,0.02,0.8,0.02,9.72,1.3,5.75,21.0,1960664516.0,21,1960830815,0,6958.646512669,True,13201,0.05000000000001137,71723.2008400675,0.3580789806758808,2147.9612703760786,480.2778298490723,0.12792352111761063,65401.50217429258,0.329007054954851,2136.7421544205467,475.7890281192839,0.12216320509078421,38300.03055744143,0.19749650359086185,2163.334257161515,319.12339979085243,0.06724207607323492,38743.59035688108,0.19890795234839548,2168.07484368665,333.18776642171196,0.06840936478351693
E3_E1_003_s22,baseline,mid,HF0300_0158,1.2,0.05,1.2,0.035,0.8,0.02,0.8,0.02,9.72,1.3,5.75,21.0,1960664516.0,22,1960838734,0,7095.412970745,True,13201,0.05000000000001137,72675.94896341328,0.36336023692003044,2153.849786076754,487.31179490345505,0.12802091498085455,65752.77760554438,0.33158933871286983,2153.849786076754,467.02293373523827,0.1217391364486395,38512.840400717956,0.19884339339039164,2161.4840352462465,314.7451800188143,0.06754681408149867,38590.04110117714,0.19978773445665635,2174.0054114137897,333.8915616844816,0.06805546011649584
E3_E1_003_s23,baseline,mid,HF0300_0158,1.2,0.05,1.2,0.035,0.8,0.02,0.8,0.02,9.72,1.3,5.75,21.0,1960664516.0,23,1960846653,0,10327.133215645,True,13201,0.05000000000001137,72208.00260628085,0.36038528458042807,2139.329322455962,484.8493704128035,0.12859360371103895,65868.01204363533,0.331568301761003,2139.329322455962,466.50454804934515,0.12237116158775573,38266.27571735105,0.1963721951392917,2140.0282331689095,296.8551055065476,0.06690505840869754,38579.98353598363,0.19849294907760084,2177.9417045953114,349.87816119187113,0.0686186836369708
E3_E1_003_s24,baseline,mid,HF0300_0158,1.2,0.05,1.2,0.035,0.8,0.02,0.8,0.02,9.72,1.3,5.75,21.0,1960664516.0,24,1960854572,0,6978.805847428001,True,13201,0.05000000000001137,71883.94578260725,0.3592520202603845,2156.057115487431,472.1100056623806,0.1274446387787633,65302.17120987306,0.3286973371011124,2156.057115487431,468.254839598009,0.121776816743075,38612.523566784934,0.1982228484408519,2144.3377781231525,282.7169935440484,0.0669463763909635,38612.523566784934,0.19864105640240023,2176.0428503859316,339.29819472274113,0.06809978012025765
E3_E1_003_s25,baseline,mid,HF0300_0158,1.2,0.05,1.2,0.035,0.8,0.02,0.8,0.02,9.72,1.3,5.75,21.0,1960664516.0,25,1960862491,0,7691.469602112,True,13201,0.05000000000001137,71918.03794213657,0.3589531316564874,2148.9187626774124,480.5346915105997,0.1277513629230471,65620.39570149945,0.3299991762486805,2148.9187626774124,474.42861818851,0.1217297872753887,38217.73460529871,0.19765640043900215,2145.9030217995864,292.68682459107225,0.0668728237594435,38695.139447700465,0.19901968549096394,2184.914252698149,345.09520845485656,0.06862140043666902
E3_E1_003_s26,baseline,mid,HF0300_0158,1.2,0.05,1.2,0.035,0.8,0.02,0.8,0.02,9.72,1.3,5.75,21.0,1960664516.0,26,1960870410,0,6885.857862071,True,13201,0.05000000000001137,71146.71838413819,0.35445281077997326,2190.960115713041,485.8601581777599,0.12878206219094662,65535.3244599443,0.3289137478935845,2162.570784827124,485.8601581777599,0.12302296141481318,37851.64496533144,0.19510303991976846,2134.8520957811493,282.52240162810114,0.06621836063831019,38856.025326900744,0.19889189713746086,2178.3288847181534,338.1728537875217,0.06809272916606614
E3_E1_003_s27,baseline,mid,HF0300_0158,1.2,0.05,1.2,0.035,0.8,0.02,0.8,0.02,9.72,1.3,5.75,21.0,1960664516.0,27,1960878329,0,7178.47755111,True,13201,0.05000000000001137,72045.74328547964,0.35916503574592984,2155.403493665397,490.4539622152695,0.12935401390540846,66009.55077116379,0.3318904686310622,2147.3534538994554,466.8810292589861,0.12318781356298844,38128.90822360117,0.19604003306638387,2145.7056727544577,300.1179168333091,0.0666912859057899,38633.453903227164,0.1981874896652756,2169.4121494915007,334.8086471568279,0.06804729731271773
E3_E1_003_s28,baseline,mid,HF0300_0158,1.2,0.05,1.2,0.035,0.8,0.02,0.8,0.02,9.72,1.3,5.75,21.0,1960664516.0,28,1960886248,0,5207.354783434999,True,13201,0.05000000000001137,72338.27799428359,0.3614190343023319,2154.546544858357,496.6912348620106,0.12895224184975335,65695.25820502645,0.33095634928251966,2149.2465588516125,476.73518747016504,0.12308193133043777,38139.38182303575,0.19592553317966324,2129.7288600096767,281.74280077304144,0.06617871336125185,38628.59043667008,0.19856630582986454,2165.1043341307045,328.90729619428566,0.06780727652779797
E3_E1_003_s29,baseline,mid,HF0300_0158,1.2,0.05,1.2,0.035,0.8,0.02,0.8,0.02,9.72,1.3,5.75,21.0,1960664516.0,29,1960894167,0,8912.112929931,True,13201,0.05000000000001137,72384.52526003256,0.36151793474891736,2150.3071054722395,492.6920470320324,0.12853073570937115,65780.6449967719,0.33137218528822304,2150.3071054722395,464.65518081683035,0.12239205096256399,38192.31259903497,0.1974399251680692,2133.794750491937,286.8039612564256,0.06608217837939974,38691.672244389214,0.19879353992512758,2188.26435959531,347.1426540596425,0.06847642243026442
E3_E1_003_s3,baseline,mid,HF0300_0158,1.2,0.05,1.2,0.035,0.8,0.02,0.8,0.02,9.72,1.3,5.75,21.0,1960664516.0,3,1960688273,0,7390.157085,True,13201,0.05000000000001137,72022.37639219058,0.3591597476232611,2163.7142940297917,488.2811548360676,0.12929336372735198,65915.87831751745,0.33149732534526594,2163.7142940297917,478.09222241828815,0.12322278037205998,38580.22344180165,0.19775131069500418,2145.208850932712,291.12635301507015,0.06695200414208312,38592.07665743169,0.198279786043215,2188.8421310012704,364.02901569768727,0.06901762025290234
E3_E1_003_s30,baseline,mid,HF0300_0158,1.2,0.05,1.2,0.035,0.8,0.02,0.8,0.02,9.72,1.3,5.75,21.0,1960664516.0,30,1961002086,0,7201.532393654,True,13201,0.05000000000001137,71915.35836501315,0.35923105895019364,2139.640803438736,481.8964811671487,0.12803334137544836,65414.788738562165,0.3292886907608078,2139.640803438736,469.64734382396654,0.12224936919469362,38164.64314257545,0.1962412153285161,2135.6735316193126,274.3201088709103,0.06699484846658482,38690.73160626335,0.1995394401710935,2178.4576782928066,343.29886739859614,0.06811842414358955
E3_E1_003_s31,baseline,mid,HF0300_0158,1.2,0.05,1.2,0.035,0.8,0.02,0.8,0.02,9.72,1.3,5.75,21.0,1960664516.0,31,1961010005,0,5480.802450462,True,13201,0.05000000000001137,71860.42511870376,0.3580716693401539,2167.3410706967784,491.8907411834669,0.1298053149294743,65982.63017625968,0.3317225413110596,2154.021655881971,466.3647136739644,0.12362552424388708,38859.6876968857,0.20044775745910873,2144.7717488982703,284.4952785870881,0.06733793074932995,38859.6876968857,0.20044775745910873,2179.7667019487635,355.62782990745234,0.06822924671359734
E3_E1_003_s32,baseline,mid,HF0300_0158,1.2,0.05,1.2,0.035,0.8,0.02,0.8,0.02,9.72,1.3,5.75,21.0,1960664516.0,32,1961017924,0,9781.046665774,True,13201,0.05000000000001137,72000.54089408867,0.3596963780869499,2162.157422647026,475.4109136034392,0.12710809830534714,65453.1479594342,0.3294712219798569,2162.157422647026,471.0880147892974,0.12112010302838569,38141.18341674547,0.19681608531723352,2146.12401455179,309.881525573464,0.06652207806543332,38560.96251601031,0.19788922097152958,2171.2585096868593,336.77909159000836,0.0682503915710286
E3_E1_003_s33,baseline,mid,HF0300_0158,1.2,0.05,1.2,0.035,0.8,0.02,0.8,0.02,9.72,1.3,5.75,21.0,1960664516.0,33,1961025843,0,7685.401152932,True,13201,0.05000000000001137,71943.31747040914,0.3593876105856205,2138.1609806201195,476.57104677585284,0.1276445927062018,65431.641821024845,0.3293686254836971,2138.1609806201195,469.64569882758906,0.12188180330572586,38435.558307313026,0.1972788980745572,2149.2258393197226,296.7369691862311,0.06737688137972342,38630.64061196142,0.19854673900925843,2167.0128356022437,325.8516231780924,0.06848540983437885
E3_E1_003_s34,baseline,mid,HF0300_0158,1.2,0.05,1.2,0.035,0.8,0.02,0.8,0.02,9.72,1.3,5.75,21.0,1960664516.0,34,1961033762,0,7562.9460007610005,True,13201,0.05000000000001137,72664.20336677138,0.3631845402772898,2153.5991636459903,493.18786240546433,0.1280119361640159,65798.77181829179,0.3317551848249683,2153.5991636459903,466.48729732427597,0.12186635200376031,38349.009780323104,0.19776189013917148,2151.9778079847333,301.77721104230943,0.06726805911726297,38667.94559435482,0.19890990380777235,2183.4899002363472,348.2915599191537,0.06803479017735851
E3_E1_003_s35,baseline,mid,HF0300_0158,1.2,0.05,1.2,0.035,0.8,0.02,0.8,0.02,9.72,1.3,5.75,21.0,1960664516.0,35,1961041681,0,7647.776971632,True,13201,0.05000000000001137,71830.9483354253,0.35858355271402276,2149.634332981997,482.7856949808791,0.1283362768820659,65516.61380459951,0.329562686067964,2146.8938940909165,471.2999029413824,0.12249275128175942,38274.41367132501,0.19602653947686427,2140.230517928234,292.7323197661402,0.06663459973244917,38809.114921592365,0.19859805427174032,2175.1525206583765,344.72416562416487,0.06879458925561875
E3_E1_003_s36,baseline,mid,HF0300_0158,1.2,0.05,1.2,0.035,0.8,0.02,0.8,0.02,9.72,1.3,5.75,21.0,1960664516.0,36,1961049600,0,7385.125896013,True,13201,0.05000000000001137,71862.19387490522,0.35874963669850024,2143.9408984013753,476.8130594883883,0.12769463961026684,65524.55641047604,0.3296096476681241,2143.9408984013753,472.67281994151807,0.12176926539717732,38159.396156344286,0.19609241523578952,2149.7416432628434,294.09906972090585,0.06765760236800634,38571.84288728791,0.19821048007237094,2164.896950277089,337.0649805846777,0.06856949816929733
E3_E1_003_s37,baseline,mid,HF0300_0158,1.2,0.05,1.2,0.035,0.8,0.02,0.8,0.02,9.72,1.3,5.75,21.0,1960664516.0,37,1961057519,0,10255.951805586,True,13201,0.05000000000001137,71661.18272687048,0.35734848144421183,2172.1633726643254,488.710602236594,0.12928876445052181,65704.047831296,0.3301181963542002,2134.909249702369,474.39648274308075,0.12341765186938575,38159.88210696562,0.1959276270077155,2147.0009725595833,287.30720743865504,0.06620192368453744,38693.91259442069,0.1984533570628625,2175.6546832148624,364.29019108342624,0.0684252919234287
E3_E1_003_s38,baseline,mid,HF0300_0158,1.2,0.05,1.2,0.035,0.8,0.02,0.8,0.02,9.72,1.3,5.75,21.0,1960664516.0,38,1961065438,0,6955.6964659899995,True,13201,0.05000000000001137,71830.41817195965,0.35821068029553427,2146.1906585936827,482.89443557272006,0.12815199509078226,65735.02930934934,0.33046507596929053,2143.1154459435425,477.13730583584794,0.12194140935173711,38032.38336902431,0.19516014054748168,2127.6325080372108,282.0205238733421,0.06631599312601967,38512.85170993934,0.19831901646047834,2174.432521289064,336.83194789905,0.06861171971847528
E3_E1_003_s39,baseline,mid,HF0300_0158,1.2,0.05,1.2,0.035,0.8,0.02,0.8,0.02,9.72,1.3,5.75,21.0,1960664516.0,39,1961073357,0,6951.27815901,True,13201,0.05000000000001137,72212.68481910031,0.3606734969666557,2155.833405379631,487.9177388483053,0.12854064478362953,65705.88619566635,0.33084492733763143,2155.833405379631,487.9177388483053,0.12250857993893245,38437.171917089865,0.19718278210270992,2150.906431701131,294.88758212399483,0.06740172338928115,38577.08717699037,0.19888473373470442,2183.8441379370893,339.4703437377115,0.06844369685464685
E3_E1_003_s4,baseline,mid,HF0300_0158,1.2,0.05,1.2,0.035,0.8,0.02,0.8,0.02,9.72,1.3,5.75,21.0,1960664516.0,4,1960696192,0,6258.2769002469995,True,13201,0.05000000000001137,71638.87637681575,0.3579688153509656,2153.885528339168,475.93271913422535,0.12742965154741345,65152.06330267428,0.3278568106756226,2140.6615059415303,475.93271913422535,0.12194763746146674,38128.394138714866,0.19580658560314826,2147.1947162356155,293.99346975733454,0.06667050003931872,38673.7306183814,0.19891810726954537,2174.229880277832,334.0774503814797,0.06774590046128698
E3_E1_003_s40,baseline,mid,HF0300_0158,1.2,0.05,1.2,0.035,0.8,0.02,0.8,0.02,9.72,1.3,5.75,21.0,1960664516.0,40,1961081276,0,7172.035922276999,True,13201,0.05000000000001137,71494.44872164313,0.35684766159719844,2162.646857245047,482.03289919822475,0.12744092840235047,65324.194655866486,0.32833382324682875,2153.702539233887,482.03289919822475,0.12183457764956224,38311.75482966855,0.1976749524161396,2138.278137901082,289.76781603343073,0.06675116057586149,38673.1788250748,0.1993225063912901,2177.4109254578602,335.7926224525354,0.06791210105432648
E3_E1_003_s41,baseline,mid,HF0300_0158,1.2,0.05,1.2,0.035,0.8,0.02,0.8,0.02,9.72,1.3,5.75,21.0,1960664516.0,41,1961089195,0,9940.334422949001,True,13201,0.05000000000001137,72574.13419715174,0.3627747220709184,2154.978842182829,494.5742504126591,0.12849719091385087,65714.72912687881,0.3313781587519469,2154.978842182829,494.5742504126591,0.12244746512795625,38217.0949964532,0.19778454111864777,2143.141654966455,301.75633857977635,0.06660187892976453,38945.463453557924,0.19904238756643852,2174.165382848712,337.96289076839366,0.06839264488780929
E3_E1_003_s42,baseline,mid,HF0300_0158,1.2,0.05,1.2,0.035,0.8,0.02,0.8,0.02,9.72,1.3,5.75,21.0,1960664516.0,42,1961097114,0,6124.874816549,True,13201,0.05000000000001137,71957.1312662606,0.35880480289483846,2149.9198428181608,483.7149518728352,0.12839707778360507,65907.28978896845,0.3312780705786842,2148.0831433101116,474.73811281072375,0.12224906481214017,38175.52877364498,0.1965787702441661,2145.10385212253,288.70338100735796,0.06627040750790328,38562.06190792547,0.19841072812744986,2177.0533881302754,336.3204279451806,0.06805133287153031
E3_E1_003_s43,baseline,mid,HF0300_0158,1.2,0.05,1.2,0.035,0.8,0.02,0.8,0.02,9.72,1.3,5.75,21.0,1960664516.0,43,1961105033,0,9393.156171487,True,13201,0.05000000000001137,71529.12889734979,0.3567287906695605,2160.5611332625494,479.3510971881233,0.12829987734817555,65545.97039656596,0.3292842168924348,2151.423509681448,479.3510971881233,0.1224736709700849,38513.51434379161,0.1987349649807242,2145.4843968105406,283.46177640597574,0.0673106947888147,38665.29963706145,0.1987349649807242,2169.206622444363,332.97777055306733,0.06834437656557273
E3_E1_003_s44,baseline,mid,HF0300_0158,1.2,0.05,1.2,0.035,0.8,0.02,0.8,0.02,9.72,1.3,5.75,21.0,1960664516.0,44,1961112952,0,10594.292193049,True,13201,0.05000000000001137,71894.51445902542,0.3591938307100992,2151.591103652095,474.0074475071887,0.12758042613754292,65347.79647270817,0.3290522059143539,2151.591103652095,469.2310697083916,0.12181910956568696,38481.05310793526,0.19677775156549732,2163.8670081737578,311.5416952797461,0.0677098682936348,38516.0592612337,0.19813196506336123,2175.4277089235684,328.29254216165316,0.06836235005549138
E3_E1_003_s45,baseline,mid,HF0300_0158,1.2,0.05,1.2,0.035,0.8,0.02,0.8,0.02,9.72,1.3,5.75,21.0,1960664516.0,45,1961120871,0,8444.903761369,True,13201,0.05000000000001137,71514.65364278272,0.3569055549347821,2161.8879608879815,479.88999588529066,0.12769363659313632,65410.77004705781,0.32868118278276487,2155.7077205700216,479.88999588529066,0.12186183596258382,38255.863547460714,0.19629535832333536,2151.8668312621194,306.0319147089778,0.06741740789078379,38659.34922514207,0.19808272567671062,2168.014060498438,333.31695626670097,0.06828837844937283
E3_E1_003_s46,baseline,mid,HF0300_0158,1.2,0.05,1.2,0.035,0.8,0.02,0.8,0.02,9.72,1.3,5.75,21.0,1960664516.0,46,1961128790,0,10010.225703811,True,13201,0.05000000000001137,72305.70392043654,0.36109940155109976,2141.249560744757,486.4198360435229,0.12858087369205778,65770.6530770911,0.3311457009858186,2136.572732845502,466.76626691123585,0.12257917418366406,38680.575777683225,0.19866256301086305,2138.513181743007,290.6430504503954,0.06720770648245002,38680.575777683225,0.19866256301086305,2176.4918569448737,328.73417159226915,0.06832443866697455
E3_E1_003_s47,baseline,mid,HF0300_0158,1.2,0.05,1.2,0.035,0.8,0.02,0.8,0.02,9.72,1.3,5.75,21.0,1960664516.0,47,1961136709,0,9980.367653284,True,13201,0.05000000000001137,72362.34989174864,0.36159237225745383,2142.748989409251,485.4027105612328,0.12826695608453823,65693.40004035461,0.33085048067790745,2142.748989409251,464.80307674584344,0.12236602629150162,38330.91999366868,0.19602890185742397,2141.077832606059,299.7223222123354,0.06726587401891901,38781.45876543495,0.19864578143151929,2173.3806577938617,338.17440873217066,0.06778683230798231
E3_E1_003_s48,baseline,mid,HF0300_0158,1.2,0.05,1.2,0.035,0.8,0.02,0.8,0.02,9.72,1.3,5.75,21.0,1960664516.0,48,1961144628,0,10977.026518208,True,13201,0.05000000000001137,72443.10034303005,0.3618196321470716,2144.8130026082354,490.29627456444996,0.12831662884308073,65812.63141169302,0.33153562014198146,2144.8130026082354,464.6273239916309,0.12215105882265066,38264.079281866616,0.1968691983706084,2146.930647608082,280.9121901124638,0.06772280946212712,38864.37321240883,0.19940677277244545,2173.9435327869314,335.3750140944281,0.06812640254258742
E3_E1_003_s49,baseline,mid,HF0300_0158,1.2,0.05,1.2,0.035,0.8,0.02,0.8,0.02,9.72,1.3,5.75,21.0,1960664516.0,49,1961152547,0,7612.478336599001,True,13201,0.05000000000001137,71819.67751424012,0.35835845421930285,2150.033377632177,479.7174328993534,0.12851638741435106,65669.75560056782,0.33016662895827864,2142.9902964101802,473.3727016324205,0.12257837534308143,38215.297295035394,0.1957230078925113,2143.670320652163,292.2726079572752,0.06707521957916325,38587.74748055024,0.1987052718635757,2170.6779799896804,337.3789181482434,0.06839303467556127
E3_E1_003_s5,baseline,mid,HF0300_0158,1.2,0.05,1.2,0.035,0.8,0.02,0.8,0.02,9.72,1.3,5.75,21.0,1960664516.0,5,1960704111,0,6923.436545443999,True,13201,0.05000000000001137,71530.95004378656,0.3570517784241595,2153.085647999823,475.09729921939817,0.12790560728174907,65364.41195616136,0.32853989330948136,2138.5675060401377,475.09729921939817,0.12230809020409505,38096.44763266716,0.19638444709845135,2144.5477363298924,289.79178571755034,0.06673106917784821,38792.63486472216,0.19894332313969218,2188.979337259009,356.6471312135021,0.06870034907023068
E3_E1_003_s50,baseline,mid,HF0300_0158,1.2,0.05,1.2,0.035,0.8,0.02,0.8,0.02,9.72,1.3,5.75,21.0,1960664516.0,50,1961160466,0,7058.45649355,True,13201,0.05000000000001137,71956.15412568548,0.3585796416269455,2169.4937955203477,494.18820313714264,0.1296431395039236,66083.60600304017,0.3321266755181961,2140.6607846599236,470.8787740967909,0.12324950820955141,38465.037746381706,0.19758345412359604,2142.5127832434573,309.83686796201914,0.06739623284899936,38479.03419457666,0.1989491641256686,2164.7900483821186,331.13616397518626,0.06812619879814025
E3_E1_003_s51,baseline,mid,HF0300_0158,1.2,0.05,1.2,0.035,0.8,0.02,0.8,0.02,9.72,1.3,5.75,21.0,1960664516.0,51,1961168385,0,9322.631466672,True,13201,0.05000000000001137,71707.14064202397,0.35809098351670043,2172.472313335483,477.4600382012292,0.12728555386775114,65408.1148920314,0.3288854092849713,2172.472313335483,477.4600382012292,0.12134614402983883,38617.7926469063,0.19938187911992555,2158.938274522123,296.6182967061104,0.0674214302496566,38617.7926469063,0.19938187911992555,2170.367306738555,358.0044866237803,0.06829350187072351
E3_E1_003_s52,baseline,mid,HF0300_0158,1.2,0.05,1.2,0.035,0.8,0.02,0.8,0.02,9.72,1.3,5.75,21.0,1960664516.0,52,1961176304,0,5916.768088722,True,13201,0.05000000000001137,72283.7859435912,0.36077419969472674,2149.497193964457,491.3154282182654,0.12893662498222164,65886.08330634145,0.33169143272163754,2138.915406718562,464.74831000502496,0.12271676327502233,38154.466205376164,0.19659125484856754,2145.6497314732883,304.05430318096126,0.06629134273859492,38531.69083128966,0.1982754874852857,2168.6990957904336,323.0831497700218,0.06802487584964921
E3_E1_003_s53,baseline,mid,HF0300_0158,1.2,0.05,1.2,0.035,0.8,0.02,0.8,0.02,9.72,1.3,5.75,21.0,1960664516.0,53,1961184223,0,7000.3489080829995,True,13201,0.05000000000001137,72874.4603404275,0.3646725660719693,2151.2061282424606,503.50001962921664,0.12803379203102702,65623.09556640188,0.3314437725861478,2151.2061282424606,503.50001962921664,0.12180175273656996,38287.25259789631,0.19591896552761698,2147.754473769446,294.81791114132494,0.06682976061940438,38648.46261849164,0.19831181204051535,2165.781605147391,346.14699687970426,0.06801271213852822
E3_E1_003_s54,baseline,mid,HF0300_0158,1.2,0.05,1.2,0.035,0.8,0.02,0.8,0.02,9.72,1.3,5.75,21.0,1960664516.0,54,1961192142,0,8257.484398302,True,13201,0.05000000000001137,71795.89320426185,0.3582171739928636,2149.29969758417,481.5052929109394,0.12842136552048736,65671.63776488174,0.33013664671523113,2136.2788040905966,474.30915165472015,0.12248774387104759,38172.15835258545,0.19734341655497933,2163.5523510892117,333.4633809836923,0.06717455420832084,38525.084365473784,0.19812420952734758,2174.610449602402,339.9053121463581,0.06842084990483462
E3_E1_003_s55,baseline,mid,HF0300_0158,1.2,0.05,1.2,0.035,0.8,0.02,0.8,0.02,9.72,1.3,5.75,21.0,1960664516.0,55,1961200061,0,7621.471130746,True,13201,0.05000000000001137,72209.42922157048,0.36066564337290563,2164.5063418326813,498.4953987946199,0.12893957226248787,65658.58972449844,0.33069504826880247,2164.5063418326813,498.4953987946199,0.12308487023260395,38362.60837213582,0.19716940303837205,2147.3030870406874,313.3245039028048,0.06702619672790518,38644.330131651026,0.19860006907612335,2169.928262226397,341.8889481110045,0.06845935848908724
E3_E1_003_s56,baseline,mid,HF0300_0158,1.2,0.05,1.2,0.035,0.8,0.02,0.8,0.02,9.72,1.3,5.75,21.0,1960664516.0,56,1961207980,0,6957.887367199,True,13201,0.05000000000001137,71872.06264625648,0.35868640297389764,2153.8272117911065,475.14149595994115,0.12791691987826811,65659.42562194097,0.3301023005480243,2153.8272117911065,471.19351743197745,0.12196951994130188,38199.34107293585,0.1950243812322662,2170.921107765987,305.01945512013606,0.06824773180046761,38592.257610627785,0.19882359248013787,2177.428016684131,343.1972716838749,0.068388267670327
E3_E1_003_s57,baseline,mid,HF0300_0158,1.2,0.05,1.2,0.035,0.8,0.02,0.8,0.02,9.72,1.3,5.75,21.0,1960664516.0,57,1961215899,0,7109.989418402,True,13201,0.05000000000001137,71944.84205327745,0.35876947250243213,2147.923936372533,480.4253087866905,0.12857390636124846,65896.62970711826,0.33118216960736835,2147.923936372533,469.0303512168326,0.12238015001147412,38531.71300787296,0.19719581456116786,2154.9054647553417,276.4388829728217,0.06747015548582184,38580.18747938251,0.19805642466519655,2172.804971300542,337.9936474796091,0.06798221453152697
E3_E1_003_s58,baseline,mid,HF0300_0158,1.2,0.05,1.2,0.035,0.8,0.02,0.8,0.02,9.72,1.3,5.75,21.0,1960664516.0,58,1961223818,0,6982.392005721999,True,13201,0.05000000000001137,71430.93599638394,0.35653847532554384,2163.891068501061,480.7693915347429,0.12765492750868973,65354.74784799012,0.32830933730681283,2153.5450897754145,480.7693915347429,0.12200799632920255,38740.87321346726,0.19897713335853057,2156.7218434342626,314.6573909461316,0.06783329816987275,38740.87321346726,0.19897713335853057,2163.021480342457,325.4593916625375,0.06802224343527816
E3_E1_003_s59,baseline,mid,HF0300_0158,1.2,0.05,1.2,0.035,0.8,0.02,0.8,0.02,9.72,1.3,5.75,21.0,1960664516.0,59,1961231737,0,5948.88214751,True,13201,0.05000000000001137,72245.58062766043,0.36043480435588254,2142.8628654083263,488.57724267746164,0.12874795204487904,65950.66434989704,0.33194499645788794,2139.0504886335784,465.24640151884853,0.12248626249142106,38280.37279680871,0.1965227631349559,2158.454463099462,321.6191048818387,0.06766160441181907,38719.59287981751,0.19909340911812395,2179.8806393964373,346.46832091924546,0.06832962275137844
E3_E1_003_s6,baseline,mid,HF0300_0158,1.2,0.05,1.2,0.035,0.8,0.02,0.8,0.02,9.72,1.3,5.75,21.0,1960664516.0,6,1960712030,0,6903.534699435,True,13201,0.05000000000001137,71973.63101875571,0.3597410742888622,2148.261730129739,478.14729997157895,0.1272318820563403,65315.51829651718,0.3288802538164923,2148.261730129739,471.81757567759655,0.12146921234955947,38168.7950691754,0.197383692910929,2138.7989838552635,273.68962313398487,0.06640240698162876,38455.33512979979,0.19781587361475145,2167.0771115381394,333.4875273797059,0.06803195867828839
E3_E1_003_s7,baseline,mid,HF0300_0158,1.2,0.05,1.2,0.035,0.8,0.02,0.8,0.02,9.72,1.3,5.75,21.0,1960664516.0,7,1960719949,0,10526.114992863999,True,13201,0.05000000000001137,72146.33166496485,0.36006379550838946,2141.453844903993,487.10459786729695,0.12874945996774756,65811.39301837886,0.3311453151538094,2134.1722670608083,466.17804158824674,0.12258064476520346,38053.64043636094,0.19546349749172034,2151.579888449672,301.1727018221879,0.06635601983475459,39036.30682213499,0.20042704315394047,2171.6914905191643,334.8548036698519,0.06836186707099583
E3_E1_003_s8,baseline,mid,HF0300_0158,1.2,0.05,1.2,0.035,0.8,0.02,0.8,0.02,9.72,1.3,5.75,21.0,1960664516.0,8,1960727868,0,8308.773153823999,True,13201,0.05000000000001137,72729.28611509902,0.36407908612930906,2146.0413213647503,494.12324371808353,0.12759353345151023,65417.01927079878,0.33044993017939156,2146.0413213647503,487.3031848146197,0.12161961371092671,38721.35827478477,0.19913765198581118,2141.595036438234,295.64961410734315,0.06704609984547852,38721.35827478477,0.19913765198581118,2164.2096493145286,335.0439850074761,0.06789338127273774
E3_E1_003_s9,baseline,mid,HF0300_0158,1.2,0.05,1.2,0.035,0.8,0.02,0.8,0.02,9.72,1.3,5.75,21.0,1960664516.0,9,1960735787,0,7386.677368922,True,13201,0.05000000000001137,71895.44271268077,0.35873682205086765,2156.8565313328004,483.99365445807086,0.1287554912885962,65711.3715792123,0.33042947277851276,2143.453421903901,472.2736504128643,0.12297735899471107,38345.03243347978,0.19596007869563545,2144.65780059403,299.5736724689239,0.06685029902473143,38646.14607835289,0.1991094385075064,2176.9123330269276,329.6465548679071,0.06796623888971842
E3_E1_004_s0,baseline,high,HA0100_0065,1.2,0.05,1.2,0.035,0.8,0.02,0.8,0.02,15.53,1.76,5.7,7.0,1453417689.0,0,1453417689,0,7236.762721481001,True,13201,0.05000000000001137,131246.5217544716,0.6578977063080814,2166.6335972104685,618.9129693520593,0.23749547516993214,121795.0093330752,0.6141833172378779,2141.810400979663,618.9129693520593,0.22489660937670017,32171.377161157823,0.17011963940875796,2156.89538217869,349.27845274721466,0.05625701190506392,33196.57216112994,0.1728696739710704,2198.6986540663775,407.3686413605984,0.059068294746862884
E3_E1_004_s1,baseline,high,HA0100_0065,1.2,0.05,1.2,0.035,0.8,0.02,0.8,0.02,15.53,1.76,5.7,7.0,1453417689.0,1,1453425608,0,6902.623702278001,True,13201,0.05000000000001137,132659.83621871387,0.6669132725087018,2146.9917675471165,612.8897986053408,0.23499610723653463,121351.39733236653,0.614046831328787,2146.9917675471165,612.8897986053408,0.22274569711469488,33117.2479022651,0.17269178025202891,2156.882628696913,354.71646672137234,0.057702026207615206,33210.60759349051,0.17361892542232954,2204.1594385199405,417.79464876058586,0.059678031327871715
E3_E1_004_s10,baseline,high,HA0100_0065,1.2,0.05,1.2,0.035,0.8,0.02,0.8,0.02,15.53,1.76,5.7,7.0,1453417689.0,10,1453496879,0,6720.0519767860005,True,13201,0.05000000000001137,132176.06172640028,0.6632032185624037,2155.1153509749056,616.0460153646885,0.2375329869107706,121951.64866484828,0.6161336912319043,2155.1153509749056,616.0460153646885,0.22490281509566856,33638.745140002844,0.17552977736743794,2165.3863130840027,350.95268830308356,0.05765921775687525,33638.745140002844,0.17552977736743794,2192.516659768966,399.3631816305934,0.0586570961699522
E3_E1_004_s11,baseline,high,HA0100_0065,1.2,0.05,1.2,0.035,0.8,0.02,0.8,0.02,15.53,1.76,5.7,7.0,1453417689.0,11,1453504798,0,5913.034745299,True,13201,0.05000000000001137,131321.34866698075,0.6589537009103128,2156.2524362194977,620.5093772187025,0.2357828890348758,121284.33766842354,0.6120716796459339,2150.007383084616,620.5093772187025,0.2235484724030079,32956.01355846785,0.173541384771237,2200.133097982417,403.7248352733036,0.0576982099161419,32991.07192459201,0.173541384771237,2200.133097982417,405.3263755123915,0.05790410720042106
E3_E1_004_s12,baseline,high,HA0100_0065,1.2,0.05,1.2,0.035,0.8,0.02,0.8,0.02,15.53,1.76,5.7,7.0,1453417689.0,12,1453512717,0,7430.32359379,True,13201,0.05000000000001137,132081.24404694026,0.6627323291644837,2154.7504986965896,618.3718328909143,0.23655416180306166,121820.02515716216,0.6154105776518022,2154.7504986965896,618.3718328909143,0.22403855670513362,32650.203542073315,0.1704488694197056,2195.8966728440423,335.49131555891125,0.056506411689294,33037.75277608128,0.172669514993727,2204.2927327048083,419.5275257971609,0.058255371370966806
E3_E1_004_s13,baseline,high,HA0100_0065,1.2,0.05,1.2,0.035,0.8,0.02,0.8,0.02,15.53,1.76,5.7,7.0,1453417689.0,13,1453520636,0,6933.408485597,True,13201,0.05000000000001137,131688.17252185932,0.6606059667791215,2138.658300720852,620.8837065474839,0.23672221083203535,121721.65653958189,0.6143371234521957,2137.244417344232,620.8837065474839,0.22426819128906578,32148.136037834065,0.1698547865075773,2148.915723575302,336.5833010512673,0.0553387857240256,33127.04576489448,0.17307695726238878,2191.1037513467436,395.0329885468392,0.05799210546686864
E3_E1_004_s14,baseline,high,HA0100_0065,1.2,0.05,1.2,0.035,0.8,0.02,0.8,0.02,15.53,1.76,5.7,7.0,1453417689.0,14,1453528555,0,8334.781874066,True,13201,0.05000000000001137,131404.65557629862,0.6593922751168418,2152.4895925157953,619.7332051407003,0.23619423520104565,121295.0211361123,0.6123491167303001,2136.195999491855,619.7332051407003,0.22403946269959826,32823.13359624412,0.17263838478308552,2165.8139584480773,366.79604249771734,0.05641963622990918,33148.51843420938,0.17306270261171866,2191.1489151978567,413.0656998312576,0.05912709740321736
E3_E1_004_s15,baseline,high,HA0100_0065,1.2,0.05,1.2,0.035,0.8,0.02,0.8,0.02,15.53,1.76,5.7,7.0,1453417689.0,15,1453536474,0,8489.230230059,True,13201,0.05000000000001137,131386.44868195595,0.6581381586360008,2162.362941495195,619.0311720116094,0.23805364228735515,122127.44352999535,0.6158407324455496,2150.5792955880806,619.0311720116094,0.2251533789885382,32806.08497245061,0.17291030704375576,2159.8018541743713,353.22647726718475,0.0569072668000821,33037.33675791113,0.17291030704375576,2196.2214751573256,386.8267831896088,0.05842762538411095
E3_E1_004_s16,baseline,high,HA0100_0065,1.2,0.05,1.2,0.035,0.8,0.02,0.8,0.02,15.53,1.76,5.7,7.0,1453417689.0,16,1453544393,0,7197.300841691001,True,13201,0.05000000000001137,131265.72368098662,0.6585294993166392,2172.5993999832262,618.3334466471036,0.23539014184039822,121381.37493970369,0.6123186398266612,2172.5993999832262,618.3334466471036,0.22304141005814954,32649.184943863736,0.17264595459768145,2169.9844176064307,370.76103173941743,0.056376939663246944,33295.26173356084,0.17433692510424226,2184.858644150388,377.80189832409127,0.05797685904715395
E3_E1_004_s17,baseline,high,HA0100_0065,1.2,0.05,1.2,0.035,0.8,0.02,0.8,0.02,15.53,1.76,5.7,7.0,1453417689.0,17,1453552312,0,7258.111927056,True,13201,0.05000000000001137,131682.35972062167,0.6605549022834084,2150.877094627104,617.4896195713499,0.23643399404932378,121747.92754226396,0.6144469579093383,2150.877094627104,617.4896195713499,0.2237962720381832,32711.5416775577,0.17228554010572822,2155.50637671921,368.24221982726516,0.05586246636548909,33106.21851324939,0.17307207405916378,2189.0588599474454,398.8904456868449,0.05913614320466686
E3_E1_004_s18,baseline,high,HA0100_0065,1.2,0.05,1.2,0.035,0.8,0.02,0.8,0.02,15.53,1.76,5.7,7.0,1453417689.0,18,1453560231,0,6999.325024549,True,13201,0.05000000000001137,132092.2262729732,0.662268801272797,2170.186792767723,617.5826470434611,0.23769590527909584,122168.77661228098,0.6170194438383091,2170.186792767723,617.5826470434611,0.22465474183422401,32637.61035094953,0.17243242648050275,2154.871595701503,349.8232155500869,0.05602144384105485,33641.03242659383,0.17531745038171442,2213.568207970937,420.42117222152507,0.05962043923406282
E3_E1_004_s19,baseline,high,HA0100_0065,1.2,0.05,1.2,0.035,0.8,0.02,0.8,0.02,15.53,1.76,5.7,7.0,1453417689.0,19,1453568150,0,7064.511399345,True,13201,0.05000000000001137,131415.30100997598,0.6593409792684849,2155.169897993602,618.7651847195756,0.23572062388620418,121418.16761049004,0.6126741748837006,2153.0423870714817,618.7651847195756,0.22347280331369307,32482.109598803847,0.17013835017547962,2151.535811764038,335.7103274389733,0.055599571339123736,33286.068579763,0.17461672635138276,2215.291559564748,404.2381219878231,0.05844369611636457
E3_E1_004_s2,baseline,high,HA0100_0065,1.2,0.05,1.2,0.035,0.8,0.02,0.8,0.02,15.53,1.76,5.7,7.0,1453417689.0,2,1453433527,0,9961.408757694,True,13201,0.05000000000001137,131409.17279042455,0.6592398498012757,2157.953697576681,618.9948511911306,0.23664371767698533,121509.35696268614,0.6131175850898428,2147.3504064400327,618.9948511911306,0.22418890144338424,32644.50989920323,0.1720367824341514,2133.999954088487,315.9469867900303,0.0563977162214035,33239.670092256645,0.17360511914090526,2190.663305400053,394.00634192910445,0.05843705305249364
E3_E1_004_s20,baseline,high,HA0100_0065,1.2,0.05,1.2,0.035,0.8,0.02,0.8,0.02,15.53,1.76,5.7,7.0,1453417689.0,20,1453576069,0,6830.4093585030005,True,13201,0.05000000000001137,131653.0007184723,0.660148024461107,2157.8313249266184,621.7823186840587,0.2376424626642861,121985.74522283947,0.615271982639146,2153.984106592013,621.7823186840587,0.22503782500222433,32474.062674640227,0.17165515685428698,2172.6379547925053,354.790016987903,0.05669929896560105,33432.5623718202,0.1748539959604789,2191.2963275809398,393.7827299161361,0.058114571090317244
E3_E1_004_s21,baseline,high,HA0100_0065,1.2,0.05,1.2,0.035,0.8,0.02,0.8,0.02,15.53,1.76,5.7,7.0,1453417689.0,21,1453583988,0,7047.002987512,True,13201,0.05000000000001137,131343.75712352264,0.6588998246869512,2149.422577883179,623.9138595804126,0.23651059904638103,121439.38929829143,0.6128222258254938,2142.24804089453,623.9138595804126,0.22440344350088612,32533.98753221356,0.17168384427441086,2165.802668722722,345.1128755779032,0.05560865720919752,33211.53024264586,0.174615394113626,2198.125861298942,398.57738015013535,0.059341868714707875
E3_E1_004_s22,baseline,high,HA0100_0065,1.2,0.05,1.2,0.035,0.8,0.02,0.8,0.02,15.53,1.76,5.7,7.0,1453417689.0,22,1453591907,0,7110.763246496999,True,13201,0.05000000000001137,131967.92970873674,0.6620282374106817,2151.9661769730774,615.2203787564629,0.23717997199260774,121875.55744739916,0.6154026272253497,2134.730961720484,615.2203787564629,0.22464560111034118,32540.97872041436,0.17173217806233057,2139.85354046742,308.2031423506875,0.05541500337130818,33067.43308748551,0.17354992310227574,2192.3146904321316,395.1819378798203,0.058629476380493026
E3_E1_004_s23,baseline,high,HA0100_0065,1.2,0.05,1.2,0.035,0.8,0.02,0.8,0.02,15.53,1.76,5.7,7.0,1453417689.0,23,1453599826,0,5432.501553242,True,13201,0.05000000000001137,131770.7287846547,0.6615442123673086,2142.628690002333,620.0744528467467,0.23578957071421214,121370.5706891312,0.6130949812986499,2142.628690002333,620.0744528467467,0.22355479435198,33310.9173950755,0.1748530995096832,2181.4696339348516,364.3599807077185,0.05803780468785995,33310.9173950755,0.1748530995096832,2208.192772734246,385.15970555604054,0.059061824625404755
E3_E1_004_s24,baseline,high,HA0100_0065,1.2,0.05,1.2,0.035,0.8,0.02,0.8,0.02,15.53,1.76,5.7,7.0,1453417689.0,24,1453607745,0,6897.5874445770005,True,13201,0.05000000000001137,132550.52177165722,0.6655609888204413,2145.010437781083,614.7138058404192,0.2359906068224342,121776.93198501809,0.6158638373467925,2145.010437781083,614.7138058404192,0.22326436624941326,32290.209037343822,0.16881219464475647,2149.071321029103,327.4318891612785,0.055852670936874516,33093.0072671712,0.17213315863255615,2213.8152793521767,430.76626091383343,0.05954645504877175
E3_E1_004_s25,baseline,high,HA0100_0065,1.2,0.05,1.2,0.035,0.8,0.02,0.8,0.02,15.53,1.76,5.7,7.0,1453417689.0,25,1453615664,0,6011.479294459001,True,13201,0.05000000000001137,132257.04744091936,0.6635839487241648,2177.509822260764,622.2806389987512,0.23619464299311613,122036.25914373634,0.6163730104452956,2177.509822260764,622.2806389987512,0.22306695422236508,33222.8101778314,0.1750908769614698,2161.2600603706246,352.7045555220662,0.056366800530806484,33252.984464684756,0.1750908769614698,2198.96087674626,388.33124566246016,0.05896671118471152
E3_E1_004_s26,baseline,high,HA0100_0065,1.2,0.05,1.2,0.035,0.8,0.02,0.8,0.02,15.53,1.76,5.7,7.0,1453417689.0,26,1453623583,0,7053.566474742,True,13201,0.05000000000001137,133014.0083389078,0.6687686581391931,2174.8738799626976,612.9584860791764,0.23515862079757466,121577.31911531891,0.6154556905867307,2174.8738799626976,612.9584860791764,0.22250861651993795,32576.996749766415,0.17196901527738417,2139.6758519163614,342.0085617201599,0.05669587388269989,33205.1175435671,0.1728146308826051,2198.4203025604356,384.7829867884703,0.05956490470361749
E3_E1_004_s27,baseline,high,HA0100_0065,1.2,0.05,1.2,0.035,0.8,0.02,0.8,0.02,15.53,1.76,5.7,7.0,1453417689.0,27,1453631502,0,5974.193886779,True,13201,0.05000000000001137,132023.28667851377,0.662374725843238,2142.4652329009396,617.2351197221496,0.2365579760284904,121833.85068582001,0.6153510162029616,2142.4652329009396,617.2351197221496,0.2238866180026351,33116.749826653475,0.17395438558151236,2170.69229816391,369.52820760756083,0.05839438400742159,33277.23621091303,0.17436825883584617,2198.799041056363,397.0496312899858,0.05839438400742159
E3_E1_004_s28,baseline,high,HA0100_0065,1.2,0.05,1.2,0.035,0.8,0.02,0.8,0.02,15.53,1.76,5.7,7.0,1453417689.0,28,1453639421,0,6913.521553198,True,13201,0.05000000000001137,131571.413461282,0.6605082037046376,2144.497641627188,616.963809026235,0.235810989649738,121226.50766553465,0.6122685375202992,2138.3142856591917,616.963809026235,0.2236977853690335,32427.934993461222,0.17095532429368143,2155.039007514724,385.19908532651675,0.056179633278532516,33049.524387777165,0.17246007184420253,2192.9435268796797,401.05915802307754,0.058697408305056736
E3_E1_004_s29,baseline,high,HA0100_0065,1.2,0.05,1.2,0.035,0.8,0.02,0.8,0.02,15.53,1.76,5.7,7.0,1453417689.0,29,1453647340,0,7490.458642840001,True,13201,0.05000000000001137,131646.9146646063,0.6599875546180526,2166.683393754139,617.636955675461,0.23757804181710068,121947.1781285124,0.6153371298823297,2166.683393754139,617.636955675461,0.22495583740598257,32544.856102647867,0.17125538756288058,2170.0888632322403,352.80986342215476,0.056608987773976834,33005.8715695945,0.17258116325759407,2193.214398784411,389.6904188798576,0.0581574213330569
E3_E1_004_s3,baseline,high,HA0100_0065,1.2,0.05,1.2,0.035,0.8,0.02,0.8,0.02,15.53,1.76,5.7,7.0,1453417689.0,3,1453441446,0,6909.7763746089995,True,13201,0.05000000000001137,131474.69420332025,0.6596743619441909,2156.7465041120827,618.6094236758059,0.23619928534718337,121463.21368745055,0.6129765554101892,2151.4733883812255,618.6094236758059,0.22381995011866676,32515.562938739236,0.17093013180951971,2134.718918403109,316.469891479273,0.056300254043265635,33131.06818164617,0.17322021630369472,2196.7986812332497,394.1324645689526,0.05839224661674338
E3_E1_004_s30,baseline,high,HA0100_0065,1.2,0.05,1.2,0.035,0.8,0.02,0.8,0.02,15.53,1.76,5.7,7.0,1453417689.0,30,1453755259,0,8005.071783386,True,13201,0.05000000000001137,132065.9435945054,0.6626140574760363,2165.8741001869034,624.4244307541169,0.23713586360040811,121888.02212927441,0.6156742731805183,2165.8741001869034,624.4244307541169,0.22448264344985866,32554.45444386515,0.1716632100756282,2192.6407366984718,386.4763882042254,0.05803165371792655,33514.216021332715,0.17527059335430645,2192.6407366984718,386.4763882042254,0.058663898774758735
E3_E1_004_s31,baseline,high,HA0100_0065,1.2,0.05,1.2,0.035,0.8,0.02,0.8,0.02,15.53,1.76,5.7,7.0,1453417689.0,31,1453763178,0,7060.787914179,True,13201,0.05000000000001137,131657.65039273453,0.660690549462984,2144.9650937372785,625.0175347536532,0.23617833684179249,121556.8299819644,0.6134593619564995,2144.9650937372785,625.0175347536532,0.22387575629956277,32512.13637853476,0.17123483525774136,2136.6732167335567,327.8059608736178,0.05556686376046967,32912.62619606998,0.17262569973018826,2196.019765159188,416.4366677638802,0.05798521376625071
E3_E1_004_s32,baseline,high,HA0100_0065,1.2,0.05,1.2,0.035,0.8,0.02,0.8,0.02,15.53,1.76,5.7,7.0,1453417689.0,32,1453771097,0,7086.07858972,True,13201,0.05000000000001137,131054.43338886378,0.6565000748531074,2178.1136096161035,622.2321861792217,0.23799748019873165,121947.99953560099,0.6145964528212038,2148.3621927098875,622.2321861792217,0.22535314107470908,33065.90621803002,0.1741653583156694,2198.367757621382,390.9377165838768,0.05775953375038627,33110.87160380153,0.1741653583156694,2198.367757621382,399.327251433533,0.058407961397772046
E3_E1_004_s33,baseline,high,HA0100_0065,1.2,0.05,1.2,0.035,0.8,0.02,0.8,0.02,15.53,1.76,5.7,7.0,1453417689.0,33,1453779016,0,8242.658494860001,True,13201,0.05000000000001137,131822.25896304136,0.6612637376819809,2146.584646326283,615.6407613996249,0.2370973867002864,121792.94043930035,0.6149625620123947,2146.584646326283,615.6407613996249,0.2246795087825959,33426.85624282931,0.17355503730270055,2170.5103291186883,379.1871059595738,0.05901578841351271,33426.85624282931,0.17355503730270055,2193.1905666037687,404.1227849718864,0.05901578841351271
E3_E1_004_s34,baseline,high,HA0100_0065,1.2,0.05,1.2,0.035,0.8,0.02,0.8,0.02,15.53,1.76,5.7,7.0,1453417689.0,34,1453786935,0,7573.502570449,True,13201,0.05000000000001137,131725.60865431192,0.660664821413662,2149.808964790104,616.6660449612992,0.2367009521922621,121778.4878278698,0.6147345979815666,2149.808964790104,616.6660449612992,0.2239673050194136,32582.970139774643,0.1718136708330588,2157.317472007249,358.7491279300892,0.05562312351386232,32957.85041746395,0.17196092825082096,2205.565191207273,431.68368253329925,0.05863214419101193
E3_E1_004_s35,baseline,high,HA0100_0065,1.2,0.05,1.2,0.035,0.8,0.02,0.8,0.02,15.53,1.76,5.7,7.0,1453417689.0,35,1453794854,0,7127.010753551,True,13201,0.05000000000001137,132745.46385550653,0.6662677869899661,2147.8046940955633,618.1405387747368,0.23730797360553935,122187.51893866126,0.6178274651543827,2147.8046940955633,618.1405387747368,0.22435728565547686,32719.25630860145,0.17279925100761967,2179.2143260128096,360.29381263802173,0.05711707546412707,33086.74287420489,0.17344898237885362,2197.916747358326,398.3842224976799,0.05773674550412686
E3_E1_004_s36,baseline,high,HA0100_0065,1.2,0.05,1.2,0.035,0.8,0.02,0.8,0.02,15.53,1.76,5.7,7.0,1453417689.0,36,1453802773,0,11164.378234819,True,13201,0.05000000000001137,131278.02731329764,0.6587441007609649,2159.9491819232176,621.8549962354889,0.23585502040877135,121318.6592275208,0.6121091997849291,2157.3809091003855,621.8549962354889,0.22380111792958915,32398.91912080818,0.16982482264659093,2167.000390394048,364.11119402948077,0.0558766531156158,33173.530192748396,0.17338885819365532,2200.4747648967523,387.23497416513794,0.0590534913755571
E3_E1_004_s37,baseline,high,HA0100_0065,1.2,0.05,1.2,0.035,0.8,0.02,0.8,0.02,15.53,1.76,5.7,7.0,1453417689.0,37,1453810692,0,5971.390290935001,True,13201,0.05000000000001137,131041.50168659672,0.6569068127344536,2163.042313100911,622.2928364899122,0.2369262142203775,121566.19925081536,0.6130031483513837,2152.145263298911,622.2928364899122,0.22444662273980462,32544.67476113295,0.17201771547968964,2142.7852456587198,338.903513389148,0.05580990306282324,33220.32073910605,0.1741362117141995,2203.0409104164573,434.62125933798256,0.05858869209916413
E3_E1_004_s38,baseline,high,HA0100_0065,1.2,0.05,1.2,0.035,0.8,0.02,0.8,0.02,15.53,1.76,5.7,7.0,1453417689.0,38,1453818611,0,6933.593767709,True,13201,0.05000000000001137,130992.5483792085,0.6567567457774705,2165.3984005040575,616.4007844397154,0.23592638754248746,121375.35804178978,0.6121915369791038,2157.451001026286,616.4007844397154,0.2234990603335365,32705.522372532567,0.1724592091802864,2143.7266913478943,325.3924272337453,0.0562763540235352,33084.643449551484,0.17371760936744957,2210.951624671587,411.89070441960837,0.05815729118867054
E3_E1_004_s39,baseline,high,HA0100_0065,1.2,0.05,1.2,0.035,0.8,0.02,0.8,0.02,15.53,1.76,5.7,7.0,1453417689.0,39,1453826530,0,7263.270309578,True,13201,0.05000000000001137,131682.86238790108,0.6605907970435617,2147.9608797117044,616.5322418802944,0.2367041195666384,121685.54896996809,0.6142335793308857,2145.1418009703475,616.5322418802944,0.22437854412000735,32477.86712494949,0.17059549800516274,2149.145608256283,347.4119980315889,0.05537507001337414,33161.96930613759,0.17310203550740966,2200.585399911767,421.3751411206055,0.05800183199380371
E3_E1_004_s4,baseline,high,HA0100_0065,1.2,0.05,1.2,0.035,0.8,0.02,0.8,0.02,15.53,1.76,5.7,7.0,1453417689.0,4,1453449365,0,7479.185253424999,True,13201,0.05000000000001137,131951.3340707815,0.6618011734530288,2162.792335191877,621.3977855201481,0.2374053034601033,121948.16917273129,0.6157834233116579,2162.792335191877,621.3977855201481,0.22469074496124283,32643.787131484463,0.17125443122442358,2159.142499732253,336.2833563305577,0.056932436725788516,33290.52604218217,0.17398507925825024,2190.3264489583216,397.1096501575558,0.058376518435189116
E3_E1_004_s40,baseline,high,HA0100_0065,1.2,0.05,1.2,0.035,0.8,0.02,0.8,0.02,15.53,1.76,5.7,7.0,1453417689.0,40,1453834449,0,9955.318121786999,True,13201,0.05000000000001137,131910.0944029422,0.6625602796910968,2163.6880763061436,619.1866097465382,0.23542581987531747,121281.64459606247,0.6128172226538456,2163.6880763061436,619.1866097465382,0.22326480167763504,32660.437341486835,0.17240279858366572,2136.0701058795903,314.6254897109598,0.055368798411929196,33219.790021818415,0.1734721887439442,2192.512267979746,405.45702693717243,0.058544631880445584
E3_E1_004_s41,baseline,high,HA0100_0065,1.2,0.05,1.2,0.035,0.8,0.02,0.8,0.02,15.53,1.76,5.7,7.0,1453417689.0,41,1453842368,0,11191.523716594998,True,13201,0.05000000000001137,132064.97018448162,0.6630597145230783,2150.7866736420174,617.2461080609229,0.2359737491622416,121543.7382510429,0.6142035153020033,2150.7866736420174,617.2461080609229,0.22368731311543022,33291.63569977732,0.17472090273163182,2197.986580482356,421.179169588578,0.059080415141516726,33291.63569977732,0.17472090273163182,2200.8309442953046,421.179169588578,0.059080415141516726
E3_E1_004_s42,baseline,high,HA0100_0065,1.2,0.05,1.2,0.035,0.8,0.02,0.8,0.02,15.53,1.76,5.7,7.0,1453417689.0,42,1453850287,0,8993.726392843,True,13201,0.05000000000001137,132317.4373637303,0.6640340798250964,2142.377908178376,618.1283086470909,0.2373130523981119,121939.511558734,0.6162594948874066,2142.377908178376,618.1283086470909,0.2245705237689506,32668.700066618436,0.1720214017829314,2156.069727461348,343.50583545444914,0.05667384050570617,33062.350829855655,0.17376132122161114,2201.9584467944846,404.3803650174383,0.05892179146270246
E3_E1_004_s43,baseline,high,HA0100_0065,1.2,0.05,1.2,0.035,0.8,0.02,0.8,0.02,15.53,1.76,5.7,7.0,1453417689.0,43,1453858206,0,8488.2119883,True,13201,0.05000000000001137,132508.03843997853,0.6650690149299799,2167.836622661109,617.4605725081515,0.23757026340213422,122087.26736671037,0.6169704587993297,2138.519380364449,617.4605725081515,0.22494983548556086,32834.08860412509,0.17329227332682257,2179.3718787233597,381.5466697331732,0.0566580898006756,33341.13724761682,0.17469793451065535,2203.6463998251284,414.0092071909547,0.05908669188330567
E3_E1_004_s44,baseline,high,HA0100_0065,1.2,0.05,1.2,0.035,0.8,0.02,0.8,0.02,15.53,1.76,5.7,7.0,1453417689.0,44,1453866125,0,8767.54995923,True,13201,0.05000000000001137,132019.62925847483,0.6625858794313345,2150.6820358325276,616.8885036334134,0.23680883656971657,121691.90408887765,0.6148019054791375,2150.6820358325276,616.8885036334134,0.22440982066160728,33143.34692817291,0.17326392309039743,2153.4913232707163,375.1591254298681,0.05613333303226943,33152.88317322492,0.17337380027874955,2212.810565008309,402.52343793854897,0.0582927354032122
E3_E1_004_s45,baseline,high,HA0100_0065,1.2,0.05,1.2,0.035,0.8,0.02,0.8,0.02,15.53,1.76,5.7,7.0,1453417689.0,45,1453874044,0,10535.864716933,True,13201,0.05000000000001137,132142.6355965597,0.6634456309742921,2178.8894409014774,618.6400947729294,0.2348186365571423,121513.07605048173,0.6142748023944224,2178.8894409014774,618.6400947729294,0.22222785001999562,33407.06142401089,0.17544232700980497,2163.7610306727634,347.2887346025702,0.0578540997458622,33407.06142401089,0.17544232700980497,2189.9931245647463,391.98330249087564,0.058452678122218354
E3_E1_004_s46,baseline,high,HA0100_0065,1.2,0.05,1.2,0.035,0.8,0.02,0.8,0.02,15.53,1.76,5.7,7.0,1453417689.0,46,1453881963,0,7152.2483372589995,True,13201,0.05000000000001137,131919.92510540475,0.6616067107549681,2172.482320801447,615.101719188237,0.23853627321851392,122002.90762224511,0.6160340612272498,2153.031242459108,615.101719188237,0.22614879048893802,33374.66926673351,0.1756406617544607,2191.4182141687006,387.3697508905355,0.056326683711288066,33374.66926673351,0.1756406617544607,2201.3403306248415,409.85740516495923,0.058544656689977194
E3_E1_004_s47,baseline,high,HA0100_0065,1.2,0.05,1.2,0.035,0.8,0.02,0.8,0.02,15.53,1.76,5.7,7.0,1453417689.0,47,1453889882,0,9271.78049277,True,13201,0.05000000000001137,130532.25172038416,0.6537327380039425,2194.9449121549865,619.3417316570344,0.23766092592279428,121698.13371214762,0.612872724390144,2148.7730536416375,619.3417316570344,0.2251938746780965,32714.157402015928,0.17046224210603897,2162.9788712205022,353.0852074487272,0.05641776046185509,33066.68211926274,0.17281861589630682,2195.873630878913,391.4681774109743,0.05840885347045162
E3_E1_004_s48,baseline,high,HA0100_0065,1.2,0.05,1.2,0.035,0.8,0.02,0.8,0.02,15.53,1.76,5.7,7.0,1453417689.0,48,1453897801,0,5962.134692405,True,13201,0.05000000000001137,132225.51893436897,0.6635418513632891,2147.943537925384,621.5809616614425,0.23656695638762681,121889.73671869385,0.6157925835259483,2147.943537925384,621.5809616614425,0.22390153282703815,32497.13053819533,0.17160075190278148,2144.127780188658,333.5324035537465,0.055549526486045595,33067.11730261286,0.17330408360319519,2190.325813925661,407.2542818506905,0.057888841396713325
E3_E1_004_s49,baseline,high,HA0100_0065,1.2,0.05,1.2,0.035,0.8,0.02,0.8,0.02,15.53,1.76,5.7,7.0,1453417689.0,49,1453905720,0,7108.180755677,True,13201,0.05000000000001137,131071.40527960045,0.6569955817529523,2178.6609639699814,621.4310876599599,0.2376173659799304,121633.28217412542,0.6135122553680159,2172.290178605755,621.4310876599599,0.2251859600829464,33208.9564882895,0.17491454040194393,2191.3522161864003,382.87093422342923,0.05752873306785365,33208.9564882895,0.17491454040194393,2206.2375234357196,414.3150449086907,0.05809986070295989
E3_E1_004_s5,baseline,high,HA0100_0065,1.2,0.05,1.2,0.035,0.8,0.02,0.8,0.02,15.53,1.76,5.7,7.0,1453417689.0,5,1453457284,0,6883.576885007,True,13201,0.05000000000001137,131354.30796286138,0.6591007942469497,2155.9712054757015,618.0136061155433,0.2356113022652984,121293.1542814468,0.6121538954451591,2152.8902936742797,618.0136061155433,0.2232942354976136,32702.04559739405,0.1716224723972804,2155.7404621836026,341.84270212775573,0.0567471421485591,32773.82339210125,0.17181482568225367,2199.9392780899184,393.02024655071756,0.058314470431455705
E3_E1_004_s50,baseline,high,HA0100_0065,1.2,0.05,1.2,0.035,0.8,0.02,0.8,0.02,15.53,1.76,5.7,7.0,1453417689.0,50,1453913639,0,7107.56775689,True,13201,0.05000000000001137,132328.5213965101,0.6648684953028117,2156.163280144597,620.0057263272307,0.2353348569345052,121299.52572024397,0.6136912807857537,2156.163280144597,620.0057263272307,0.22289834513452952,32979.860369856986,0.17380299576013805,2149.2535845352877,342.54106196407434,0.05560773301789817,33219.7338108912,0.17466750862124175,2203.5512812070706,400.68574264885495,0.05852671595276849
E3_E1_004_s51,baseline,high,HA0100_0065,1.2,0.05,1.2,0.035,0.8,0.02,0.8,0.02,15.53,1.76,5.7,7.0,1453417689.0,51,1453921558,0,7056.305362141,True,13201,0.05000000000001137,131943.9290261769,0.6617874363786856,2169.52945538183,619.384101975061,0.23827203989268003,121969.2851996692,0.6160172269464482,2145.6915275567594,619.384101975061,0.2257481258549896,32929.71272674112,0.17312794781048738,2166.3620227210413,330.8320058003225,0.058124832690285615,33124.54460058179,0.17369495574097762,2193.885154420903,433.262767571621,0.058124832690285615
E3_E1_004_s52,baseline,high,HA0100_0065,1.2,0.05,1.2,0.035,0.8,0.02,0.8,0.02,15.53,1.76,5.7,7.0,1453417689.0,52,1453929477,0,6839.844936761,True,13201,0.05000000000001137,131074.98101961412,0.6570170949888698,2207.859483746141,618.3227609978496,0.2352840578217478,121471.99426997859,0.6124055051310558,2207.859483746141,618.3227609978496,0.22246149707956903,33071.88251098105,0.17416003092123677,2182.8851779239853,373.5077450186321,0.058525078719169,33135.62297044084,0.17416003092123677,2186.266127801592,388.72998971792373,0.058525078719169
E3_E1_004_s53,baseline,high,HA0100_0065,1.2,0.05,1.2,0.035,0.8,0.02,0.8,0.02,15.53,1.76,5.7,7.0,1453417689.0,53,1453937396,0,10776.139095768,True,13201,0.05000000000001137,131139.5241742699,0.657703613584717,2160.6050358301372,621.3208935355859,0.23577018050380896,121402.93896078561,0.6123625047219425,2160.6050358301372,621.3208935355859,0.22326452630320462,32423.217112827766,0.1712254235190179,2173.1472151106186,349.5720378794105,0.05695264703751111,33385.66830289494,0.17541106860180414,2208.18547807928,427.62647781780663,0.05832643727925526
E3_E1_004_s54,baseline,high,HA0100_0065,1.2,0.05,1.2,0.035,0.8,0.02,0.8,0.02,15.53,1.76,5.7,7.0,1453417689.0,54,1453945315,0,7063.727618985001,True,13201,0.05000000000001137,131914.5249551533,0.6618574256636615,2141.362853437221,617.5318585492364,0.2368109166433173,121756.39495936887,0.6148375011489796,2141.362853437221,617.5318585492364,0.2243835657581364,32473.58932568202,0.1715166536327268,2151.577810725023,367.10486127535205,0.05605394428552003,33260.75547910607,0.17371543013108745,2194.351991929764,389.080195931157,0.05850562657221853
E3_E1_004_s55,baseline,high,HA0100_0065,1.2,0.05,1.2,0.035,0.8,0.02,0.8,0.02,15.53,1.76,5.7,7.0,1453417689.0,55,1453953234,0,10426.636052459,True,13201,0.05000000000001137,131892.5693310004,0.6613347805732844,2151.6259640168423,620.5544455905499,0.23793936828314446,122073.63710591977,0.6162799580655851,2151.6259640168423,620.5544455905499,0.22532710992344057,32461.087386379237,0.1716290293837122,2161.3516570294087,370.9183236495737,0.05663398364204376,33438.492348300824,0.17535241405503765,2192.8865162152347,390.7286830032698,0.05839402763271672
E3_E1_004_s56,baseline,high,HA0100_0065,1.2,0.05,1.2,0.035,0.8,0.02,0.8,0.02,15.53,1.76,5.7,7.0,1453417689.0,56,1453961153,0,7100.653556837,True,13201,0.05000000000001137,131354.8122614043,0.658762105971243,2161.920433875075,616.5928605519342,0.23708587988706425,121587.90956215865,0.6134641812389063,2148.8803815297542,616.5928605519342,0.22478515677604577,32592.903841491712,0.17204146835212186,2141.9413326168155,331.8644426085699,0.05591967800080338,33306.65632542193,0.1735143138945386,2192.44893552903,410.5044443617556,0.058157669095249546
E3_E1_004_s57,baseline,high,HA0100_0065,1.2,0.05,1.2,0.035,0.8,0.02,0.8,0.02,15.53,1.76,5.7,7.0,1453417689.0,57,1453969072,0,7192.611988533,True,13201,0.05000000000001137,131846.83934360748,0.6612131241399848,2145.8528879269948,618.241240136922,0.23692232939229776,121903.54909235191,0.6154060723825098,2142.809672786348,618.241240136922,0.22429650552086455,32738.31462742035,0.1728696750069138,2164.2853568033197,325.6554056129596,0.05647207410038265,33003.19309540168,0.1728696750069138,2193.948535300509,403.121796286892,0.05822566074919282
E3_E1_004_s58,baseline,high,HA0100_0065,1.2,0.05,1.2,0.035,0.8,0.02,0.8,0.02,15.53,1.76,5.7,7.0,1453417689.0,58,1453976991,0,7197.666522734,True,13201,0.05000000000001137,131293.03014660403,0.6587792214579018,2153.6077069408793,619.1024575349169,0.23616884561335183,121285.0855610831,0.6121919902804165,2146.8253445561163,619.1024575349169,0.2240437266091262,32867.00780693795,0.17324016876802714,2178.2467214736976,361.03954096957034,0.056259408439994475,33105.441571677286,0.17324016876802714,2188.408877952296,407.9758212851532,0.05831730372244961
E3_E1_004_s59,baseline,high,HA0100_0065,1.2,0.05,1.2,0.035,0.8,0.02,0.8,0.02,15.53,1.76,5.7,7.0,1453417689.0,59,1453984910,0,5274.717180072,True,13201,0.05000000000001137,131456.06215774812,0.6589883605955951,2161.9152631826387,617.0502873783179,0.2376289314792267,121884.60357169365,0.6148808709674718,2147.1207731974982,617.0502873783179,0.2249886210125372,32902.902100498126,0.17269925568840302,2149.2155171261375,364.91349876120097,0.057156627986788916,33197.10278423162,0.174137647695822,2195.2526188404822,398.607004878694,0.05783572179234936
E3_E1_004_s6,baseline,high,HA0100_0065,1.2,0.05,1.2,0.035,0.8,0.02,0.8,0.02,15.53,1.76,5.7,7.0,1453417689.0,6,1453465203,0,7826.672265795,True,13201,0.05000000000001137,131335.67410756744,0.6588282180215917,2152.9688385036698,619.9629728879061,0.23652373496410034,121487.38003846968,0.6129427417670866,2149.3127930215496,619.9629728879061,0.2242318546089371,32509.141104072012,0.17155645371651518,2174.2047640252927,359.1069753285036,0.057031614241755506,33430.523668952635,0.1757402804329479,2205.822917216058,436.2318917024618,0.058200296055698875
E3_E1_004_s7,baseline,high,HA0100_0065,1.2,0.05,1.2,0.035,0.8,0.02,0.8,0.02,15.53,1.76,5.7,7.0,1453417689.0,7,1453473122,0,7110.999951731,True,13201,0.05000000000001137,132312.01566185986,0.6643071799855789,2155.7048421192007,615.7212074039967,0.23570864649120915,121700.19365513686,0.6151053684850445,2155.7048421192007,615.7212074039967,0.2229809269097329,32473.861853206912,0.17123389353949423,2155.6230159987854,358.24440688495724,0.056362007659127904,33176.52986502,0.17369121704889248,2195.6758401386,399.4032522568574,0.058885287342919104
E3_E1_004_s8,baseline,high,HA0100_0065,1.2,0.05,1.2,0.035,0.8,0.02,0.8,0.02,15.53,1.76,5.7,7.0,1453417689.0,8,1453481041,0,6961.134864383001,True,13201,0.05000000000001137,132034.0205851082,0.6628026037370266,2183.057614807904,624.9723831028637,0.23619269269174953,121677.22640268198,0.6145171796138224,2183.057614807904,624.9723831028637,0.22376642314517464,32611.51602631665,0.1713928199878387,2199.065732532497,401.8876463799285,0.0584113684459229,33024.156206274216,0.17366535402996666,2200.345217630227,405.14861484959664,0.0584113684459229
E3_E1_004_s9,baseline,high,HA0100_0065,1.2,0.05,1.2,0.035,0.8,0.02,0.8,0.02,15.53,1.76,5.7,7.0,1453417689.0,9,1453488960,0,6897.686000574,True,13201,0.05000000000001137,131979.9597625449,0.6621522199966506,2143.814654144833,624.0655609336317,0.2373208162903421,121821.30751803395,0.6152705818497912,2137.5446455363676,624.0655609336317,0.22500159546144294,32481.439652810448,0.17155039277062628,2150.0237696474487,320.8836731755565,0.05644756297378268,33328.378153789876,0.17510883016581474,2186.2502423618494,399.6982554214996,0.058268808828809346
E3_E1_005_s0,baseline,harsh,HA0100_0064,1.2,0.05,1.2,0.035,0.8,0.02,0.8,0.02,21.65,3.84,7.75,2.0,53007094.0,0,53007094,0,7169.693368089,True,13201,0.05000000000001137,168354.45238155033,0.8438498204989348,2245.039363048284,603.6629603411812,0.3016804810306621,152385.45732707845,0.7668072957318348,2213.6055405469115,603.6629603411812,0.2822281162335612,27544.421910713223,0.14779038304206946,2185.989205146773,410.82772589735976,0.04623229677217504,27687.006875024723,0.14860896085780828,2299.073019156132,588.6729135465423,0.050943368385492495
E3_E1_005_s1,baseline,harsh,HA0100_0064,1.2,0.05,1.2,0.035,0.8,0.02,0.8,0.02,21.65,3.84,7.75,2.0,53007094.0,1,53015013,0,5800.502546819001,True,13201,0.05000000000001137,167413.13463138018,0.8381702679847207,2321.2407186497044,636.197452244659,0.30520427711054576,152898.6307033327,0.7687770808472334,2287.1455308466225,636.197452244659,0.2853179255140242,27584.39190104646,0.1481460723516164,2195.294487619604,436.9149917944689,0.049215274398595445,28015.03487175388,0.14953092881609484,2331.1526877497326,597.5158498571211,0.050633086198719424
E3_E1_005_s10,baseline,harsh,HA0100_0064,1.2,0.05,1.2,0.035,0.8,0.02,0.8,0.02,21.65,3.84,7.75,2.0,53007094.0,10,53086284,0,7050.178557358,True,13201,0.05000000000001137,170342.52362411536,0.8574148537231434,2216.2833853377015,757.1394428533256,0.30094351395963265,152900.9608335964,0.7721569491998889,2216.2833853377015,757.1394428533256,0.28132517904252746,27877.96546354538,0.14986986722257972,2140.765760888986,342.9022122824091,0.0467991601094374,28114.36947300151,0.14986986722257972,2381.205713745677,609.1216314542032,0.05238666056051166
E3_E1_005_s11,baseline,harsh,HA0100_0064,1.2,0.05,1.2,0.035,0.8,0.02,0.8,0.02,21.65,3.84,7.75,2.0,53007094.0,11,53094203,0,8582.617827696,True,13201,0.05000000000001137,169193.5266743511,0.8501576941853936,2203.3776828735704,622.6215771704095,0.30412261062302476,152829.09805507615,0.770609987361292,2195.8206555822726,622.6215771704095,0.2850600030163828,28125.047228712156,0.15045242238954132,2247.344463744763,490.5932602897674,0.048109740723070046,28125.047228712156,0.15045242238954132,2334.052524227051,605.7150474978827,0.05112224143640382
E3_E1_005_s12,baseline,harsh,HA0100_0064,1.2,0.05,1.2,0.035,0.8,0.02,0.8,0.02,21.65,3.84,7.75,2.0,53007094.0,12,53102122,0,7365.673440065,True,13201,0.05000000000001137,171066.37667624778,0.862191525848505,2241.481842058773,779.9367085107492,0.303646245477056,153467.46617559664,0.776195444907712,2241.481842058773,779.9367085107492,0.2838393140123544,28457.729293150813,0.15193960062108886,2150.8990639340354,364.8287966187004,0.04604313334041565,28457.729293150813,0.15193960062108886,2319.5046828834616,624.3541456053432,0.05238386258902059
E3_E1_005_s13,baseline,harsh,HA0100_0064,1.2,0.05,1.2,0.035,0.8,0.02,0.8,0.02,21.65,3.84,7.75,2.0,53007094.0,13,53110041,0,6908.516502296,True,13201,0.05000000000001137,170475.72576511616,0.8574069238798409,2172.6047171386804,683.7061941038365,0.30351470916151535,153440.7175516839,0.7746993335148746,2171.822449797494,683.7061941038365,0.2836029682345899,28261.148552393708,0.1516160185136372,2277.828436704039,453.48731289459727,0.050365440090553396,28261.148552393708,0.1516160185136372,2305.8862951068336,574.4641333810869,0.05112213627527638
E3_E1_005_s14,baseline,harsh,HA0100_0064,1.2,0.05,1.2,0.035,0.8,0.02,0.8,0.02,21.65,3.84,7.75,2.0,53007094.0,14,53117960,0,7281.241158428999,True,13201,0.05000000000001137,168809.03772721527,0.8460565738145375,2228.683334790419,619.5609663644507,0.3046414309384673,153276.81495539658,0.7715103066495135,2179.449501706777,619.5609663644507,0.28456185136633516,28143.381725702016,0.15004662059171217,2224.1778333325124,460.3859134128456,0.04890999687131861,28143.381725702016,0.15004662059171217,2300.725136194834,570.9614394041587,0.05153664987176491
E3_E1_005_s15,baseline,harsh,HA0100_0064,1.2,0.05,1.2,0.035,0.8,0.02,0.8,0.02,21.65,3.84,7.75,2.0,53007094.0,15,53125879,0,6977.925002348999,True,13201,0.05000000000001137,170045.41090449356,0.8546158446917576,2194.375165914636,564.0631921887497,0.30089785680411074,152806.19546063634,0.771155315549257,2194.375165914636,564.0631921887497,0.28100105496483835,28019.53535087611,0.14979125253824144,2271.264221323986,490.690619342574,0.04682533569330317,28078.522862006932,0.14979125253824144,2301.5162662962325,584.315356822012,0.05071752093430863
E3_E1_005_s16,baseline,harsh,HA0100_0064,1.2,0.05,1.2,0.035,0.8,0.02,0.8,0.02,21.65,3.84,7.75,2.0,53007094.0,16,53133798,0,7264.931445935,True,13201,0.05000000000001137,170615.70728038496,0.8584335701929172,2246.2767750812477,781.6724206079803,0.3042824180028166,153598.71223246737,0.7757122608685875,2246.2767750812477,781.6724206079803,0.2842066373469686,28226.025520323456,0.15159365202574326,2144.9995265870803,351.87707477607984,0.046072838776100314,28251.64038466375,0.15159365202574326,2305.9032785546365,567.285547797363,0.051523504277907015
E3_E1_005_s17,baseline,harsh,HA0100_0064,1.2,0.05,1.2,0.035,0.8,0.02,0.8,0.02,21.65,3.84,7.75,2.0,53007094.0,17,53141717,0,7587.166913259,True,13201,0.05000000000001137,169586.05454197025,0.8507376524502622,2236.78974819409,643.9582583556398,0.3058236798468813,153956.7646482496,0.7755667486013477,2236.78974819409,643.9582583556398,0.2854788885968338,27359.11362067295,0.1476267896928135,2208.382098021972,414.4596638026832,0.046631290027268193,28055.371186278877,0.1490325430356821,2344.775154390884,615.8590826075956,0.05183343936107578
E3_E1_005_s18,baseline,harsh,HA0100_0064,1.2,0.05,1.2,0.035,0.8,0.02,0.8,0.02,21.65,3.84,7.75,2.0,53007094.0,18,53149636,0,8622.912226712999,True,13201,0.05000000000001137,170098.87987947013,0.8559700523033664,2224.263006615876,671.2323792372629,0.3052841922194546,153420.55746553556,0.7747210670357749,2214.698043138136,671.2323792372629,0.2860306701760004,27985.722847975558,0.1498346115775974,2271.8190082512256,569.7401631143106,0.04878081534926624,28375.82007072988,0.1499100190617623,2343.3853756813555,596.0575442233478,0.05121638901029352
E3_E1_005_s19,baseline,harsh,HA0100_0064,1.2,0.05,1.2,0.035,0.8,0.02,0.8,0.02,21.65,3.84,7.75,2.0,53007094.0,19,53157555,0,7053.7654271070005,True,13201,0.05000000000001137,170073.58679409392,0.8552748347334214,2209.3624541798094,607.757679796275,0.3043736152690435,153287.77088278168,0.7738259012873553,2209.3624541798094,607.757679796275,0.28476366611507864,27976.378000853063,0.15016921661801508,2185.4788133270963,397.3342777956685,0.0465195498420673,27976.378000853063,0.15016921661801508,2407.169074010286,679.9673795066983,0.052424889185139045
E3_E1_005_s2,baseline,harsh,HA0100_0064,1.2,0.05,1.2,0.035,0.8,0.02,0.8,0.02,21.65,3.84,7.75,2.0,53007094.0,2,53022932,0,6905.032986994999,True,13201,0.05000000000001137,169207.39582211664,0.8492145553020435,2311.5447214580854,727.2089123613935,0.30531120963511166,153426.7498342416,0.7729321410718181,2311.5447214580854,727.2089123613935,0.2854943023100496,28694.27802495347,0.15330656397938622,2177.801902838755,377.2834625667301,0.04674362234280416,28694.27802495347,0.15330656397938622,2308.8745608994504,566.0558964883172,0.05096842096602777
E3_E1_005_s20,baseline,harsh,HA0100_0064,1.2,0.05,1.2,0.035,0.8,0.02,0.8,0.02,21.65,3.84,7.75,2.0,53007094.0,20,53165474,0,8213.021777053998,True,13201,0.05000000000001137,169207.2654399164,0.8495113318068332,2212.2909675753376,667.1627798914868,0.30266298284141047,152673.62678324626,0.7694359625209176,2212.2909675753376,667.1627798914868,0.2833048625620591,27307.845575426007,0.14663244318003404,2238.203105288961,510.7298372302776,0.04810897670568851,28404.55826818539,0.1503975874774775,2348.9853692615316,619.0501548753526,0.050200572260078194
E3_E1_005_s21,baseline,harsh,HA0100_0064,1.2,0.05,1.2,0.035,0.8,0.02,0.8,0.02,21.65,3.84,7.75,2.0,53007094.0,21,53173393,0,7048.619692989,True,13201,0.05000000000001137,168153.1049837095,0.8427922028585891,2254.307669770681,650.080709893799,0.29985332547257837,152326.17772160162,0.7663152613301109,2248.483351862808,562.4330913173926,0.28006975011365204,28503.65038386865,0.15217824745135483,2162.1829910594665,387.24338836265804,0.04842262026580001,28503.65038386865,0.15217824745135483,2290.8392428902844,563.0219347105173,0.050689678210156235
E3_E1_005_s22,baseline,harsh,HA0100_0064,1.2,0.05,1.2,0.035,0.8,0.02,0.8,0.02,21.65,3.84,7.75,2.0,53007094.0,22,53181312,0,5616.052820525,True,13201,0.05000000000001137,168314.4115022682,0.8428882989488392,2249.6360694580544,586.648743374935,0.3040088973118625,153221.1458065704,0.7706761906753342,2213.000731313528,560.2026313630719,0.28335591001165356,27487.436545164823,0.14796649308732887,2215.3425533450727,405.8171843555125,0.04920443948265007,27612.02607454479,0.14800907926700105,2344.7112906017474,567.5452685909594,0.052281728423469495
E3_E1_005_s23,baseline,harsh,HA0100_0064,1.2,0.05,1.2,0.035,0.8,0.02,0.8,0.02,21.65,3.84,7.75,2.0,53007094.0,23,53189231,0,7103.892814135,True,13201,0.05000000000001137,167853.19864266604,0.8403346482109694,2306.74530813182,679.5173215780767,0.30140550936796745,152629.8245766451,0.7674517091214095,2280.6353298045356,603.3425972804808,0.2810110048993291,28321.35506940616,0.15197337026548333,2252.2384225055985,486.1033695370156,0.04714665103763509,28480.812920092958,0.15197337026548333,2384.5125328326094,650.9012103569374,0.050837436098054134
E3_E1_005_s24,baseline,harsh,HA0100_0064,1.2,0.05,1.2,0.035,0.8,0.02,0.8,0.02,21.65,3.84,7.75,2.0,53007094.0,24,53197150,0,6931.866080987,True,13201,0.05000000000001137,172497.1781821194,0.8710318818443957,2387.755927076697,921.8931221471042,0.3069170086759958,153929.3220744183,0.7802750534745513,2368.7638920513086,921.8931221471042,0.2875870956855654,28118.318277677212,0.15100928606848968,2184.192644265789,410.0458645179232,0.04764696250286429,28276.36639627193,0.15129796572067475,2358.2909745118204,602.953833591227,0.050835599389550165
E3_E1_005_s25,baseline,harsh,HA0100_0064,1.2,0.05,1.2,0.035,0.8,0.02,0.8,0.02,21.65,3.84,7.75,2.0,53007094.0,25,53205069,0,7097.665223607,True,13201,0.05000000000001137,169150.94655401984,0.8492558491848866,2220.3723504286954,593.1007296519962,0.3012238057429205,152842.16580011463,0.7700272600597262,2220.3723504286954,593.1007296519962,0.2813701022591814,28616.07840512338,0.15339532726027907,2286.1553366382145,534.8520999348743,0.04820594517474819,28616.07840512338,0.15339532726027907,2413.093789562114,654.134275395563,0.054559376308175235
E3_E1_005_s26,baseline,harsh,HA0100_0064,1.2,0.05,1.2,0.035,0.8,0.02,0.8,0.02,21.65,3.84,7.75,2.0,53007094.0,26,53212988,0,7287.079544781001,True,13201,0.05000000000001137,170190.99835139507,0.8558110487837467,2222.2024940844376,634.0815110944359,0.3009588529937669,152863.96871964692,0.7715141183594876,2222.2024940844376,634.0815110944359,0.28109216477250354,28238.039128632365,0.15100339994423695,2161.5053972892642,379.2536345794731,0.04668496255883745,28238.039128632365,0.15100339994423695,2352.2911135836616,622.5325953808068,0.050942990338270766
E3_E1_005_s27,baseline,harsh,HA0100_0064,1.2,0.05,1.2,0.035,0.8,0.02,0.8,0.02,21.65,3.84,7.75,2.0,53007094.0,27,53220907,0,8881.239394224998,True,13201,0.05000000000001137,169726.88748363708,0.8528846437330277,2256.8841943281545,578.043060584957,0.3021531497613395,152810.5145736002,0.7709844987095631,2256.8841943281545,578.043060584957,0.2827802394186889,27895.69880645815,0.1497715292066582,2165.5408842834454,538.4958177004437,0.04757577745988187,27994.471740708635,0.1497715292066582,2312.6624341692586,590.121389206992,0.050088685319024405
E3_E1_005_s28,baseline,harsh,HA0100_0064,1.2,0.05,1.2,0.035,0.8,0.02,0.8,0.02,21.65,3.84,7.75,2.0,53007094.0,28,53228826,0,7025.4223678200005,True,13201,0.05000000000001137,169245.83717089196,0.8496325000024008,2174.6194968334007,620.2741329965157,0.30155269753298936,152739.98553545485,0.7696654368053412,2174.6194968334007,620.2741329965157,0.28157739893730993,27339.0922439771,0.14727948993954754,2200.07156196259,461.1488034614734,0.04743312443874124,28456.05905138268,0.15146320762963336,2357.1892893280237,618.9984185981477,0.0515810343291739
E3_E1_005_s29,baseline,harsh,HA0100_0064,1.2,0.05,1.2,0.035,0.8,0.02,0.8,0.02,21.65,3.84,7.75,2.0,53007094.0,29,53236745,0,5832.806614411999,True,13201,0.05000000000001137,168514.03437532307,0.8447855986117366,2231.3701461011387,590.2023194713308,0.3012357590750851,152668.61995961113,0.7685721036495045,2215.87927517957,569.608149040125,0.2812314649917185,28335.791911737506,0.15204151696585674,2179.7775444327594,441.45798251883934,0.046228551149434104,28451.092387971934,0.15204151696585674,2330.303800119369,567.6309293477734,0.050810951542036006
E3_E1_005_s3,baseline,harsh,HA0100_0064,1.2,0.05,1.2,0.035,0.8,0.02,0.8,0.02,21.65,3.84,7.75,2.0,53007094.0,3,53030851,0,6957.942771773,True,13201,0.05000000000001137,170057.42538072777,0.8558167669524138,2290.7997393842556,644.6089481072747,0.30200298900632555,152604.4309994504,0.7703816561877123,2290.7997393842556,644.6089481072747,0.2829084691304492,28214.4569797732,0.1515435852890594,2247.1040831003806,424.0740549084455,0.04998490189335504,28230.824265716717,0.1515435852890594,2318.5929137509024,580.6861415351119,0.05124184995875639
E3_E1_005_s30,baseline,harsh,HA0100_0064,1.2,0.05,1.2,0.035,0.8,0.02,0.8,0.02,21.65,3.84,7.75,2.0,53007094.0,30,53344664,0,11077.162825263998,True,13201,0.05000000000001137,169580.08849269562,0.8525184000927276,2174.2210967337246,693.2075648130703,0.3013896467906559,152703.16441811723,0.7701364435403838,2174.2210967337246,693.2075648130703,0.28195711529993817,27655.704731747534,0.14890907937120468,2341.3137131558083,621.1328258213442,0.052540645150688056,27949.76710991419,0.14911572409422455,2341.3137131558083,621.1328258213442,0.052540645150688056
E3_E1_005_s31,baseline,harsh,HA0100_0064,1.2,0.05,1.2,0.035,0.8,0.02,0.8,0.02,21.65,3.84,7.75,2.0,53007094.0,31,53352583,0,7067.1498226,True,13201,0.05000000000001137,168807.4683632654,0.8460765331982191,2203.69313314674,604.9676468606793,0.30283076419114957,153235.1572634959,0.7712740013481549,2186.7108479098247,604.9676468606793,0.2823043859386744,28115.50978841468,0.15088896337587368,2155.7405411301697,348.8726122223792,0.04753547847700171,28115.50978841468,0.15088896337587368,2331.212862650502,586.3682054687655,0.05140115621047025
E3_E1_005_s32,baseline,harsh,HA0100_0064,1.2,0.05,1.2,0.035,0.8,0.02,0.8,0.02,21.65,3.84,7.75,2.0,53007094.0,32,53360502,0,10450.561875277,True,13201,0.05000000000001137,169782.40457521903,0.852380092132704,2185.511500918268,644.4884170096202,0.3050561858659622,153877.46837420223,0.7756518388834499,2156.545299314229,644.4884170096202,0.2846469821120596,28023.20808318536,0.15052413931970898,2280.498946202034,560.5665037426277,0.04744390252573664,28158.2715783802,0.15052413931970898,2384.263787264698,604.9442498056154,0.05417612685742214
E3_E1_005_s33,baseline,harsh,HA0100_0064,1.2,0.05,1.2,0.035,0.8,0.02,0.8,0.02,21.65,3.84,7.75,2.0,53007094.0,33,53368421,0,9539.014783159,True,13201,0.05000000000001137,168207.40766110795,0.8422698336659498,2270.7662789131996,608.2455791168989,0.3039661534044593,153267.1098057425,0.770950631327222,2201.8661795844037,577.8523882320532,0.2834168725481981,27291.40762932612,0.14709931788891945,2155.6448947932463,381.8377031363869,0.0470136454275958,28090.19379618981,0.14987674294601838,2424.099445355606,661.174613030661,0.05295106542244458
E3_E1_005_s34,baseline,harsh,HA0100_0064,1.2,0.05,1.2,0.035,0.8,0.02,0.8,0.02,21.65,3.84,7.75,2.0,53007094.0,34,53376340,0,7205.181026599,True,13201,0.05000000000001137,170634.53524464666,0.8598815513578801,2171.3119346063277,733.8719256710137,0.3026302815045313,152849.26749465227,0.7726621413496073,2171.3119346063277,733.8719256710137,0.28357327700988677,27303.297952227713,0.14687252453854113,2219.0708616401803,473.91910296819935,0.048834134276933595,28155.256805126017,0.1497106634679608,2300.305031445626,590.1597243144174,0.050430532559207486
E3_E1_005_s35,baseline,harsh,HA0100_0064,1.2,0.05,1.2,0.035,0.8,0.02,0.8,0.02,21.65,3.84,7.75,2.0,53007094.0,35,53384259,0,7131.74973235,True,13201,0.05000000000001137,168681.27236865193,0.8459633661681027,2215.2985196335903,585.67372226085,0.30264535775198326,152756.29934337424,0.7691966420216648,2186.7580694136595,585.67372226085,0.2829138003204606,27629.773368943508,0.14842077045698368,2233.8696276068354,433.90483017057255,0.04646181296782796,28292.919224729834,0.1514580163436278,2322.8456690415087,559.7356411340635,0.05204656493063943
E3_E1_005_s36,baseline,harsh,HA0100_0064,1.2,0.05,1.2,0.035,0.8,0.02,0.8,0.02,21.65,3.84,7.75,2.0,53007094.0,36,53392178,0,7127.183537398,True,13201,0.05000000000001137,169032.50956213122,0.8479708099980454,2204.1368237722036,595.9251810721881,0.30352082659043295,152971.05747938142,0.770396391806568,2166.229154150295,595.9251810721881,0.28393334989999064,28538.211739016115,0.15282767704955172,2192.892497925749,406.4603221672611,0.0480726436960838,28584.33687622524,0.15282767704955172,2329.784307333536,586.6069404617525,0.050938952706094796
E3_E1_005_s37,baseline,harsh,HA0100_0064,1.2,0.05,1.2,0.035,0.8,0.02,0.8,0.02,21.65,3.84,7.75,2.0,53007094.0,37,53400097,0,5911.497389539,True,13201,0.05000000000001137,168981.70167555392,0.8474446764149249,2272.856874018225,596.959759936543,0.30288566021672175,153083.2400319697,0.7708789161742136,2272.856874018225,596.959759936543,0.28285204662880614,28653.935706780154,0.1534327334494219,2178.657800944791,364.7428975284303,0.04733989526569605,28653.935706780154,0.1534327334494219,2277.006596910025,518.796926573171,0.04986876890210165
E3_E1_005_s38,baseline,harsh,HA0100_0064,1.2,0.05,1.2,0.035,0.8,0.02,0.8,0.02,21.65,3.84,7.75,2.0,53007094.0,38,53408016,0,11107.201728824,True,13201,0.05000000000001137,168229.02069916547,0.8430928674551894,2262.1974590447103,589.2551359345148,0.30355230870528616,152797.00182978276,0.7690222464507552,2256.5648268071855,589.2551359345148,0.2836067816706811,28239.46808300981,0.15070142545305498,2178.519324770044,384.38520026414375,0.04709756294421332,28488.988610747474,0.15179037995636963,2405.9630198737354,693.6814902926815,0.051062157718833746
E3_E1_005_s39,baseline,harsh,HA0100_0064,1.2,0.05,1.2,0.035,0.8,0.02,0.8,0.02,21.65,3.84,7.75,2.0,53007094.0,39,53415935,0,10117.66110732,True,13201,0.05000000000001137,170115.692915997,0.8559215879831534,2205.0577795119334,715.9750241288507,0.3048720588439533,153129.47188605362,0.7731469938468489,2205.0577795119334,715.9750241288507,0.2857367807766195,27685.331776092444,0.14831025288119268,2247.3638733733187,486.5864022385044,0.048282814965593314,28227.573164425885,0.15064093631279749,2316.341461114,575.9610916280247,0.050542492879334724
E3_E1_005_s4,baseline,harsh,HA0100_0064,1.2,0.05,1.2,0.035,0.8,0.02,0.8,0.02,21.65,3.84,7.75,2.0,53007094.0,4,53038770,0,5818.610148170001,True,13201,0.05000000000001137,168925.9173607525,0.8473588477196681,2284.4642038570855,682.8440662278211,0.3053960255333569,153271.99359765736,0.7720856603387966,2278.469437704563,682.8440662278211,0.28551585893174275,27936.221248141523,0.1501048394571798,2255.2012654536857,483.6656650643584,0.04873639021712599,27943.75396291196,0.1501048394571798,2304.9943567315086,550.4352727577244,0.05106977216258318
E3_E1_005_s40,baseline,harsh,HA0100_0064,1.2,0.05,1.2,0.035,0.8,0.02,0.8,0.02,21.65,3.84,7.75,2.0,53007094.0,40,53423854,0,8428.184740771,True,13201,0.05000000000001137,169062.12993747892,0.8484333338827195,2199.02883440153,642.1412643692215,0.30435217202740467,153145.14974569977,0.7714110532440765,2181.387764050588,642.1412643692215,0.28483658891526714,28115.082950102256,0.15027242042853098,2192.4003704018683,395.0914085627338,0.048388449957837185,28115.082950102256,0.15027242042853098,2314.485109417463,562.3042349710075,0.050437804201020474
E3_E1_005_s41,baseline,harsh,HA0100_0064,1.2,0.05,1.2,0.035,0.8,0.02,0.8,0.02,21.65,3.84,7.75,2.0,53007094.0,41,53431773,0,10062.410253170001,True,13201,0.05000000000001137,168273.51441456925,0.8431759292960228,2274.083239682008,593.8929104775948,0.3025013148932134,152797.50727048834,0.7691031322905919,2233.1551505688963,593.8929104775948,0.2822984237567912,28370.37511602993,0.15133389570205777,2221.072471520278,467.74611047686943,0.04812882791999701,28370.37511602993,0.15133389570205777,2312.9401555761688,585.0064080186909,0.050691744003464226
E3_E1_005_s42,baseline,harsh,HA0100_0064,1.2,0.05,1.2,0.035,0.8,0.02,0.8,0.02,21.65,3.84,7.75,2.0,53007094.0,42,53439692,0,7118.175056815,True,13201,0.05000000000001137,169093.66743882574,0.8489560217822018,2177.5464720440873,620.0890152940498,0.3015739228205306,152581.2184533002,0.7687554212455783,2177.5464720440873,620.0890152940498,0.28192187214230513,28363.654506733663,0.15193940684082183,2199.915231340471,416.00000876471694,0.0479917339907339,28363.654506733663,0.15193940684082183,2328.8610070297445,602.3406605806639,0.05103641789862798
E3_E1_005_s43,baseline,harsh,HA0100_0064,1.2,0.05,1.2,0.035,0.8,0.02,0.8,0.02,21.65,3.84,7.75,2.0,53007094.0,43,53447611,0,7161.197476308,True,13201,0.05000000000001137,168458.26877127282,0.8452007182814404,2216.245402820501,613.8001996140852,0.29994960602857196,152263.97859452688,0.7664839698665715,2216.245402820501,611.3080763154256,0.2804525054313051,28174.2945437674,0.1510170153858695,2233.4167649868073,394.2439337882443,0.04802187720731852,28174.2945437674,0.1510170153858695,2367.659608854382,599.8931094723865,0.05299855951718845
E3_E1_005_s44,baseline,harsh,HA0100_0064,1.2,0.05,1.2,0.035,0.8,0.02,0.8,0.02,21.65,3.84,7.75,2.0,53007094.0,44,53455530,0,5600.871028375001,True,13201,0.05000000000001137,170318.2960968446,0.8565823330586836,2199.927809350025,705.2740196946509,0.3017741294393629,153126.46952655862,0.7729939729607634,2199.927809350025,705.2740196946509,0.2820183326077974,27710.97436742502,0.148867159596634,2230.335231267027,496.2902974601005,0.048308684519573264,28338.712709838615,0.15092054482599732,2358.070425751708,639.7000203522779,0.05296039524791107
E3_E1_005_s45,baseline,harsh,HA0100_0064,1.2,0.05,1.2,0.035,0.8,0.02,0.8,0.02,21.65,3.84,7.75,2.0,53007094.0,45,53463449,0,10518.430717856001,True,13201,0.05000000000001137,171590.15669153753,0.8656715693155594,2203.0126453526614,804.1062306707967,0.3016567925203146,153409.45093560097,0.7764799858280487,2203.0126453526614,804.1062306707967,0.28180733348964576,27177.244083386224,0.145870794712499,2297.4292596313467,532.9641683701267,0.04863250927754532,28535.466484593908,0.15244867781786528,2297.4292596313467,608.3242399300102,0.050228225561536666
E3_E1_005_s46,baseline,harsh,HA0100_0064,1.2,0.05,1.2,0.035,0.8,0.02,0.8,0.02,21.65,3.84,7.75,2.0,53007094.0,46,53471368,0,7299.115006276001,True,13201,0.05000000000001137,170301.5196733474,0.8575552488919408,2195.7001957976945,682.4631750498714,0.3025307742470669,152851.67359473577,0.7720644546917451,2195.7001957976945,682.4631750498714,0.28343017006428695,27552.897493426106,0.14821394474480057,2257.8925856250344,470.347658671616,0.049141848579378006,27812.133303407798,0.14821394474480057,2364.520393490811,619.5031618481869,0.05163890317498046
E3_E1_005_s47,baseline,harsh,HA0100_0064,1.2,0.05,1.2,0.035,0.8,0.02,0.8,0.02,21.65,3.84,7.75,2.0,53007094.0,47,53479287,0,7598.529805292999,True,13201,0.05000000000001137,169100.13939822093,0.8502555769926838,2236.1989343378846,668.4482931875295,0.29816624661978464,151675.48051095597,0.7649142042795722,2236.1989343378846,668.4482931875295,0.2793137894052608,28042.286052100797,0.15017382645837624,2257.513110061878,426.1456220653588,0.04965269072930455,28042.286052100797,0.15017382645837624,2370.098994471397,582.8127525130329,0.05393455966186998
E3_E1_005_s48,baseline,harsh,HA0100_0064,1.2,0.05,1.2,0.035,0.8,0.02,0.8,0.02,21.65,3.84,7.75,2.0,53007094.0,48,53487206,0,7105.347776347,True,13201,0.05000000000001137,169951.6298536671,0.855009533690288,2206.7951702358155,728.5153314138877,0.30179113982248035,152871.4879904032,0.7715532008261086,2206.7951702358155,728.5153314138877,0.2825002930602174,27535.913691759,0.14819975950854516,2151.6199454797584,346.00966161773977,0.04666798065860885,28053.31380670654,0.14998046150954308,2482.678656096713,758.0772230880079,0.0525217977509305
E3_E1_005_s49,baseline,harsh,HA0100_0064,1.2,0.05,1.2,0.035,0.8,0.02,0.8,0.02,21.65,3.84,7.75,2.0,53007094.0,49,53495125,0,7906.572264322001,True,13201,0.05000000000001137,170323.2586054148,0.8561500039758335,2205.213440243473,694.547365834695,0.30209777211361777,153342.5262063374,0.773735396868482,2205.213440243473,694.547365834695,0.28177367208259035,27766.23636297831,0.14917130798069264,2260.1619976584575,519.1387341079003,0.050488275402597746,27869.15391364507,0.14917130798069264,2335.890394381329,585.8571055124229,0.05092996842439234
E3_E1_005_s5,baseline,harsh,HA0100_0064,1.2,0.05,1.2,0.035,0.8,0.02,0.8,0.02,21.65,3.84,7.75,2.0,53007094.0,5,53046689,0,8836.144851993,True,13201,0.05000000000001137,171357.01652275707,0.863332248847874,2179.3737825941025,767.3920976257069,0.3038052648313271,153861.93920911444,0.7779190359285613,2179.3737825941025,767.3920976257069,0.28360734011303523,27413.834457341476,0.14752255996711652,2148.1724669937316,370.59895212654965,0.04613385824604069,28046.847328383818,0.15045960910178133,2314.0863546436303,558.7887230771834,0.051784243416453796
E3_E1_005_s50,baseline,harsh,HA0100_0064,1.2,0.05,1.2,0.035,0.8,0.02,0.8,0.02,21.65,3.84,7.75,2.0,53007094.0,50,53503044,0,11237.193465056,True,13201,0.05000000000001137,169603.41067528597,0.8525418942457004,2170.90988164798,704.853110327653,0.30510434226295224,153389.50438620945,0.7735542825517944,2168.7890994619484,704.853110327653,0.2855689770119062,27653.004234407414,0.14819150434178455,2258.014129102236,466.50359163959496,0.04904502795536934,28077.597033941052,0.14967159977186995,2293.6282031982496,548.613276225713,0.05061186828670123
E3_E1_005_s51,baseline,harsh,HA0100_0064,1.2,0.05,1.2,0.035,0.8,0.02,0.8,0.02,21.65,3.84,7.75,2.0,53007094.0,51,53510963,0,5749.667804762,True,13201,0.05000000000001137,172204.5190637428,0.8701395895931024,2293.9712789025843,941.1066823667098,0.30334024299875456,153342.19635288193,0.777145153712323,2293.9712789025843,941.1066823667098,0.2840875480114675,28329.16683966085,0.15152850219998987,2149.5231091335004,376.3199877782844,0.04585207746295537,28329.16683966085,0.15152850219998987,2313.884251720949,569.1535229384591,0.05173114983814535
E3_E1_005_s52,baseline,harsh,HA0100_0064,1.2,0.05,1.2,0.035,0.8,0.02,0.8,0.02,21.65,3.84,7.75,2.0,53007094.0,52,53518882,0,7241.274792773999,True,13201,0.05000000000001137,168372.28398761596,0.8448120728095468,2279.0358170736968,647.5452676552331,0.30180593673757,152211.26287782722,0.7667018362070143,2279.0358170736968,647.5452676552331,0.28256434571941097,28307.479019824714,0.15161436751312066,2299.2478417265656,557.7863222319896,0.049525272446718005,28307.479019824714,0.15161436751312066,2311.587838623204,577.4646398415098,0.05192667164171732
E3_E1_005_s53,baseline,harsh,HA0100_0064,1.2,0.05,1.2,0.035,0.8,0.02,0.8,0.02,21.65,3.84,7.75,2.0,53007094.0,53,53526801,0,7432.970979154,True,13201,0.05000000000001137,170208.50718489394,0.8568449182368846,2256.59497939994,658.4730788465324,0.30249402792534846,152962.1881538099,0.7724446208208328,2256.59497939994,658.4730788465324,0.28295199589518194,28471.53216251602,0.152595086420998,2194.0103846381235,385.6034460984892,0.047524414712481214,28471.53216251602,0.152595086420998,2376.4048251931995,635.3239775249414,0.052400628792297656
E3_E1_005_s54,baseline,harsh,HA0100_0064,1.2,0.05,1.2,0.035,0.8,0.02,0.8,0.02,21.65,3.84,7.75,2.0,53007094.0,54,53534720,0,7057.573409067,True,13201,0.05000000000001137,169288.3755401688,0.8493852651144116,2216.514844639127,592.397503156085,0.3039019971141864,153271.00488407185,0.7723551698619446,2173.4554450862606,592.397503156085,0.284050580034563,27742.19114904446,0.1489039737333421,2253.9429926020434,573.0714839793295,0.0475039007576619,28245.383425435954,0.15075580369445873,2331.3961873902895,604.5995576500818,0.05190014826857005
E3_E1_005_s55,baseline,harsh,HA0100_0064,1.2,0.05,1.2,0.035,0.8,0.02,0.8,0.02,21.65,3.84,7.75,2.0,53007094.0,55,53542639,0,8343.174279705,True,13201,0.05000000000001137,169631.15054939786,0.8526359928573296,2274.9248413297946,802.4887617659848,0.3026661874980462,153060.82272387363,0.7720149560129278,2274.9248413297946,802.4887617659848,0.2829469089960611,27328.21906849753,0.14707408540680691,2176.4066787370793,412.4903273150543,0.04705332057504142,28006.175937588338,0.14900296956492456,2330.899239927226,594.6287370006406,0.051148478285504395
E3_E1_005_s56,baseline,harsh,HA0100_0064,1.2,0.05,1.2,0.035,0.8,0.02,0.8,0.02,21.65,3.84,7.75,2.0,53007094.0,56,53550558,0,7071.491620251,True,13201,0.05000000000001137,168693.31648094373,0.8455771453080388,2247.8111448246937,566.4755976485746,0.30363799842640615,153002.81648109402,0.7702753460328056,2218.8763930423265,566.4755976485746,0.28360209858778485,28341.801206787197,0.15217135616997143,2156.282117247699,379.56832178719276,0.04722412878602044,28376.584308420734,0.15217135616997143,2325.066068561523,600.596172701384,0.051597728843157914
E3_E1_005_s57,baseline,harsh,HA0100_0064,1.2,0.05,1.2,0.035,0.8,0.02,0.8,0.02,21.65,3.84,7.75,2.0,53007094.0,57,53558477,0,10170.816977496,True,13201,0.05000000000001137,166574.92595049762,0.8317344026193909,2459.21495341332,853.1665670682225,0.3035924272337745,152851.5462460796,0.7670460964550437,2318.335614952229,619.1718082427462,0.28253944515854706,28059.99511815878,0.15020105537162118,2226.184188776831,418.15569447677836,0.0475335425695408,28110.74830545767,0.15020105537162118,2347.3305651694486,592.3908090580646,0.05256102898133886
E3_E1_005_s58,baseline,harsh,HA0100_0064,1.2,0.05,1.2,0.035,0.8,0.02,0.8,0.02,21.65,3.84,7.75,2.0,53007094.0,58,53566396,0,7343.338940341,True,13201,0.05000000000001137,170639.30512985273,0.8577900832273074,2207.750574218151,632.5178221683668,0.303339115171505,153795.44770745403,0.7762889700204708,2207.750574218151,632.5178221683668,0.2827778849542133,28690.251552440175,0.15324693874479173,2331.52034676171,583.2898710700302,0.050293665329735456,28690.251552440175,0.15324693874479173,2351.5900194983083,634.8578138944363,0.05336474160991382
E3_E1_005_s59,baseline,harsh,HA0100_0064,1.2,0.05,1.2,0.035,0.8,0.02,0.8,0.02,21.65,3.84,7.75,2.0,53007094.0,59,53574315,0,8394.440380108,True,13201,0.05000000000001137,169746.10322084636,0.8528422482118373,2238.124922731948,650.4757867260337,0.30030848933389703,152743.9848936797,0.7703112213379861,2238.124922731948,650.4757867260337,0.28041206322982143,27842.688876282402,0.14922880083480441,2230.914112946168,485.8836525680491,0.04715021211939282,27972.94133506959,0.14922880083480441,2344.4900267395606,622.1145896838416,0.05083222277783458
E3_E1_005_s6,baseline,harsh,HA0100_0064,1.2,0.05,1.2,0.035,0.8,0.02,0.8,0.02,21.65,3.84,7.75,2.0,53007094.0,6,53054608,0,8039.262389354999,True,13201,0.05000000000001137,169118.18498726079,0.8486128927233221,2217.0846476315237,585.0588156006341,0.3040091717815969,153225.29147650822,0.7718691894142604,2217.0846476315237,585.0588156006341,0.28418909328387865,27806.833819217176,0.14965405275816365,2168.5535484634906,411.2545838791696,0.04702348377648315,28270.211133912115,0.15105325398260994,2354.9242047907674,660.3877784518721,0.05155254829096645
E3_E1_005_s7,baseline,harsh,HA0100_0064,1.2,0.05,1.2,0.035,0.8,0.02,0.8,0.02,21.65,3.84,7.75,2.0,53007094.0,7,53062527,0,7048.665945369,True,13201,0.05000000000001137,169512.46256002996,0.8526339358151521,2273.232985347107,664.1651918854699,0.3032034519208152,152630.73081641394,0.7701350533250109,2273.232985347107,664.1651918854699,0.2841721502850223,27422.88914762014,0.1477853323394789,2240.865714494293,480.59827385640295,0.049558079891431135,28064.345511217973,0.15002514695959193,2338.113466235262,642.076656781795,0.05177592038153981
E3_E1_005_s8,baseline,harsh,HA0100_0064,1.2,0.05,1.2,0.035,0.8,0.02,0.8,0.02,21.65,3.84,7.75,2.0,53007094.0,8,53070446,0,11204.041859799001,True,13201,0.05000000000001137,170453.80033644635,0.8573439813949403,2185.4264577096196,661.7634839887025,0.3040322387144309,153665.67951434987,0.7756157938427177,2185.4264577096196,661.7634839887025,0.28396926491618935,27694.028122353353,0.14856206825617274,2173.017347703676,384.17525026599156,0.04897528587611356,27899.883508179893,0.14940982822887408,2328.734822682948,601.4369333777274,0.05119132685258392
E3_E1_005_s9,baseline,harsh,HA0100_0064,1.2,0.05,1.2,0.035,0.8,0.02,0.8,0.02,21.65,3.84,7.75,2.0,53007094.0,9,53078365,0,7214.113776758,True,13201,0.05000000000001137,169635.1696959129,0.8532130036234604,2215.4438976566444,701.9009827806757,0.30360850986851223,152943.1925291886,0.771891283706958,2215.4438976566444,701.9009827806757,0.28416938623966576,27554.23833861516,0.1477305623078033,2232.7673063573616,453.8289536664196,0.0465676484361665,28167.22063030315,0.1501570382784209,2339.758418849681,605.1573251319855,0.05129204639783621
E3_E1_006_s0,baseline,max_wind,HA0100_0004,1.2,0.05,1.2,0.035,0.8,0.02,0.8,0.02,25.0,4.58,7.75,12.0,1091718346.0,0,1091718346,0,5874.3563714150005,True,13201,0.05000000000001137,189456.95162083374,0.9502972770193947,2355.9548541219197,746.6376674246604,0.33686360928772274,173115.14463041836,0.8709369822683994,2355.9548541219197,746.6376674246604,0.31535671177368446,28239.101944921687,0.15192105425687846,2225.2420700417338,445.62262757759305,0.04700448901899571,28239.101944921687,0.15192105425687846,2308.7111762192994,578.5936935703864,0.05032331990441075
E3_E1_006_s1,baseline,max_wind,HA0100_0004,1.2,0.05,1.2,0.035,0.8,0.02,0.8,0.02,25.0,4.58,7.75,12.0,1091718346.0,1,1091726265,0,7031.724327128,True,13201,0.05000000000001137,190081.2118668091,0.9554199251728461,2217.111432523965,647.0124019826904,0.33993594501376717,173581.99125217678,0.8744684136694971,2185.035064584447,647.0124019826904,0.31983990221582104,27836.4368616353,0.14970303580680167,2216.926894322938,490.49403757551505,0.04647483066104962,28164.49817805774,0.15148204232103107,2520.9857941067285,809.9218438262719,0.05145835482742673
E3_E1_006_s10,baseline,max_wind,HA0100_0004,1.2,0.05,1.2,0.035,0.8,0.02,0.8,0.02,25.0,4.58,7.75,12.0,1091718346.0,10,1091797536,0,7141.178931075,True,13201,0.05000000000001137,190644.47534110007,0.9599356529299578,2219.3126176825567,865.9015249069708,0.3391133580588077,173435.5730699369,0.8747528455358299,2219.3126176825567,865.9015249069708,0.3193675812280726,28289.355792574243,0.15183464115537043,2205.9726275654193,438.15686805878255,0.046730529673697424,28289.355792574243,0.15183464115537043,2372.301181884301,633.1533248068997,0.05064557667581089
E3_E1_006_s11,baseline,max_wind,HA0100_0004,1.2,0.05,1.2,0.035,0.8,0.02,0.8,0.02,25.0,4.58,7.75,12.0,1091718346.0,11,1091805455,0,6129.796788852001,True,13201,0.05000000000001137,190839.24674309808,0.9611714848581248,2187.6527973738193,684.1796962060175,0.33906382935431595,173239.6863674193,0.8740967045593553,2187.6527973738193,684.1796962060175,0.3196556371319163,27336.690576670942,0.14774150667117505,2226.7657713519206,501.5517879738919,0.048213160996421776,28234.105323957,0.1511348526364443,2385.9270392022077,654.1521443367733,0.051391454794782895
E3_E1_006_s12,baseline,max_wind,HA0100_0004,1.2,0.05,1.2,0.035,0.8,0.02,0.8,0.02,25.0,4.58,7.75,12.0,1091718346.0,12,1091813374,0,7078.786372611,True,13201,0.05000000000001137,191183.59520287084,0.9629093771045635,2223.1638782900927,869.5303039048974,0.3396086732864575,173847.01670394186,0.8773475727690463,2223.1638782900927,869.5303039048974,0.31919667719686745,27956.15459947831,0.15054146717370678,2209.2895155089145,491.9677538046603,0.0461100375976833,27956.15459947831,0.15054146717370678,2391.411808635278,663.9587646461285,0.05227228987673289
E3_E1_006_s13,baseline,max_wind,HA0100_0004,1.2,0.05,1.2,0.035,0.8,0.02,0.8,0.02,25.0,4.58,7.75,12.0,1091718346.0,13,1091821293,0,7087.767365414999,True,13201,0.05000000000001137,192442.5327634966,0.9707198975069642,2203.414544492823,865.0051407256257,0.3399213767306983,174022.80655897947,0.8798949246474326,2203.414544492823,865.0051407256257,0.31967983105572984,28181.05216622194,0.15321866735542308,2333.8645326245114,629.8180840879891,0.04788283540473164,28394.61440019296,0.15321866735542308,2394.0759675124805,650.4943657437767,0.05060251444916572
E3_E1_006_s14,baseline,max_wind,HA0100_0004,1.2,0.05,1.2,0.035,0.8,0.02,0.8,0.02,25.0,4.58,7.75,12.0,1091718346.0,14,1091829212,0,7755.594619294998,True,13201,0.05000000000001137,189904.1485061639,0.9531143589808145,2265.0606193152653,641.3209528554056,0.34041430897377606,173965.37880701196,0.8757758840547085,2225.9423689311207,641.3209528554056,0.318788204279339,28231.322588976982,0.1518339535555935,2194.350703458938,456.93945382586503,0.045740242967263395,28231.322588976982,0.1518339535555935,2379.9632695260275,624.7631313920334,0.051543983308729655
E3_E1_006_s15,baseline,max_wind,HA0100_0004,1.2,0.05,1.2,0.035,0.8,0.02,0.8,0.02,25.0,4.58,7.75,12.0,1091718346.0,15,1091837131,0,7020.806373267,True,13201,0.05000000000001137,191012.48132240726,0.9611839212919199,2227.2429564514196,647.0191399891795,0.34097244044891556,173899.72457385992,0.877201416648995,2220.1732826627504,647.0191399891795,0.32062440675025344,27675.578422782957,0.14933589887818158,2191.609557504868,472.29044914816893,0.04742473659365167,27675.578422782957,0.14933589887818158,2404.139813570032,673.6916761834037,0.051603614341635254
E3_E1_006_s16,baseline,max_wind,HA0100_0004,1.2,0.05,1.2,0.035,0.8,0.02,0.8,0.02,25.0,4.58,7.75,12.0,1091718346.0,16,1091845050,0,6972.651133028,True,13201,0.05000000000001137,190259.552196585,0.9563192356629563,2195.8112149289946,678.6699560531888,0.3379731163250833,173453.0391716548,0.8739426758056523,2195.8112149289946,678.6699560531888,0.31725944261403777,28368.679924595246,0.15213223623709105,2222.697669471937,446.02400009978754,0.049155263617530524,28368.679924595246,0.15213223623709105,2337.570035886691,632.6689090671753,0.050849618655509105
E3_E1_006_s17,baseline,max_wind,HA0100_0004,1.2,0.05,1.2,0.035,0.8,0.02,0.8,0.02,25.0,4.58,7.75,12.0,1091718346.0,17,1091852969,0,7647.698546330001,True,13201,0.05000000000001137,192572.00778641444,0.9716460576071247,2206.579071011128,883.1847961411826,0.3391608752959745,173896.1173977028,0.8796555892380044,2206.579071011128,883.1847961411826,0.31907310509861636,27563.27603131184,0.14891062116886075,2156.5403427140614,371.6033970855826,0.04634613850496185,27563.27603131184,0.14891062116886075,2378.131098778472,634.1954661475137,0.053592004558392914
E3_E1_006_s18,baseline,max_wind,HA0100_0004,1.2,0.05,1.2,0.035,0.8,0.02,0.8,0.02,25.0,4.58,7.75,12.0,1091718346.0,18,1091860888,0,6964.137108664,True,13201,0.05000000000001137,191324.63794402542,0.9649467953767313,2166.33573639045,794.5821907658127,0.33850734336368293,173084.04322852465,0.8743437039267654,2166.33573639045,794.5821907658127,0.31919218048181053,27437.64381390134,0.14844685384586978,2250.0991312193805,595.5248054331784,0.04688596772024334,27964.231022381457,0.14948284306018372,2449.8620306592366,738.3173055144524,0.05177187118864525
E3_E1_006_s19,baseline,max_wind,HA0100_0004,1.2,0.05,1.2,0.035,0.8,0.02,0.8,0.02,25.0,4.58,7.75,12.0,1091718346.0,19,1091868807,0,7179.9469861,True,13201,0.05000000000001137,190965.33469460843,0.9622078500338697,2253.6144089469803,685.1585838068576,0.34096312370669557,173567.8929952874,0.8760618056357601,2253.6144089469803,685.1585838068576,0.32158519077638326,27701.276055835133,0.14937681253853544,2331.1025872899513,625.738976115141,0.04983539288997171,27701.276055835133,0.14937681253853544,2334.6841286949934,625.738976115141,0.05000556946782478
E3_E1_006_s2,baseline,max_wind,HA0100_0004,1.2,0.05,1.2,0.035,0.8,0.02,0.8,0.02,25.0,4.58,7.75,12.0,1091718346.0,2,1091734184,0,6820.032559622,True,13201,0.05000000000001137,191409.39173879343,0.9650095875901505,2164.81673559222,772.4903470490816,0.3380073048798644,173355.7592675665,0.8753708339998085,2164.81673559222,772.4903470490816,0.31833264450102,27457.640885019948,0.14843717427887118,2238.581997043937,483.62741072308063,0.047419781692849,27970.648554035626,0.14939098610272325,2390.878226953015,699.3354356526959,0.053372212600285455
E3_E1_006_s20,baseline,max_wind,HA0100_0004,1.2,0.05,1.2,0.035,0.8,0.02,0.8,0.02,25.0,4.58,7.75,12.0,1091718346.0,20,1091876726,0,7071.859384622001,True,13201,0.05000000000001137,192207.42290363734,0.9694183075228002,2307.960790278215,964.6418021983819,0.3395023760309408,173940.51451163713,0.8794141420329211,2307.960790278215,964.6418021983819,0.3192254215981981,27524.08559113961,0.14773428761817886,2289.0381756787074,599.459640381988,0.04832203148665995,28224.28672374813,0.15063465725300773,2394.836325792449,672.4509738348055,0.05136990887107441
E3_E1_006_s21,baseline,max_wind,HA0100_0004,1.2,0.05,1.2,0.035,0.8,0.02,0.8,0.02,25.0,4.58,7.75,12.0,1091718346.0,21,1091884645,0,7250.196112806,True,13201,0.05000000000001137,191031.45926545825,0.9618957354846134,2176.2484551258244,733.8588512746464,0.3392272040761607,173636.33881680254,0.8759598125018593,2176.2484551258244,733.8588512746464,0.31903888955981163,27565.769712210447,0.14807948676042762,2197.671599623574,459.1497649367764,0.04713029141698459,28051.947003858168,0.15134276632334412,2333.49506635135,593.7463063945999,0.050460626512382326
E3_E1_006_s22,baseline,max_wind,HA0100_0004,1.2,0.05,1.2,0.035,0.8,0.02,0.8,0.02,25.0,4.58,7.75,12.0,1091718346.0,22,1091892564,0,9471.158912776,True,13201,0.05000000000001137,190798.9704565407,0.9599199064860289,2202.3996169376105,720.0815201678035,0.3388113441356501,173696.969774554,0.8756560490678552,2202.3996169376105,720.0815201678035,0.3183675373327543,28102.847175989493,0.15147357037530515,2197.3427996284245,510.57049472506026,0.04859913423589684,28102.847175989493,0.15147357037530515,2359.5240699976184,638.823137570409,0.05162593704425065
E3_E1_006_s23,baseline,max_wind,HA0100_0004,1.2,0.05,1.2,0.035,0.8,0.02,0.8,0.02,25.0,4.58,7.75,12.0,1091718346.0,23,1091900483,0,11044.634211951,True,13201,0.05000000000001137,189920.63192743427,0.9543629601555393,2290.895948707165,667.1722802359448,0.33556905158939787,172788.3220230226,0.8702192632519286,2290.895948707165,663.2123774216462,0.3151220507647167,28517.174607756464,0.15317507704380928,2255.6035067320163,501.51477255773983,0.04807447293600129,28517.174607756464,0.15317507704380928,2408.54273131488,684.2907604407112,0.051944200591188185
E3_E1_006_s24,baseline,max_wind,HA0100_0004,1.2,0.05,1.2,0.035,0.8,0.02,0.8,0.02,25.0,4.58,7.75,12.0,1091718346.0,24,1091908402,0,7035.832300912,True,13201,0.05000000000001137,189589.30492738844,0.9512903619359723,2277.50231920909,638.8066549186964,0.3412760200665496,173883.73557922087,0.8749634520001732,2224.745024355063,638.8066549186964,0.3198869801011876,27618.597614285485,0.14930365128321285,2259.0911301855513,445.0375013357713,0.04779591587538278,27721.49742236355,0.14930365128321285,2380.808982128333,651.7394832167423,0.05124862298351415
E3_E1_006_s25,baseline,max_wind,HA0100_0004,1.2,0.05,1.2,0.035,0.8,0.02,0.8,0.02,25.0,4.58,7.75,12.0,1091718346.0,25,1091916321,0,6968.256430355,True,13201,0.05000000000001137,191305.3748106867,0.9634523830447642,2266.0301746657733,757.6130280215515,0.34295301530285227,174253.91632282932,0.8794140188497744,2266.0301746657733,757.6130280215515,0.3228529392700619,27991.195617730307,0.15036559024506738,2197.64219753002,416.236878796435,0.046823832770762186,27991.195617730307,0.15036559024506738,2341.0402489375583,601.8890296368393,0.050591664395320146
E3_E1_006_s26,baseline,max_wind,HA0100_0004,1.2,0.05,1.2,0.035,0.8,0.02,0.8,0.02,25.0,4.58,7.75,12.0,1091718346.0,26,1091924240,0,5598.220009031001,True,13201,0.05000000000001137,189274.21095493037,0.9508889250908503,2418.8180908745585,838.5848805394132,0.3341018796071479,172359.04900710454,0.8677215771231593,2418.8180908745585,838.5848805394132,0.31396701230409496,28154.452446335785,0.15148744825918734,2214.7188121741556,428.2143327068593,0.04693857772578018,28154.452446335785,0.15148744825918734,2462.29692122018,743.355543438548,0.052974648047371266
E3_E1_006_s27,baseline,max_wind,HA0100_0004,1.2,0.05,1.2,0.035,0.8,0.02,0.8,0.02,25.0,4.58,7.75,12.0,1091718346.0,27,1091932159,0,7237.187262256999,True,13201,0.05000000000001137,189625.94004746713,0.9514167108203369,2290.73183416604,652.8316898809381,0.3379307969730465,173521.49866575978,0.873129331531298,2277.656697471578,646.6753414897074,0.31624918882621145,28264.685359717685,0.15204186077924678,2227.848437252701,462.43510727568065,0.04724258761275359,28264.685359717685,0.15204186077924678,2362.590942033116,635.128815347453,0.05277971432320036
E3_E1_006_s28,baseline,max_wind,HA0100_0004,1.2,0.05,1.2,0.035,0.8,0.02,0.8,0.02,25.0,4.58,7.75,12.0,1091718346.0,28,1091940078,0,8495.835783117001,True,13201,0.05000000000001137,192515.06578089335,0.9713768138635218,2247.93485238525,887.9998291280791,0.3385168066905635,173909.308442956,0.8791874063960816,2247.93485238525,887.9998291280791,0.3181129604877053,28786.9075546253,0.15450105516322418,2215.9005393256234,419.10356866852806,0.04719110580069874,28786.9075546253,0.15450105516322418,2403.0405827774944,682.1242478208312,0.050890785762626886
E3_E1_006_s29,baseline,max_wind,HA0100_0004,1.2,0.05,1.2,0.035,0.8,0.02,0.8,0.02,25.0,4.58,7.75,12.0,1091718346.0,29,1091947997,0,7182.369270744,True,13201,0.05000000000001137,191704.91746697164,0.9670027017354865,2193.803576692013,861.0855031273123,0.34059570801596717,173536.4224703377,0.8768656913837054,2187.775905566759,861.0855031273123,0.3212995953522881,27826.01057700819,0.14967140916263108,2310.3134052514943,579.3036128623897,0.05093804458828195,27826.01057700819,0.14967140916263108,2390.1541899678477,661.2502993312105,0.052055148756383784
E3_E1_006_s3,baseline,max_wind,HA0100_0004,1.2,0.05,1.2,0.035,0.8,0.02,0.8,0.02,25.0,4.58,7.75,12.0,1091718346.0,3,1091742103,0,8296.068194541,True,13201,0.05000000000001137,190371.39921426005,0.9569177628683124,2228.34964113057,646.0048090973661,0.33793764815852745,173229.09641238843,0.8727244713351352,2228.34964113057,646.0048090973661,0.317423254211426,27845.48103430856,0.15077229619260363,2228.1269051578593,498.39532292482977,0.04688053888693729,27845.48103430856,0.15077229619260363,2432.178198304621,697.9140397840043,0.05188476337332011
E3_E1_006_s30,baseline,max_wind,HA0100_0004,1.2,0.05,1.2,0.035,0.8,0.02,0.8,0.02,25.0,4.58,7.75,12.0,1091718346.0,30,1092055916,0,7076.156833664,True,13201,0.05000000000001137,190413.56312296313,0.957672773634837,2242.4279002889216,643.2323131963688,0.3371739869627676,173033.65444648932,0.872156727037879,2242.4279002889216,643.2323131963688,0.31711796274927406,27078.880312633384,0.1463062917666525,2256.495787014158,525.7060764938873,0.04712017894720844,28243.146318488805,0.1507412197866707,2328.966161745481,612.3724512620194,0.05122139272955512
E3_E1_006_s31,baseline,max_wind,HA0100_0004,1.2,0.05,1.2,0.035,0.8,0.02,0.8,0.02,25.0,4.58,7.75,12.0,1091718346.0,31,1092063835,0,6262.846324149,True,13201,0.05000000000001137,191651.97733501755,0.9664489336507966,2271.694299629998,797.5719932422452,0.3405749696199495,173579.4942865737,0.8770944821865033,2271.694299629998,797.5719932422452,0.3211484267566971,27427.07646540611,0.14754978643560207,2223.0152250848887,506.27594820188074,0.04835347949368321,28047.593661235613,0.14991667077433873,2390.9955783897194,711.9360701759791,0.050979289411052946
E3_E1_006_s32,baseline,max_wind,HA0100_0004,1.2,0.05,1.2,0.035,0.8,0.02,0.8,0.02,25.0,4.58,7.75,12.0,1091718346.0,32,1092071754,0,7614.299952939,True,13201,0.05000000000001137,189913.0851844633,0.9541643178890021,2280.808386306125,678.3955365198867,0.3365006781668001,173173.9662232373,0.8723342288335035,2280.808386306125,678.3955365198867,0.3155179036835159,28500.106508948535,0.152848793509718,2172.3256913928726,407.60211690540694,0.04678626701087912,28500.106508948535,0.152848793509718,2392.310288473677,672.9601107890375,0.0523007361500901
E3_E1_006_s33,baseline,max_wind,HA0100_0004,1.2,0.05,1.2,0.035,0.8,0.02,0.8,0.02,25.0,4.58,7.75,12.0,1091718346.0,33,1092079673,0,5660.405689405,True,13201,0.05000000000001137,191889.53706851858,0.9677709302333006,2257.52537348778,846.1413730405955,0.336273241194501,173262.7572185133,0.8754820935028164,2257.52537348778,846.1413730405955,0.3161935833195676,28049.955191627494,0.15094359150978662,2289.9126058558463,548.2135438443723,0.04729502780683883,28049.955191627494,0.15094359150978662,2495.200773958296,754.8410131433201,0.05419626305453077
E3_E1_006_s34,baseline,max_wind,HA0100_0004,1.2,0.05,1.2,0.035,0.8,0.02,0.8,0.02,25.0,4.58,7.75,12.0,1091718346.0,34,1092087592,0,6919.766801005,True,13201,0.05000000000001137,190786.50230429467,0.9611066192543962,2179.1686878571154,686.5536276985649,0.3361951529394142,172768.35640145696,0.871775130176785,2179.1686878571154,686.5536276985649,0.31667915328225543,27655.06876837122,0.14951729253613297,2213.519479976501,416.0110540436336,0.04760021362698393,27968.081810160802,0.15128292391364398,2399.521124073609,678.089953641287,0.05027373802943905
E3_E1_006_s35,baseline,max_wind,HA0100_0004,1.2,0.05,1.2,0.035,0.8,0.02,0.8,0.02,25.0,4.58,7.75,12.0,1091718346.0,35,1092095511,0,10549.071099241,True,13201,0.05000000000001137,191929.73999265427,0.9680506034125806,2160.223537831422,760.1183530775543,0.3375207980773333,173318.98346029883,0.8757967633583433,2160.223537831422,760.1183530775543,0.317739974374842,28406.83855699671,0.1526891568017166,2182.26794979625,421.02923632824366,0.046937194967266685,28406.83855699671,0.1526891568017166,2381.166303887185,663.715831086381,0.051810837616043756
E3_E1_006_s36,baseline,max_wind,HA0100_0004,1.2,0.05,1.2,0.035,0.8,0.02,0.8,0.02,25.0,4.58,7.75,12.0,1091718346.0,36,1092103430,0,7147.371825247001,True,13201,0.05000000000001137,189873.8932998737,0.9540364588305865,2206.3342949315897,650.7944913691365,0.3377518398100995,173304.7325637065,0.8727927392681945,2206.3342949315897,650.7944913691365,0.31710331504468353,28078.845678092996,0.15041599572816414,2414.5971627295366,726.7418759337975,0.05206998085709683,28078.845678092996,0.15041599572816414,2414.5971627295366,726.7418759337975,0.05206998085709683
E3_E1_006_s37,baseline,max_wind,HA0100_0004,1.2,0.05,1.2,0.035,0.8,0.02,0.8,0.02,25.0,4.58,7.75,12.0,1091718346.0,37,1092111349,0,8662.134762022,True,13201,0.05000000000001137,191178.46724800376,0.9624243297691427,2216.1610485941596,671.5670169951788,0.33869564291643633,173759.39511311232,0.8765531473638,2216.1610485941596,671.5670169951788,0.3182588073936607,28160.082390635336,0.1519002934192735,2226.8791221864267,492.1949051647185,0.047356872248657964,28160.082390635336,0.1519002934192735,2386.462582994611,667.9085228785056,0.053343939448895976
E3_E1_006_s38,baseline,max_wind,HA0100_0004,1.2,0.05,1.2,0.035,0.8,0.02,0.8,0.02,25.0,4.58,7.75,12.0,1091718346.0,38,1092119268,0,9605.768584267,True,13201,0.05000000000001137,191303.79332653625,0.9647225637219908,2238.2428303630777,755.66608111554,0.3373881394012011,173016.7508627558,0.8738837447936763,2238.2428303630777,755.66608111554,0.31794626045893454,27771.777236835936,0.14896685755097286,2220.4382601217935,463.5399071070433,0.047466154059499104,27771.777236835936,0.14896685755097286,2404.140066766154,728.2472921447916,0.05158153483748548
E3_E1_006_s39,baseline,max_wind,HA0100_0004,1.2,0.05,1.2,0.035,0.8,0.02,0.8,0.02,25.0,4.58,7.75,12.0,1091718346.0,39,1092127187,0,10167.403981323001,True,13201,0.05000000000001137,190726.67039533655,0.9587947203482404,2298.6834446964895,647.0546591289612,0.3431193078202593,174538.6687206069,0.8796999405011741,2197.250040571073,647.0546591289612,0.32235289363030983,28300.43597400061,0.1525753096042892,2254.108753444819,488.096899560926,0.0470604043026297,28300.43597400061,0.1525753096042892,2376.2983351988046,641.5319104903018,0.05143071623666345
E3_E1_006_s4,baseline,max_wind,HA0100_0004,1.2,0.05,1.2,0.035,0.8,0.02,0.8,0.02,25.0,4.58,7.75,12.0,1091718346.0,4,1091750022,0,7039.5043848450005,True,13201,0.05000000000001137,189239.15784620325,0.9498840363154821,2285.3239007772913,644.5178712379993,0.3380084168895696,173086.50769941625,0.8711280385817389,2278.5234440044046,641.8388104316963,0.31722384119410785,27969.33728229448,0.1506995868950794,2279.670490058072,494.8427375159277,0.04841340723475769,27969.33728229448,0.1506995868950794,2385.840709059309,706.2773124387094,0.05085521106250451
E3_E1_006_s40,baseline,max_wind,HA0100_0004,1.2,0.05,1.2,0.035,0.8,0.02,0.8,0.02,25.0,4.58,7.75,12.0,1091718346.0,40,1092135106,0,6045.2141106849995,True,13201,0.05000000000001137,190143.16859345476,0.9558818614702868,2292.8911492174248,658.4531232524535,0.3350958438708231,172870.04678775408,0.8708876057388174,2292.8911492174248,650.4687211568381,0.314619886239893,28655.90891874486,0.15337637641703092,2330.740731773311,613.7801223372741,0.05009402254364298,28655.90891874486,0.15337637641703092,2340.7320451191554,635.6792933423538,0.051262211480063866
E3_E1_006_s41,baseline,max_wind,HA0100_0004,1.2,0.05,1.2,0.035,0.8,0.02,0.8,0.02,25.0,4.58,7.75,12.0,1091718346.0,41,1092143025,0,7329.899947164,True,13201,0.05000000000001137,189511.54104550913,0.951775130635956,2283.4824224215736,663.6489965393172,0.3406332099255622,173559.4624680987,0.8735684489756437,2283.4824224215736,663.6489965393172,0.32043795695955685,28046.274375050467,0.1508527283815071,2248.8181263621454,517.2076753455802,0.04823978966037075,28046.274375050467,0.1508527283815071,2386.577286946621,682.9858996088511,0.05097663268527202
E3_E1_006_s42,baseline,max_wind,HA0100_0004,1.2,0.05,1.2,0.035,0.8,0.02,0.8,0.02,25.0,4.58,7.75,12.0,1091718346.0,42,1092150944,0,9883.890638718,True,13201,0.05000000000001137,189664.22985405996,0.9516399332152551,2271.383123547465,642.790200905753,0.34055262341533343,173929.28214548205,0.8751003093764257,2256.5541826942435,642.790200905753,0.31924256385037225,28337.82722874056,0.15240071169141575,2256.5070876583936,469.47049240981147,0.04777768435583014,28337.82722874056,0.15240071169141575,2429.3853897566223,693.2819534818146,0.05236049286442394
E3_E1_006_s43,baseline,max_wind,HA0100_0004,1.2,0.05,1.2,0.035,0.8,0.02,0.8,0.02,25.0,4.58,7.75,12.0,1091718346.0,43,1092158863,0,7163.4893998259995,True,13201,0.05000000000001137,189836.6341540004,0.9534759400776461,2226.710172414726,708.781332855187,0.3378563297403964,173397.16221478092,0.872913010598565,2226.710172414726,708.781332855187,0.3170583825367219,28626.997701300308,0.15417446091896791,2352.0932647527247,598.3381181700083,0.051541106720683356,28626.997701300308,0.15417446091896791,2352.0932647527247,598.3381181700083,0.051541106720683356
E3_E1_006_s44,baseline,max_wind,HA0100_0004,1.2,0.05,1.2,0.035,0.8,0.02,0.8,0.02,25.0,4.58,7.75,12.0,1091718346.0,44,1092166782,0,8391.540798992,True,13201,0.05000000000001137,192075.891074941,0.9688992797719667,2238.5223431935565,830.2189577320441,0.33743390289608866,173540.20153866746,0.877088599991751,2238.5223431935565,830.2189577320441,0.3172151451731184,28036.791718505752,0.15038166431694983,2220.582781359212,480.4889939573788,0.04630443811916979,28036.791718505752,0.15038166431694983,2390.8309450880292,671.8726246838961,0.05170200582639598
E3_E1_006_s45,baseline,max_wind,HA0100_0004,1.2,0.05,1.2,0.035,0.8,0.02,0.8,0.02,25.0,4.58,7.75,12.0,1091718346.0,45,1092174701,0,7115.295084443001,True,13201,0.05000000000001137,191325.52612548432,0.963732912476665,2191.1891292292516,723.8835952728003,0.3375538303766045,173364.2553035811,0.8750089118926512,2191.1891292292516,723.8835952728003,0.31753284062928877,28075.75880794883,0.1516120235844344,2324.352982259196,589.5168958366288,0.0506327914575031,28075.75880794883,0.1516120235844344,2382.7037352734355,637.9681041537423,0.05066214774745518
E3_E1_006_s46,baseline,max_wind,HA0100_0004,1.2,0.05,1.2,0.035,0.8,0.02,0.8,0.02,25.0,4.58,7.75,12.0,1091718346.0,46,1092182620,0,11066.019693029,True,13201,0.05000000000001137,190557.1154399047,0.9583653384866258,2262.269104864945,888.9035477786869,0.34101930268056324,174043.23676322482,0.877031695013401,2262.269104864945,888.9035477786869,0.3206231009499644,27793.130905512626,0.1493168644199155,2233.0251318933974,443.2172022651815,0.04796870910900563,27793.130905512626,0.1493168644199155,2463.720272895907,727.31830865476,0.05439624061809871
E3_E1_006_s47,baseline,max_wind,HA0100_0004,1.2,0.05,1.2,0.035,0.8,0.02,0.8,0.02,25.0,4.58,7.75,12.0,1091718346.0,47,1092190539,0,7242.584214738999,True,13201,0.05000000000001137,191788.04730334305,0.9667064572342721,2196.455452447769,822.4115069946114,0.33824210915302816,173726.65531244176,0.8773740832990301,2196.455452447769,822.4115069946114,0.31815181593376757,28248.532802763406,0.15234200661808814,2241.811024819707,459.3006182768397,0.048122025565036614,28248.532802763406,0.15234200661808814,2477.81195617244,751.6527882663777,0.052826994969694334
E3_E1_006_s48,baseline,max_wind,HA0100_0004,1.2,0.05,1.2,0.035,0.8,0.02,0.8,0.02,25.0,4.58,7.75,12.0,1091718346.0,48,1092198458,0,5647.8665156219995,True,13201,0.05000000000001137,190682.07627383684,0.959606909119963,2220.1326681827404,812.5652168596301,0.3385378789879805,173387.83015170207,0.8742397320227353,2220.1326681827404,812.5652168596301,0.3184516789423741,28680.626703784335,0.15443013116841806,2198.5077037886563,433.4357695137526,0.04583004943693841,28680.626703784335,0.15443013116841806,2357.832405271537,630.8472776770121,0.05372132023765625
E3_E1_006_s49,baseline,max_wind,HA0100_0004,1.2,0.05,1.2,0.035,0.8,0.02,0.8,0.02,25.0,4.58,7.75,12.0,1091718346.0,49,1092206377,0,8452.059002762999,True,13201,0.05000000000001137,190627.60791468763,0.9594681733157241,2295.360042581669,656.4471343195961,0.3380974986201048,173140.75461815333,0.8731727922603051,2295.360042581669,656.4471343195961,0.3183732217857123,28037.317474665713,0.15070624226251003,2310.2546645915304,588.4556415447526,0.048001490812273936,28037.317474665713,0.15070624226251003,2368.1867071283164,681.4849756467015,0.05195658116342528
E3_E1_006_s5,baseline,max_wind,HA0100_0004,1.2,0.05,1.2,0.035,0.8,0.02,0.8,0.02,25.0,4.58,7.75,12.0,1091718346.0,5,1091757941,0,7024.509252343,True,13201,0.05000000000001137,192214.76871423805,0.9690215004114113,2258.43749985442,829.9430835749471,0.34270713670514186,174337.534950719,0.8809530196628501,2229.468589846695,829.9430835749471,0.3227600288885279,28573.701784728833,0.15407267038037242,2177.37745123658,415.42271614715975,0.0461556462931648,28573.701784728833,0.15407267038037242,2343.458551807805,626.5529808566206,0.05097974998334703
E3_E1_006_s50,baseline,max_wind,HA0100_0004,1.2,0.05,1.2,0.035,0.8,0.02,0.8,0.02,25.0,4.58,7.75,12.0,1091718346.0,50,1092214296,0,11306.292233583,True,13201,0.05000000000001137,191681.26158031586,0.9664121039045473,2254.4326055146335,851.9100439262593,0.3370552030040005,173543.72547974906,0.8766858185208277,2254.4326055146335,851.9100439262593,0.3165933310128705,27478.32112170228,0.1483355815481199,2208.141836998376,456.3798703592917,0.04771961221377917,27478.32112170228,0.1483355815481199,2427.2004034279516,740.0592673466989,0.05230029804885189
E3_E1_006_s51,baseline,max_wind,HA0100_0004,1.2,0.05,1.2,0.035,0.8,0.02,0.8,0.02,25.0,4.58,7.75,12.0,1091718346.0,51,1092222215,0,7106.568286408,True,13201,0.05000000000001137,190456.1720008244,0.958325380617653,2209.8358308898682,639.8936128507626,0.33810699091145646,173079.81491018666,0.8724257238007866,2209.8358308898682,639.8936128507626,0.31855141870421944,27891.444360666497,0.15037563295975556,2215.6033436700577,425.58205239798076,0.0498322698467926,27937.781544237136,0.15037563295975556,2427.3558690191608,680.5698670778322,0.05398463059958161
E3_E1_006_s52,baseline,max_wind,HA0100_0004,1.2,0.05,1.2,0.035,0.8,0.02,0.8,0.02,25.0,4.58,7.75,12.0,1091718346.0,52,1092230134,0,5173.983068768,True,13201,0.05000000000001137,190780.6069738953,0.9610024122311561,2221.4799174699842,764.0381071324028,0.34107053276304644,173532.92315173591,0.8755740285652229,2221.4799174699842,764.0381071324028,0.32170019850417975,27528.867571911553,0.14932041528415854,2227.745907336324,524.5338396668054,0.047873434973472476,27800.368002003794,0.14932041528415854,2466.5542283547416,735.6749948838872,0.05259356240206988
E3_E1_006_s53,baseline,max_wind,HA0100_0004,1.2,0.05,1.2,0.035,0.8,0.02,0.8,0.02,25.0,4.58,7.75,12.0,1091718346.0,53,1092238053,0,7186.195591652,True,13201,0.05000000000001137,191147.4492034581,0.9626472718843246,2229.6168976990944,849.5788106988405,0.341155338790859,173862.18226911707,0.8773747915502323,2229.6168976990944,849.5788106988405,0.3212325456745626,27917.20846241356,0.1516631899780896,2196.1537590574544,453.3919230495808,0.04684846945738523,28206.157047438744,0.1516631899780896,2410.8504622313317,680.8275994961036,0.05274848044764748
E3_E1_006_s54,baseline,max_wind,HA0100_0004,1.2,0.05,1.2,0.035,0.8,0.02,0.8,0.02,25.0,4.58,7.75,12.0,1091718346.0,54,1092245972,0,8018.7827748750005,True,13201,0.05000000000001137,192424.7935191652,0.971098472064549,2219.687104904903,777.569880881761,0.33957962059307595,173801.91191342642,0.8786952689045636,2201.3979130643866,777.569880881761,0.3197400456212283,27829.35926447596,0.14950169928753346,2253.8310582574545,481.07864193022306,0.047722028123466056,27829.35926447596,0.14950169928753346,2385.8143222560097,699.1832497793256,0.05234189934455577
E3_E1_006_s55,baseline,max_wind,HA0100_0004,1.2,0.05,1.2,0.035,0.8,0.02,0.8,0.02,25.0,4.58,7.75,12.0,1091718346.0,55,1092253891,0,10913.355195653,True,13201,0.05000000000001137,190916.85146352238,0.9615729984209869,2288.116373978951,809.8321351044156,0.3346209560805221,172724.75595840157,0.8716103489499555,2288.116373978951,809.8321351044156,0.3147706022965427,27299.838547461735,0.1474994248791947,2273.494209385886,536.3405951848605,0.0496808041901944,27419.490710463608,0.1474994248791947,2354.2811873089463,636.9114878358466,0.051454199767219023
E3_E1_006_s56,baseline,max_wind,HA0100_0004,1.2,0.05,1.2,0.035,0.8,0.02,0.8,0.02,25.0,4.58,7.75,12.0,1091718346.0,56,1092261810,0,8325.733883641,True,13201,0.05000000000001137,189111.54227127155,0.948948975730299,2309.7610216908206,694.7701480633038,0.33719929393505516,173010.85188325544,0.8703543985656567,2270.4180397866935,646.2910259176475,0.31628694727101164,28016.83408075109,0.1509590713097129,2205.582799641743,436.5171834618043,0.04879107326972191,28016.83408075109,0.1509590713097129,2366.9360161518694,609.7632548953744,0.05258735640977998
E3_E1_006_s57,baseline,max_wind,HA0100_0004,1.2,0.05,1.2,0.035,0.8,0.02,0.8,0.02,25.0,4.58,7.75,12.0,1091718346.0,57,1092269729,0,7135.732768045,True,13201,0.05000000000001137,189375.54186997088,0.9508003770808584,2304.3280151916338,636.3981494666695,0.3405835653093646,173388.41314817977,0.8729262454179824,2272.449173798037,636.3981494666695,0.3203060644496363,28515.558629440697,0.15260757152052581,2315.4286515578233,619.3512609156212,0.049462904347203386,28515.558629440697,0.15260757152052581,2349.049665969696,636.518752167437,0.050442885311717874
E3_E1_006_s58,baseline,max_wind,HA0100_0004,1.2,0.05,1.2,0.035,0.8,0.02,0.8,0.02,25.0,4.58,7.75,12.0,1091718346.0,58,1092277648,0,6277.302860201,True,13201,0.05000000000001137,191503.65380636504,0.9653015016082591,2184.882864036776,846.6371132332475,0.33977810296585226,173751.97374697067,0.8773076614251769,2184.882864036776,846.6371132332475,0.3199097037119853,27893.419997454792,0.1502081319230058,2196.3785602044127,452.45607800308113,0.04626968586553375,27893.419997454792,0.1502081319230058,2408.860752271756,683.5451749494304,0.05372962335651445
E3_E1_006_s59,baseline,max_wind,HA0100_0004,1.2,0.05,1.2,0.035,0.8,0.02,0.8,0.02,25.0,4.58,7.75,12.0,1091718346.0,59,1092285567,0,11000.62872483,True,13201,0.05000000000001137,190708.75040788975,0.9605101047368964,2211.013931408527,798.4770270852492,0.3370475020296557,173084.89748285917,0.8733063750757923,2211.013931408527,798.4770270852492,0.31731049770404335,27625.555632118798,0.14829257219489356,2277.5032102900855,481.2399265650582,0.04974160380821792,27625.555632118798,0.14829257219489356,2389.030453249516,665.6290075862869,0.05232525033949927
E3_E1_006_s6,baseline,max_wind,HA0100_0004,1.2,0.05,1.2,0.035,0.8,0.02,0.8,0.02,25.0,4.58,7.75,12.0,1091718346.0,6,1091765860,0,7307.510798227,True,13201,0.05000000000001137,190078.3508961313,0.9552566604523383,2394.444977491678,724.3178150760958,0.33760882995378527,173226.4247210654,0.8726290989032279,2394.444977491678,724.3178150760958,0.31703182752623876,28196.408907704335,0.15228980555268637,2190.1184320679727,404.3351402061384,0.04768753129671558,28196.408907704335,0.15228980555268637,2389.8188608416344,611.7518105911159,0.05249030059993308
E3_E1_006_s7,baseline,max_wind,HA0100_0004,1.2,0.05,1.2,0.035,0.8,0.02,0.8,0.02,25.0,4.58,7.75,12.0,1091718346.0,7,1091773779,0,6907.993821372,True,13201,0.05000000000001137,191359.16174546443,0.9649182877716023,2252.571601858853,930.6402390704324,0.33926462247759576,173481.15001344436,0.8762772875485272,2252.571601858853,930.6402390704324,0.3195611920194226,27795.498083588132,0.15028697419448253,2273.4903488835716,504.56375790773023,0.04679252393255071,27795.498083588132,0.15028697419448253,2367.470870709737,686.1319364714233,0.05214792971959663
E3_E1_006_s8,baseline,max_wind,HA0100_0004,1.2,0.05,1.2,0.035,0.8,0.02,0.8,0.02,25.0,4.58,7.75,12.0,1091718346.0,8,1091781698,0,7326.235426368001,True,13201,0.05000000000001137,190368.84691940143,0.9555329019779445,2250.932657250926,643.0863067907848,0.3410666132147236,174338.43198682758,0.8778605958605241,2215.1813627690854,643.0863067907848,0.3192131693955776,28125.61875947729,0.15235026875595462,2204.242179992465,458.16998717068606,0.047311720377099305,28180.437198566626,0.15239529359880238,2450.7014083155545,731.2157325691157,0.052968948483035704
E3_E1_006_s9,baseline,max_wind,HA0100_0004,1.2,0.05,1.2,0.035,0.8,0.02,0.8,0.02,25.0,4.58,7.75,12.0,1091718346.0,9,1091789617,0,7124.727528015999,True,13201,0.05000000000001137,189818.33802903196,0.9538492205706304,2250.2764857129973,712.808396223808,0.3364441934388128,172938.60118925,0.870902282966211,2250.2764857129973,712.808396223808,0.31608668712822124,29124.12833276168,0.15595998419049445,2190.6598359043905,403.19377164084904,0.048031562726760554,29124.12833276168,0.15595998419049445,2365.9439123626858,617.1806638374406,0.05323062414444397
E3_E1_007_s0,baseline,max_hs,HA0100_0038,1.2,0.05,1.2,0.035,0.8,0.02,0.8,0.02,25.0,7.4,12.95,8.0,249088148.0,0,249088148,0,7287.701061897999,True,13201,0.05000000000001137,189862.3576079246,0.9531574359345311,2283.0233747478287,741.382098862757,0.33741513288705327,173301.59797510132,0.8725577337505658,2283.0233747478287,741.382098862757,0.31629565808538945,29039.836457335638,0.1553807923806571,2623.606084746674,801.6290160398928,0.05204538442037423,29039.836457335638,0.1553807923806571,2623.606084746674,801.6290160398928,0.05509809516307477
E3_E1_007_s1,baseline,max_hs,HA0100_0038,1.2,0.05,1.2,0.035,0.8,0.02,0.8,0.02,25.0,7.4,12.95,8.0,249088148.0,1,249096067,0,7135.608888485,True,13201,0.05000000000001137,190338.94411130587,0.9578131023320157,2251.677740443708,653.0980933397739,0.3410896059815651,173590.24335384145,0.8752098329310017,2194.9803466326002,653.0980933397739,0.3213032488217826,28268.153023438917,0.1519786305085235,2277.6158700861265,476.81756866158486,0.04818349517154149,28268.153023438917,0.1519786305085235,2673.2052449562493,792.4526557729799,0.05239807797463417
E3_E1_007_s10,baseline,max_hs,HA0100_0038,1.2,0.05,1.2,0.035,0.8,0.02,0.8,0.02,25.0,7.4,12.95,8.0,249088148.0,10,249167338,0,8523.247536336,True,13201,0.05000000000001137,189682.04956521027,0.9527991810908018,2325.7763769567878,669.1860891623512,0.3412617438777676,173687.22732202098,0.874994142192262,2300.2142517489606,669.1860891623512,0.3206752359417162,27224.31217494349,0.14686519679458884,2192.03547359797,422.6154053982008,0.045636250265321185,27447.52384611781,0.14825199880986473,2822.8123989333953,902.1592585596218,0.054479024239283184
E3_E1_007_s11,baseline,max_hs,HA0100_0038,1.2,0.05,1.2,0.035,0.8,0.02,0.8,0.02,25.0,7.4,12.95,8.0,249088148.0,11,249175257,0,6996.287635461,True,13201,0.05000000000001137,190029.47970413012,0.9538846978762051,2457.9788540358095,844.2342281810464,0.3351939682362122,172903.32872724163,0.8707385941934244,2457.9788540358095,844.2342281810464,0.31388466734356274,27825.79782481488,0.1496756160940753,2198.728863449904,509.03235820611076,0.04657043144631687,28003.306625307006,0.1496756160940753,2628.133489794226,802.5964135950552,0.05293174456061176
E3_E1_007_s12,baseline,max_hs,HA0100_0038,1.2,0.05,1.2,0.035,0.8,0.02,0.8,0.02,25.0,7.4,12.95,8.0,249088148.0,12,249183176,0,10779.0715935,True,13201,0.05000000000001137,189035.32363737354,0.9487820697204883,2493.521353930461,804.4947489542108,0.3443229812476324,174238.18071823672,0.8771057897690122,2460.203593291457,804.4947489542108,0.323427113803256,27319.43796305628,0.14713934943160015,2358.9123225301637,609.3526161189947,0.04686112520659667,27421.41574750182,0.14713934943160015,2646.3596605040157,800.1438053000834,0.05364693461317141
E3_E1_007_s13,baseline,max_hs,HA0100_0038,1.2,0.05,1.2,0.035,0.8,0.02,0.8,0.02,25.0,7.4,12.95,8.0,249088148.0,13,249191095,0,6950.784803595001,True,13201,0.05000000000001137,190990.05476174166,0.9616272748420474,2276.540472368012,911.4249685407377,0.33897163249277296,173601.99299269196,0.875957931075817,2276.540472368012,911.4249685407377,0.31868101475817284,27929.805297444538,0.1499981060904909,2183.5023419478944,407.80325869438207,0.04594512919532723,27929.805297444538,0.15035209527574372,2839.964735836698,892.0812900086622,0.055266641951237164
E3_E1_007_s14,baseline,max_hs,HA0100_0038,1.2,0.05,1.2,0.035,0.8,0.02,0.8,0.02,25.0,7.4,12.95,8.0,249088148.0,14,249199014,0,6968.201653747,True,13201,0.05000000000001137,190718.66222390046,0.9605331311986753,2337.017453912018,862.0870326986469,0.3360794346312545,172727.35739579194,0.8717423345286391,2337.017453912018,862.0870326986469,0.31622938276114576,27946.746837219027,0.15031205938977016,2509.5955471368684,675.7229169207382,0.04766081592121279,27946.746837219027,0.15031205938977016,2641.045903644284,762.772576687261,0.053574843174549004
E3_E1_007_s15,baseline,max_hs,HA0100_0038,1.2,0.05,1.2,0.035,0.8,0.02,0.8,0.02,25.0,7.4,12.95,8.0,249088148.0,15,249206933,0,7253.236312512,True,13201,0.05000000000001137,190136.15485929415,0.9552926571706576,2275.436347153578,682.4610735863952,0.34169874888611984,174116.5393760159,0.8774233978854954,2275.436347153578,682.4610735863952,0.3205606286755728,28059.348794153917,0.1510409612002193,2203.284311973046,578.047415755315,0.04823402210475733,28459.81566313791,0.1510409612002193,3187.888566805303,1151.917389812374,0.054773419518192104
E3_E1_007_s16,baseline,max_hs,HA0100_0038,1.2,0.05,1.2,0.035,0.8,0.02,0.8,0.02,25.0,7.4,12.95,8.0,249088148.0,16,249214852,0,7081.346814648,True,13201,0.05000000000001137,189354.83023664105,0.9505981669697707,2291.8121324770423,629.3991263151478,0.33825658689015997,173154.56398781738,0.8716524259464378,2269.496479369007,629.3991263151478,0.31739363728923287,27677.224629626267,0.1492636371764496,2859.2112113876583,914.0291708198591,0.0521403124051261,27967.04522446862,0.1492636371764496,2859.2112113876583,948.850719794831,0.05300290107117704
E3_E1_007_s17,baseline,max_hs,HA0100_0038,1.2,0.05,1.2,0.035,0.8,0.02,0.8,0.02,25.0,7.4,12.95,8.0,249088148.0,17,249222771,0,6861.910976292999,True,13201,0.05000000000001137,190557.1075280875,0.9584717166558843,2265.5459971978403,642.771831858014,0.3416944512279919,173956.59498573683,0.8770486164389497,2185.5139551468064,642.771831858014,0.32161129091854174,27584.812444162166,0.14871699578527123,2175.9333969665013,401.5098298367012,0.046360833275147284,27584.812444162166,0.14871699578527123,2673.5993796479106,804.299194544296,0.052022654115154644
E3_E1_007_s18,baseline,max_hs,HA0100_0038,1.2,0.05,1.2,0.035,0.8,0.02,0.8,0.02,25.0,7.4,12.95,8.0,249088148.0,18,249230690,0,8728.003568413,True,13201,0.05000000000001137,188916.70655850903,0.9466554224811846,2528.6286906096498,764.130221924656,0.339702309315183,173488.82757519718,0.8734814344811255,2404.416364702032,637.7802840830238,0.31727166875260454,27703.202312141893,0.14908422689204967,2351.5853961590196,571.4367186779946,0.04778908890855445,27787.83470229067,0.14908422689204967,2649.8241270927197,769.001055677715,0.0523367310206541
E3_E1_007_s19,baseline,max_hs,HA0100_0038,1.2,0.05,1.2,0.035,0.8,0.02,0.8,0.02,25.0,7.4,12.95,8.0,249088148.0,19,249238609,0,7089.250427522999,True,13201,0.05000000000001137,189472.99140012512,0.9499491267781851,2359.4085428982885,658.6942977385246,0.34113191336879095,174038.5038694333,0.8758763221871532,2232.209649496817,633.6959976155832,0.3191392724127518,27912.588006497874,0.1508412187677958,2351.5034953822574,655.9136149477156,0.047553489990313634,28101.33434943725,0.1508412187677958,2726.215733696479,878.1798255455195,0.05546461849858235
E3_E1_007_s2,baseline,max_hs,HA0100_0038,1.2,0.05,1.2,0.035,0.8,0.02,0.8,0.02,25.0,7.4,12.95,8.0,249088148.0,2,249103986,0,6922.370424936001,True,13201,0.05000000000001137,190792.8646211787,0.9597267097131373,2266.3220395735266,826.6188500195912,0.338663397398118,173795.7478045076,0.876519653679375,2266.3220395735266,826.6188500195912,0.3175106282578774,27767.997237389514,0.1496042710284594,2340.516984609717,533.1643065601036,0.04701516143100164,27767.997237389514,0.1496042710284594,2967.0550763054875,1014.429829686886,0.054976992832251416
E3_E1_007_s20,baseline,max_hs,HA0100_0038,1.2,0.05,1.2,0.035,0.8,0.02,0.8,0.02,25.0,7.4,12.95,8.0,249088148.0,20,249246528,0,6873.766363846999,True,13201,0.05000000000001137,190824.41306940775,0.9603931937513445,2454.5616430039945,765.3167477645145,0.339696682184177,173711.5678498439,0.8760570728878081,2454.5616430039945,765.3167477645145,0.31922761541846545,27297.97109207408,0.14783418081863237,2189.935355604963,410.58389082801557,0.04848833532921529,27497.731891459483,0.14854456725039447,2557.0269990703105,738.8773351290506,0.05282959305169988
E3_E1_007_s21,baseline,max_hs,HA0100_0038,1.2,0.05,1.2,0.035,0.8,0.02,0.8,0.02,25.0,7.4,12.95,8.0,249088148.0,21,249254447,0,6866.076918944,True,13201,0.05000000000001137,190933.19336760783,0.9627869941691155,2388.366070775493,781.3858703025312,0.3392683342996732,173132.75318647057,0.8743777334195554,2388.366070775493,781.3858703025312,0.3199012050282489,27516.213528584525,0.14886100973786615,2319.8751485098783,697.9863709042361,0.04866570055688088,28355.288817533525,0.1518292794961086,2710.1669629799026,889.3404034187627,0.053420989614022675
E3_E1_007_s22,baseline,max_hs,HA0100_0038,1.2,0.05,1.2,0.035,0.8,0.02,0.8,0.02,25.0,7.4,12.95,8.0,249088148.0,22,249262366,0,8442.001514377,True,13201,0.05000000000001137,188990.55671696278,0.9469745986475249,2553.2631001978502,814.5521171354173,0.33598073845789805,172646.57665278183,0.8691732216626966,2425.9381628276947,630.4223024174905,0.3136786890733288,27851.475996409183,0.14981152757367971,2310.6924824203957,495.46754403663317,0.04614856587589784,27851.475996409183,0.14981152757367971,3233.7538640720854,1109.0379868044397,0.05454181026794002
E3_E1_007_s23,baseline,max_hs,HA0100_0038,1.2,0.05,1.2,0.035,0.8,0.02,0.8,0.02,25.0,7.4,12.95,8.0,249088148.0,23,249270285,0,7198.295483168,True,13201,0.05000000000001137,188454.4695106495,0.9433078609967331,2540.0026880749315,900.58139496096,0.3364497269323915,173082.4720676925,0.8695904891894124,2408.7389941370243,634.3541626832318,0.31418373227674967,28011.463434059988,0.15056726184556612,2226.6263248835235,462.624902542998,0.0465908043638415,28065.295244435893,0.15056726184556612,3185.494962779418,1109.9683233598398,0.05837267972845092
E3_E1_007_s24,baseline,max_hs,HA0100_0038,1.2,0.05,1.2,0.035,0.8,0.02,0.8,0.02,25.0,7.4,12.95,8.0,249088148.0,24,249278204,0,7036.996799826999,True,13201,0.05000000000001137,189450.87291025248,0.9504608427642474,2439.9937639669292,897.5587290096554,0.335510799121075,172966.53230486158,0.8705586169966326,2439.9937639669292,897.5587290096554,0.31376556458330296,28119.125281300832,0.15162818699781422,2337.6091164872255,517.0402481058477,0.04447275632070136,28119.125281300832,0.15162818699781422,2741.645212724712,862.3529300298934,0.053894956898871416
E3_E1_007_s25,baseline,max_hs,HA0100_0038,1.2,0.05,1.2,0.035,0.8,0.02,0.8,0.02,25.0,7.4,12.95,8.0,249088148.0,25,249286123,0,6950.144307784,True,13201,0.05000000000001137,191675.5484997261,0.965791252399915,2327.754706248876,958.4288367457858,0.33811829890826467,173733.79924597096,0.8774204683815466,2327.754706248876,958.4288367457858,0.3176120485345494,27397.79432223295,0.14789662596854375,2191.7696212771466,409.45402605248205,0.04719653275646371,27945.68162978762,0.14879930625710389,2574.4150056921617,737.0215328197315,0.05316670691589981
E3_E1_007_s26,baseline,max_hs,HA0100_0038,1.2,0.05,1.2,0.035,0.8,0.02,0.8,0.02,25.0,7.4,12.95,8.0,249088148.0,26,249294042,0,7073.29877287,True,13201,0.05000000000001137,191659.00683304243,0.9665537044938424,2352.5389630922473,904.8224460482073,0.33670985170956375,173258.9972853416,0.8755153183216362,2352.5389630922473,904.8224460482073,0.31664827888400143,27515.872957039584,0.1481038779588983,2205.3823651235084,444.43700407177766,0.04808657093754817,27515.872957039584,0.1481038779588983,2940.18432849584,937.7460483480403,0.05403074066364071
E3_E1_007_s27,baseline,max_hs,HA0100_0038,1.2,0.05,1.2,0.035,0.8,0.02,0.8,0.02,25.0,7.4,12.95,8.0,249088148.0,27,249301961,0,8941.944012225002,True,13201,0.05000000000001137,189386.51063777544,0.9502061722473968,2350.6180295191634,752.538448374221,0.33554603530059257,172681.93399051492,0.8690351618957263,2326.4677152542936,648.7280878309626,0.3145831955328711,27627.451032430272,0.14942340009921465,2277.8394825422247,535.7889971477805,0.046909442433708,28150.70726031804,0.15072625096348546,2964.8259301191856,955.8311291908841,0.05272559576032556
E3_E1_007_s28,baseline,max_hs,HA0100_0038,1.2,0.05,1.2,0.035,0.8,0.02,0.8,0.02,25.0,7.4,12.95,8.0,249088148.0,28,249309880,0,7444.484100469,True,13201,0.05000000000001137,191492.1282856568,0.9647081872134745,2197.8232268481916,757.8868631691965,0.34008734267916374,173718.0657580139,0.8769340241068594,2197.8232268481916,757.8868631691965,0.3203016110578201,27617.624654474614,0.14905989355019547,2256.027650651898,514.2588137075418,0.045786604181353795,28187.41296441189,0.15088379049637707,2608.5309908705467,795.3693956365155,0.05375267257619009
E3_E1_007_s29,baseline,max_hs,HA0100_0038,1.2,0.05,1.2,0.035,0.8,0.02,0.8,0.02,25.0,7.4,12.95,8.0,249088148.0,29,249317799,0,7208.894923961,True,13201,0.05000000000001137,190680.3147434661,0.9585365850510998,2241.354599327389,771.0791542462441,0.3376924661091724,173477.08689602828,0.8744604669766838,2241.354599327389,771.0791542462441,0.31655108611680366,27492.077681084844,0.1478300181906549,2327.089704947898,481.23357109368465,0.04822610263924971,27492.077681084844,0.1478300181906549,2992.3202088288976,987.5068509962624,0.05211476397998791
E3_E1_007_s3,baseline,max_hs,HA0100_0038,1.2,0.05,1.2,0.035,0.8,0.02,0.8,0.02,25.0,7.4,12.95,8.0,249088148.0,3,249111905,0,6894.729059398999,True,13201,0.05000000000001137,190247.6228180367,0.956106885386365,2269.0120749315115,707.0295296309672,0.3391350338706371,173480.23160895114,0.8739185872059548,2269.0120749315115,707.0295296309672,0.318492872577582,28002.78076849844,0.1502704405323434,2268.50299130908,409.2735016273695,0.047779375078768255,28002.78076849844,0.1502704405323434,2634.613065267683,797.4024362735792,0.05395733153693884
E3_E1_007_s30,baseline,max_hs,HA0100_0038,1.2,0.05,1.2,0.035,0.8,0.02,0.8,0.02,25.0,7.4,12.95,8.0,249088148.0,30,249425718,0,5770.128019635001,True,13201,0.05000000000001137,191246.76136331676,0.9627378350957839,2206.059049093064,839.8928604360685,0.34131244822798196,174110.41019031202,0.8784601472210364,2206.059049093064,839.8928604360685,0.32110896158606705,27544.075137548658,0.14879661130364247,2268.960194439766,477.56095536550134,0.04832828168365812,27576.215136007064,0.14879661130364247,2812.652322581112,877.2429043393573,0.05177146369545951
E3_E1_007_s31,baseline,max_hs,HA0100_0038,1.2,0.05,1.2,0.035,0.8,0.02,0.8,0.02,25.0,7.4,12.95,8.0,249088148.0,31,249433637,0,7475.3684989230005,True,13201,0.05000000000001137,191823.05839008736,0.9676227274093624,2330.3796618653237,721.1204747338694,0.3385791199834808,173535.04345133182,0.8769352995975773,2330.3796618653237,721.1204747338694,0.3183768975963731,27422.792809735776,0.1476227393060587,2285.3239018799222,514.4511939497227,0.05144104588742198,28155.39292021486,0.15062697637294034,2605.1573365169015,750.4424499995306,0.05375281623346856
E3_E1_007_s32,baseline,max_hs,HA0100_0038,1.2,0.05,1.2,0.035,0.8,0.02,0.8,0.02,25.0,7.4,12.95,8.0,249088148.0,32,249441556,0,9647.465336462,True,13201,0.05000000000001137,190480.18162725665,0.957076239608063,2387.9104409406805,652.3566910120841,0.3427452862877452,174169.6342258097,0.8782611258349629,2300.6090240093076,652.3566910120841,0.32160084036926706,27876.71491073094,0.15021976446805163,2290.784165911416,604.3402327790378,0.046916007835468156,27972.18235783168,0.15021976446805163,3055.5377186958062,875.0660161333967,0.059800092817734914
E3_E1_007_s33,baseline,max_hs,HA0100_0038,1.2,0.05,1.2,0.035,0.8,0.02,0.8,0.02,25.0,7.4,12.95,8.0,249088148.0,33,249449475,0,7328.5196773239995,True,13201,0.05000000000001137,190437.0417746886,0.9584972804923722,2168.7247383031645,682.1298292511665,0.33791047506078303,173121.69189545067,0.8728026591501802,2166.9200432683024,682.1298292511665,0.3180156624705817,27965.381699680453,0.15072430072147341,2282.590524775583,520.7244344183483,0.04749750541995103,27965.381699680453,0.15072430072147341,3034.3959568442324,1006.8862943759823,0.055924405780441465
E3_E1_007_s34,baseline,max_hs,HA0100_0038,1.2,0.05,1.2,0.035,0.8,0.02,0.8,0.02,25.0,7.4,12.95,8.0,249088148.0,34,249457394,0,7071.593977617,True,13201,0.05000000000001137,190296.92661696504,0.9545814999189497,2384.9685311839526,802.2241478414614,0.3398863525461595,173887.9061293005,0.8762445065944001,2371.4553327231406,802.2241478414614,0.3175463086045816,28118.28852934837,0.15186474644785952,2462.5582894943827,664.5912742120458,0.04754964721757301,28118.28852934837,0.15186474644785952,2866.3544484676213,934.9693429607925,0.05416699401010821
E3_E1_007_s35,baseline,max_hs,HA0100_0038,1.2,0.05,1.2,0.035,0.8,0.02,0.8,0.02,25.0,7.4,12.95,8.0,249088148.0,35,249465313,0,7570.0156031100005,True,13201,0.05000000000001137,188824.87850176284,0.9462643516619558,2493.08058487376,759.8485322957932,0.3395863447267847,173204.53847612484,0.871682386534443,2282.419867424403,644.2857133200308,0.318120301476252,28071.073985648454,0.1509679810691232,2391.4012128672357,609.3819365651566,0.04831421675387016,28071.073985648454,0.1509679810691232,2683.560988022654,800.3971210985438,0.054347157013823796
E3_E1_007_s36,baseline,max_hs,HA0100_0038,1.2,0.05,1.2,0.035,0.8,0.02,0.8,0.02,25.0,7.4,12.95,8.0,249088148.0,36,249473232,0,7195.143564397,True,13201,0.05000000000001137,189367.22045718879,0.9494869232559163,2357.407733869892,864.1380730513756,0.3375971344528681,173135.1454883883,0.8709503527200237,2357.407733869892,864.1380730513756,0.3163507902645846,27450.230233934803,0.1486101304980275,2264.5237710742786,497.6032628535538,0.046307318616005975,27639.289803993644,0.14869731312824022,2753.272157582161,861.9630283360536,0.05318265627304174
E3_E1_007_s37,baseline,max_hs,HA0100_0038,1.2,0.05,1.2,0.035,0.8,0.02,0.8,0.02,25.0,7.4,12.95,8.0,249088148.0,37,249481151,0,7489.224060994,True,13201,0.05000000000001137,189948.96361352594,0.9550445569569245,2281.5717094750235,677.1152652813715,0.33815984379632236,173072.3961306474,0.8721132913562006,2281.5717094750235,677.1152652813715,0.31817486047394944,27870.291546335655,0.14974374290985645,2440.6003078034432,655.2243574289877,0.048307964301209774,27870.291546335655,0.14974374290985645,3026.4093696057703,1007.5749808366818,0.053621170355012626
E3_E1_007_s38,baseline,max_hs,HA0100_0038,1.2,0.05,1.2,0.035,0.8,0.02,0.8,0.02,25.0,7.4,12.95,8.0,249088148.0,38,249489070,0,10026.999988718,True,13201,0.05000000000001137,190139.64247404298,0.9578634213439298,2319.787713847476,676.2138365538297,0.33831283533325407,172844.2484156046,0.87193701812084,2319.787713847476,676.2138365538297,0.31896875378743966,28089.30040742616,0.1506174448678881,2389.5277743173806,666.9295276141328,0.048459242371302585,28089.30040742616,0.1506174448678881,2740.2073308508225,867.0392399018994,0.05582771871931065
E3_E1_007_s39,baseline,max_hs,HA0100_0038,1.2,0.05,1.2,0.035,0.8,0.02,0.8,0.02,25.0,7.4,12.95,8.0,249088148.0,39,249496989,0,10219.056159725,True,13201,0.05000000000001137,186797.8344941069,0.9336084107424778,2923.7478615915948,1117.9412140447107,0.3349375701499565,172285.96199059527,0.8661068721025927,2537.346527787132,723.4491388989928,0.31148127138486764,27710.176621178096,0.14916007527661845,2211.289182531216,441.6464958873799,0.04782812279254578,27725.438511709574,0.14916007527661845,2762.8498076395304,883.9041728400626,0.0554051961185173
E3_E1_007_s4,baseline,max_hs,HA0100_0038,1.2,0.05,1.2,0.035,0.8,0.02,0.8,0.02,25.0,7.4,12.95,8.0,249088148.0,4,249119824,0,7201.453172236999,True,13201,0.05000000000001137,189361.56064751925,0.9485432252455641,2409.9755373622697,698.2196288761271,0.34309879291122636,174408.62395496102,0.8772345188134033,2228.549409504345,683.5907157094489,0.3205459150719872,27158.737756754355,0.14715998287675994,2300.5882765471474,619.9746176095895,0.04900837033978458,28031.730238935106,0.14945594165279177,2736.086063638488,862.7019886515924,0.05456076647227761
E3_E1_007_s40,baseline,max_hs,HA0100_0038,1.2,0.05,1.2,0.035,0.8,0.02,0.8,0.02,25.0,7.4,12.95,8.0,249088148.0,40,249504908,0,7349.829687942,True,13201,0.05000000000001137,190824.23025104852,0.9602046054501093,2439.0140249329843,729.672240856608,0.34391110646691364,174564.71148037346,0.880233453879528,2439.0140249329843,729.672240856608,0.32331034281711685,27873.728193682447,0.15001640547226924,2412.7795981653526,679.7462741496429,0.0474440850407424,27873.728193682447,0.15001640547226924,2623.546491705167,788.908936099544,0.05203604496124085
E3_E1_007_s41,baseline,max_hs,HA0100_0038,1.2,0.05,1.2,0.035,0.8,0.02,0.8,0.02,25.0,7.4,12.95,8.0,249088148.0,41,249512827,0,6936.678687015,True,13201,0.05000000000001137,190053.62702584875,0.9548897746874502,2257.967242170706,752.3740193843946,0.3365893968160804,173029.81099749796,0.8716768219817799,2257.967242170706,752.3740193843946,0.31575074301635536,27359.936608881435,0.1481538326109491,2176.8467013549503,472.69410877198953,0.04588761448033001,27722.111192258577,0.1481538326109491,3238.732887363964,1148.8031709246056,0.057423167128158155
E3_E1_007_s42,baseline,max_hs,HA0100_0038,1.2,0.05,1.2,0.035,0.8,0.02,0.8,0.02,25.0,7.4,12.95,8.0,249088148.0,42,249520746,0,10061.522903951,True,13201,0.05000000000001137,192127.6972101515,0.9710291988656833,2249.3459713800776,852.7103523525251,0.33531319404107013,172381.15740581817,0.8723265317032926,2249.3459713800776,852.7103523525251,0.31637582430724026,27632.557648922164,0.14912137615759152,2367.5276312307637,507.6475026403752,0.048956546622475824,27888.34083064032,0.15005335903866174,3129.110916212499,1086.3941022311121,0.0543359842143028
E3_E1_007_s43,baseline,max_hs,HA0100_0038,1.2,0.05,1.2,0.035,0.8,0.02,0.8,0.02,25.0,7.4,12.95,8.0,249088148.0,43,249528665,0,5779.141906867,True,13201,0.05000000000001137,191688.14969496825,0.966191489575453,2227.8256168468015,850.6176669482783,0.34103365179499484,174043.29825335214,0.8788971302577971,2227.8256168468015,850.6176669482783,0.32088082698290027,27484.968248298217,0.14780689352019674,2196.86343068415,412.9978815106368,0.0473164742009036,27484.968248298217,0.14780689352019674,2729.524258451923,809.8301329219947,0.05398441438826945
E3_E1_007_s44,baseline,max_hs,HA0100_0038,1.2,0.05,1.2,0.035,0.8,0.02,0.8,0.02,25.0,7.4,12.95,8.0,249088148.0,44,249536584,0,7233.683477241,True,13201,0.05000000000001137,192785.3983900449,0.9727434251207024,2374.126814513779,866.7278494969584,0.3421229456216531,173952.01304403497,0.8802020905179787,2374.126814513779,866.7278494969584,0.32264010844282337,27873.5542535874,0.14969489834759497,2421.352286957171,704.4976658950376,0.04770733097522115,27873.5542535874,0.14969489834759497,2766.997904393213,894.4817317171065,0.05333039590264882
E3_E1_007_s45,baseline,max_hs,HA0100_0038,1.2,0.05,1.2,0.035,0.8,0.02,0.8,0.02,25.0,7.4,12.95,8.0,249088148.0,45,249544503,0,11012.750870371,True,13201,0.05000000000001137,190854.99063451146,0.9615849168484703,2254.067404504682,641.8067031729879,0.34002438671253093,173289.80262473703,0.8746782038615858,2227.3006111278173,641.8067031729879,0.32057247154117474,28089.53917100983,0.15079637795387676,2340.628769399446,505.0010497252417,0.04911345724813085,28089.53917100983,0.15079637795387676,2832.571818808297,911.6697809651428,0.054533518299658086
E3_E1_007_s46,baseline,max_hs,HA0100_0038,1.2,0.05,1.2,0.035,0.8,0.02,0.8,0.02,25.0,7.4,12.95,8.0,249088148.0,46,249552422,0,11248.204762115001,True,13201,0.05000000000001137,195545.01830827803,0.9879285925264005,2629.0570741957126,1172.3245117856172,0.34376664716323446,174717.04729139476,0.8862996849166015,2629.0570741957126,1172.3245117856172,0.32400401215155494,28044.42209752814,0.15056623972696026,2309.2041075684983,511.53092128539953,0.049246487307793796,28044.42209752814,0.15056623972696026,2953.883731646001,976.9698066698868,0.05232657552842408
E3_E1_007_s47,baseline,max_hs,HA0100_0038,1.2,0.05,1.2,0.035,0.8,0.02,0.8,0.02,25.0,7.4,12.95,8.0,249088148.0,47,249560341,0,7023.4356245320005,True,13201,0.05000000000001137,188754.1028041343,0.9458923767088131,2482.619433298271,740.1066209513124,0.34098080620566584,173692.12362886075,0.8741020515150448,2366.419957798834,694.0943526164253,0.3189900512093131,27399.306719659777,0.14764458446916526,2260.0963024444814,477.3654100202721,0.049826156888796234,27618.766357229208,0.14894109686973211,2613.1049477366428,825.4012376035103,0.05227202980631353
E3_E1_007_s48,baseline,max_hs,HA0100_0038,1.2,0.05,1.2,0.035,0.8,0.02,0.8,0.02,25.0,7.4,12.95,8.0,249088148.0,48,249568260,0,7074.431210243,True,13201,0.05000000000001137,189662.2849479595,0.9514558797915369,2354.558668130573,714.7067015282803,0.33651846372884797,173162.2372814012,0.8714228647111412,2354.558668130573,631.1789480047438,0.31493911906433936,27306.72215217583,0.14743314611521435,2268.8448462057304,482.2965763347173,0.04898335248483471,27638.55920674292,0.14847732648792544,2694.4669317228554,796.7564146859524,0.05504684953342342
E3_E1_007_s49,baseline,max_hs,HA0100_0038,1.2,0.05,1.2,0.035,0.8,0.02,0.8,0.02,25.0,7.4,12.95,8.0,249088148.0,49,249576179,0,7408.594610373,True,13201,0.05000000000001137,191634.39173945299,0.966437017192707,2177.32336548046,759.7769174880694,0.3383179615257591,173327.57118294612,0.8757179509315978,2168.0661074465547,759.7769174880694,0.31852932776501736,27788.38312451454,0.1498126908543245,2319.9782555098336,559.9170965560942,0.04825165905817735,27788.38312451454,0.1498126908543245,2618.5914800376268,805.7988963595818,0.051670097652735864
E3_E1_007_s5,baseline,max_hs,HA0100_0038,1.2,0.05,1.2,0.035,0.8,0.02,0.8,0.02,25.0,7.4,12.95,8.0,249088148.0,5,249127743,0,7038.260078779,True,13201,0.05000000000001137,190165.32179813253,0.954859336689852,2453.673332616492,867.6296854021095,0.3352670259951908,173052.92737511778,0.8718328261972654,2453.673332616492,867.6296854021095,0.31372153266262803,28557.59504648114,0.15286718435092192,2265.1596049189075,488.4006107648172,0.049906653471336215,28557.59504648114,0.15286718435092192,2706.7963469002257,841.7544741843768,0.0519540624085927
E3_E1_007_s50,baseline,max_hs,HA0100_0038,1.2,0.05,1.2,0.035,0.8,0.02,0.8,0.02,25.0,7.4,12.95,8.0,249088148.0,50,249584098,0,6951.870851304,True,13201,0.05000000000001137,191392.70942164134,0.9641942340488446,2260.228296159011,840.3522709651098,0.33755604632087294,173365.566598478,0.87525689739594,2260.228296159011,840.3522709651098,0.3175162321204748,27672.83591044124,0.14949323258938602,2203.7363947975614,506.30489357801366,0.045629481401607316,27672.83591044124,0.14949323258938602,2894.818772089723,937.675385020785,0.05324579047777041
E3_E1_007_s51,baseline,max_hs,HA0100_0038,1.2,0.05,1.2,0.035,0.8,0.02,0.8,0.02,25.0,7.4,12.95,8.0,249088148.0,51,249592017,0,11195.603684199,True,13201,0.05000000000001137,190311.32790497734,0.9560329885205212,2431.27441616786,647.1088132557608,0.3445490082116615,174739.57134131054,0.8806556412339529,2319.9773868986845,647.1088132557608,0.32321480890536264,27337.270075672743,0.14754589259569303,2345.2655719128957,572.6275889124526,0.0463912904815513,27921.84186771156,0.15004215961485923,3029.40354729773,988.6618249398589,0.059455323901842494
E3_E1_007_s52,baseline,max_hs,HA0100_0038,1.2,0.05,1.2,0.035,0.8,0.02,0.8,0.02,25.0,7.4,12.95,8.0,249088148.0,52,249599936,0,7392.515708952999,True,13201,0.05000000000001137,191106.01886559965,0.9629449953922852,2265.976844972848,674.0638242361671,0.3388233582998357,173471.1597197194,0.8754435487702419,2265.976844972848,674.0638242361671,0.31901868856573107,27627.00753094608,0.14983341247983267,2272.024541564014,456.97149795782,0.0487838597319374,27627.00753094608,0.14983341247983267,3273.976487170282,1162.053320259606,0.053917041861311694
E3_E1_007_s53,baseline,max_hs,HA0100_0038,1.2,0.05,1.2,0.035,0.8,0.02,0.8,0.02,25.0,7.4,12.95,8.0,249088148.0,53,249607855,0,7046.485218971,True,13201,0.05000000000001137,191094.17577989574,0.9624616671068871,2414.7248063647903,951.0139896785886,0.3359188636000985,172949.0598813738,0.873189416147428,2414.7248063647903,951.0139896785886,0.31575165284808204,27880.193835709888,0.1494264215391249,2540.0395383984173,670.2181462377757,0.0539234686334231,27880.193835709888,0.1494264215391249,2667.706593453929,803.5990156791825,0.0539234686334231
E3_E1_007_s54,baseline,max_hs,HA0100_0038,1.2,0.05,1.2,0.035,0.8,0.02,0.8,0.02,25.0,7.4,12.95,8.0,249088148.0,54,249615774,0,6948.2695946329995,True,13201,0.05000000000001137,192884.72561654315,0.9745799776824949,2762.4504059458727,1282.6936922973834,0.3347889649510807,173122.0162932539,0.8764729477706957,2762.4504059458727,1282.6936922973834,0.31472996735305275,27697.064882450835,0.14902841243130177,2372.6405925811796,537.0312308390608,0.050018062384411185,27845.466749615895,0.14902841243130177,2569.813722984756,778.3451372867667,0.05270002465585121
E3_E1_007_s55,baseline,max_hs,HA0100_0038,1.2,0.05,1.2,0.035,0.8,0.02,0.8,0.02,25.0,7.4,12.95,8.0,249088148.0,55,249623693,0,10210.578491251,True,13201,0.05000000000001137,194472.0297880915,0.9822818634400216,2570.4891515185654,840.9008801998124,0.3436151416841353,174128.4524861404,0.8827857985093824,2364.923827026726,840.9008801998124,0.32416494262174894,28750.456124292486,0.1539459086690499,2225.01926558814,415.46170654649086,0.047802853518145796,28750.456124292486,0.1539459086690499,2783.2826439838545,890.6114578529167,0.052925662974700395
E3_E1_007_s56,baseline,max_hs,HA0100_0038,1.2,0.05,1.2,0.035,0.8,0.02,0.8,0.02,25.0,7.4,12.95,8.0,249088148.0,56,249631612,0,10021.702539296,True,13201,0.05000000000001137,192337.58368484696,0.9713548389137945,2567.829131036622,1183.6285818184094,0.33498468149405847,172977.50175043225,0.8753018126702137,2567.829131036622,1183.6285818184094,0.31484861643758477,27693.983044361707,0.1501496428378556,2248.5984308613615,470.0418303345047,0.050260277580855474,27882.09030446242,0.1501496428378556,2769.307451594532,917.7998387232743,0.05372359196763596
E3_E1_007_s57,baseline,max_hs,HA0100_0038,1.2,0.05,1.2,0.035,0.8,0.02,0.8,0.02,25.0,7.4,12.95,8.0,249088148.0,57,249639531,0,7314.064442864999,True,13201,0.05000000000001137,193924.17556326964,0.978769490035417,2592.1263100203255,982.6974696430269,0.3447512126796904,174422.2029178861,0.8834967286196301,2592.1263100203255,982.6974696430269,0.3254186361960929,27322.00319389171,0.14813851532789174,2287.804568751014,573.8743027507848,0.04726656837449318,27357.024047313877,0.14813851532789174,2806.0765648272495,904.4096987170067,0.05334338370807225
E3_E1_007_s58,baseline,max_hs,HA0100_0038,1.2,0.05,1.2,0.035,0.8,0.02,0.8,0.02,25.0,7.4,12.95,8.0,249088148.0,58,249647450,0,8599.372027689999,True,13201,0.05000000000001137,191656.75351295253,0.9671496773352193,2293.066905861506,805.0539542660733,0.3384248216412939,173184.01512331926,0.8751888644109574,2293.066905861506,805.0539542660733,0.31901486247709565,27081.790499693903,0.14622600394743146,2372.2294698060145,586.4707268485737,0.04875660418287752,27406.74603658573,0.14791127198492693,2718.1048815319964,876.6838520734323,0.05306010310159118
E3_E1_007_s59,baseline,max_hs,HA0100_0038,1.2,0.05,1.2,0.035,0.8,0.02,0.8,0.02,25.0,7.4,12.95,8.0,249088148.0,59,249655369,0,8805.325732376,True,13201,0.05000000000001137,190229.3786743607,0.9554148776491623,2233.7809769429227,752.5718498094712,0.3382967963705281,173355.56083330588,0.8731720502374399,2223.697557648199,752.5718498094712,0.31771197889191766,27335.26228868253,0.1472559275879121,2176.4397163281274,423.2039356893584,0.04528317573503945,28051.904514476395,0.1498080002054092,2920.2453336091758,963.7960952020686,0.05400119171507997
E3_E1_007_s6,baseline,max_hs,HA0100_0038,1.2,0.05,1.2,0.035,0.8,0.02,0.8,0.02,25.0,7.4,12.95,8.0,249088148.0,6,249135662,0,7115.752362678,True,13201,0.05000000000001137,188740.87755952758,0.9464064546630209,2418.2608939648867,729.0171195047216,0.33764350033765456,172992.48343302964,0.8704079812273731,2375.1543973815005,636.148235650107,0.3160263362584604,27345.471176536466,0.14726738543726306,2197.770064184254,471.952164085078,0.0457390491848217,27646.87490609161,0.14726738543726306,2993.696246609194,1001.5593442302463,0.05616940358911659
E3_E1_007_s7,baseline,max_hs,HA0100_0038,1.2,0.05,1.2,0.035,0.8,0.02,0.8,0.02,25.0,7.4,12.95,8.0,249088148.0,7,249143581,0,7853.875150379,True,13201,0.05000000000001137,189892.57185068738,0.9539182797585655,2316.0530499021347,639.2269091830948,0.3402812911614176,173451.77545132133,0.8741377899229549,2249.647693982746,639.2269091830948,0.3197810222685325,27576.0087410191,0.14870373670399972,2246.915440254579,483.155969353764,0.0488524235738779,27616.660737381768,0.14870373670399972,2550.7178046706213,725.8532600174674,0.053380951441026926
E3_E1_007_s8,baseline,max_hs,HA0100_0038,1.2,0.05,1.2,0.035,0.8,0.02,0.8,0.02,25.0,7.4,12.95,8.0,249088148.0,8,249151500,0,7070.027026886999,True,13201,0.05000000000001137,190994.7871096304,0.9615642524092246,2244.3614130475885,646.8093344667791,0.33776576294894284,173226.7540590087,0.8742720029238097,2244.3614130475885,646.8093344667791,0.31768913198304227,28505.74402049744,0.15301659618264107,2384.5280631729597,630.4350367107393,0.04851871557812386,28505.74402049744,0.15301659618264107,2736.1564432097794,887.5870957512675,0.05301599810751568
E3_E1_007_s9,baseline,max_hs,HA0100_0038,1.2,0.05,1.2,0.035,0.8,0.02,0.8,0.02,25.0,7.4,12.95,8.0,249088148.0,9,249159419,0,6975.425552863,True,13201,0.05000000000001137,188394.25166636836,0.9428307509656014,2580.9175369538684,905.5633628204209,0.3359672568294744,172725.3866296709,0.8681821399700421,2429.8677820691314,630.201296906865,0.3134636997760635,28001.9770846177,0.15098866464918814,2330.30675320152,566.1033673291911,0.0500986931887593,28001.9770846177,0.15098866464918814,2814.35142757831,883.2797417764194,0.053448431581275435
E3_E1_008_s0,baseline,max_angle,HA0100_0018,1.2,0.05,1.2,0.035,0.8,0.02,0.8,0.02,4.53,0.86,10.5,178.0,120015001.0,0,120015001,0,6990.714538816001,True,13201,0.05000000000001137,28437.432660679468,0.13870531723027568,2136.5203141968213,547.4567082707595,0.047075573168658874,23713.670026864664,0.12000239593226555,2136.5203141968213,547.4567082707595,0.04355227887116873,9932.799096947667,0.04848258965990842,2140.9441559957045,335.1902740968874,0.01681837398409191,9932.799096947667,0.04848258965990842,2164.3792131039145,370.9909391430804,0.01756495207761121
E3_E1_008_s1,baseline,max_angle,HA0100_0018,1.2,0.05,1.2,0.035,0.8,0.02,0.8,0.02,4.53,0.86,10.5,178.0,120015001.0,1,120022920,0,7330.273308514001,True,13201,0.05000000000001137,28684.327637882277,0.13997790493478562,2140.381804493994,545.6255974229672,0.04779395143077936,23740.88999720664,0.12049104876081836,2133.5122868310164,545.6255974229672,0.04381363424043162,9976.156473821193,0.04869164631960802,2130.8129100304764,337.7129443910564,0.0170373559428641,9976.156473821193,0.04869164631960802,2157.548670959437,367.52568704298676,0.017368166879561883
E3_E1_008_s10,baseline,max_angle,HA0100_0018,1.2,0.05,1.2,0.035,0.8,0.02,0.8,0.02,4.53,0.86,10.5,178.0,120015001.0,10,120094191,0,6794.371643747,True,13201,0.05000000000001137,28197.173127592436,0.13745247597429738,2139.1293022457953,547.9659016879576,0.04644662983599909,23747.039117103577,0.11979763673140126,2139.1293022457953,547.9659016879576,0.043393376252460335,10051.464276779123,0.049043666019903495,2143.226556436007,351.9527343001932,0.017073396126211057,10051.464276779123,0.049043666019903495,2160.20342932178,365.8749691141139,0.01729421557870621
E3_E1_008_s11,baseline,max_angle,HA0100_0018,1.2,0.05,1.2,0.035,0.8,0.02,0.8,0.02,4.53,0.86,10.5,178.0,120015001.0,11,120102110,0,7072.767719461999,True,13201,0.05000000000001137,28376.442339157347,0.13835053272988718,2139.9766228385274,546.3542081199423,0.04759553869507708,23857.928843511083,0.1206026456292423,2139.9766228385274,546.3542081199423,0.04435124369746796,9993.325211388705,0.0480971968648938,2161.9936390494568,383.6786988883132,0.01749544755594292,9993.325211388705,0.0480971968648938,2175.795236149169,383.6786988883132,0.01749544755594292
E3_E1_008_s12,baseline,max_angle,HA0100_0018,1.2,0.05,1.2,0.035,0.8,0.02,0.8,0.02,4.53,0.86,10.5,178.0,120015001.0,12,120110029,0,8520.772098803001,True,13201,0.05000000000001137,28179.108031165266,0.13730657362574175,2162.2942236047306,548.1829332367045,0.04616775684364556,23680.678810178317,0.11950855781575885,2162.2942236047306,548.1829332367045,0.044095190622440515,9697.996423875795,0.047071861027902846,2144.3292478136614,341.01267258658487,0.017319966998311762,9723.419083867604,0.047071861027902846,2165.005887964965,366.7127244462608,0.0175379539877414
E3_E1_008_s13,baseline,max_angle,HA0100_0018,1.2,0.05,1.2,0.035,0.8,0.02,0.8,0.02,4.53,0.86,10.5,178.0,120015001.0,13,120117948,0,7488.427448645999,True,13201,0.05000000000001137,28336.709832153058,0.13808503428490146,2145.249847384682,549.5657339417066,0.046968164288800275,23924.35875277637,0.12073717662278236,2145.249847384682,549.5657339417066,0.04401241004519866,10031.117913930746,0.04894762107019525,2138.8125451102833,320.4734179620319,0.017113230960769256,10031.117913930746,0.04894762107019525,2152.2109989007513,361.8572392557923,0.01743309907136668
E3_E1_008_s14,baseline,max_angle,HA0100_0018,1.2,0.05,1.2,0.035,0.8,0.02,0.8,0.02,4.53,0.86,10.5,178.0,120015001.0,14,120125867,0,7259.374166935,True,13201,0.05000000000001137,28710.1941553294,0.1401353379610656,2140.779940749326,549.5649776635378,0.047848901765906074,23821.003906111975,0.12081486328796341,2138.0041493456793,549.5649776635378,0.04420482717374841,9837.863737542792,0.048020507930750696,2129.1651130422943,330.3655134759035,0.016620340774432675,9849.645117977343,0.048020507930750696,2163.941773090703,366.50807896537646,0.017390140394878694
E3_E1_008_s15,baseline,max_angle,HA0100_0018,1.2,0.05,1.2,0.035,0.8,0.02,0.8,0.02,4.53,0.86,10.5,178.0,120015001.0,15,120133786,0,6856.4365522610005,True,13201,0.05000000000001137,28176.515492040053,0.13733789524676648,2139.4163003625245,549.2459458822137,0.04652619979451079,23854.32601430821,0.12022772927995927,2139.4163003625245,549.2459458822137,0.043520912086702335,9927.29265983522,0.04843734241009058,2127.243884452197,330.0774437770408,0.01673079701082575,9927.29265983522,0.04843734241009058,2167.970817532954,371.7905171493143,0.017478495541250718
E3_E1_008_s16,baseline,max_angle,HA0100_0018,1.2,0.05,1.2,0.035,0.8,0.02,0.8,0.02,4.53,0.86,10.5,178.0,120015001.0,16,120141705,0,7032.982271317001,True,13201,0.05000000000001137,28298.31250033581,0.13791139125929944,2135.9687030794385,547.5262908699907,0.047011552753723096,23732.771062455777,0.11992448310671643,2131.2430270245177,547.5262908699907,0.043796295051509344,9974.293353524949,0.04868245787216615,2134.2379831501153,331.8494684927092,0.01739524564391755,9974.293353524949,0.04868245787216615,2157.3447981785607,364.14572982522645,0.01739524564391755
E3_E1_008_s17,baseline,max_angle,HA0100_0018,1.2,0.05,1.2,0.035,0.8,0.02,0.8,0.02,4.53,0.86,10.5,178.0,120015001.0,17,120149624,0,7419.613329082001,True,13201,0.05000000000001137,28568.83502180474,0.1392558289772143,2139.7191390598114,546.2984004337977,0.047861083334521,23883.98160807994,0.12092674162985133,2139.7191390598114,546.2984004337977,0.0441887179832218,9933.031983570958,0.048456904460675826,2136.7322556636204,337.6085578869648,0.01671270795293583,10058.353263710314,0.048456904460675826,2160.190104214131,372.4230870847084,0.01722798809729382
E3_E1_008_s18,baseline,max_angle,HA0100_0018,1.2,0.05,1.2,0.035,0.8,0.02,0.8,0.02,4.53,0.86,10.5,178.0,120015001.0,18,120157543,0,6995.606776681,True,13201,0.05000000000001137,28801.011137629634,0.14051763297557723,2162.988062163824,548.3229116046234,0.04810389284622362,23703.46798284663,0.12050643600764047,2152.902214440843,548.3229116046234,0.0439859374322575,9761.37508324641,0.047635141711965666,2141.9853632979343,337.5862512222087,0.017045806454518992,9788.783077177091,0.047635141711965666,2156.4891112442056,365.2514903236888,0.01735210810421238
E3_E1_008_s19,baseline,max_angle,HA0100_0018,1.2,0.05,1.2,0.035,0.8,0.02,0.8,0.02,4.53,0.86,10.5,178.0,120015001.0,19,120165462,0,7015.957948372001,True,13201,0.05000000000001137,28561.70002582766,0.1393821422222619,2138.896059082361,550.9417264581501,0.04743048855390143,23783.781733987526,0.12048408011986135,2134.8203112437864,550.9417264581501,0.04392997198308539,10020.302430420143,0.04891124115822547,2141.919267172191,354.3374760301835,0.017017161379455643,10020.302430420143,0.04891124115822547,2163.3838279284732,367.06628231167974,0.017338034719112414
E3_E1_008_s2,baseline,max_angle,HA0100_0018,1.2,0.05,1.2,0.035,0.8,0.02,0.8,0.02,4.53,0.86,10.5,178.0,120015001.0,2,120030839,0,8387.246935673,True,13201,0.05000000000001137,28454.997654865183,0.13872997865161232,2143.5259110394427,545.0019771026367,0.04736952671721429,23805.823089961814,0.12043491165556164,2143.5259110394427,545.0019771026367,0.04384997427510155,10030.326243901749,0.048942116048695875,2142.6757679434786,332.17642086502246,0.017317028607649772,10030.326243901749,0.048942116048695875,2158.692427639822,364.39883699091916,0.017400372720733845
E3_E1_008_s20,baseline,max_angle,HA0100_0018,1.2,0.05,1.2,0.035,0.8,0.02,0.8,0.02,4.53,0.86,10.5,178.0,120015001.0,20,120173381,0,7047.012387512,True,13201,0.05000000000001137,28438.653322841656,0.13873715096848785,2156.2247580282506,551.0230207115854,0.04711676934078351,23785.52433823227,0.12029950612067587,2156.2247580282506,551.0230207115854,0.04363753845505913,9860.012501831969,0.048130556034618376,2129.571390799137,332.2452253618829,0.017098146814203748,9860.012501831969,0.048130556034618376,2162.6117391134217,361.8360570163273,0.017424597479346975
E3_E1_008_s21,baseline,max_angle,HA0100_0018,1.2,0.05,1.2,0.035,0.8,0.02,0.8,0.02,4.53,0.86,10.5,178.0,120015001.0,21,120181300,0,8576.376262504999,True,13201,0.05000000000001137,28744.371018343485,0.14024759473779752,2132.5875721252683,547.8321962779454,0.04818741771544607,24038.08032476169,0.12176095421168516,2132.389129176192,547.8321962779454,0.04421544467130807,9997.634239333576,0.04879067302329647,2140.417975115405,335.59289137324345,0.017136406870620787,9997.634239333576,0.04879067302329647,2161.389928371183,359.63240608621544,0.017397932286785378
E3_E1_008_s22,baseline,max_angle,HA0100_0018,1.2,0.05,1.2,0.035,0.8,0.02,0.8,0.02,4.53,0.86,10.5,178.0,120015001.0,22,120189219,0,6933.579270069999,True,13201,0.05000000000001137,28179.580093409935,0.13735944180499007,2134.001202259779,544.8456156582893,0.04640322057937196,23596.880790901712,0.11922447382034122,2134.001202259779,544.8456156582893,0.04351462657248576,9811.955107168418,0.04789007317982248,2140.908000367874,333.9960285362383,0.016909288973346252,9811.955107168418,0.04789007317982248,2158.139495897956,357.0010329570755,0.017457242403223962
E3_E1_008_s23,baseline,max_angle,HA0100_0018,1.2,0.05,1.2,0.035,0.8,0.02,0.8,0.02,4.53,0.86,10.5,178.0,120015001.0,23,120197138,0,7312.38228109,True,13201,0.05000000000001137,28525.109837613694,0.1391960769493388,2162.869550793728,549.7640349826614,0.04684660430820291,23583.476241363678,0.11960249781005848,2123.8997495306216,549.7640349826614,0.044023660638089504,10054.525009209538,0.04843849986863365,2136.213707867898,336.38065593216606,0.0170502167206428,10054.525009209538,0.04843849986863365,2158.5907707945926,355.9196048655475,0.0173134019305026
E3_E1_008_s24,baseline,max_angle,HA0100_0018,1.2,0.05,1.2,0.035,0.8,0.02,0.8,0.02,4.53,0.86,10.5,178.0,120015001.0,24,120205057,0,7482.577016865,True,13201,0.05000000000001137,28721.62744356529,0.14010783144373437,2156.4209989996953,549.9667778392621,0.047860508380975934,23824.15907512367,0.12083447543413582,2142.3275304486747,549.9667778392621,0.04378124512362167,9943.443767310468,0.048514955024724034,2149.1001677838285,333.67542040908677,0.016749088979432447,9943.443767310468,0.048514955024724034,2162.055715889295,370.5733353221126,0.017393371303321258
E3_E1_008_s25,baseline,max_angle,HA0100_0018,1.2,0.05,1.2,0.035,0.8,0.02,0.8,0.02,4.53,0.86,10.5,178.0,120015001.0,25,120212976,0,7327.807579918999,True,13201,0.05000000000001137,28501.811174836355,0.13898117677985503,2140.14417102303,545.7014357409856,0.047741027403065316,23896.245084085433,0.12086816305018876,2140.14417102303,545.7014357409856,0.04428237956486293,9952.052122119658,0.04857721697707372,2136.568243260844,342.7031904516756,0.016441933190262298,9952.052122119658,0.04857721697707372,2162.345055730958,366.2249725232148,0.01740540111268688
E3_E1_008_s26,baseline,max_angle,HA0100_0018,1.2,0.05,1.2,0.035,0.8,0.02,0.8,0.02,4.53,0.86,10.5,178.0,120015001.0,26,120220895,0,6922.588890136,True,13201,0.05000000000001137,28417.118521830802,0.13854275645880457,2145.3705763881135,543.1228647566993,0.04768750122513787,23855.068703364304,0.12064273103045584,2145.3705763881135,543.1228647566993,0.044347285339510205,9819.61265120029,0.04792302694209305,2151.73220307593,347.8680132768191,0.01688415926683394,9819.61265120029,0.04792302694209305,2153.2488757642964,355.30367154264326,0.017570672077964505
E3_E1_008_s27,baseline,max_angle,HA0100_0018,1.2,0.05,1.2,0.035,0.8,0.02,0.8,0.02,4.53,0.86,10.5,178.0,120015001.0,27,120228814,0,7175.704882552,True,13201,0.05000000000001137,28688.45788400665,0.1399947434700435,2151.19092683651,552.2337345439746,0.04767588017748924,23812.178595751644,0.12075315774573603,2149.3888598960834,552.2337345439746,0.04382984162951144,10103.809046213522,0.04932732897823197,2137.814867001013,337.2272245000927,0.01759761208947924,10103.809046213522,0.04932732897823197,2151.4840743226937,361.00526023383736,0.01759761208947924
E3_E1_008_s28,baseline,max_angle,HA0100_0018,1.2,0.05,1.2,0.035,0.8,0.02,0.8,0.02,4.53,0.86,10.5,178.0,120015001.0,28,120236733,0,7316.0685654750005,True,13201,0.05000000000001137,28531.247167721474,0.13923094225622276,2130.7726403891775,546.4234964654904,0.04751786589167942,23812.31790625027,0.12056215169758325,2130.7726403891775,546.4234964654904,0.04381706525788123,9845.35301670504,0.04804071968845135,2130.708942597559,340.78350819578594,0.01651633508011969,9845.35301670504,0.04804071968845135,2172.397186364513,374.24317997717003,0.01751785167801591
E3_E1_008_s29,baseline,max_angle,HA0100_0018,1.2,0.05,1.2,0.035,0.8,0.02,0.8,0.02,4.53,0.86,10.5,178.0,120015001.0,29,120244652,0,7777.177444870001,True,13201,0.05000000000001137,28182.840033754866,0.1373518445743488,2131.7145458819095,547.7561537711116,0.04660373360493137,23756.898242505133,0.11988677454411115,2131.7145458819095,547.7561537711116,0.04353980577868559,9795.015284092044,0.047820218633359175,2125.1124658065155,331.7589071731121,0.016764556762578965,9795.015284092044,0.047820218633359175,2156.155673825883,359.95446523420304,0.01750239016171666
E3_E1_008_s3,baseline,max_angle,HA0100_0018,1.2,0.05,1.2,0.035,0.8,0.02,0.8,0.02,4.53,0.86,10.5,178.0,120015001.0,3,120038758,0,7047.857446482,True,13201,0.05000000000001137,28095.367858627993,0.13692476323318922,2153.400904569756,551.4435422659133,0.046181450647798945,23676.44512938635,0.11941608253048597,2134.901081254555,551.4435422659133,0.04327352619165599,9742.808430718935,0.047469751890134776,2146.922002137844,346.4805001202179,0.017669481331768076,9804.854782227134,0.047469751890134776,2162.60985385465,361.7594758578931,0.017669481331768076
E3_E1_008_s30,baseline,max_angle,HA0100_0018,1.2,0.05,1.2,0.035,0.8,0.02,0.8,0.02,4.53,0.86,10.5,178.0,120015001.0,30,120352571,0,7579.518195214,True,13201,0.05000000000001137,28324.038730785454,0.1380902243532647,2161.2290695909105,555.3303753843921,0.046811759297862895,23785.980966013063,0.12016473576576302,2161.2290695909105,555.3303753843921,0.043486890689701616,9873.603929165502,0.048183207216681824,2154.119333653249,355.5200393684078,0.017732047757521397,9873.603929165502,0.048183207216681824,2155.24375872268,359.93553113528117,0.017732047757521397
E3_E1_008_s31,baseline,max_angle,HA0100_0018,1.2,0.05,1.2,0.035,0.8,0.02,0.8,0.02,4.53,0.86,10.5,178.0,120015001.0,31,120360490,0,10994.303464344,True,13201,0.05000000000001137,28248.342809393165,0.1375616770737806,2133.371296688368,545.8823999628398,0.04699956796361826,23883.342130960213,0.12048595851916967,2133.371296688368,545.8823999628398,0.044011828320659585,10097.795373896897,0.04929955061137921,2138.14792489336,337.728664449792,0.016752996808033757,10097.795373896897,0.04929955061137921,2163.7959840331514,371.301861737301,0.017388320755099683
E3_E1_008_s32,baseline,max_angle,HA0100_0018,1.2,0.05,1.2,0.035,0.8,0.02,0.8,0.02,4.53,0.86,10.5,178.0,120015001.0,32,120368409,0,10927.836290143001,True,13201,0.05000000000001137,28622.929366708493,0.1396479422819413,2140.6604325581657,544.3364517873714,0.04765591665291649,23714.656216222542,0.12030444293539418,2140.6604325581657,544.3364517873714,0.04402258570282519,10035.57063586789,0.048998948142117756,2133.7188798566676,340.9752914474553,0.017165893258092958,10035.57063586789,0.048998948142117756,2158.958845928093,364.5990316584737,0.017271880009530047
E3_E1_008_s33,baseline,max_angle,HA0100_0018,1.2,0.05,1.2,0.035,0.8,0.02,0.8,0.02,4.53,0.86,10.5,178.0,120015001.0,33,120376328,0,7698.203529324,True,13201,0.05000000000001137,28378.573838501026,0.13839365771686332,2142.8559065349627,542.8497154634688,0.04708943316944285,23707.22520510722,0.11994829966719261,2142.8559065349627,542.8497154634688,0.0436698189358242,9863.220499591125,0.04812852697228872,2129.471809046262,341.0382748236674,0.017231095086943263,9863.220499591125,0.04812852697228872,2157.469292212367,360.2764279257147,0.01738641508099219
E3_E1_008_s34,baseline,max_angle,HA0100_0018,1.2,0.05,1.2,0.035,0.8,0.02,0.8,0.02,4.53,0.86,10.5,178.0,120015001.0,34,120384247,0,7092.918086674001,True,13201,0.05000000000001137,28337.014075972984,0.1380639754624239,2154.7535875025023,548.754396962122,0.047222962769264944,23944.262758105942,0.12083698491556218,2154.7535875025023,548.754396962122,0.04404835613756919,10030.391479817694,0.04893433005488563,2138.493709359231,331.04416186740224,0.0169692403491501,10030.391479817694,0.04893433005488563,2151.0858283993052,358.53244929644313,0.017511990055941118
E3_E1_008_s35,baseline,max_angle,HA0100_0018,1.2,0.05,1.2,0.035,0.8,0.02,0.8,0.02,4.53,0.86,10.5,178.0,120015001.0,35,120392166,0,7027.545220658,True,13201,0.05000000000001137,28356.844304772887,0.13823154909358024,2138.4601760098444,549.233181176469,0.046997705512833575,23779.9582703146,0.12019195765695248,2125.4154343888977,549.233181176469,0.043621579690853174,9825.851080297503,0.04792286789383897,2132.435796959931,344.0818945895542,0.01688633646110844,9825.851080297503,0.04792286789383897,2161.8757079599973,359.2448007206518,0.017315174614015882
E3_E1_008_s36,baseline,max_angle,HA0100_0018,1.2,0.05,1.2,0.035,0.8,0.02,0.8,0.02,4.53,0.86,10.5,178.0,120015001.0,36,120400085,0,11569.244469937,True,13201,0.05000000000001137,28395.478920707534,0.13838882975261615,2135.5498073302847,550.0906471201287,0.047174923509618806,23838.526323200662,0.12049417010860121,2122.0900302438818,550.0906471201287,0.04373589460802079,9988.597702704012,0.04875790114030136,2140.201616440914,335.4442390595886,0.016977040923375774,9988.597702704012,0.04875790114030136,2160.237836332366,358.36600240114126,0.017508067444946054
E3_E1_008_s37,baseline,max_angle,HA0100_0018,1.2,0.05,1.2,0.035,0.8,0.02,0.8,0.02,4.53,0.86,10.5,178.0,120015001.0,37,120408004,0,10336.395986617,True,13201,0.05000000000001137,28914.13498197397,0.14117107627858083,2147.8736331274017,547.6402478428782,0.04854379891418306,23841.018542471338,0.12120348990840517,2145.1576058888377,547.6402478428782,0.04412980570337249,9845.9862468434,0.04802666995338511,2136.925034881119,338.8271159358152,0.017774603019432497,9845.9862468434,0.04802666995338511,2164.357619561104,356.2263974960024,0.017774603019432497
E3_E1_008_s38,baseline,max_angle,HA0100_0018,1.2,0.05,1.2,0.035,0.8,0.02,0.8,0.02,4.53,0.86,10.5,178.0,120015001.0,38,120415923,0,5521.531032479001,True,13201,0.05000000000001137,28739.86317647476,0.14020391265201504,2152.1587614951063,550.6588699675598,0.04805549184692281,23873.02730521165,0.1210800350507717,2142.8075052271834,550.6588699675598,0.04396556601724275,10192.432876090377,0.04973394894006053,2132.736459834503,326.5790076693125,0.017462774793294954,10192.432876090377,0.04973394894006053,2155.352530917147,360.19364442604945,0.017462774793294954
E3_E1_008_s39,baseline,max_angle,HA0100_0018,1.2,0.05,1.2,0.035,0.8,0.02,0.8,0.02,4.53,0.86,10.5,178.0,120015001.0,39,120423842,0,5687.848159999,True,13201,0.05000000000001137,28616.646772111286,0.13955350997721025,2143.8404407534563,545.5954577190456,0.047592586357202,23706.473163534385,0.12023722315355645,2137.064013778402,545.5954577190456,0.04369453116973269,9818.062833359789,0.04791642762023459,2131.929040462249,337.4066776431318,0.01743468833889634,9818.062833359789,0.04791642762023459,2155.552779455332,360.2946397726248,0.017503183113535357
E3_E1_008_s4,baseline,max_angle,HA0100_0018,1.2,0.05,1.2,0.035,0.8,0.02,0.8,0.02,4.53,0.86,10.5,178.0,120015001.0,4,120046677,0,6220.730681354001,True,13201,0.05000000000001137,28638.907585537298,0.13972575829444842,2144.697048757892,549.4458304898592,0.04751198913184093,23773.762043550567,0.12054154484890264,2124.8199087906823,549.4458304898592,0.04430759624859036,9808.32419303577,0.04767948066906149,2155.736483595775,356.9930189922993,0.017062763662691587,9828.797010443495,0.04767948066906149,2155.736483595775,363.312248333213,0.017359842177589922
E3_E1_008_s40,baseline,max_angle,HA0100_0018,1.2,0.05,1.2,0.035,0.8,0.02,0.8,0.02,4.53,0.86,10.5,178.0,120015001.0,40,120431761,0,9796.531832973,True,13201,0.05000000000001137,28662.598680208044,0.1397413880052122,2153.474845585763,545.3874410646097,0.047926114280285426,23757.783999242667,0.12052658699249086,2153.474845585763,545.3874410646097,0.043999979186473234,9901.54773423091,0.048316361815941705,2153.3387985064337,369.6002629966558,0.016848719666016893,9901.54773423091,0.048316361815941705,2156.4836010536833,371.68385398713224,0.01727618682554196
E3_E1_008_s41,baseline,max_angle,HA0100_0018,1.2,0.05,1.2,0.035,0.8,0.02,0.8,0.02,4.53,0.86,10.5,178.0,120015001.0,41,120439680,0,6950.526179233,True,13201,0.05000000000001137,28472.65174752101,0.13882076978383293,2135.2355708298296,549.8248390954951,0.047376811588639746,23810.623943679584,0.12049887335777344,2133.106808091298,549.8248390954951,0.04379618766865059,9974.492794173764,0.04868594861611135,2130.040881979983,327.51204863351694,0.017034950181860777,9974.492794173764,0.04868594861611135,2160.297005563797,369.57915871904794,0.01753769399615967
E3_E1_008_s42,baseline,max_angle,HA0100_0018,1.2,0.05,1.2,0.035,0.8,0.02,0.8,0.02,4.53,0.86,10.5,178.0,120015001.0,42,120447599,0,7797.017356202,True,13201,0.05000000000001137,28270.492755854113,0.137737864556578,2147.407126253833,550.373132693492,0.04664741402027273,23854.435533293865,0.12035471540345437,2147.407126253833,550.373132693492,0.043877487847775086,9907.832924255676,0.048350004647177994,2137.0224961258873,347.2894951235678,0.016779936146635272,9907.832924255676,0.048350004647177994,2154.699330053982,371.0090991231441,0.017432289382178567
E3_E1_008_s43,baseline,max_angle,HA0100_0018,1.2,0.05,1.2,0.035,0.8,0.02,0.8,0.02,4.53,0.86,10.5,178.0,120015001.0,43,120455518,0,7119.883108521,True,13201,0.05000000000001137,28244.193929483135,0.13762106180749625,2145.18094311503,543.8659349732587,0.04729442330260354,23955.104674646453,0.1207929534001302,2145.18094311503,543.8659349732587,0.04429546435687611,10022.268801920138,0.048892891006617784,2133.030974808147,338.09312260434206,0.016629508896277078,10022.268801920138,0.048892891006617784,2159.2389221790677,362.91887361610213,0.017493236601816474
E3_E1_008_s44,baseline,max_angle,HA0100_0018,1.2,0.05,1.2,0.035,0.8,0.02,0.8,0.02,4.53,0.86,10.5,178.0,120015001.0,44,120463437,0,7637.088139116,True,13201,0.05000000000001137,28511.134577726694,0.1390475250075124,2135.3416695007945,549.5355177643098,0.04743689409740665,23803.231712457684,0.12050368300121683,2124.6262727968524,549.5355177643098,0.043754810498130424,9982.863262943167,0.04874671568713309,2141.3551940042976,335.06275966507474,0.016859094936893616,9982.863262943167,0.04874671568713309,2164.2199853337506,364.93637965650476,0.017500869641488496
E3_E1_008_s45,baseline,max_angle,HA0100_0018,1.2,0.05,1.2,0.035,0.8,0.02,0.8,0.02,4.53,0.86,10.5,178.0,120015001.0,45,120471356,0,11018.867860904,True,13201,0.05000000000001137,28433.735439531087,0.13870355775062054,2138.717785174383,550.0996772543549,0.04717402810598993,23842.848013488518,0.12053237387933859,2138.717785174383,550.0996772543549,0.043903347903989656,9946.272987400538,0.04853244057665117,2146.9425066082486,344.18592411848545,0.017012736798162904,9946.272987400538,0.04853244057665117,2164.0082928419206,356.7738474279256,0.017486584009925484
E3_E1_008_s46,baseline,max_angle,HA0100_0018,1.2,0.05,1.2,0.035,0.8,0.02,0.8,0.02,4.53,0.86,10.5,178.0,120015001.0,46,120479275,0,7113.6775007510005,True,13201,0.05000000000001137,28793.7465937502,0.14051608006760274,2161.2433154123087,550.535884884976,0.047888541309852435,23801.796563583608,0.12085090639119328,2141.576287726694,550.535884884976,0.04383177342548376,9970.977088705324,0.048680337830970886,2127.6896716226433,324.7305861797799,0.01665411520146151,9970.977088705324,0.048680337830970886,2170.3022800125646,376.0638446972729,0.017438602765855984
E3_E1_008_s47,baseline,max_angle,HA0100_0018,1.2,0.05,1.2,0.035,0.8,0.02,0.8,0.02,4.53,0.86,10.5,178.0,120015001.0,47,120487194,0,6916.019919099,True,13201,0.05000000000001137,28062.72034594506,0.13670697138849786,2143.332872873073,542.1861347677749,0.04665006918507829,23802.03352090208,0.1199390356468018,2143.332872873073,542.1861347677749,0.04389182789667463,9953.832538646735,0.0485509068423143,2147.1624826893253,355.402846901336,0.01653519652311217,9953.832538646735,0.0485509068423143,2161.4850783730626,369.07840489898905,0.01732964415138482
E3_E1_008_s48,baseline,max_angle,HA0100_0018,1.2,0.05,1.2,0.035,0.8,0.02,0.8,0.02,4.53,0.86,10.5,178.0,120015001.0,48,120495113,0,7607.84428026,True,13201,0.05000000000001137,28227.56827660328,0.13756739424715925,2146.905279566775,550.0771324476284,0.04669162653830174,23799.530018498797,0.12009082544710617,2146.905279566775,550.0771324476284,0.04363428187909801,9877.874951042324,0.048179577818630005,2145.9768217756023,370.4009761395127,0.017078273841212546,9877.874951042324,0.048179577818630005,2165.457991259676,370.4009761395127,0.017294015620650312
E3_E1_008_s49,baseline,max_angle,HA0100_0018,1.2,0.05,1.2,0.035,0.8,0.02,0.8,0.02,4.53,0.86,10.5,178.0,120015001.0,49,120503032,0,6925.683024029,True,13201,0.05000000000001137,28541.091605897564,0.13919809795551,2138.6370581193737,548.1149044982129,0.04756698162473653,23804.125347063633,0.12055249219566974,2132.55617859865,548.1149044982129,0.04388625476915403,9962.752512897721,0.04861317594118718,2145.7423848596877,337.3783948500275,0.017164037043252058,9962.752512897721,0.04861317594118718,2158.829298461868,377.17548833274685,0.01757838272895458
E3_E1_008_s5,baseline,max_angle,HA0100_0018,1.2,0.05,1.2,0.035,0.8,0.02,0.8,0.02,4.53,0.86,10.5,178.0,120015001.0,5,120054596,0,6931.5518272009995,True,13201,0.05000000000001137,28414.74652236915,0.13859010641306813,2143.032145033607,552.469872899825,0.046883298672103495,23742.301073245013,0.12009167094832011,2139.4711203204592,552.469872899825,0.04395159609651168,9971.75855595962,0.04866647512060132,2137.8227583282014,345.87902080970173,0.01733525858893834,9971.75855595962,0.04866647512060132,2156.762406062742,372.4476068280152,0.01744422761122468
E3_E1_008_s50,baseline,max_angle,HA0100_0018,1.2,0.05,1.2,0.035,0.8,0.02,0.8,0.02,4.53,0.86,10.5,178.0,120015001.0,50,120510951,0,7311.149450858,True,13201,0.05000000000001137,27976.374107705997,0.1362913561650567,2148.8889998873155,545.3519053761947,0.04617648633452778,23757.627041856475,0.11957431785083585,2148.8889998873155,545.3519053761947,0.04339337834447946,9875.782530962497,0.04818548229792669,2133.0431406523603,324.3307449421763,0.016760197645002948,9875.782530962497,0.04818548229792669,2158.9754980908215,364.26708257101825,0.01738424289915866
E3_E1_008_s51,baseline,max_angle,HA0100_0018,1.2,0.05,1.2,0.035,0.8,0.02,0.8,0.02,4.53,0.86,10.5,178.0,120015001.0,51,120518870,0,6988.656621148,True,13201,0.05000000000001137,28460.151914105798,0.13884614748519206,2132.908810702839,547.7278055979356,0.047118255765504276,23735.934694931148,0.12014336484013226,2131.090882731453,547.7278055979356,0.04373896729009261,10012.006440789159,0.04875417764916203,2151.515748284773,357.89434660415924,0.01728247877425095,10012.006440789159,0.04875417764916203,2160.8891803033393,357.89434660415924,0.01730937426660981
E3_E1_008_s52,baseline,max_angle,HA0100_0018,1.2,0.05,1.2,0.035,0.8,0.02,0.8,0.02,4.53,0.86,10.5,178.0,120015001.0,52,120526789,0,7621.95784969,True,13201,0.05000000000001137,28152.4709648835,0.13712939375715028,2143.9398103043077,541.5821467333186,0.04693840121242218,23811.46607981836,0.12010623328630765,2143.9398103043077,541.5821467333186,0.04409208469022539,10004.470462658457,0.048826836725004104,2141.7246599567197,336.60461310910455,0.017262177144579168,10004.470462658457,0.048826836725004104,2163.0887343678323,356.2891818423628,0.017521936421582514
E3_E1_008_s53,baseline,max_angle,HA0100_0018,1.2,0.05,1.2,0.035,0.8,0.02,0.8,0.02,4.53,0.86,10.5,178.0,120015001.0,53,120534708,0,7209.685569638,True,13201,0.05000000000001137,28503.39311031949,0.13895159973244056,2134.6945711781314,548.6634535696683,0.04768043031810356,23891.56903342908,0.12087581520811509,2134.6945711781314,548.6634535696683,0.044114274644509614,9918.933879751312,0.048415212388942516,2145.517189395716,351.07594076641993,0.01700672606104383,9918.933879751312,0.048415212388942516,2163.011716978802,363.4671689322885,0.017740078044403536
E3_E1_008_s54,baseline,max_angle,HA0100_0018,1.2,0.05,1.2,0.035,0.8,0.02,0.8,0.02,4.53,0.86,10.5,178.0,120015001.0,54,120542627,0,7455.7468042089995,True,13201,0.05000000000001137,28411.555114893185,0.1385994789583588,2142.996973906393,547.8095368747353,0.046993917986741164,23672.977265831385,0.11981845023926421,2126.8022497761854,547.8095368747353,0.04347790196260415,9901.023092647485,0.048309646322792395,2166.282100709925,357.8493914804864,0.01784205192592309,9901.023092647485,0.048309646322792395,2166.282100709925,361.2868249638565,0.01784205192592309
E3_E1_008_s55,baseline,max_angle,HA0100_0018,1.2,0.05,1.2,0.035,0.8,0.02,0.8,0.02,4.53,0.86,10.5,178.0,120015001.0,55,120550546,0,7418.690364197,True,13201,0.05000000000001137,28441.6984113444,0.13862630018339486,2143.0207340739626,545.7237255247787,0.04768710920787661,23848.60681955264,0.12065982697039745,2143.0207340739626,545.7237255247787,0.044292484155109633,10037.315326031652,0.04896581402174839,2126.4798183753455,339.2755415080328,0.017277547607566522,10037.315326031652,0.04896581402174839,2157.6484289338323,365.0167698196171,0.017418734544661713
E3_E1_008_s56,baseline,max_angle,HA0100_0018,1.2,0.05,1.2,0.035,0.8,0.02,0.8,0.02,4.53,0.86,10.5,178.0,120015001.0,56,120558465,0,7248.667227528,True,13201,0.05000000000001137,28552.246500948597,0.13927602610972978,2155.8794602189228,549.4401543533118,0.04761583614075214,23782.243131531963,0.12049348955250556,2155.8794602189228,549.4401543533118,0.044013086380677593,10049.279607132716,0.04893872941613618,2129.5471116454723,333.0196772923672,0.016687887157456963,10049.279607132716,0.04893872941613618,2155.7328031646202,355.313221571216,0.017418162323548148
E3_E1_008_s57,baseline,max_angle,HA0100_0018,1.2,0.05,1.2,0.035,0.8,0.02,0.8,0.02,4.53,0.86,10.5,178.0,120015001.0,57,120566384,0,7581.38128555,True,13201,0.05000000000001137,28387.869504437975,0.13841886410989046,2145.046990952152,547.9785191741379,0.04682124294626693,23685.19798377765,0.11982129494341609,2145.046990952152,547.9785191741379,0.044114539116263785,9911.789986239506,0.04835090405507201,2136.044227139496,332.1013912992236,0.016772695430563613,9911.789986239506,0.04835090405507201,2175.304783496275,365.5265024711937,0.01814586090001779
E3_E1_008_s58,baseline,max_angle,HA0100_0018,1.2,0.05,1.2,0.035,0.8,0.02,0.8,0.02,4.53,0.86,10.5,178.0,120015001.0,58,120574303,0,6997.223851719,True,13201,0.05000000000001137,28560.473985978457,0.1392402705480892,2140.2193172425564,546.733013075486,0.0475672285888368,23778.070901582134,0.12045142413900838,2137.7850017866263,546.733013075486,0.0438985482677219,9934.31867129511,0.04849321659226466,2146.1675603089434,358.7722320406936,0.016768051407624475,9934.31867129511,0.04849321659226466,2160.3604696137477,368.6048353601828,0.017456477777120425
E3_E1_008_s59,baseline,max_angle,HA0100_0018,1.2,0.05,1.2,0.035,0.8,0.02,0.8,0.02,4.53,0.86,10.5,178.0,120015001.0,59,120582222,0,10932.940240457,True,13201,0.05000000000001137,28628.004829896738,0.13960148445608195,2138.39769730266,546.5624676189004,0.047751695869495084,23817.12612153132,0.12069555916249962,2136.6103978956835,546.5624676189004,0.04385835218442724,9860.771000495419,0.04812933808105929,2143.4137829615256,338.9818824590991,0.017015142671394486,9952.986016291668,0.04812933808105929,2158.8971231342903,365.66049075756644,0.01741477595943898
E3_E1_008_s6,baseline,max_angle,HA0100_0018,1.2,0.05,1.2,0.035,0.8,0.02,0.8,0.02,4.53,0.86,10.5,178.0,120015001.0,6,120062515,0,6869.848575821,True,13201,0.05000000000001137,28739.793306159572,0.14023768164381795,2139.110947331435,549.1446203871675,0.04808351221917123,23922.09527365565,0.1212872266672988,2133.2629981586883,549.1446203871675,0.0440463758435726,9976.544768394368,0.04871691272530494,2142.034927787058,337.80111138147583,0.016856548675644567,9976.544768394368,0.04871691272530494,2169.0997419362375,363.12053927605893,0.017507035853184506
E3_E1_008_s7,baseline,max_angle,HA0100_0018,1.2,0.05,1.2,0.035,0.8,0.02,0.8,0.02,4.53,0.86,10.5,178.0,120015001.0,7,120070434,0,5868.708067323,True,13201,0.05000000000001137,28596.779678676405,0.1394979406381086,2150.0642178700245,549.0652584075256,0.04747338747160882,23803.866701258976,0.12061064664136184,2138.592031712805,549.0652584075256,0.043508308003746894,9970.232110300652,0.048646877522639534,2133.454091782572,341.59853537014544,0.016948597219242183,9970.232110300652,0.048646877522639534,2159.389924405159,362.99135143870916,0.01741833094716648
E3_E1_008_s8,baseline,max_angle,HA0100_0018,1.2,0.05,1.2,0.035,0.8,0.02,0.8,0.02,4.53,0.86,10.5,178.0,120015001.0,8,120078353,0,8311.778272181,True,13201,0.05000000000001137,28709.164591652927,0.1400993771553796,2151.938847777912,548.904964236073,0.04778669894031474,23715.168076012807,0.1204246592382831,2135.1231835476715,548.904964236073,0.04374942150090392,9913.14117981273,0.04838676024505793,2134.5466121418367,343.33889973146927,0.016887606416037926,9913.14117981273,0.04838676024505793,2163.070392803787,361.7294528574648,0.017290533642310917
E3_E1_008_s9,baseline,max_angle,HA0100_0018,1.2,0.05,1.2,0.035,0.8,0.02,0.8,0.02,4.53,0.86,10.5,178.0,120015001.0,9,120086272,0,6970.811251217001,True,13201,0.05000000000001137,28507.13598748211,0.13902002423194998,2135.72737905617,544.4568988042774,0.04772967634458999,23863.738887242936,0.12078434568410239,2135.72737905617,544.4568988042774,0.04419051184772127,10077.528279044347,0.04851196912494579,2142.282682002767,346.323530569276,0.017259380719616968,10077.528279044347,0.04851196912494579,2167.263486861723,366.40267881488023,0.017728289339187242
E3_E1_009_s0,na_qae_final,calm,HA0100_0069,1.17,0.036,1.178,0.04,0.64,0.014,0.642,0.014,3.13,0.5,4.35,38.0,742554125.0,0,742554125,0,7282.9055006730005,True,13201,0.05000000000001137,22341.98321097049,0.10691829846954302,1330.6243052538985,476.07490400012176,0.04273704001611602,19938.43129650326,0.09743910175851574,1308.1945481814569,464.6100683413026,0.030959287747733603,5890.0168039263435,0.02679864448299665,1275.720504982642,288.0995241550125,0.009155412450591803,5890.0168039263435,0.02679864448299665,1283.2659747575096,292.2530847747879,0.009858984960278542
E3_E1_009_s1,na_qae_final,calm,HA0100_0069,1.17,0.036,1.178,0.04,0.64,0.014,0.642,0.014,3.13,0.5,4.35,38.0,742554125.0,1,742562044,0,5586.831884087,True,13201,0.05000000000001137,22442.794638071355,0.10742946506253849,1328.812542575888,487.6297939206713,0.04294590365076772,19955.58088964144,0.0976226695499114,1310.3569305683154,471.8014482974522,0.030939995610250483,6112.303716841438,0.028295861705344368,1280.695911416455,285.4620831875826,0.009176632742493165,6112.303716841438,0.028295861705344368,1283.2608088658583,300.0577899547197,0.009834526338822137
E3_E1_009_s10,na_qae_final,calm,HA0100_0069,1.17,0.036,1.178,0.04,0.64,0.014,0.642,0.014,3.13,0.5,4.35,38.0,742554125.0,10,742633315,0,6934.990213955,True,13201,0.05000000000001137,22396.751300676064,0.10718143964068447,1332.1573760619708,485.8808746645411,0.043070669300964703,19939.171728303216,0.09750445454934979,1301.7461592673274,481.45218591691037,0.03129277621416327,6133.529753323581,0.02843012755351646,1278.7135909452634,292.4321271715117,0.00910273185037477,6201.828374045976,0.02843012755351646,1283.1168544976533,293.6295034616644,0.010021630063598057
E3_E1_009_s11,na_qae_final,calm,HA0100_0069,1.17,0.036,1.178,0.04,0.64,0.014,0.642,0.014,3.13,0.5,4.35,38.0,742554125.0,11,742641234,0,5745.331513832,True,13201,0.05000000000001137,22420.69881623473,0.10726835773356977,1332.0001751881343,480.61587474104095,0.0431677359807629,20051.897283796294,0.09791637349401408,1297.3033555160123,480.61587474104095,0.03165263154516295,6131.556490686981,0.028002869939857476,1277.6854364746262,284.89201271701364,0.009821803922055016,6131.556490686981,0.028002869939857476,1283.510151029376,294.0077044451363,0.009821803922055016
E3_E1_009_s12,na_qae_final,calm,HA0100_0069,1.17,0.036,1.178,0.04,0.64,0.014,0.642,0.014,3.13,0.5,4.35,38.0,742554125.0,12,742649153,0,7059.202360749,True,13201,0.05000000000001137,22490.464061371196,0.10760903083490402,1333.798345534387,490.00784664145874,0.043375305374894584,20079.31612062965,0.09812345317218972,1298.6875367670277,484.5341885955815,0.031334111562859604,6060.134056842552,0.027661611338083293,1276.4432346602166,290.82171986315643,0.009767296123315738,6060.134056842552,0.027661611338083293,1284.0137485154703,295.84876482039874,0.010108092913677513
E3_E1_009_s13,na_qae_final,calm,HA0100_0069,1.17,0.036,1.178,0.04,0.64,0.014,0.642,0.014,3.13,0.5,4.35,38.0,742554125.0,13,742657072,0,6115.072862937,True,13201,0.05000000000001137,22517.715196849484,0.10770587842031065,1338.6766482268008,488.81931670140096,0.0434362349932643,20117.95191337249,0.09824816141113428,1296.0723409032396,482.94924929189483,0.031662413520039796,6235.640482684078,0.02870137769414981,1281.369731427091,292.46397223047535,0.009377383495562365,6235.640482684078,0.02870137769414981,1284.7582313510645,294.5763840459423,0.009937370816604152
E3_E1_009_s14,na_qae_final,calm,HA0100_0069,1.17,0.036,1.178,0.04,0.64,0.014,0.642,0.014,3.13,0.5,4.35,38.0,742554125.0,14,742664991,0,8566.783529005,True,13201,0.05000000000001137,22481.05146985914,0.10757413959618045,1330.4091968364778,485.7684032204624,0.04314741837479979,20056.100016809225,0.09797442244393462,1299.571554281377,473.3322236382994,0.03181695495547378,6035.904848307211,0.027756348924990848,1280.6974755233439,286.8541601342284,0.009148145141344488,6035.904848307211,0.027756348924990848,1283.426143370584,296.0326524473304,0.009899655470177335
E3_E1_009_s15,na_qae_final,calm,HA0100_0069,1.17,0.036,1.178,0.04,0.64,0.014,0.642,0.014,3.13,0.5,4.35,38.0,742554125.0,15,742672910,0,8545.971059021998,True,13201,0.05000000000001137,22435.089702640526,0.10736357388393075,1327.7367454707417,486.2809198448765,0.04317532195160681,20018.617093695364,0.09786750123957356,1299.0616544055424,484.00470194004697,0.03138139631694286,6722.53962434384,0.031471424381998014,1278.0113028881492,288.43525802619354,0.00919494194501483,6722.53962434384,0.031471424381998014,1284.6942816321543,296.2619907367164,0.01019793673193195
E3_E1_009_s16,na_qae_final,calm,HA0100_0069,1.17,0.036,1.178,0.04,0.64,0.014,0.642,0.014,3.13,0.5,4.35,38.0,742554125.0,16,742680829,0,6883.481732378,True,13201,0.05000000000001137,22441.74455479341,0.10741263073133835,1332.7812214010673,489.3178269664325,0.04311157712331289,19973.34746845725,0.09769116030807092,1306.500757075642,477.036497152977,0.031207229243188868,6433.015145435908,0.02976698458036955,1276.8695601461068,281.8428455321016,0.009303368692127629,6433.015145435908,0.02976698458036955,1283.1338591846766,294.1600208326153,0.009869411755663455
E3_E1_009_s17,na_qae_final,calm,HA0100_0069,1.17,0.036,1.178,0.04,0.64,0.014,0.642,0.014,3.13,0.5,4.35,38.0,742554125.0,17,742688748,0,7002.211320048,True,13201,0.05000000000001137,22463.41852643934,0.10747886188289632,1332.3525849949128,484.70936710939435,0.043107772914984806,20055.80383383195,0.09796212927768912,1304.3564289177375,470.6780963276628,0.03107875745579659,6126.852170402843,0.02797337339251766,1278.7991105835313,289.7092434380263,0.009516427116069894,6126.852170402843,0.02797337339251766,1284.2507692621805,294.5731304427069,0.009950234755918958
E3_E1_009_s18,na_qae_final,calm,HA0100_0069,1.17,0.036,1.178,0.04,0.64,0.014,0.642,0.014,3.13,0.5,4.35,38.0,742554125.0,18,742696667,0,6844.613320082,True,13201,0.05000000000001137,22373.422270140425,0.10708809841535957,1327.9550120540039,481.3438437465222,0.042877559666740374,19951.616419363923,0.09751600521468164,1307.3537413759036,472.5021342749718,0.03089162658676332,6343.832218319369,0.029139575003980005,1276.15323385725,284.3221401430057,0.009658490964430553,6343.832218319369,0.029139575003980005,1283.5288212854844,292.5308130262348,0.009834349015949205
E3_E1_009_s19,na_qae_final,calm,HA0100_0069,1.17,0.036,1.178,0.04,0.64,0.014,0.642,0.014,3.13,0.5,4.35,38.0,742554125.0,19,742704586,0,7027.050497501001,True,13201,0.05000000000001137,22532.46601944896,0.10777170034456472,1336.8028847937821,491.1447550738936,0.04344893262370998,20120.44598942612,0.09827726804407692,1297.1562833800024,476.4895250658203,0.0319255715034544,6376.223735666999,0.029598813462225534,1277.7262225639934,290.3072620390914,0.009225283618272644,6376.223735666999,0.029598813462225534,1285.5403007423156,301.1824643244551,0.010022436139974503
E3_E1_009_s2,na_qae_final,calm,HA0100_0069,1.17,0.036,1.178,0.04,0.64,0.014,0.642,0.014,3.13,0.5,4.35,38.0,742554125.0,2,742569963,0,7702.200753349,True,13201,0.05000000000001137,22488.332629166758,0.1075578501930518,1336.1176958488124,488.65643096503953,0.043394150264968276,20108.177304417946,0.09815475398606764,1296.1644771394438,475.8544705466721,0.03175551711153565,6111.00996281563,0.02800503217937957,1278.3800556499161,283.29855965019914,0.009145125393097496,6111.00996281563,0.02800503217937957,1283.8055937135468,293.7958769505173,0.00981991801753493
E3_E1_009_s20,na_qae_final,calm,HA0100_0069,1.17,0.036,1.178,0.04,0.64,0.014,0.642,0.014,3.13,0.5,4.35,38.0,742554125.0,20,742712505,0,6786.588036771999,True,13201,0.05000000000001137,22492.278448396068,0.1076426842633573,1331.569995725809,488.5491259709678,0.043134357812446615,20009.074665568947,0.09783459095056059,1300.9952933255045,479.063396891598,0.03150442363217957,6224.809402321805,0.028816631501953727,1277.5559489778684,281.04916887639945,0.00902426460651837,6302.697752361578,0.028816631501953727,1284.3772966748845,295.6659486834893,0.009703224982390833
E3_E1_009_s21,na_qae_final,calm,HA0100_0069,1.17,0.036,1.178,0.04,0.64,0.014,0.642,0.014,3.13,0.5,4.35,38.0,742554125.0,21,742720424,0,7178.987921660999,True,13201,0.05000000000001137,22502.21711981662,0.10768564667866574,1328.8148630560108,488.0813149364208,0.043206749645862276,20057.510934512036,0.09804844379892777,1300.2829551268092,475.90873438886103,0.03139649622846747,6170.776484318394,0.028344770992710683,1280.8323256987057,290.86806805192685,0.009397159294848084,6170.776484318394,0.028344770992710683,1286.906355915355,290.86806805192685,0.010029319110285475
E3_E1_009_s22,na_qae_final,calm,HA0100_0069,1.17,0.036,1.178,0.04,0.64,0.014,0.642,0.014,3.13,0.5,4.35,38.0,742554125.0,22,742728343,0,6967.83600562,True,13201,0.05000000000001137,22375.607540431392,0.10707560551488572,1331.6645647156718,481.9893647162011,0.043042798591571896,19973.1542660714,0.09760525288228082,1302.8056367649826,479.54687392418253,0.03118011425912006,6186.3507364615325,0.028616443786485646,1276.7218859398502,282.7477468120565,0.00873253235997153,6288.685415846098,0.028616443786485646,1286.4206556676106,295.72689540254083,0.00989060794196957
E3_E1_009_s23,na_qae_final,calm,HA0100_0069,1.17,0.036,1.178,0.04,0.64,0.014,0.642,0.014,3.13,0.5,4.35,38.0,742554125.0,23,742736262,0,5492.264006033,True,13201,0.05000000000001137,22565.633520481864,0.10794627592306155,1335.1775397621293,489.8628213962058,0.043445612583512296,20163.365918280866,0.09845312327401493,1296.4197138225682,480.83654771057036,0.03157566553256952,6206.7365594999665,0.028516086348825815,1281.747829283057,286.9892911969099,0.009953733719654717,6206.7365594999665,0.028516086348825815,1284.6795485292462,294.3837124747046,0.009953733719654717
E3_E1_009_s24,na_qae_final,calm,HA0100_0069,1.17,0.036,1.178,0.04,0.64,0.014,0.642,0.014,3.13,0.5,4.35,38.0,742554125.0,24,742744181,0,6858.7309523799995,True,13201,0.05000000000001137,22392.133530762385,0.10713219394848417,1332.6207325568562,487.94024748514823,0.043184649710841676,19971.608279273412,0.09765192315453629,1301.2883841875712,477.7091466957263,0.03147192943875785,6228.245696860319,0.02893299014566146,1280.0495608798676,286.9413127316914,0.00934412077095652,6228.245696860319,0.02893299014566146,1284.8029956211092,295.45304335032495,0.009762120548212381
E3_E1_009_s25,na_qae_final,calm,HA0100_0069,1.17,0.036,1.178,0.04,0.64,0.014,0.642,0.014,3.13,0.5,4.35,38.0,742554125.0,25,742752100,0,7215.4493256020005,True,13201,0.05000000000001137,22286.733621186322,0.10666389901666237,1329.6065172521573,480.24097182849823,0.04273585715616758,19863.526133171552,0.09717269788595968,1308.9838138954576,472.38049344782075,0.03079426690337697,6828.234187951874,0.03186622122519563,1277.8379688794657,291.7993321714803,0.009649880944352313,6828.234187951874,0.03186622122519563,1283.2036154638229,296.1866226474363,0.00968676417814559
E3_E1_009_s26,na_qae_final,calm,HA0100_0069,1.17,0.036,1.178,0.04,0.64,0.014,0.642,0.014,3.13,0.5,4.35,38.0,742554125.0,26,742760019,0,6929.877496495001,True,13201,0.05000000000001137,22432.43216955459,0.10735477136129627,1334.0487915350639,488.178049324008,0.04316542844041084,19983.162498755133,0.0977047868643591,1302.8969827273622,488.178049324008,0.03110633261180439,6774.390379914719,0.03174895418779879,1279.0810388967564,290.9349365343105,0.009041455858510782,6774.390379914719,0.03174895418779879,1285.384279380638,296.92085241660806,0.009801234531679902
E3_E1_009_s27,na_qae_final,calm,HA0100_0069,1.17,0.036,1.178,0.04,0.64,0.014,0.642,0.014,3.13,0.5,4.35,38.0,742554125.0,27,742767938,0,6139.362356511,True,13201,0.05000000000001137,22456.147645677946,0.10748261246521437,1326.9278782167269,485.4202766452908,0.04301814736887305,20004.990379874336,0.09777994775679229,1301.9068016350511,474.8322422834936,0.031730033118021146,6481.714155749303,0.030029839109925772,1279.514324125619,293.64665044483104,0.009410134699715083,6806.422456002111,0.030947534869446305,1285.9160753076224,303.3122195256032,0.010263696440008897
E3_E1_009_s28,na_qae_final,calm,HA0100_0069,1.17,0.036,1.178,0.04,0.64,0.014,0.642,0.014,3.13,0.5,4.35,38.0,742554125.0,28,742775857,0,6887.108605939001,True,13201,0.05000000000001137,22449.605259707634,0.10739576890030895,1333.9791759268808,488.1009557631727,0.04323734943756209,20038.587364298277,0.0979257299164902,1302.021776690159,476.7588075302682,0.031242638443984456,6018.288783661981,0.027403740875175654,1278.0529181694449,285.38811093320646,0.009568031271644,6018.288783661981,0.027403740875175654,1285.1851961552218,295.98110481555995,0.009984295665996797
E3_E1_009_s29,na_qae_final,calm,HA0100_0069,1.17,0.036,1.178,0.04,0.64,0.014,0.642,0.014,3.13,0.5,4.35,38.0,742554125.0,29,742783776,0,7243.128752847999,True,13201,0.05000000000001137,22462.139017525697,0.10744492681002091,1332.84762108437,486.188858064248,0.04329454702999289,20088.81601726136,0.09807453835605912,1297.089426454872,474.7382147100998,0.03189275061635935,6514.884039755091,0.030492390117611973,1280.5293893170121,286.74377450980666,0.009131350852684456,6514.884039755091,0.030492390117611973,1287.5001438139218,298.3797426736994,0.009913680573456476
E3_E1_009_s3,na_qae_final,calm,HA0100_0069,1.17,0.036,1.178,0.04,0.64,0.014,0.642,0.014,3.13,0.5,4.35,38.0,742554125.0,3,742577882,0,6861.064955253,True,13201,0.05000000000001137,22631.01942844532,0.10827091557104822,1334.786997268463,497.0793382356216,0.043494313892854304,20175.246134082307,0.09858837006497624,1302.8979053809135,473.5044468377211,0.03181116616765901,6149.885866008947,0.02823312015419169,1279.3766871582786,281.7629384419388,0.009096853955420646,6149.885866008947,0.02823312015419169,1283.1047840538347,294.49526136064725,0.009827217692148567
E3_E1_009_s30,na_qae_final,calm,HA0100_0069,1.17,0.036,1.178,0.04,0.64,0.014,0.642,0.014,3.13,0.5,4.35,38.0,742554125.0,30,742891695,0,7103.591664853,True,13201,0.05000000000001137,22387.004893765767,0.10711094977585832,1332.9455133455967,481.1477479431911,0.04312602801291386,20010.76046310874,0.09774546175652246,1300.1829694800465,472.98231235593664,0.03144179228839138,6226.184884847702,0.02868920973964999,1279.7797975910623,291.06061769663984,0.009269475021099495,6226.184884847702,0.02868920973964999,1283.3162932642601,300.22688822195374,0.00985798983290678
E3_E1_009_s31,na_qae_final,calm,HA0100_0069,1.17,0.036,1.178,0.04,0.64,0.014,0.642,0.014,3.13,0.5,4.35,38.0,742554125.0,31,742899614,0,7078.502128704,True,13201,0.05000000000001137,22456.198058811606,0.10743417762346101,1332.9101332164294,484.334889483889,0.04312089865009395,20046.823207887617,0.0979237697639361,1301.785101246689,471.5813029608856,0.031273901442180126,6153.082749176797,0.02825982721000287,1277.0330892697482,285.6050169598179,0.009361751198021054,6153.082749176797,0.02825982721000287,1283.583247469438,290.3479355482299,0.009627633033813086
E3_E1_009_s32,na_qae_final,calm,HA0100_0069,1.17,0.036,1.178,0.04,0.64,0.014,0.642,0.014,3.13,0.5,4.35,38.0,742554125.0,32,742907533,0,9322.703061824,True,13201,0.05000000000001137,22560.065617390774,0.10791848481392993,1337.9049486499819,491.67373285777717,0.04350270450678354,20143.837209347486,0.0983772272533218,1295.1688780839968,474.29813923773133,0.03189514713755946,6011.257655747101,0.02764770960594802,1280.2552320011466,283.9649766966104,0.009188949136808722,6011.257655747101,0.02764770960594802,1282.445763539278,298.5915196984179,0.00998069590817422
E3_E1_009_s33,na_qae_final,calm,HA0100_0069,1.17,0.036,1.178,0.04,0.64,0.014,0.642,0.014,3.13,0.5,4.35,38.0,742554125.0,33,742915452,0,7306.965951481,True,13201,0.05000000000001137,22314.753477106296,0.10674576836496134,1332.843264842741,482.40215118216906,0.043098307045583394,19978.126909501803,0.0975511391444939,1298.8150835217643,482.40215118216906,0.031101285571757075,6413.400528982089,0.029613750005212575,1279.1279662262511,283.65996626810863,0.009171524936735469,6413.400528982089,0.029613750005212575,1284.1904250657667,302.4778300512786,0.009831404303618356
E3_E1_009_s34,na_qae_final,calm,HA0100_0069,1.17,0.036,1.178,0.04,0.64,0.014,0.642,0.014,3.13,0.5,4.35,38.0,742554125.0,34,742923371,0,5467.268727267,True,13201,0.05000000000001137,22469.991575003056,0.10750095686493061,1333.921019000553,485.07142011262414,0.04331796212313879,20081.347583712337,0.09808787261241796,1297.7183733215486,479.8032068788473,0.03157935960565235,6444.6208888209185,0.02994782135239471,1276.8757463315603,288.1938314086758,0.009459405843321594,6640.116397942735,0.030205062758649967,1283.2461406280252,307.6014193834461,0.010247119783996395
E3_E1_009_s35,na_qae_final,calm,HA0100_0069,1.17,0.036,1.178,0.04,0.64,0.014,0.642,0.014,3.13,0.5,4.35,38.0,742554125.0,35,742931290,0,6882.1437051249995,True,13201,0.05000000000001137,22478.688217005467,0.10764470930271536,1326.3885134643374,494.6015952679697,0.042937080546914815,19938.555131146994,0.09759129408717705,1309.900511533472,467.85369293096625,0.031317388542256526,6321.302752163826,0.029370107378024507,1277.715404034849,290.59445188011165,0.009417694905643599,6321.302752163826,0.029370107378024507,1282.6550167566356,296.7955583581533,0.009848215913723415
E3_E1_009_s36,na_qae_final,calm,HA0100_0069,1.17,0.036,1.178,0.04,0.64,0.014,0.642,0.014,3.13,0.5,4.35,38.0,742554125.0,36,742939209,0,7844.864691661,True,13201,0.05000000000001137,22443.16086891062,0.10739092765771296,1333.400164533636,487.4879767148806,0.04326158276472993,20021.51661980155,0.09784094984959907,1297.7458300468465,476.81631091209306,0.03181691148395168,6165.190983011063,0.02830910262454269,1276.8892806198394,284.57290388402004,0.009284144514444604,6165.190983011063,0.02830910262454269,1283.0543663782428,294.7169851225187,0.009882242982882176
E3_E1_009_s37,na_qae_final,calm,HA0100_0069,1.17,0.036,1.178,0.04,0.64,0.014,0.642,0.014,3.13,0.5,4.35,38.0,742554125.0,37,742947128,0,7030.744053766,True,13201,0.05000000000001137,22389.70442507066,0.10715076260956896,1329.639659165793,483.0554347610779,0.04302448900103576,19963.01766526872,0.09761389469198431,1304.4137868984126,479.72484854154135,0.031033104422987748,6000.12674551751,0.027371336940605433,1278.2426255151152,283.48255322974615,0.0095040837121721,6024.102647130243,0.027371336940605433,1283.1223746016592,293.27312548051344,0.00995045617749156
E3_E1_009_s38,na_qae_final,calm,HA0100_0069,1.17,0.036,1.178,0.04,0.64,0.014,0.642,0.014,3.13,0.5,4.35,38.0,742554125.0,38,742955047,0,5917.776124428,True,13201,0.05000000000001137,22458.204150057783,0.10747320447352886,1331.8858791612024,488.90431360470797,0.043183932928732335,19996.779894403717,0.09778268397770994,1300.6157665671362,480.82258121652484,0.03145978150256247,6260.489837615533,0.02909313823579303,1279.9463118118235,297.56919867858073,0.009635508875375468,6260.489837615533,0.02909313823579303,1288.7253036671395,300.18156345970493,0.010043921430650816
E3_E1_009_s39,na_qae_final,calm,HA0100_0069,1.17,0.036,1.178,0.04,0.64,0.014,0.642,0.014,3.13,0.5,4.35,38.0,742554125.0,39,742962966,0,7270.196201957,True,13201,0.05000000000001137,22357.849785684713,0.1070080981245671,1329.487967660918,482.72065677962973,0.042906935609770956,19924.085446234105,0.09739161386359341,1306.0629098143927,473.73490197193235,0.031307649721050955,6220.113606275066,0.02858833537670831,1276.9071855864552,285.95941031033794,0.009383582315322967,6220.113606275066,0.02858833537670831,1287.7167974016627,295.0974472074894,0.009916713974540803
E3_E1_009_s4,na_qae_final,calm,HA0100_0069,1.17,0.036,1.178,0.04,0.64,0.014,0.642,0.014,3.13,0.5,4.35,38.0,742554125.0,4,742585801,0,7340.843931842,True,13201,0.05000000000001137,22551.781556073496,0.10789584309402603,1335.2852665803484,486.7511852240594,0.043392132745241445,20147.133357114744,0.0983624076075587,1296.9280064571726,474.8028037145417,0.03184092582059826,5900.628266713076,0.026903394413234992,1279.2628713622898,288.6247742929367,0.009541376815162513,5900.628266713076,0.026903394413234992,1284.2796182356283,294.61920331856436,0.009951181592759146
E3_E1_009_s40,na_qae_final,calm,HA0100_0069,1.17,0.036,1.178,0.04,0.64,0.014,0.642,0.014,3.13,0.5,4.35,38.0,742554125.0,40,742970885,0,7245.61678866,True,13201,0.05000000000001137,22482.47713320213,0.10755673283379179,1331.9153708714082,487.74399174677995,0.04316913729555465,20039.546259328505,0.09794705591189785,1300.1724267840016,470.7913936994763,0.031813267375116666,6090.893032312068,0.028202671650197454,1278.9322666490002,283.9949996744947,0.009038288100852844,6090.893032312068,0.028202671650197454,1284.34594335465,292.29296205847584,0.009906073659008363
E3_E1_009_s41,na_qae_final,calm,HA0100_0069,1.17,0.036,1.178,0.04,0.64,0.014,0.642,0.014,3.13,0.5,4.35,38.0,742554125.0,41,742978804,0,7976.028579360001,True,13201,0.05000000000001137,22523.14088198641,0.10774238791145418,1336.7149828825811,490.0779840764535,0.043408084369763116,20104.85277032968,0.09820687568505207,1296.8763087879133,478.80557772455325,0.031633187865914535,6223.307560468963,0.028571305175269603,1276.4957933604617,287.30831329878583,0.009704359213079067,6223.307560468963,0.028571305175269603,1283.0731639055005,294.3325489041246,0.009809193320811972
E3_E1_009_s42,na_qae_final,calm,HA0100_0069,1.17,0.036,1.178,0.04,0.64,0.014,0.642,0.014,3.13,0.5,4.35,38.0,742554125.0,42,742986723,0,5713.008218463,True,13201,0.05000000000001137,22335.83911576065,0.10689986209971879,1328.2741882256348,479.3991298293936,0.04282434538189747,19908.79549911842,0.0973081702660855,1302.8357421135497,472.1682721911222,0.031431266931404425,6370.576199144435,0.029632476919334183,1280.1723856921562,293.7255328812301,0.009422812222210726,6370.576199144435,0.029632476919334183,1283.6830187572493,299.72555363051504,0.010093601917570465
E3_E1_009_s43,na_qae_final,calm,HA0100_0069,1.17,0.036,1.178,0.04,0.64,0.014,0.642,0.014,3.13,0.5,4.35,38.0,742554125.0,43,742994642,0,11316.29458771,True,13201,0.05000000000001137,22449.989887002954,0.10740727351256446,1332.3463531940092,488.2126542189118,0.04317453446757732,20036.729598572038,0.09791010660699083,1303.9234015861343,472.0414896692315,0.03105060283664714,6057.246624583856,0.02758510576255774,1275.0501097847855,284.2682405236752,0.009871061152443855,6057.246624583856,0.02758510576255774,1285.7532630058333,294.69923573572,0.01009116278568313
E3_E1_009_s44,na_qae_final,calm,HA0100_0069,1.17,0.036,1.178,0.04,0.64,0.014,0.642,0.014,3.13,0.5,4.35,38.0,742554125.0,44,743002561,0,8447.244935224999,True,13201,0.05000000000001137,22550.22170496662,0.10792752447452243,1335.3719898797635,491.3393175141038,0.043366255558984185,20089.28250610178,0.09819776311345234,1300.7767031567746,477.2191750239778,0.03161321882313746,6233.320140638233,0.028827541149539074,1281.4339405063208,285.2847169894549,0.009287211624336308,6266.921293900522,0.028827541149539074,1283.972363149141,293.6351004749747,0.009707907896510923
E3_E1_009_s45,na_qae_final,calm,HA0100_0069,1.17,0.036,1.178,0.04,0.64,0.014,0.642,0.014,3.13,0.5,4.35,38.0,742554125.0,45,743010480,0,7807.410100338,True,13201,0.05000000000001137,22403.494580495142,0.10717502246178777,1331.9971375451014,487.1641574679587,0.04317675570123154,19988.62030420305,0.09770938968697374,1299.5753894281331,479.47115793501234,0.031265309120061306,6113.379130951161,0.02837792782036743,1281.9111610792947,298.1419220215762,0.009342417365048462,6113.379130951161,0.02837792782036743,1286.395772763209,299.36330333572465,0.009998733882416577
E3_E1_009_s46,na_qae_final,calm,HA0100_0069,1.17,0.036,1.178,0.04,0.64,0.014,0.642,0.014,3.13,0.5,4.35,38.0,742554125.0,46,743018399,0,7036.021513789,True,13201,0.05000000000001137,22368.716419188753,0.10703169511316933,1330.7188698752148,481.7875668406466,0.042934020303768895,19962.428968861284,0.09753969548782232,1305.541842692658,472.7780348735581,0.030947265551243334,6125.711543704949,0.02809883173885705,1278.6684386306247,283.73875907664694,0.009754006428411897,6125.711543704949,0.02809883173885705,1283.0364141313112,291.8713730985177,0.00987830200588462
E3_E1_009_s47,na_qae_final,calm,HA0100_0069,1.17,0.036,1.178,0.04,0.64,0.014,0.642,0.014,3.13,0.5,4.35,38.0,742554125.0,47,743026318,0,7155.551382345,True,13201,0.05000000000001137,22392.17582053969,0.10713525519044653,1327.5368028519074,482.58698729953664,0.04299394757092203,20000.36881441548,0.09769989826941969,1301.2387507287265,466.6773762568054,0.03145835568470325,6523.1131152805665,0.030246499886679493,1279.0788716696,290.93429526621685,0.009700725199037816,6523.1131152805665,0.030246499886679493,1286.994481366998,295.8387607152986,0.009724228140550637
E3_E1_009_s48,na_qae_final,calm,HA0100_0069,1.17,0.036,1.178,0.04,0.64,0.014,0.642,0.014,3.13,0.5,4.35,38.0,742554125.0,48,743034237,0,9943.953714156,True,13201,0.05000000000001137,22456.167886134797,0.1074571845427213,1336.9150074769643,485.85832140138854,0.04324518243056486,20033.956781628374,0.09786173722345375,1299.7302713272409,479.7307129699438,0.03125038206954189,6047.212391922447,0.027431548280447617,1277.9465448821134,283.3792425834418,0.00929819447034027,6183.284151658088,0.028068283937611214,1283.6002334061013,301.28829347932,0.009761917731476286
E3_E1_009_s49,na_qae_final,calm,HA0100_0069,1.17,0.036,1.178,0.04,0.64,0.014,0.642,0.014,3.13,0.5,4.35,38.0,742554125.0,49,743042156,0,7152.039601570999,True,13201,0.05000000000001137,22463.477606802346,0.10745090116856534,1334.385784724018,489.45521831333946,0.04314899361992097,20038.69301001641,0.09789883854340024,1302.7871422925691,465.77770619019145,0.03131902186069244,5848.789735143766,0.026997621005589098,1275.3297872094274,284.7578936767555,0.009240789381154461,5848.789735143766,0.026997621005589098,1284.9187144659224,295.0225987531001,0.010127599115994406
E3_E1_009_s5,na_qae_final,calm,HA0100_0069,1.17,0.036,1.178,0.04,0.64,0.014,0.642,0.014,3.13,0.5,4.35,38.0,742554125.0,5,742593720,0,7444.000111374,True,13201,0.05000000000001137,22453.284392498506,0.10745507468643291,1330.2176372093174,483.48822392863036,0.043070790935311326,20028.877431215693,0.09784910086617832,1302.1578662271215,477.9344172293612,0.03136105530837541,6427.37971273907,0.029850849348122644,1277.0127259438316,294.0449829145117,0.009618630546744788,6628.747895867325,0.030058404809236747,1284.3168930088632,299.11508735603655,0.009955432307251976
E3_E1_009_s50,na_qae_final,calm,HA0100_0069,1.17,0.036,1.178,0.04,0.64,0.014,0.642,0.014,3.13,0.5,4.35,38.0,742554125.0,50,743050075,0,5852.326266245,True,13201,0.05000000000001137,22317.104874163942,0.10681967534437162,1330.7763031864076,475.92336722856487,0.04279244737311183,19904.191679980246,0.09725656838252772,1300.4592450443656,475.5702932147967,0.03165556760350006,6624.636243889713,0.03034183050141502,1284.3581200334218,287.7718826603756,0.00946614576750053,6680.5241199001,0.030762874482812334,1284.4932642500726,298.7720574402389,0.010073721466236788
E3_E1_009_s51,na_qae_final,calm,HA0100_0069,1.17,0.036,1.178,0.04,0.64,0.014,0.642,0.014,3.13,0.5,4.35,38.0,742554125.0,51,743057994,0,7353.82646362,True,13201,0.05000000000001137,22372.675223306705,0.10707727650072088,1330.0406088724505,485.0072751068295,0.04294859731506213,19924.462187591704,0.0974565471816965,1308.6643194544995,473.36036077576426,0.03060291296789474,6324.700415751152,0.029411212047728733,1276.7004976569972,282.60842953295304,0.008936388180811342,6840.595672406347,0.03122492916346682,1283.5326388478404,301.4219705018445,0.01011780578687209
E3_E1_009_s52,na_qae_final,calm,HA0100_0069,1.17,0.036,1.178,0.04,0.64,0.014,0.642,0.014,3.13,0.5,4.35,38.0,742554125.0,52,743065913,0,8164.926427252,True,13201,0.05000000000001137,22378.24526298475,0.10707559394766986,1331.848107757374,484.2185832608054,0.04301976165783154,19963.66929885903,0.09754390094882566,1302.7130755748792,475.1336732305389,0.031198471771636736,6139.535184247566,0.02855256177237217,1278.4836300543477,294.92082349658506,0.009266468488909404,6139.535184247566,0.02855256177237217,1283.8001745919967,300.1081121077769,0.009985934703993135
E3_E1_009_s53,na_qae_final,calm,HA0100_0069,1.17,0.036,1.178,0.04,0.64,0.014,0.642,0.014,3.13,0.5,4.35,38.0,742554125.0,53,743073832,0,5634.252004851,True,13201,0.05000000000001137,22335.177431592027,0.10689071052493776,1329.6659024982123,481.301520720766,0.04294101971902328,19933.74026850508,0.09744815783781356,1306.325792344657,475.0020620632066,0.030802452629968936,6100.021157636042,0.02806623503686464,1278.9934472394423,291.652333988988,0.009271963724090292,6100.021157636042,0.02806623503686464,1282.8940561739876,292.9320068058512,0.009990768471739561
E3_E1_009_s54,na_qae_final,calm,HA0100_0069,1.17,0.036,1.178,0.04,0.64,0.014,0.642,0.014,3.13,0.5,4.35,38.0,742554125.0,54,743081751,0,8436.928967213,True,13201,0.05000000000001137,22459.04839266574,0.10743624522590349,1332.9912682131094,485.5129647882457,0.04319163473440365,20072.236763256482,0.09801043186331022,1300.4772000290534,476.35023204145466,0.03151928528133229,6058.238371566658,0.027737083103858515,1277.474798390964,280.3096090091659,0.009023786017618055,6244.414720412697,0.028194910130659372,1286.3742323164533,301.8122444257637,0.010000409244624699
E3_E1_009_s55,na_qae_final,calm,HA0100_0069,1.17,0.036,1.178,0.04,0.64,0.014,0.642,0.014,3.13,0.5,4.35,38.0,742554125.0,55,743089670,0,7024.649092415,True,13201,0.05000000000001137,22510.59101842649,0.10770571490757518,1334.0525109273653,486.93563991689325,0.043308830323762974,20099.051948333494,0.09815946372423233,1297.844760960552,481.21881595334446,0.03154786802414934,5946.8090588637615,0.02706085423589049,1279.7658511319412,288.20345459792406,0.009341291132155944,5946.8090588637615,0.02706085423589049,1283.5668217768855,295.65982969858476,0.010475120855791525
E3_E1_009_s56,na_qae_final,calm,HA0100_0069,1.17,0.036,1.178,0.04,0.64,0.014,0.642,0.014,3.13,0.5,4.35,38.0,742554125.0,56,743097589,0,6896.779567041,True,13201,0.05000000000001137,22409.281884769298,0.10724894563247606,1330.7557206193187,484.3221616488013,0.04310381164872295,19972.773354335142,0.09764837635663853,1301.6589673386725,474.3220261908991,0.03155638231996354,6167.875676711037,0.0285469612437927,1277.8691476864853,282.72292088204375,0.009226940326344843,6167.875676711037,0.0285469612437927,1286.04407024626,296.9162767958809,0.00992008215167419
E3_E1_009_s57,na_qae_final,calm,HA0100_0069,1.17,0.036,1.178,0.04,0.64,0.014,0.642,0.014,3.13,0.5,4.35,38.0,742554125.0,57,743105508,0,10234.575197334,True,13201,0.05000000000001137,22420.4038281297,0.1072809371524456,1331.8643336317407,487.1169678554355,0.043183019183256975,19981.843882860092,0.09767712113918603,1297.9416162297653,481.7900093919071,0.03151298230675354,6311.2890064183875,0.029066898807797864,1277.5239335279782,286.62629682649776,0.009330469898104658,6311.2890064183875,0.029066898807797864,1284.8070546666079,294.59484525983555,0.010060502921170313
E3_E1_009_s58,na_qae_final,calm,HA0100_0069,1.17,0.036,1.178,0.04,0.64,0.014,0.642,0.014,3.13,0.5,4.35,38.0,742554125.0,58,743113427,0,7295.471052207,True,13201,0.05000000000001137,22369.99813161742,0.10702512188889267,1330.474657765374,484.7381482964679,0.04303234508805517,19966.783615210046,0.09762469138163411,1307.2484200362012,468.73848274564153,0.031130781461650204,6135.294854462188,0.028287727646587733,1280.074462228243,289.03967129283683,0.009545471659461291,6229.067528002644,0.028363246471115423,1284.7486758916962,299.4002429760416,0.01002028424086626
E3_E1_009_s59,na_qae_final,calm,HA0100_0069,1.17,0.036,1.178,0.04,0.64,0.014,0.642,0.014,3.13,0.5,4.35,38.0,742554125.0,59,743121346,0,6889.790169981,True,13201,0.05000000000001137,22437.713970757042,0.10736336881369904,1331.3479563217206,486.90426193541174,0.043150191720083116,19995.54942842979,0.09774346485880253,1300.1390947551122,479.67935521139555,0.03159452642080194,6441.322739454343,0.03015561796235495,1276.1576121074359,286.0711033151666,0.009295512674673208,6441.322739454343,0.03015561796235495,1283.8258886321437,299.66924854180013,0.0097902319607418
E3_E1_009_s6,na_qae_final,calm,HA0100_0069,1.17,0.036,1.178,0.04,0.64,0.014,0.642,0.014,3.13,0.5,4.35,38.0,742554125.0,6,742601639,0,7309.113528601,True,13201,0.05000000000001137,22525.66207951218,0.10775428008721874,1339.5200914498305,495.949425148645,0.04340876840089639,20077.189872196017,0.09813770984553268,1303.124034553965,472.1289359143745,0.03099477417906408,5830.63813133409,0.02674838586982729,1278.2699999591007,288.46071087122306,0.00924535747752561,5830.63813133409,0.02674838586982729,1285.0240516864624,294.8429971637363,0.009755364490122034
E3_E1_009_s7,na_qae_final,calm,HA0100_0069,1.17,0.036,1.178,0.04,0.64,0.014,0.642,0.014,3.13,0.5,4.35,38.0,742554125.0,7,742609558,0,10205.884299770001,True,13201,0.05000000000001137,22342.980258795036,0.10692160333231629,1331.6761714912275,479.21773342713914,0.04295588813207615,19958.137701449425,0.09753637801540721,1304.9596718888054,479.21773342713914,0.030890746451452684,6203.515899844594,0.02850418867112745,1278.362260031976,288.61363845301383,0.009673749193971092,6203.515899844594,0.02850418867112745,1284.6146267547958,295.56002731117445,0.009673749193971092
E3_E1_009_s8,na_qae_final,calm,HA0100_0069,1.17,0.036,1.178,0.04,0.64,0.014,0.642,0.014,3.13,0.5,4.35,38.0,742554125.0,8,742617477,0,9987.385322994,True,13201,0.05000000000001137,22499.99641285618,0.10763785241144938,1333.0225147410058,489.5005605285442,0.04326937809532926,20076.751373848616,0.09806589493894236,1301.1731338691293,469.9938992385156,0.03173189414620352,5939.308087931948,0.02697953894893087,1276.6158722926266,283.39411472551717,0.009439471699296568,5939.308087931948,0.02697953894893087,1284.0656497299535,292.5687703533555,0.009845268609386365
E3_E1_009_s9,na_qae_final,calm,HA0100_0069,1.17,0.036,1.178,0.04,0.64,0.014,0.642,0.014,3.13,0.5,4.35,38.0,742554125.0,9,742625396,0,6858.062029294999,True,13201,0.05000000000001137,22472.6349225465,0.1075508892652615,1332.9867773831897,490.85380645996395,0.043283020853193584,20019.90925267449,0.09787682585247066,1298.119779808729,479.0800985534373,0.03162769387404128,6213.490210998824,0.028454694753671392,1280.2274461749637,285.6917398188459,0.009921427586347101,6213.490210998824,0.028454694753671392,1284.9462663749475,300.6040351081678,0.010011097472594916
E3_E1_010_s0,na_qae_final,low,HF0300_0082,1.17,0.036,1.178,0.04,0.64,0.014,0.642,0.014,8.52,0.62,3.55,1.0,770234567.0,0,770234567,0,7175.715699594999,True,13201,0.05000000000001137,59954.62413916956,0.30095855003276367,1328.875733863033,423.1803058669994,0.10737632639552308,54882.631673926844,0.27633809094724415,1304.9023359837638,384.7883326033126,0.10454834837830064,29889.543221841483,0.15315985230468862,1278.4600092425103,259.27428343840796,0.0532547911319705,30071.70409639689,0.15315985230468862,1288.817766221424,259.27428343840796,0.05404944312406371
E3_E1_010_s1,na_qae_final,low,HF0300_0082,1.17,0.036,1.178,0.04,0.64,0.014,0.642,0.014,8.52,0.62,3.55,1.0,770234567.0,1,770242486,0,5881.129808214,True,13201,0.05000000000001137,59955.600432595595,0.30084501609117426,1330.3839780697333,421.1998457926645,0.10725267882935116,54875.949512604064,0.27632923231274326,1311.3608618485862,376.6387806552588,0.10407425414631392,29954.063719630558,0.1526283283796373,1285.0020036732358,256.9649628499327,0.05307215838276776,30310.038412292673,0.15408426586887417,1287.9600832472534,259.6758828587044,0.05449933980584113
E3_E1_010_s10,na_qae_final,low,HF0300_0082,1.17,0.036,1.178,0.04,0.64,0.014,0.642,0.014,8.52,0.62,3.55,1.0,770234567.0,10,770313757,0,7089.429674362,True,13201,0.05000000000001137,59856.7690932021,0.30024830984836476,1337.7178458716091,420.60905052101697,0.1077223592898427,54911.15610492192,0.2765894898127653,1298.624480252344,387.2823609251466,0.10450913408904695,29723.9171919678,0.15134080281221982,1278.31938012941,247.7743659517759,0.053186330344504935,30322.03657812157,0.1540449638159917,1290.0274341879478,255.9796590254347,0.054352234473145765
E3_E1_010_s11,na_qae_final,low,HF0300_0082,1.17,0.036,1.178,0.04,0.64,0.014,0.642,0.014,8.52,0.62,3.55,1.0,770234567.0,11,770321676,0,8577.913083909,True,13201,0.05000000000001137,59944.587526457704,0.30085036825139666,1331.5363939045546,422.9935410063714,0.10777665022203187,54971.557798116955,0.27670489952922717,1299.8958306600357,388.88042483564305,0.10485918966669679,29398.51671120116,0.1500128130416715,1278.1893464457946,245.15728625618894,0.05275439667082228,30299.00985532111,0.15444198184140318,1287.9600084474594,260.38926138662754,0.053719757068782646
E3_E1_010_s12,na_qae_final,low,HF0300_0082,1.17,0.036,1.178,0.04,0.64,0.014,0.642,0.014,8.52,0.62,3.55,1.0,770234567.0,12,770329595,0,7055.608100669,True,13201,0.05000000000001137,60137.666865601284,0.3016928626419431,1339.462139277696,418.9170433907955,0.10743034543491538,54982.89066417984,0.27707465304097795,1307.4244941917254,376.9035495211854,0.10395478659716095,29722.447406911873,0.15091798777615012,1287.5465886204563,269.334158258478,0.05342386792158834,30164.139284180685,0.1544507133804657,1289.3877922735742,269.334158258478,0.05388312062313211
E3_E1_010_s13,na_qae_final,low,HF0300_0082,1.17,0.036,1.178,0.04,0.64,0.014,0.642,0.014,8.52,0.62,3.55,1.0,770234567.0,13,770337514,0,6878.683505303001,True,13201,0.05000000000001137,60135.84831051638,0.30185382676481365,1329.062902166584,421.8368146232878,0.10693444403518836,54914.07174415022,0.2766342002123278,1314.5552443548438,378.7238620530112,0.10390048622988718,29605.485209201517,0.15180926389775837,1282.5727916837757,249.59081878112073,0.0530559883996811,30270.536180459967,0.15483658121927393,1288.1219481632886,257.45015636288525,0.05411518076957915
E3_E1_010_s14,na_qae_final,low,HF0300_0082,1.17,0.036,1.178,0.04,0.64,0.014,0.642,0.014,8.52,0.62,3.55,1.0,770234567.0,14,770345433,0,7230.153476991001,True,13201,0.05000000000001137,59896.10729517448,0.30068151476409855,1326.9010163221644,422.71081082714943,0.10676437591278526,54691.02841124582,0.2755416941382465,1318.766029938448,388.7600270728195,0.10390965766905616,29634.256277914756,0.15206308065756666,1278.3556350715357,243.5098068592876,0.05340949640884144,30146.61927223993,0.15429041382350017,1288.8967172854307,256.4869923916318,0.05428937531957986
E3_E1_010_s15,na_qae_final,low,HF0300_0082,1.17,0.036,1.178,0.04,0.64,0.014,0.642,0.014,8.52,0.62,3.55,1.0,770234567.0,15,770353352,0,7032.040887959999,True,13201,0.05000000000001137,60246.96747585602,0.30240775413824716,1336.7784810500323,420.9922420133538,0.10749303785159439,55084.248090538465,0.2773901255451061,1304.0012603317118,382.7823474173613,0.10446007954749213,29482.369703793956,0.14976690953603883,1281.6961069815954,251.40895104836775,0.052988365851210556,30141.383686982,0.15333573295840786,1292.6084383670698,257.53141136458356,0.05409394394583734
E3_E1_010_s16,na_qae_final,low,HF0300_0082,1.17,0.036,1.178,0.04,0.64,0.014,0.642,0.014,8.52,0.62,3.55,1.0,770234567.0,16,770361271,0,7327.9690953869995,True,13201,0.05000000000001137,60233.874247791704,0.3024613636456422,1331.69946295197,422.1896355597201,0.1072238565922844,54983.45729843897,0.2768569134351351,1308.4228653778325,380.62160249688577,0.10442280001967448,29777.077628013634,0.15174093995621807,1279.989213934231,237.831719913515,0.053242980716046676,30079.09073462516,0.15316277911338988,1286.1513573382363,261.12096144905223,0.05384671311983935
E3_E1_010_s17,na_qae_final,low,HF0300_0082,1.17,0.036,1.178,0.04,0.64,0.014,0.642,0.014,8.52,0.62,3.55,1.0,770234567.0,17,770369190,0,6916.95761316,True,13201,0.05000000000001137,60197.34588000123,0.3022382007282096,1339.129733791691,421.89781485997935,0.1080988464858442,55159.481894384015,0.2775870615248077,1302.2473553766304,382.36390195931597,0.10504070562394208,29624.607859234166,0.15139856650758218,1285.225422551406,240.9185945092411,0.05262014651323591,30078.973330763212,0.15370147502198128,1288.517975322513,255.40045297976147,0.05407828918956896
E3_E1_010_s18,na_qae_final,low,HF0300_0082,1.17,0.036,1.178,0.04,0.64,0.014,0.642,0.014,8.52,0.62,3.55,1.0,770234567.0,18,770377109,0,8464.106978421998,True,13201,0.05000000000001137,59804.17544359374,0.30014900517264825,1326.5452637155179,423.9366474176662,0.10718267782011914,54777.261124954006,0.27581573096940076,1308.0666763832626,396.4965707117012,0.10440722836331075,29381.29310517531,0.14982992925605798,1278.8669150837368,246.30097407364457,0.05287414826043758,30004.174593676256,0.15369794612577364,1290.491944969249,256.69082795864074,0.05408605636149534
E3_E1_010_s19,na_qae_final,low,HF0300_0082,1.17,0.036,1.178,0.04,0.64,0.014,0.642,0.014,8.52,0.62,3.55,1.0,770234567.0,19,770385028,0,7150.064441539999,True,13201,0.05000000000001137,60209.710548983305,0.3021691285824422,1333.7360060869853,420.0794319072884,0.10697560899112997,54907.75654928186,0.2767098503676623,1314.7806419368844,389.4864793024124,0.10372379091899997,29795.598331732486,0.15193334226769187,1279.2756670602134,246.98278694596632,0.05279388487016512,30179.720814234923,0.15346998317305463,1290.715551542952,258.5312230208208,0.05393716596031631
E3_E1_010_s2,na_qae_final,low,HF0300_0082,1.17,0.036,1.178,0.04,0.64,0.014,0.642,0.014,8.52,0.62,3.55,1.0,770234567.0,2,770250405,0,6820.643906825,True,13201,0.05000000000001137,60038.68256018358,0.3013757577402812,1336.4236752074933,421.1990362588535,0.10752932967682748,54835.93858439066,0.27606800465584397,1308.455887938766,393.1299994505355,0.10451847563002839,29818.937471991932,0.1523909076503442,1277.4177597838097,236.5008561544895,0.053224023743906765,30081.616262854503,0.15349289691805923,1288.9850236907396,257.85856158941453,0.05428561642416781
E3_E1_010_s20,na_qae_final,low,HF0300_0082,1.17,0.036,1.178,0.04,0.64,0.014,0.642,0.014,8.52,0.62,3.55,1.0,770234567.0,20,770392947,0,8131.410746553,True,13201,0.05000000000001137,60307.304840416335,0.30281047745038997,1335.0418823255488,422.13077165639305,0.10792414308656503,55135.28841261312,0.27741966502836857,1303.5249329504716,384.0165741042484,0.10502245177476939,30028.3471714574,0.15350170242001973,1282.1393860750227,256.2456143344557,0.05323335508160852,30050.1768294997,0.15350170242001973,1290.8007117258253,256.2456143344557,0.05409958075130461
E3_E1_010_s21,na_qae_final,low,HF0300_0082,1.17,0.036,1.178,0.04,0.64,0.014,0.642,0.014,8.52,0.62,3.55,1.0,770234567.0,21,770400866,0,7071.51158187,True,13201,0.05000000000001137,59763.79674217392,0.2999002458322903,1328.1756720277701,421.7806922556038,0.10744009417779443,54661.10776222786,0.27517103805783655,1303.1868437695764,382.3093580410432,0.104539730443654,29663.839715718146,0.15147142740636085,1280.3648229369433,249.14377469537385,0.052484021817900114,30222.41922273254,0.15479734893058308,1289.449508690736,254.88352040909572,0.05403667555234386
E3_E1_010_s22,na_qae_final,low,HF0300_0082,1.17,0.036,1.178,0.04,0.64,0.014,0.642,0.014,8.52,0.62,3.55,1.0,770234567.0,22,770408785,0,5411.284723715001,True,13201,0.05000000000001137,59965.08040580571,0.3010643281089647,1327.668019134875,423.93177353187605,0.10772163240968903,54889.71617726372,0.2761488293140713,1302.678703008489,390.7624323347138,0.10497989619454656,30101.82850055509,0.15371479677147365,1281.7806044179051,245.1839317278107,0.0539734114870611,30101.82850055509,0.15389643751717333,1288.4595845091462,256.50839639969666,0.0539734114870611
E3_E1_010_s23,na_qae_final,low,HF0300_0082,1.17,0.036,1.178,0.04,0.64,0.014,0.642,0.014,8.52,0.62,3.55,1.0,770234567.0,23,770416704,0,6868.945752326,True,13201,0.05000000000001137,59836.22083114271,0.30034568255034205,1328.9512328518144,422.5059172515498,0.10733054873326492,54682.33582661876,0.2753055522380039,1310.6339325230265,406.37961844625625,0.10449067429207347,29769.29732768273,0.1518078808871667,1276.7267944809364,248.0509665335348,0.052789892077810756,30237.205492494963,0.15458729480448563,1287.9674809584794,252.32823193477614,0.05416888531857385
E3_E1_010_s24,na_qae_final,low,HF0300_0082,1.17,0.036,1.178,0.04,0.64,0.014,0.642,0.014,8.52,0.62,3.55,1.0,770234567.0,24,770424623,0,6849.680943873001,True,13201,0.05000000000001137,60336.35695685355,0.30279716760841335,1340.4175099274764,420.49433193001477,0.10775047863731209,55204.28347839112,0.2779817590718329,1302.8417828764575,389.78810260123134,0.10465710481548142,29368.902718153797,0.14978099828302463,1277.345011392883,245.17307510341976,0.05249404035261748,30512.479203099647,0.15547792720201525,1290.412146378317,259.42388313940853,0.05518450264528892
E3_E1_010_s25,na_qae_final,low,HF0300_0082,1.17,0.036,1.178,0.04,0.64,0.014,0.642,0.014,8.52,0.62,3.55,1.0,770234567.0,25,770432542,0,9886.922574364,True,13201,0.05000000000001137,60192.665284971474,0.302156750880366,1333.8415529845217,422.30149720374277,0.10741589775448684,55091.97414414502,0.2774215332403887,1302.7695134098035,387.38568779996984,0.10456536313581756,29510.70854963395,0.15146653460960302,1278.414984241798,249.94419068018158,0.05293609983263969,30151.955025395815,0.15370479076172508,1287.7527996196886,256.8341687896114,0.053876989350245305
E3_E1_010_s26,na_qae_final,low,HF0300_0082,1.17,0.036,1.178,0.04,0.64,0.014,0.642,0.014,8.52,0.62,3.55,1.0,770234567.0,26,770440461,0,6925.909722239,True,13201,0.05000000000001137,59708.32572622339,0.29964364064657417,1326.6822459989642,423.34615783887205,0.10661225613105192,54503.20354029865,0.2745319778029696,1315.4371393705194,392.4995114222614,0.1039699885184274,29840.643741404412,0.15222863839868517,1286.6525317138385,251.43323507530727,0.05381411630047532,30373.344174419046,0.15418291858805164,1292.9081487314393,263.6694491186156,0.05433182492697846
E3_E1_010_s27,na_qae_final,low,HF0300_0082,1.17,0.036,1.178,0.04,0.64,0.014,0.642,0.014,8.52,0.62,3.55,1.0,770234567.0,27,770448380,0,8951.243865459,True,13201,0.05000000000001137,59976.67171596221,0.3007637587237264,1330.9435237512187,419.9365821780907,0.10710198665827889,54881.69634333254,0.2766168808233408,1312.8720401339856,386.27304343743566,0.10357184008787743,29641.611478465304,0.15031807051905474,1285.1959372144422,260.07516308493683,0.05330405789980203,29992.755540142552,0.15230229810865162,1287.5094101353168,260.07516308493683,0.05429047049570198
E3_E1_010_s28,na_qae_final,low,HF0300_0082,1.17,0.036,1.178,0.04,0.64,0.014,0.642,0.014,8.52,0.62,3.55,1.0,770234567.0,28,770456299,0,7078.1470952439995,True,13201,0.05000000000001137,59673.6796490156,0.29925656260731576,1328.4208089384952,422.2787865766353,0.10730524290274827,54776.06162512764,0.27587045770465046,1306.4920951137806,379.2468035702345,0.10415310461660675,29760.33706173948,0.1516302288116122,1284.420264847905,250.90000197694732,0.052649065478648574,30091.927851782864,0.15409500570833568,1290.6146416056902,257.5580072604496,0.05431688085042201
E3_E1_010_s29,na_qae_final,low,HF0300_0082,1.17,0.036,1.178,0.04,0.64,0.014,0.642,0.014,8.52,0.62,3.55,1.0,770234567.0,29,770464218,0,6196.762385926,True,13201,0.05000000000001137,60009.52021532904,0.3012678005879158,1341.2026130313839,421.1732400642888,0.10787862975127502,54922.39344454346,0.2764844048534128,1302.7609200226457,391.30649770476043,0.10480696540221149,29387.47104352549,0.1504267882379029,1276.2885608499648,246.11535492947553,0.05232529188836162,30312.61175602766,0.15371069001966584,1290.4093938587723,255.73398702852387,0.05431051547087536
E3_E1_010_s3,na_qae_final,low,HF0300_0082,1.17,0.036,1.178,0.04,0.64,0.014,0.642,0.014,8.52,0.62,3.55,1.0,770234567.0,3,770258324,0,7009.231733457001,True,13201,0.05000000000001137,59888.87680506989,0.300464587362438,1333.775606151555,421.5550656630642,0.10760877157399795,54951.27767547049,0.27674630057127353,1301.0753385188425,384.04826159075196,0.10448187686148208,29868.507978967526,0.152256229944039,1279.3689206422075,239.81791171642783,0.0529735124899757,30065.49138399132,0.1538253246401911,1289.4707386635027,258.1077568310222,0.05408204921841489
E3_E1_010_s30,na_qae_final,low,HF0300_0082,1.17,0.036,1.178,0.04,0.64,0.014,0.642,0.014,8.52,0.62,3.55,1.0,770234567.0,30,770572137,0,7032.212533701,True,13201,0.05000000000001137,60058.22058502033,0.30151881979321077,1329.2777242694865,422.7039666977764,0.10709271743526858,54846.942577215195,0.276259736242569,1305.3038247010782,389.99875889501925,0.1044331606286697,29724.919625246537,0.15149191830006278,1279.340379587224,239.29194898688115,0.052963298815898535,30147.288550105804,0.1540982091006191,1286.9041281813438,253.6379471162882,0.05409937255934427
E3_E1_010_s31,na_qae_final,low,HF0300_0082,1.17,0.036,1.178,0.04,0.64,0.014,0.642,0.014,8.52,0.62,3.55,1.0,770234567.0,31,770580056,0,8781.927426383001,True,13201,0.05000000000001137,59993.222931721975,0.30083181382968116,1337.0589457907172,418.7470524235886,0.10735205288943743,54866.606474577005,0.27658688313285124,1307.1629695056151,389.79459967990556,0.10378369980286735,29211.15486996873,0.1495603696169197,1281.0863852391087,259.31946529888125,0.052655890734355504,30006.684926831513,0.1528214503387487,1289.5340154583907,259.4373590306275,0.054139971406849036
E3_E1_010_s32,na_qae_final,low,HF0300_0082,1.17,0.036,1.178,0.04,0.64,0.014,0.642,0.014,8.52,0.62,3.55,1.0,770234567.0,32,770587975,0,6837.706346786001,True,13201,0.05000000000001137,59915.183350816835,0.30085078813308697,1329.9234568234654,423.07766906506527,0.1074487380491254,54742.95573431659,0.27554911252250447,1310.3290221758568,394.311717599767,0.10466312111244326,29954.348010926216,0.15276280801015255,1283.7706590823182,239.0527418101404,0.053531720413579675,30216.89171265703,0.15475312456088938,1290.1536870483349,258.3698542132088,0.053951448451125664
E3_E1_010_s33,na_qae_final,low,HF0300_0082,1.17,0.036,1.178,0.04,0.64,0.014,0.642,0.014,8.52,0.62,3.55,1.0,770234567.0,33,770595894,0,7025.314531751001,True,13201,0.05000000000001137,59681.2495021342,0.2995362036982829,1332.166873480075,424.511254445353,0.10742720571240294,54766.93072058069,0.27568415055620965,1304.5181468452643,402.2544879603389,0.10472902640970033,29969.470154253377,0.15280673804612527,1277.7159515347878,249.10926892941305,0.05377671336844573,30214.544340034583,0.15393831684337816,1289.6163348772293,260.942188957462,0.05445535627933205
E3_E1_010_s34,na_qae_final,low,HF0300_0082,1.17,0.036,1.178,0.04,0.64,0.014,0.642,0.014,8.52,0.62,3.55,1.0,770234567.0,34,770603813,0,5946.882661714,True,13201,0.05000000000001137,59936.73964848633,0.300755089092481,1329.2507840649762,422.0940655426187,0.1072989391734441,54920.034665471,0.27659039240668487,1306.0330376329784,383.12925134841447,0.10424021364923516,30028.56944205563,0.15308378902030914,1279.1939742881,242.26838047481402,0.05321942745607329,30140.241766442534,0.15386745823702958,1288.4232707302417,260.6089837961757,0.05402340723786483
E3_E1_010_s35,na_qae_final,low,HF0300_0082,1.17,0.036,1.178,0.04,0.64,0.014,0.642,0.014,8.52,0.62,3.55,1.0,770234567.0,35,770611732,0,6799.426526915,True,13201,0.05000000000001137,60120.52811330933,0.301734719410782,1336.0602463514062,420.9145072264335,0.10752507339178972,54984.78249455739,0.2768327088277347,1307.449012372006,380.00652929238663,0.10442245778510818,29320.530591077906,0.1507109381473283,1280.4849609253947,255.30322033337214,0.05290033442127236,29966.691136684454,0.1534972771701829,1286.1036319194607,255.30322033337214,0.054048843635802805
E3_E1_010_s36,na_qae_final,low,HF0300_0082,1.17,0.036,1.178,0.04,0.64,0.014,0.642,0.014,8.52,0.62,3.55,1.0,770234567.0,36,770619651,0,6945.787924235,True,13201,0.05000000000001137,59999.15924898953,0.3010779074617114,1332.32747138075,422.1399707210292,0.10758033205485759,55012.516729442854,0.27700396116920056,1302.5394052074917,379.01847416672456,0.10458282406169105,29423.391453472217,0.15026845813272977,1278.4347102464637,237.12463483727768,0.05278142086762549,30003.767713563666,0.15336600513266976,1289.1528138808999,254.46575301095916,0.05399946628434486
E3_E1_010_s37,na_qae_final,low,HF0300_0082,1.17,0.036,1.178,0.04,0.64,0.014,0.642,0.014,8.52,0.62,3.55,1.0,770234567.0,37,770627570,0,7225.033857323,True,13201,0.05000000000001137,60026.0723042629,0.3013413991763732,1332.212119136801,422.8211189380317,0.10761569693212748,54973.10781939073,0.276771462334471,1300.669356691713,387.0471127590727,0.10475842505203437,29345.95367655099,0.15026538049722443,1282.9331513575498,245.7159418029968,0.05244571799219177,30042.24766371487,0.15321234197664363,1286.54465443385,259.502845872735,0.054005722754311564
E3_E1_010_s38,na_qae_final,low,HF0300_0082,1.17,0.036,1.178,0.04,0.64,0.014,0.642,0.014,8.52,0.62,3.55,1.0,770234567.0,38,770635489,0,7253.0989852150005,True,13201,0.05000000000001137,59972.25039642076,0.3010140866751138,1329.7735466756997,421.481286624067,0.1068976418112011,54737.44577519973,0.27580802871590426,1314.196826198271,384.9976543847513,0.10390012481835355,29622.54552914371,0.15203921424650393,1278.8702812595686,246.72820537004608,0.05245607569831835,30109.82141491216,0.15439378107255425,1290.3756532160244,257.44150672489104,0.05426568176531233
E3_E1_010_s39,na_qae_final,low,HF0300_0082,1.17,0.036,1.178,0.04,0.64,0.014,0.642,0.014,8.52,0.62,3.55,1.0,770234567.0,39,770643408,0,7584.810665168,True,13201,0.05000000000001137,59920.60189194889,0.30057578984632993,1332.1209200838323,420.4119560162893,0.10701609750648136,54746.11824597146,0.2758684387076802,1311.5400158874756,391.20906849378304,0.10379597813526688,29572.71670376524,0.15096154609779444,1280.9827189852078,249.28215552265354,0.05262550254345501,30258.10257257838,0.15475628102902583,1291.0306062897575,257.9601126907912,0.05408354644148715
E3_E1_010_s4,na_qae_final,low,HF0300_0082,1.17,0.036,1.178,0.04,0.64,0.014,0.642,0.014,8.52,0.62,3.55,1.0,770234567.0,4,770266243,0,5713.894254211,True,13201,0.05000000000001137,60160.16756680396,0.3019991704810449,1337.7694961416732,420.9705627863547,0.10749424192908985,54968.37279937889,0.2768527036187204,1303.579226764151,395.54117608129053,0.10450569369082324,29644.530189543133,0.15134491598231897,1280.8905042937479,255.20018568406664,0.053096759067468795,30161.015409440468,0.1538074483049052,1290.7570559208416,260.54639475398784,0.054003821183693505
E3_E1_010_s40,na_qae_final,low,HF0300_0082,1.17,0.036,1.178,0.04,0.64,0.014,0.642,0.014,8.52,0.62,3.55,1.0,770234567.0,40,770651327,0,8429.506142224,True,13201,0.05000000000001137,60254.17823910767,0.30233774154788773,1336.9255550517073,419.6679413265768,0.1075155985627089,55034.19898264309,0.27721919347316915,1303.230180631825,386.09207977371045,0.10426764071723,29516.21613271535,0.15156261967520965,1279.8766160838488,243.46233631436291,0.05271718294740071,29943.405463840925,0.15271191412615753,1288.3247685617625,259.8791216547057,0.05383648928929894
E3_E1_010_s41,na_qae_final,low,HF0300_0082,1.17,0.036,1.178,0.04,0.64,0.014,0.642,0.014,8.52,0.62,3.55,1.0,770234567.0,41,770659246,0,10612.276080685,True,13201,0.05000000000001137,60070.58762214614,0.3015427505582708,1331.3477664828065,421.3904313886475,0.10698340634184005,54777.872446503534,0.2759533766708856,1312.0361365358767,384.4455773551972,0.10407177538249092,29988.770079784077,0.15338144999916734,1285.2096010150449,254.07301576434173,0.053207231848106926,29988.770079784077,0.15338144999916734,1287.9578750207004,257.3259019924082,0.053961675764662896
E3_E1_010_s42,na_qae_final,low,HF0300_0082,1.17,0.036,1.178,0.04,0.64,0.014,0.642,0.014,8.52,0.62,3.55,1.0,770234567.0,42,770667165,0,8571.810729286,True,13201,0.05000000000001137,60085.83543147846,0.3015764891666746,1333.6064805051271,420.98689756031627,0.1073123559054915,54899.19570898203,0.2764583146563569,1308.8984038111605,378.61971909613186,0.10425021167379035,29217.416396857927,0.14972956869884824,1281.8368858787571,254.63515813709665,0.05276525082410264,30259.20572149825,0.1539875970678644,1289.7896449895493,259.7928848874502,0.054838338844067164
E3_E1_010_s43,na_qae_final,low,HF0300_0082,1.17,0.036,1.178,0.04,0.64,0.014,0.642,0.014,8.52,0.62,3.55,1.0,770234567.0,43,770675084,0,6960.448604757,True,13201,0.05000000000001137,60102.901564880085,0.30167096514722136,1332.9175496103564,421.2846196938138,0.10730492369915447,54945.006769411906,0.2767362052832806,1310.7095512959065,381.4272010211867,0.10418246257922943,29875.25828498554,0.15256500588368835,1282.9571939918362,247.14212776460423,0.052611914370965615,30267.453245929228,0.1550088492688919,1286.856655817966,256.69606943888704,0.05432623885579074
E3_E1_010_s44,na_qae_final,low,HF0300_0082,1.17,0.036,1.178,0.04,0.64,0.014,0.642,0.014,8.52,0.62,3.55,1.0,770234567.0,44,770683003,0,9783.671588734,True,13201,0.05000000000001137,60009.218909001356,0.3013228897659601,1332.5805689554002,423.46015263291736,0.10755940894024502,54886.09909677605,0.2762547325711464,1303.0659317481736,393.9941336638076,0.10489073420251954,30046.21483071258,0.15211646556507144,1284.0139907772746,256.7585659360167,0.053806785117830054,30302.867605053387,0.15472951668854334,1289.6693685368311,259.4773360149564,0.053970910255451546
E3_E1_010_s45,na_qae_final,low,HF0300_0082,1.17,0.036,1.178,0.04,0.64,0.014,0.642,0.014,8.52,0.62,3.55,1.0,770234567.0,45,770690922,0,7024.903531883,True,13201,0.05000000000001137,60279.28219342064,0.3024359232556756,1334.9962264498283,419.99712749794577,0.10723025340478562,55120.143836747506,0.27782275139081286,1307.5164093608248,375.0896247394731,0.10379871001452799,29690.366407615555,0.1511953642876274,1283.5966717912327,252.32100878936268,0.05318508219495988,30152.585564889196,0.15364410383437813,1287.5092228155468,252.94409883448978,0.05417885454127972
E3_E1_010_s46,na_qae_final,low,HF0300_0082,1.17,0.036,1.178,0.04,0.64,0.014,0.642,0.014,8.52,0.62,3.55,1.0,770234567.0,46,770698841,0,7115.305708678,True,13201,0.05000000000001137,59819.012441769155,0.3001711318299828,1329.1965234233728,424.6530782547692,0.10679358351111441,54809.5663488379,0.27607919082098686,1311.0635830183107,392.0572265177497,0.10403821461776186,29580.330216679944,0.15173129157760207,1277.9328137626294,244.48799141032026,0.053541596058640444,30163.08013570548,0.1535500778694961,1288.7030084855776,254.20224303026612,0.05389702234192498
E3_E1_010_s47,na_qae_final,low,HF0300_0082,1.17,0.036,1.178,0.04,0.64,0.014,0.642,0.014,8.52,0.62,3.55,1.0,770234567.0,47,770706760,0,5628.948503125,True,13201,0.05000000000001137,59951.725153845306,0.3009473427178388,1329.7273653451,422.8746650304721,0.10741589721622012,54803.546200068864,0.27585943522604306,1303.6597672743671,388.2045129196438,0.10468514250101728,30017.064244374138,0.15308146600778863,1282.1206673495947,249.01056376110967,0.05276638163424032,30165.52009896792,0.15433224104984208,1291.2871753154725,256.390928323019,0.05429730894756533
E3_E1_010_s48,na_qae_final,low,HF0300_0082,1.17,0.036,1.178,0.04,0.64,0.014,0.642,0.014,8.52,0.62,3.55,1.0,770234567.0,48,770714679,0,8714.143762550999,True,13201,0.05000000000001137,60070.032449151644,0.30143136480607124,1336.286525259679,420.8807726950281,0.10749885095472793,54961.84718370521,0.2768230707265798,1303.1086691533758,389.12131527761335,0.10439781311201658,30014.95154655245,0.15361930578263375,1283.4397424210083,258.04371811668864,0.053294678377049695,30423.088250012406,0.15448040791928608,1289.9009375971561,258.04371811668864,0.05482222664771862
E3_E1_010_s49,na_qae_final,low,HF0300_0082,1.17,0.036,1.178,0.04,0.64,0.014,0.642,0.014,8.52,0.62,3.55,1.0,770234567.0,49,770722598,0,5296.089234405,True,13201,0.05000000000001137,60248.51676173084,0.30233661496388714,1336.3702971221633,419.1396860206891,0.1071375063565115,54953.59263469659,0.2769707156831468,1314.3622217229868,378.3534848660714,0.10368671917123867,29504.133846911496,0.15067866684527662,1280.3024544278853,246.04008493835408,0.052332136988891755,30199.66204946244,0.1534377904108578,1294.5720288040643,266.6438647664567,0.05471170824698273
E3_E1_010_s5,na_qae_final,low,HF0300_0082,1.17,0.036,1.178,0.04,0.64,0.014,0.642,0.014,8.52,0.62,3.55,1.0,770234567.0,5,770274162,0,8902.607434210002,True,13201,0.05000000000001137,60071.106345638,0.3015277488466211,1339.7084784668305,422.8149714165196,0.10804843136772006,55210.47035711832,0.27795677569524063,1295.1399412130602,400.08519729388723,0.10504447558909817,29896.53740645649,0.1513325465546849,1278.815590956803,244.47156479312048,0.05293688920965524,30086.8764332635,0.1537011814141816,1288.5593870924292,257.5428756542603,0.05402668875393025
E3_E1_010_s50,na_qae_final,low,HF0300_0082,1.17,0.036,1.178,0.04,0.64,0.014,0.642,0.014,8.52,0.62,3.55,1.0,770234567.0,50,770730517,0,5285.901396116,True,13201,0.05000000000001137,60159.86664771325,0.30187785767890485,1332.5492446649696,420.8957185128124,0.10753155567439705,55040.339832057936,0.27718512486339275,1302.8894055493975,383.7231196494341,0.10449005230507649,29876.715739895193,0.152335994793395,1278.1817007811208,243.6037905534379,0.05284686800451917,30441.468314506394,0.1551337425792671,1289.8754545156703,259.03275871241556,0.054530938407607615
E3_E1_010_s51,na_qae_final,low,HF0300_0082,1.17,0.036,1.178,0.04,0.64,0.014,0.642,0.014,8.52,0.62,3.55,1.0,770234567.0,51,770738436,0,9528.113450373,True,13201,0.05000000000001137,59996.8715464131,0.3011830967638271,1332.4138979367322,422.36637780167376,0.1077060308228085,54878.70088255318,0.27619435602491776,1301.2185885598744,393.5921346973,0.10486279540168301,29722.6359383347,0.1516448506888258,1281.2915836444895,240.1753234589534,0.05271489949861269,30219.45039473361,0.15454474579271923,1287.4900469609888,261.9862590915065,0.05400996858060511
E3_E1_010_s52,na_qae_final,low,HF0300_0082,1.17,0.036,1.178,0.04,0.64,0.014,0.642,0.014,8.52,0.62,3.55,1.0,770234567.0,52,770746355,0,11139.835346113,True,13201,0.05000000000001137,60078.72620448709,0.3015122537966884,1329.2059523240841,422.92644295545085,0.10734501078584328,55018.98964050862,0.2771141296470555,1300.2755336279386,391.09935456463535,0.10450223832489428,30362.918690080303,0.15530775512755118,1286.4295556803645,253.88550797742192,0.05397298188500596,30362.918690080303,0.15530775512755118,1286.4295556803645,259.4119810432309,0.0540647370768291
E3_E1_010_s53,na_qae_final,low,HF0300_0082,1.17,0.036,1.178,0.04,0.64,0.014,0.642,0.014,8.52,0.62,3.55,1.0,770234567.0,53,770754274,0,7697.132554755,True,13201,0.05000000000001137,59633.66414540861,0.29945050853426575,1336.228610311144,426.3366283209757,0.10717814308367962,54625.48157275635,0.2749416563270957,1308.4194806822882,391.5544647165706,0.10473153436996657,29678.66639925337,0.1502371142416103,1283.7791592854232,258.09736772389766,0.05335929311652117,29905.63636934217,0.15306050324601522,1287.1970500158607,258.09736772389766,0.05414430125995851
E3_E1_010_s54,na_qae_final,low,HF0300_0082,1.17,0.036,1.178,0.04,0.64,0.014,0.642,0.014,8.52,0.62,3.55,1.0,770234567.0,54,770762193,0,7058.025605772,True,13201,0.05000000000001137,60084.71336044079,0.3016733358553084,1334.873557304661,422.8064217498496,0.10791979995273826,55021.52232787494,0.2769209242758603,1300.07962682978,394.19436016281827,0.10502316566393279,29853.175045263124,0.1523413642778803,1284.1256413199064,253.04036962364967,0.053529274696936135,30210.196914955308,0.15486632595596464,1288.1582273483416,260.9930394632608,0.05382733655382857
E3_E1_010_s55,na_qae_final,low,HF0300_0082,1.17,0.036,1.178,0.04,0.64,0.014,0.642,0.014,8.52,0.62,3.55,1.0,770234567.0,55,770770112,0,7159.88974451,True,13201,0.05000000000001137,60077.861175078,0.3013728027662849,1337.61947473982,420.3206444152707,0.10757791289035361,55046.51346483545,0.2773473768332815,1300.1307143817971,387.0962455878851,0.10427162009373578,29898.691079702494,0.1528099200618129,1277.958507644146,241.70426387882844,0.0529936960448493,30481.44288805594,0.15490013789236884,1291.4155625674186,261.2905292378472,0.054956448102454016
E3_E1_010_s56,na_qae_final,low,HF0300_0082,1.17,0.036,1.178,0.04,0.64,0.014,0.642,0.014,8.52,0.62,3.55,1.0,770234567.0,56,770778031,0,11340.406233081,True,13201,0.05000000000001137,60091.757297314216,0.3017795506554181,1333.1880288525056,424.57773242952294,0.10800816427014195,55047.17040929293,0.27693046237190894,1296.6963694777796,398.00138385411407,0.10533824398147743,29620.183501125124,0.15101509302619057,1282.7466879833075,245.87089109811885,0.05282981163774167,30229.048483806717,0.1545686394983745,1288.8712911359871,263.2852651910642,0.05411862501165257
E3_E1_010_s57,na_qae_final,low,HF0300_0082,1.17,0.036,1.178,0.04,0.64,0.014,0.642,0.014,8.52,0.62,3.55,1.0,770234567.0,57,770785950,0,6987.430268245,True,13201,0.05000000000001137,59866.88498249199,0.30040086534218924,1327.9469300136036,421.45024685348795,0.10704746213529559,54690.034346425826,0.27552262216047035,1310.2503302455916,395.0928415904526,0.10406649765273561,30056.986667452205,0.15372517192361676,1282.2727665624643,246.63887456873192,0.05360582914203299,30167.410216044547,0.1543510202957385,1288.7959948907028,253.67223177979574,0.05405199323399509
E3_E1_010_s58,na_qae_final,low,HF0300_0082,1.17,0.036,1.178,0.04,0.64,0.014,0.642,0.014,8.52,0.62,3.55,1.0,770234567.0,58,770793869,0,10120.46529324,True,13201,0.05000000000001137,60204.31056165244,0.3022820243451607,1335.9233807027854,422.04864721092326,0.10748761938541307,55016.44773669792,0.2770703311892801,1301.1500651921012,389.7320788992969,0.10467803226391749,29308.78930462966,0.1494194473238481,1279.0118098230148,242.260871578601,0.0521897619416166,30251.016749352184,0.15403521254222935,1289.9659436558716,257.65150061219225,0.05393816817133889
E3_E1_010_s59,na_qae_final,low,HF0300_0082,1.17,0.036,1.178,0.04,0.64,0.014,0.642,0.014,8.52,0.62,3.55,1.0,770234567.0,59,770801788,0,9807.909186887,True,13201,0.05000000000001137,59985.07114061235,0.30110212680341886,1332.8700347363238,422.66506186863234,0.10765422394678151,54987.13777957214,0.2768156952720194,1303.190390454506,381.2319867995786,0.10466944138919698,29320.004487544273,0.14959314438767302,1283.8250821138101,243.636466615683,0.05249734781248559,30247.58449998837,0.1546058437182369,1287.7440625570964,253.88823658242939,0.05374087031996577
E3_E1_010_s6,na_qae_final,low,HF0300_0082,1.17,0.036,1.178,0.04,0.64,0.014,0.642,0.014,8.52,0.62,3.55,1.0,770234567.0,6,770282081,0,7045.798450513001,True,13201,0.05000000000001137,59838.34664038775,0.30034340505192586,1330.940208923638,424.1823383538776,0.10755945307327011,54893.51784745521,0.2763561674590349,1303.113078383735,405.4644722596623,0.10478409585732595,29837.26676075719,0.15261896452970494,1281.292923546296,258.31702194744014,0.052859804762810866,30228.650339795517,0.15435831877003595,1288.2680205886934,258.31702194744014,0.05403001747420542
E3_E1_010_s7,na_qae_final,low,HF0300_0082,1.17,0.036,1.178,0.04,0.64,0.014,0.642,0.014,8.52,0.62,3.55,1.0,770234567.0,7,770290000,0,6889.619810609999,True,13201,0.05000000000001137,59891.92529684816,0.3005471859443324,1331.5495597567774,422.02900369481563,0.10748251804880318,54869.850899378536,0.2762452409400672,1307.5046670055538,371.45677452956335,0.10441557200850012,29990.78204735882,0.15344672065733445,1281.7164817183327,257.65503553337413,0.05332385914886302,30011.801493677867,0.15344672065733445,1287.1832435032316,262.7483356958979,0.05386344484258479
E3_E1_010_s8,na_qae_final,low,HF0300_0082,1.17,0.036,1.178,0.04,0.64,0.014,0.642,0.014,8.52,0.62,3.55,1.0,770234567.0,8,770297919,0,7040.956537722,True,13201,0.05000000000001137,59981.27116018869,0.3010899818828309,1333.5335846093546,422.5601898054934,0.10759219872419475,54894.90788898832,0.2763683972852611,1304.7631069044928,398.2603392407787,0.10472405847591262,29725.352582403786,0.1511861032833014,1283.2221554249763,257.2533490594951,0.05357035850111352,30056.968276517793,0.15335953068509325,1289.7978660368108,259.0089458108436,0.0543764585937904
E3_E1_010_s9,na_qae_final,low,HF0300_0082,1.17,0.036,1.178,0.04,0.64,0.014,0.642,0.014,8.52,0.62,3.55,1.0,770234567.0,9,770305838,0,6974.131275782,True,13201,0.05000000000001137,59804.204755095096,0.3001139484320613,1333.0300328480555,422.73746729955116,0.10766755516837842,54904.55673388281,0.2764201002112563,1304.1741813399335,379.12554880551914,0.10460025791501208,29760.665220798714,0.1527974948347719,1280.3266373486445,246.91528081863774,0.052888287723818386,30147.050901451617,0.15426783731934682,1288.1600642031408,259.0537422571739,0.05396603116153039
E3_E1_011_s0,na_qae_final,mid,HF0300_0158,1.17,0.036,1.178,0.04,0.64,0.014,0.642,0.014,9.72,1.3,5.75,21.0,1960664516.0,0,1960664516,0,10804.672917092,True,13201,0.05000000000001137,72378.37282731499,0.36438470946457957,1357.4064193568863,424.1524070741402,0.1307718591141224,66569.46586056321,0.3358094098055915,1299.171780233314,409.96275632321857,0.12701804220038082,38618.70152093551,0.1978114957959911,1296.1077277553147,267.2759115816098,0.06939765105181024,38891.674765493226,0.19868286736185167,1314.4276688056145,288.95884163407106,0.07064094075795645
E3_E1_011_s1,na_qae_final,mid,HF0300_0158,1.17,0.036,1.178,0.04,0.64,0.014,0.642,0.014,9.72,1.3,5.75,21.0,1960664516.0,1,1960672435,0,8267.055859444,True,13201,0.05000000000001137,72126.6633956522,0.3634658787101091,1353.7603891721744,413.54389864811077,0.13094932201543016,66362.18172941418,0.33443387354021104,1312.9259818609958,383.89526495874486,0.1275444598087575,38327.40351143582,0.1966762642199868,1308.1192868784494,284.2967493283539,0.06870468433933853,38978.14561266317,0.19904250851926975,1311.9048856551894,293.40021442489183,0.0705310012741383
E3_E1_011_s10,na_qae_final,mid,HF0300_0158,1.17,0.036,1.178,0.04,0.64,0.014,0.642,0.014,9.72,1.3,5.75,21.0,1960664516.0,10,1960743706,0,11234.887877684,True,13201,0.05000000000001137,72294.1401342682,0.36410681623802926,1332.8505091672814,417.28245497050807,0.12952296155679544,66443.06422989507,0.33519130843420486,1307.8394412556272,384.5098273500241,0.1259120902549832,38716.555449668216,0.19885430925664352,1301.5683812012505,286.1503593322453,0.0693042217128342,38821.95427469264,0.19891778594303006,1308.405977407294,286.1503593322453,0.0706323582836157
E3_E1_011_s11,na_qae_final,mid,HF0300_0158,1.17,0.036,1.178,0.04,0.64,0.014,0.642,0.014,9.72,1.3,5.75,21.0,1960664516.0,11,1960751625,0,8405.06416429,True,13201,0.05000000000001137,72029.48895983318,0.3628648290331882,1327.7493006636203,412.3566541419029,0.12930261906983034,66200.93855249294,0.3338804286600151,1313.507370033792,389.2396619311191,0.12590308580276208,38560.05230517415,0.1977311600552201,1285.3073074998404,265.6832985989376,0.06888444860891106,38743.18101984901,0.19835695241115645,1322.6500418089802,285.44259640652626,0.07020835274251686
E3_E1_011_s12,na_qae_final,mid,HF0300_0158,1.17,0.036,1.178,0.04,0.64,0.014,0.642,0.014,9.72,1.3,5.75,21.0,1960664516.0,12,1960759544,0,7168.17162301,True,13201,0.05000000000001137,72562.36620560255,0.36514805462133965,1325.1177622385173,422.76698096713807,0.12939886107201787,66557.68654489041,0.33590687012873893,1325.1177622385173,403.2325837273316,0.125341742003268,38458.521078557314,0.1974135571667389,1289.6760315566273,269.99170378989015,0.06920014647276862,38867.60824919709,0.19888840230055407,1320.694879630226,290.8154399741683,0.07024357504963172
E3_E1_011_s13,na_qae_final,mid,HF0300_0158,1.17,0.036,1.178,0.04,0.64,0.014,0.642,0.014,9.72,1.3,5.75,21.0,1960664516.0,13,1960767463,0,9598.987027326999,True,13201,0.05000000000001137,71792.3203004832,0.361870613168818,1348.7800624850292,420.7086580599062,0.13087315700992017,66022.99118277011,0.33237106364836116,1317.181039375693,400.2171140431433,0.12767665117661564,38443.93238670625,0.19717153020502584,1288.4421319092107,253.94130223999775,0.0689061227255085,38811.48214550753,0.19888611137927742,1333.6484457890379,293.87939677745175,0.07069528640331185
E3_E1_011_s14,na_qae_final,mid,HF0300_0158,1.17,0.036,1.178,0.04,0.64,0.014,0.642,0.014,9.72,1.3,5.75,21.0,1960664516.0,14,1960775382,0,6890.018830913,True,13201,0.05000000000001137,72136.05513782453,0.36345632343657486,1351.125834616681,413.8926282741706,0.13103995090125894,66394.69709709268,0.3346253599281853,1305.373669362504,408.9183597364065,0.12763873084353344,38280.916941244854,0.1966321293780148,1291.1625124889383,248.45909128247516,0.0685182879001059,38956.13895131125,0.19960339164915558,1312.6609615277544,285.70236096206395,0.07043584817956432
E3_E1_011_s15,na_qae_final,mid,HF0300_0158,1.17,0.036,1.178,0.04,0.64,0.014,0.642,0.014,9.72,1.3,5.75,21.0,1960664516.0,15,1960783301,0,6911.405703992,True,13201,0.05000000000001137,72348.00377317649,0.3643698127530449,1348.7839944817972,420.9330724600221,0.13032002454872516,66446.05589993666,0.33511042831479587,1301.1867715454123,396.9727512158337,0.12679232601283688,38586.28760426375,0.19798786033236357,1297.405842225447,263.94717333487245,0.06932703159902655,38843.0169033954,0.19914795163454185,1315.665711145068,292.6387222863554,0.07011847693007703
E3_E1_011_s16,na_qae_final,mid,HF0300_0158,1.17,0.036,1.178,0.04,0.64,0.014,0.642,0.014,9.72,1.3,5.75,21.0,1960664516.0,16,1960791220,0,7120.237104755,True,13201,0.05000000000001137,71973.24396723203,0.36290405462460357,1359.7028771274036,408.9508579033678,0.13133684422289477,66381.71157630779,0.3343036753570982,1315.1900181254969,394.4420083001704,0.1278228747597755,38301.31753516007,0.19641450754274725,1286.0872477497235,248.595925115776,0.06881504869825711,38900.00114499976,0.19917780590618037,1318.3922979852262,299.97535987813575,0.07075344485960128
E3_E1_011_s17,na_qae_final,mid,HF0300_0158,1.17,0.036,1.178,0.04,0.64,0.014,0.642,0.014,9.72,1.3,5.75,21.0,1960664516.0,17,1960799139,0,7238.906064072,True,13201,0.05000000000001137,72530.00652093918,0.36502862908196637,1335.7346439450125,423.9007033573538,0.13029793546617136,66768.11993562033,0.3368034798374072,1323.1180142816559,416.0892329782978,0.12639969204995768,38241.87359280373,0.19625935454217486,1290.7462200907244,253.90488879157084,0.06882900127152844,38829.46672513424,0.1982765584763435,1315.4719298132527,286.9017097155817,0.07092729045729652
E3_E1_011_s18,na_qae_final,mid,HF0300_0158,1.17,0.036,1.178,0.04,0.64,0.014,0.642,0.014,9.72,1.3,5.75,21.0,1960664516.0,18,1960807058,0,6025.689774485,True,13201,0.05000000000001137,72151.43631760745,0.3634090565428797,1324.0420255239274,412.68254170517656,0.12910348084009213,66217.33350812062,0.3340107212686679,1310.9825747302757,399.21995212576894,0.1258861769464193,38785.674140841365,0.19898587831330894,1296.1079383632205,259.77575171770593,0.06913317268362708,38795.841226903794,0.19898587831330894,1318.3139566162965,282.11419470053704,0.06997443953151336
E3_E1_011_s19,na_qae_final,mid,HF0300_0158,1.17,0.036,1.178,0.04,0.64,0.014,0.642,0.014,9.72,1.3,5.75,21.0,1960664516.0,19,1960814977,0,7763.8683688579995,True,13201,0.05000000000001137,72417.21787806434,0.36467157938584077,1346.070512705205,423.2021793166565,0.1298916734758663,66493.6935799523,0.33541819944119045,1305.23757734885,384.20204407694064,0.1262795399436459,38932.12697084204,0.19948680765631616,1294.2717979188656,266.27850036771906,0.0693537428831757,38932.12697084204,0.19948680765631616,1310.5182436661462,288.2744001222155,0.06978989512087519
E3_E1_011_s2,na_qae_final,mid,HF0300_0158,1.17,0.036,1.178,0.04,0.64,0.014,0.642,0.014,9.72,1.3,5.75,21.0,1960664516.0,2,1960680354,0,6887.7579181,True,13201,0.05000000000001137,72263.71569209064,0.3640856635687836,1324.6053734514016,413.94790181410787,0.12957724583227856,66294.21959814357,0.33422863981484935,1307.7493325165892,394.1405521605325,0.12619026449237328,38562.61106384805,0.19700087089158855,1300.8172310029472,264.0463464589622,0.06941631108079097,38817.67387977787,0.19830229868011165,1321.3399456581656,293.2628403945831,0.07057298596919995
E3_E1_011_s20,na_qae_final,mid,HF0300_0158,1.17,0.036,1.178,0.04,0.64,0.014,0.642,0.014,9.72,1.3,5.75,21.0,1960664516.0,20,1960822896,0,7132.417941211,True,13201,0.05000000000001137,72468.15525798293,0.3648030059179852,1338.7174911196062,420.23902557834555,0.1306193143831353,66691.65496763143,0.33628979140702453,1296.2349940743184,390.80247956779965,0.12700976866942723,38679.04817849968,0.19850851210880222,1292.9540987669957,258.0105696832218,0.06928294784881614,38922.06012633625,0.19881641173965778,1313.8962244422617,293.4004863543467,0.07082761815700153
E3_E1_011_s21,na_qae_final,mid,HF0300_0158,1.17,0.036,1.178,0.04,0.64,0.014,0.642,0.014,9.72,1.3,5.75,21.0,1960664516.0,21,1960830815,0,11098.873894659,True,13201,0.05000000000001137,71948.13035753315,0.36246317041390225,1329.020612517669,413.2840335663357,0.12930019549292832,66075.49597145476,0.33319158327473575,1317.4637651167532,392.8001248584801,0.12604672753889096,38637.54395622135,0.1984604842488931,1307.3280584186423,273.7617377174399,0.06956581357877714,38906.89259142996,0.19855794408813277,1310.9684133410713,286.98457308722175,0.06994660152003197
E3_E1_011_s22,na_qae_final,mid,HF0300_0158,1.17,0.036,1.178,0.04,0.64,0.014,0.642,0.014,9.72,1.3,5.75,21.0,1960664516.0,22,1960838734,0,9435.418191392,True,13201,0.05000000000001137,72808.04339937086,0.3661750099547493,1330.0123605624717,429.7427205490887,0.12991003541805718,66815.93055215238,0.3373359669682992,1319.3636717052116,413.59574447721974,0.12548394123590864,38923.41827207287,0.19974489079118662,1306.2709336067676,291.55033499403174,0.06953652293707323,38923.41827207287,0.19974489079118662,1315.6888263267133,291.55033499403174,0.07065991724518807
E3_E1_011_s23,na_qae_final,mid,HF0300_0158,1.17,0.036,1.178,0.04,0.64,0.014,0.642,0.014,9.72,1.3,5.75,21.0,1960664516.0,23,1960846653,0,7440.949498131,True,13201,0.05000000000001137,72395.17272174533,0.364396238948897,1334.6058133604636,419.5716898243078,0.1300453541325132,66650.72205192468,0.33615446689330086,1306.1699373828685,382.801348099724,0.12631538739688358,38729.76856869779,0.1988034772864115,1289.0585169755464,248.52876464678303,0.06931974880540011,38796.00847253446,0.1988034772864115,1318.801584934558,311.66193162019823,0.070695409767503
E3_E1_011_s24,na_qae_final,mid,HF0300_0158,1.17,0.036,1.178,0.04,0.64,0.014,0.642,0.014,9.72,1.3,5.75,21.0,1960664516.0,24,1960854572,0,7390.438895767001,True,13201,0.05000000000001137,72148.89426159383,0.36342712640148933,1317.8096635540448,411.1551778015731,0.12861636253578287,66114.84169254702,0.33349650208375387,1314.2035377126945,389.04386364103715,0.12548155879808887,38668.21346358746,0.1984829506368776,1292.3816668138002,259.81214210240125,0.06926316240011969,38900.14211832957,0.19911074544129675,1317.3826506175456,283.94968462653424,0.07042129277284322
E3_E1_011_s25,na_qae_final,mid,HF0300_0158,1.17,0.036,1.178,0.04,0.64,0.014,0.642,0.014,9.72,1.3,5.75,21.0,1960664516.0,25,1960862491,0,7012.592781213,True,13201,0.05000000000001137,72158.4678870736,0.36366814730057306,1325.8264646235382,410.14559097270745,0.12926365354737232,66186.67520953901,0.33369659315769873,1318.8043169439966,373.3675758553883,0.12582175112210087,38472.91692038012,0.1977380568796926,1294.2048427409027,258.54964356097923,0.06880057220395047,38907.312784849535,0.19916897460294772,1324.3423797286237,290.93769229616555,0.07082626492071481
E3_E1_011_s26,na_qae_final,mid,HF0300_0158,1.17,0.036,1.178,0.04,0.64,0.014,0.642,0.014,9.72,1.3,5.75,21.0,1960664516.0,26,1960870410,0,6924.123690054001,True,13201,0.05000000000001137,71503.76856179911,0.3604290808460709,1361.8391079165965,427.447595999314,0.1305245047555488,65749.95937036084,0.3310595145413241,1340.9176750708411,378.7751852083061,0.1273255919872716,38546.6458190455,0.1980379603206537,1285.640994751029,245.32782821168513,0.06847157632717353,38980.3197453833,0.1992845503105246,1318.1038164581269,289.45117075030527,0.07069387398239414
E3_E1_011_s27,na_qae_final,mid,HF0300_0158,1.17,0.036,1.178,0.04,0.64,0.014,0.642,0.014,9.72,1.3,5.75,21.0,1960664516.0,27,1960878329,0,6873.06757715,True,13201,0.05000000000001137,72247.70950152274,0.3639700115385895,1347.4463885245075,417.7128453888861,0.1309386603400127,66534.64057004427,0.335385310289297,1304.0299478663842,417.7128453888861,0.1274042056190013,38305.936847084515,0.1965074008939706,1294.3552848295035,254.86966543786883,0.068677112563779,38675.1059457665,0.1976588784919339,1311.8260301529126,287.88559843375447,0.07015363152298049
E3_E1_011_s28,na_qae_final,mid,HF0300_0158,1.17,0.036,1.178,0.04,0.64,0.014,0.642,0.014,9.72,1.3,5.75,21.0,1960664516.0,28,1960886248,0,7363.119374088999,True,13201,0.05000000000001137,72464.60452858657,0.3646926264968547,1355.590850958915,427.4402744933919,0.13064057689833347,66618.42944479146,0.3362038330064956,1306.9057037569642,414.85756033630787,0.12684443358444797,38566.25282072882,0.19823975027027552,1281.7999836903507,257.34508704287816,0.06889888919046695,38799.513711559266,0.19827783591176343,1308.4954975738654,277.66950545402307,0.07004192130757488
E3_E1_011_s29,na_qae_final,mid,HF0300_0158,1.17,0.036,1.178,0.04,0.64,0.014,0.642,0.014,9.72,1.3,5.75,21.0,1960664516.0,29,1960894167,0,10331.635863806,True,13201,0.05000000000001137,72510.69114831826,0.3649322049511059,1346.936920059732,425.96616859741687,0.13024457283985846,66644.67985688797,0.33631681981044714,1302.1853848807116,384.95885896800894,0.12628740126801,38546.81360121462,0.19801748259452318,1285.495528278022,258.0239609513002,0.06858428334243293,38927.846314213246,0.19912688190352973,1326.2629565122343,290.8051126963511,0.07057082324206941
E3_E1_011_s3,na_qae_final,mid,HF0300_0158,1.17,0.036,1.178,0.04,0.64,0.014,0.642,0.014,9.72,1.3,5.75,21.0,1960664516.0,3,1960688273,0,5042.224764938,True,13201,0.05000000000001137,72212.7760544879,0.3637301935758575,1340.4034280100586,435.8063594259418,0.13081249560240665,66503.463659646,0.3352662142546446,1319.6522103026373,435.8063594259418,0.12733134824098763,38435.586260246695,0.19662968076899495,1293.3687222727985,263.65729233472877,0.06933750911331045,38806.92534010092,0.19862336014193582,1327.067181850268,318.8898199994123,0.07027765842938176
E3_E1_011_s30,na_qae_final,mid,HF0300_0158,1.17,0.036,1.178,0.04,0.64,0.014,0.642,0.014,9.72,1.3,5.75,21.0,1960664516.0,30,1961002086,0,5888.327310713999,True,13201,0.05000000000001137,72116.39040897253,0.36317122091587783,1325.9590211658697,416.091548813999,0.12940422553100803,66193.05362415513,0.33389317410046515,1306.344747578308,391.93252999273534,0.12606058960714067,38578.76739466893,0.19807452006554074,1285.5347008490755,245.34540061127225,0.06943207640864765,38757.35896147566,0.19838767840513155,1319.2519395970235,300.4937983861342,0.0698705212846657
E3_E1_011_s31,na_qae_final,mid,HF0300_0158,1.17,0.036,1.178,0.04,0.64,0.014,0.642,0.014,9.72,1.3,5.75,21.0,1960664516.0,31,1961010005,0,7177.588784552,True,13201,0.05000000000001137,72050.45048273285,0.3628973559646116,1347.7306184130841,422.7010198546606,0.13135547649901877,66463.89094235469,0.3349653089419808,1308.8497879727772,422.7010198546606,0.12786990125477077,39175.94424817631,0.2007675895179002,1292.4497301378196,258.8106832435864,0.06935873821274198,39175.94424817631,0.2007675895179002,1320.6426314922662,308.0068156628326,0.07004623235234926
E3_E1_011_s32,na_qae_final,mid,HF0300_0158,1.17,0.036,1.178,0.04,0.64,0.014,0.642,0.014,9.72,1.3,5.75,21.0,1960664516.0,32,1961017924,0,11338.299467799001,True,13201,0.05000000000001137,72233.95268698639,0.36384774620932914,1328.1906461962228,413.7073073797787,0.12848494899039317,66211.30373497412,0.33399009318871126,1328.1906461962228,373.0027609564156,0.12500646838199733,38373.75533876987,0.19667986548587935,1294.8654759438862,277.97186565455814,0.06879390802038926,38881.50862686411,0.19898068794423696,1313.6542313905118,292.06113930523,0.07013510347481021
E3_E1_011_s33,na_qae_final,mid,HF0300_0158,1.17,0.036,1.178,0.04,0.64,0.014,0.642,0.014,9.72,1.3,5.75,21.0,1960664516.0,33,1961025843,0,6989.242800856,True,13201,0.05000000000001137,72182.79811933434,0.36353222882000136,1320.3697627838735,414.2056548045056,0.12889587272528755,66252.60896882658,0.33422209764072863,1309.9203233425185,381.11221804670754,0.12560852730835315,38592.37434691213,0.19705238819672596,1296.846620280472,273.8748271877678,0.06974726272795077,38734.46847806554,0.19823871542523708,1310.5948109302044,288.44720832797026,0.07090599788688216
E3_E1_011_s34,na_qae_final,mid,HF0300_0158,1.17,0.036,1.178,0.04,0.64,0.014,0.642,0.014,9.72,1.3,5.75,21.0,1960664516.0,34,1961033762,0,7301.673527475,True,13201,0.05000000000001137,72776.04196100504,0.3661216793723426,1346.910007887437,431.08322983990166,0.12996457105268497,66848.0180250148,0.3375358070458058,1308.0468429151606,369.5038561286854,0.12558071812022947,38529.754857169755,0.19738990347257424,1298.787944552691,275.3240068825037,0.06946223843913592,38880.59613079417,0.19864795650722392,1322.664415411072,305.5823803555614,0.06984741392323753
E3_E1_011_s35,na_qae_final,mid,HF0300_0158,1.17,0.036,1.178,0.04,0.64,0.014,0.642,0.014,9.72,1.3,5.75,21.0,1960664516.0,35,1961041681,0,7727.6383713370005,True,13201,0.05000000000001137,72044.32999420002,0.3629555428242434,1335.5627511365024,413.86635969955836,0.12980414992988376,66153.5034244436,0.33356692670266663,1315.0003226566607,388.09852858053256,0.12646669677306904,38257.44462791575,0.19656370665024203,1289.14079310685,254.20242698398653,0.06864061670588421,38829.97615603554,0.19868225204261214,1317.3030826286517,291.44487604526336,0.07033014047013524
E3_E1_011_s36,na_qae_final,mid,HF0300_0158,1.17,0.036,1.178,0.04,0.64,0.014,0.642,0.014,9.72,1.3,5.75,21.0,1960664516.0,36,1961049600,0,6850.596046644,True,13201,0.05000000000001137,72094.58193827247,0.3632362266178274,1322.6329133406564,410.5892425431188,0.12909218667619568,66176.61569754669,0.3336892015574491,1314.3616281897002,372.57680528845555,0.1257237936157502,38648.91608729808,0.19828546875397357,1296.7523952558872,260.3394719673891,0.07006454547776919,38891.80992540935,0.19871148466853789,1308.6464794220315,283.2779443999497,0.0704191131683424
E3_E1_011_s37,na_qae_final,mid,HF0300_0158,1.17,0.036,1.178,0.04,0.64,0.014,0.642,0.014,9.72,1.3,5.75,21.0,1960664516.0,37,1961057519,0,5898.346632402,True,13201,0.05000000000001137,71959.63782729159,0.3626367048574477,1346.5194615244457,413.20529222061526,0.13085465413137917,66094.95042572336,0.33300311821097656,1318.5412964035586,413.20529222061526,0.12765791496506593,38257.30803095019,0.19570402490494415,1294.4803078797897,260.5333822583696,0.0683375377683139,39089.70324377317,0.19998283008015497,1316.680588832474,308.1295965459304,0.07074557489172038
E3_E1_011_s38,na_qae_final,mid,HF0300_0158,1.17,0.036,1.178,0.04,0.64,0.014,0.642,0.014,9.72,1.3,5.75,21.0,1960664516.0,38,1961065438,0,7045.784743819,True,13201,0.05000000000001137,72066.58496828376,0.3631503800716623,1332.6576202882297,410.3219212512798,0.1297533923280473,66193.50582523129,0.3336420574448926,1321.7546112850232,379.66276927557965,0.12620737377827188,38570.01816197269,0.19822470371775916,1280.0004557812485,252.6010529978814,0.0689127424028384,38709.42651940941,0.19822470371775916,1315.9732158065683,300.19513172612625,0.07034223731793492
E3_E1_011_s39,na_qae_final,mid,HF0300_0158,1.17,0.036,1.178,0.04,0.64,0.014,0.642,0.014,9.72,1.3,5.75,21.0,1960664516.0,39,1961073357,0,7029.952227201,True,13201,0.05000000000001137,72419.88693122001,0.3645084135566165,1322.6189875224525,419.381013243048,0.1298792801589026,66556.72807440734,0.33573693914788955,1314.6799776188227,411.1213728844821,0.1263244297577211,38459.82100775437,0.1968885298179214,1297.3640184239448,258.98701368532113,0.06973232164209107,38823.33303058528,0.19812374339338454,1323.239308664912,291.9618008044015,0.07028150935047216
E3_E1_011_s4,na_qae_final,mid,HF0300_0158,1.17,0.036,1.178,0.04,0.64,0.014,0.642,0.014,9.72,1.3,5.75,21.0,1960664516.0,4,1960696192,0,7041.473354221,True,13201,0.05000000000001137,71880.52959115566,0.36210604974932015,1331.8032809611116,409.27904781810605,0.128688459343426,65944.05130954305,0.3325976464584462,1319.9790824270247,380.5153837653491,0.12560114267049824,38518.48164465073,0.19782948092621802,1294.489277705736,255.135954888669,0.06890410384686507,38772.412739616804,0.19848661911698898,1315.7447169768952,298.2339339430879,0.06992142575308426
E3_E1_011_s40,na_qae_final,mid,HF0300_0158,1.17,0.036,1.178,0.04,0.64,0.014,0.642,0.014,9.72,1.3,5.75,21.0,1960664516.0,40,1961081276,0,7322.950762339,True,13201,0.05000000000001137,71791.51199125881,0.36194492053104216,1342.3904951137163,409.00758152798625,0.12879912650077405,65885.53484387431,0.3320918465346309,1330.4601139395668,359.028968874568,0.12573907858802963,38800.30625541958,0.19918735211260014,1289.9705985546814,251.37378909391225,0.06929033346931089,38849.34989605235,0.19918735211260014,1318.382716889962,291.26121022346643,0.06967750716154639
E3_E1_011_s41,na_qae_final,mid,HF0300_0158,1.17,0.036,1.178,0.04,0.64,0.014,0.642,0.014,9.72,1.3,5.75,21.0,1960664516.0,41,1961089195,0,7078.135890099999,True,13201,0.05000000000001137,72706.32782181908,0.3656397708002597,1337.1021151474831,432.2382735246711,0.13030762928209466,66820.71700594926,0.33738712520185654,1309.8514207928247,420.0472884426917,0.12606526480094787,38375.94062670771,0.19693616804052475,1292.2128840517723,262.19015874530567,0.0685773440491525,39226.69075049936,0.2001695861856083,1315.2493181827963,290.8905089341437,0.07059201925089842
E3_E1_011_s42,na_qae_final,mid,HF0300_0158,1.17,0.036,1.178,0.04,0.64,0.014,0.642,0.014,9.72,1.3,5.75,21.0,1960664516.0,42,1961097114,0,5066.1044992180005,True,13201,0.05000000000001137,72203.81127986786,0.36390884070777685,1338.6485484009456,410.42335272246146,0.12994306068477005,66417.6928888331,0.3347605056189469,1316.8518151777334,356.030476865302,0.1264275491780317,38658.568116622875,0.19839825933736233,1293.1349141683932,252.51103618234606,0.068345271362529,38717.62113435821,0.19839825933736233,1318.1456172262015,296.4831268665406,0.0701139325379439
E3_E1_011_s43,na_qae_final,mid,HF0300_0158,1.17,0.036,1.178,0.04,0.64,0.014,0.642,0.014,9.72,1.3,5.75,21.0,1960664516.0,43,1961105033,0,8669.142266596,True,13201,0.05000000000001137,71857.07858410745,0.36216900788546785,1340.0675031281642,403.78228779097503,0.12977593922204736,65943.09983850693,0.33224658223517745,1325.9128302726479,381.5448569530443,0.12664911831670497,38974.81002568773,0.19984217841727064,1293.2914591442945,251.2244121703999,0.0700019753032635,38974.81002568773,0.19984217841727064,1311.984753393887,291.06639840008535,0.07043367065308279
E3_E1_011_s44,na_qae_final,mid,HF0300_0158,1.17,0.036,1.178,0.04,0.64,0.014,0.642,0.014,9.72,1.3,5.75,21.0,1960664516.0,44,1961112952,0,10034.741639773001,True,13201,0.05000000000001137,72108.92799760794,0.3630423750699222,1319.3351181095286,413.69715788101837,0.12887545578000925,66225.62212215531,0.33413199079727596,1309.5835343814476,380.25131172662293,0.1254836274254112,38421.6172142041,0.19746288209456553,1307.1826141070594,265.1591097429947,0.06980176774337297,38947.89637043369,0.1991593200211022,1317.287516506676,290.3376434336171,0.07020312098254815
E3_E1_011_s45,na_qae_final,mid,HF0300_0158,1.17,0.036,1.178,0.04,0.64,0.014,0.642,0.014,9.72,1.3,5.75,21.0,1960664516.0,45,1961120871,0,6920.549997328,True,13201,0.05000000000001137,71876.80235605758,0.3622262816470456,1336.993229420654,410.9413036304346,0.12912790819032327,65836.65172016493,0.3317466469391829,1331.813284262935,378.24845157032007,0.12601078984505598,38156.29651921502,0.19579157879877038,1298.6471625641966,258.5577072834394,0.06838941886591791,38770.23772568903,0.19833735816828216,1311.348636211434,290.06217078868,0.07021594775723446
E3_E1_011_s46,na_qae_final,mid,HF0300_0158,1.17,0.036,1.178,0.04,0.64,0.014,0.642,0.014,9.72,1.3,5.75,21.0,1960664516.0,46,1961128790,0,8784.157231984,True,13201,0.05000000000001137,72481.71478237187,0.3649033782821874,1342.0607134508646,422.4723589439001,0.13005774103003642,66593.98122817728,0.33596736792143356,1296.86174818577,396.14141783669334,0.1264408660103016,38572.06680994188,0.19776747891113686,1288.3572998012062,260.0747066321905,0.06914853343918946,38724.71300903395,0.19855645028372632,1317.6085641344769,291.83037708369034,0.07018277706448135
E3_E1_011_s47,na_qae_final,mid,HF0300_0158,1.17,0.036,1.178,0.04,0.64,0.014,0.642,0.014,9.72,1.3,5.75,21.0,1960664516.0,47,1961136709,0,10286.558704602,True,13201,0.05000000000001137,72561.50577550125,0.36529245887157163,1330.4021523708439,422.3233518818475,0.12972036536338746,66604.61236749313,0.3360773519550784,1304.797669845102,403.04288267816673,0.12609990583066913,38506.59848160798,0.19781241206420452,1290.3270572474507,268.6158843297442,0.06948566308299187,38878.85883916151,0.19882101730568338,1315.6796348823577,290.3413321472688,0.06998476363126595
E3_E1_011_s48,na_qae_final,mid,HF0300_0158,1.17,0.036,1.178,0.04,0.64,0.014,0.642,0.014,9.72,1.3,5.75,21.0,1960664516.0,48,1961144628,0,8351.559843851,True,13201,0.05000000000001137,72573.2068245096,0.36523698919113007,1341.809580530415,426.7108787159104,0.13004127654252037,66703.9209950755,0.3366461997705443,1300.5443003098212,385.1637399963446,0.1260129984372182,38795.16542515293,0.19892959168733992,1294.021455382911,249.29512137424018,0.07001814595720711,38992.43342976755,0.1992801630942287,1315.713204571284,281.43210167087057,0.07001814595720711
E3_E1_011_s49,na_qae_final,mid,HF0300_0158,1.17,0.036,1.178,0.04,0.64,0.014,0.642,0.014,9.72,1.3,5.75,21.0,1960664516.0,49,1961152547,0,8538.057735889,True,13201,0.05000000000001137,72090.84872479536,0.36323854508428716,1330.273464549892,410.4935132270838,0.12986615695826648,66251.81962519245,0.3339172736115308,1309.7144093691172,376.3869671686894,0.12660835636256357,38419.17423739941,0.1971136716085889,1291.9858428139235,258.43093480732335,0.06891318340399291,38878.04965684011,0.199175993805466,1312.3620929461779,289.5234011127222,0.07100974850755354
E3_E1_011_s5,na_qae_final,mid,HF0300_0158,1.17,0.036,1.178,0.04,0.64,0.014,0.642,0.014,9.72,1.3,5.75,21.0,1960664516.0,5,1960704111,0,5241.456801343,True,13201,0.05000000000001137,71856.18809333355,0.3622050070940692,1337.6887818780192,403.05077858428564,0.1291214364722865,65952.22296831243,0.33239691146970396,1317.0487903280698,382.2411354052387,0.12617785783355,38725.01691425445,0.19856385541321558,1293.1422873009928,248.10775396011638,0.06952480550541808,38918.62608157099,0.19857916614872165,1326.9619427982454,306.3518478620471,0.07029912036821824
E3_E1_011_s50,na_qae_final,mid,HF0300_0158,1.17,0.036,1.178,0.04,0.64,0.014,0.642,0.014,9.72,1.3,5.75,21.0,1960664516.0,50,1961160466,0,7583.090473831,True,13201,0.05000000000001137,72170.90215003208,0.36362699459691966,1358.1136439473987,414.99615277901336,0.13130697626541502,66484.37082482521,0.33498040927752415,1305.6416793669719,397.7724997067974,0.12766440233010526,38387.69733235028,0.19610628421178253,1291.0220550567972,269.55807412908354,0.06928504217987413,38955.177642329196,0.19962815294799743,1308.9517125129948,279.04907189975734,0.07006244519797104
E3_E1_011_s51,na_qae_final,mid,HF0300_0158,1.17,0.036,1.178,0.04,0.64,0.014,0.642,0.014,9.72,1.3,5.75,21.0,1960664516.0,51,1961168385,0,8993.150227462,True,13201,0.05000000000001137,72009.93752168244,0.362864694478821,1331.8603079760442,406.85234799182837,0.1286985127243143,65977.92569155835,0.3325607546930044,1331.8603079760442,358.70538809721234,0.12538555947847743,38772.20853882138,0.19875995319500603,1303.656684787916,267.7608949116561,0.06973501467674373,38772.20853882138,0.19875995319500603,1312.8119480905332,302.52956682458426,0.07039092836027042
E3_E1_011_s52,na_qae_final,mid,HF0300_0158,1.17,0.036,1.178,0.04,0.64,0.014,0.642,0.014,9.72,1.3,5.75,21.0,1960664516.0,52,1961176304,0,7524.610608695,True,13201,0.05000000000001137,72447.4411253076,0.364695211769199,1346.7820037039005,423.9526475436656,0.1304731402555901,66628.6119314021,0.3360860268543935,1295.10643589461,389.9537204190265,0.1267497282886162,38394.335295443896,0.1970923368379761,1294.3746252595993,248.42158461615048,0.0689233484250571,38756.69883682999,0.19808720663422902,1311.7310463069957,286.05580803443917,0.07018572446091882
E3_E1_011_s53,na_qae_final,mid,HF0300_0158,1.17,0.036,1.178,0.04,0.64,0.014,0.642,0.014,9.72,1.3,5.75,21.0,1960664516.0,53,1961184223,0,6950.855291958999,True,13201,0.05000000000001137,72916.53684588817,0.36636312449894287,1337.5313494131185,441.16598236603204,0.13038012677865066,66944.65224774854,0.3383175124167421,1310.94282015091,409.15169990067676,0.1253103762795784,38581.55686030292,0.19734336053012627,1295.2278170228055,251.52371290178354,0.06923809844359483,38810.47554325583,0.19844847346313102,1309.7917778733704,285.9335582587465,0.07044622616771506
E3_E1_011_s54,na_qae_final,mid,HF0300_0158,1.17,0.036,1.178,0.04,0.64,0.014,0.642,0.014,9.72,1.3,5.75,21.0,1960664516.0,54,1961192142,0,5776.704866925001,True,13201,0.05000000000001137,72069.43547161082,0.36315808651197007,1330.5707107162473,410.9553378399374,0.12981548746949867,66244.47312952997,0.33385923163753906,1311.85001994893,398.53643469392944,0.12653122595695684,38930.08337331925,0.19985186091919108,1307.8172858727123,275.10808126646594,0.06858718629177372,38930.08337331925,0.19985186091919108,1316.5660237390018,298.1171794699609,0.07039174735204248
E3_E1_011_s55,na_qae_final,mid,HF0300_0158,1.17,0.036,1.178,0.04,0.64,0.014,0.642,0.014,9.72,1.3,5.75,21.0,1960664516.0,55,1961200061,0,10744.613172716001,True,13201,0.05000000000001137,72364.22175736874,0.3641948016409486,1339.8908600015598,435.77605161250233,0.13045054858129881,66554.65799348913,0.33583866103281973,1318.8233532164559,435.77605161250233,0.1268319054243613,38257.66685974927,0.1959228051056863,1295.3762118978552,271.4859006940361,0.06870060376896771,38860.24806369846,0.19876005866068866,1312.101022705377,288.57396630518303,0.07024604520528226
E3_E1_011_s56,na_qae_final,mid,HF0300_0158,1.17,0.036,1.178,0.04,0.64,0.014,0.642,0.014,9.72,1.3,5.75,21.0,1960664516.0,56,1961207980,0,6851.233729902,True,13201,0.05000000000001137,72157.03238249791,0.3636403948846312,1325.5441323303548,408.68888136927325,0.12927653053235827,66257.02577216575,0.3339694178389378,1319.3339217813188,371.2265771339724,0.12598420537086433,38767.16407903327,0.198698697502653,1313.501273619648,267.8828907953053,0.0701133092959733,38827.27214610793,0.198698697502653,1317.9807886807168,288.8951661335091,0.0701133092959733
E3_E1_011_s57,na_qae_final,mid,HF0300_0158,1.17,0.036,1.178,0.04,0.64,0.014,0.642,0.014,9.72,1.3,5.75,21.0,1960664516.0,57,1961215899,0,7239.8619804459995,True,13201,0.05000000000001137,72206.36912060218,0.3639075408715018,1331.0151054638438,409.30356714145444,0.13007536248136592,66364.81379207311,0.3344145672571442,1308.9647794602645,378.9188702827538,0.12662177080184236,38339.21574923883,0.19682901961893615,1301.871365217318,253.24368960988662,0.06978240015441921,38686.230262027195,0.19820372599958816,1314.5178231413643,282.30534968219223,0.07034013536243422
E3_E1_011_s58,na_qae_final,mid,HF0300_0158,1.17,0.036,1.178,0.04,0.64,0.014,0.642,0.014,9.72,1.3,5.75,21.0,1960664516.0,58,1961223818,0,9737.537539406001,True,13201,0.05000000000001137,71797.44875730725,0.36193670914855197,1342.221971214733,418.8824961695583,0.1290862270661155,65807.50911149402,0.33156617882583644,1330.2285218527945,387.5238604390176,0.1260469343467592,38627.73652130469,0.19702515730887146,1302.5032820493807,275.29118024561444,0.06949796825473036,38957.986676631546,0.19928293156880647,1307.129722198295,279.86960377123376,0.06996085470259084
E3_E1_011_s59,na_qae_final,mid,HF0300_0158,1.17,0.036,1.178,0.04,0.64,0.014,0.642,0.014,9.72,1.3,5.75,21.0,1960664516.0,59,1961231737,0,5328.4336669350005,True,13201,0.05000000000001137,72391.75598985431,0.36441921922899567,1342.7261176029535,420.7284953085687,0.13032558288556542,66687.94359418424,0.33636794260111574,1300.5163970163758,385.250852952224,0.12650493932789192,38441.605456139594,0.1972578166893945,1303.789144018201,268.29241622753864,0.06951947383363842,38809.48921534021,0.1981852113536007,1320.6003341922756,302.3426495053496,0.07028519365128771
E3_E1_011_s6,na_qae_final,mid,HF0300_0158,1.17,0.036,1.178,0.04,0.64,0.014,0.642,0.014,9.72,1.3,5.75,21.0,1960664516.0,6,1960712030,0,6973.550782598,True,13201,0.05000000000001137,72190.57255799464,0.3635433895948176,1317.8859107215217,417.0422314592004,0.1285882406054572,66176.0478436443,0.3338889981451905,1317.8859107215217,382.5513000558908,0.12518066988772228,38466.1280123286,0.1974373896128723,1289.4999634498633,244.03875174388855,0.06871039225032836,38711.558588901265,0.1981975105208401,1310.930712998308,290.8640581237838,0.06986064365619972
E3_E1_011_s7,na_qae_final,mid,HF0300_0158,1.17,0.036,1.178,0.04,0.64,0.014,0.642,0.014,9.72,1.3,5.75,21.0,1960664516.0,7,1960719949,0,5102.657300092001,True,13201,0.05000000000001137,72333.46168315907,0.3642693705067412,1339.8536667835328,418.5096100774872,0.13024444558168052,66469.407386801,0.3351896660896805,1296.9079161645902,405.76327289468867,0.12666712045698342,38275.878372870335,0.19656451267262545,1298.503862759117,276.8028971693337,0.06842429262122039,39135.136608706925,0.1995751900892413,1313.8550069486814,286.26535452868274,0.07073166732665002
E3_E1_011_s8,na_qae_final,mid,HF0300_0158,1.17,0.036,1.178,0.04,0.64,0.014,0.642,0.014,9.72,1.3,5.75,21.0,1960664516.0,8,1960727868,0,5899.556154722,True,13201,0.05000000000001137,72761.48605366735,0.3655821802117157,1336.1404985481317,439.56875512794215,0.12997789995152034,66819.6612362112,0.33774772198450326,1309.8322816696007,406.3977441099636,0.12492866117644778,38723.31888891839,0.1977654276163708,1290.2362678107966,251.70353858743087,0.06945661077550294,38749.30676843207,0.19806751369472012,1308.5524897441337,291.0498249840665,0.0700191834421744
E3_E1_011_s9,na_qae_final,mid,HF0300_0158,1.17,0.036,1.178,0.04,0.64,0.014,0.642,0.014,9.72,1.3,5.75,21.0,1960664516.0,9,1960735787,0,7715.174054155,True,13201,0.05000000000001137,72131.70944576622,0.3634087790005405,1337.5820416955214,414.28215059383894,0.13018086469413903,66365.55708202481,0.33458188050868576,1306.0989491712974,411.00887560743587,0.1269012643643912,38323.60279919379,0.19661705123595957,1293.1040297824766,258.00879923085125,0.06925697486169463,38695.2176867923,0.19826340626792374,1318.6411538850996,293.1101307048127,0.0702362861654897
E3_E1_012_s0,na_qae_final,high,HA0100_0065,1.17,0.036,1.178,0.04,0.64,0.014,0.642,0.014,15.53,1.76,5.7,7.0,1453417689.0,0,1453417689,0,8439.019223438001,True,13201,0.05000000000001137,131649.6276488007,0.6644067869713995,1350.6634481235292,503.5911898799443,0.24109573667754916,122604.70295019449,0.6194986744948269,1319.1349999757454,503.5911898799443,0.2331277838772525,32725.770957613295,0.17106238037989444,1302.9007121476698,272.47961861516285,0.059019086321570303,33705.88722943039,0.175301372638571,1334.6633122276428,332.3941507198532,0.06099194123050181
E3_E1_012_s1,na_qae_final,high,HA0100_0065,1.17,0.036,1.178,0.04,0.64,0.014,0.642,0.014,15.53,1.76,5.7,7.0,1453417689.0,1,1453425608,0,9992.507335087,True,13201,0.05000000000001137,132798.34558158467,0.6690320191210958,1328.3543418493591,499.0387660193394,0.24007827618430555,123355.05200095684,0.6247700081952122,1313.9024902405922,499.0387660193394,0.22985017311432077,32863.6813821705,0.17265528659355642,1302.967302613059,298.44454204052784,0.05796979976158142,33092.9246556983,0.17334811446508594,1339.0059131662326,344.378031196876,0.06113936914487417
E3_E1_012_s10,na_qae_final,high,HA0100_0065,1.17,0.036,1.178,0.04,0.64,0.014,0.642,0.014,15.53,1.76,5.7,7.0,1453417689.0,10,1453496879,0,8578.977510604,True,13201,0.05000000000001137,132388.7873208027,0.6673095699585904,1351.3361322021744,519.7948557437037,0.24188327994342057,123339.98031254878,0.6239403645691053,1312.5040947538264,519.7948557437037,0.2327325872613055,32857.01086690897,0.17234039931532424,1309.110809646359,322.8201986094612,0.05817929026084786,33158.698867686326,0.17353908716737987,1329.8352018387798,330.60667138773556,0.060015392935890505
E3_E1_012_s11,na_qae_final,high,HA0100_0065,1.17,0.036,1.178,0.04,0.64,0.014,0.642,0.014,15.53,1.76,5.7,7.0,1453417689.0,11,1453504798,0,7191.49077905,True,13201,0.05000000000001137,131722.96593092784,0.6646891863813553,1330.9222657238388,508.05971610692075,0.23949958358850362,122342.72164925886,0.618518949461317,1330.4516271532787,508.05971610692075,0.2314833653176078,32206.27986841002,0.17023578177288867,1336.78598944911,352.89607400656115,0.05869965116463234,33161.19508906376,0.17338179475434953,1336.78598944911,352.89607400656115,0.05972596361975757
E3_E1_012_s12,na_qae_final,high,HA0100_0065,1.17,0.036,1.178,0.04,0.64,0.014,0.642,0.014,15.53,1.76,5.7,7.0,1453417689.0,12,1453512717,0,6526.037350879,True,13201,0.05000000000001137,132327.75843230772,0.6672267246385895,1344.7311380933113,525.6246705128391,0.24075744520705278,123203.16780747767,0.623341763664941,1306.6852383970634,525.6246705128391,0.2317549481553573,32763.851065069513,0.1734560313871644,1333.1335576591468,299.95461935865666,0.0576542988051388,32953.37364820203,0.1734560313871644,1340.6288384589209,344.8366086310143,0.05947178405897166
E3_E1_012_s13,na_qae_final,high,HA0100_0065,1.17,0.036,1.178,0.04,0.64,0.014,0.642,0.014,15.53,1.76,5.7,7.0,1453417689.0,13,1453520636,0,7179.791308723,True,13201,0.05000000000001137,132015.6303248922,0.6659942748681585,1333.7771179938927,514.1819461625831,0.24061705038720743,122850.22193260683,0.6211373449610157,1305.6763026878843,514.1819461625831,0.23218999947397434,32798.5512813415,0.17271062871486195,1296.5537718639391,276.6687102305253,0.058073508130355146,33219.277600361136,0.17301221020691868,1329.7196028766587,332.8640299468253,0.05955037008333085
E3_E1_012_s14,na_qae_final,high,HA0100_0065,1.17,0.036,1.178,0.04,0.64,0.014,0.642,0.014,15.53,1.76,5.7,7.0,1453417689.0,14,1453528555,0,9671.237491193,True,13201,0.05000000000001137,131688.16227799898,0.6642778010033067,1333.7145792192955,501.0633289370994,0.2401897809544978,122479.90648320058,0.6193979371949557,1321.0132540817142,501.0633289370994,0.2318107677969936,32627.19073276152,0.17248646180847702,1309.3793136128088,309.0080476384338,0.057459755475807776,32926.14275045103,0.17248646180847702,1328.3008934310903,344.383161936782,0.060123310791870825
E3_E1_012_s15,na_qae_final,high,HA0100_0065,1.17,0.036,1.178,0.04,0.64,0.014,0.642,0.014,15.53,1.76,5.7,7.0,1453417689.0,15,1453536474,0,7024.897966535,True,13201,0.05000000000001137,131792.07043664868,0.6651275142913108,1349.5804374415543,506.89625367376726,0.24155383335195882,122856.76430577385,0.6207804977636152,1301.7579317784973,506.89625367376726,0.23353691507722826,33462.62785660983,0.17521637865358788,1304.2183089837902,300.6849881117467,0.05889844615633137,33462.62785660983,0.17521637865358788,1333.0293689788334,329.7972638548148,0.059217930147088434
E3_E1_012_s16,na_qae_final,high,HA0100_0065,1.17,0.036,1.178,0.04,0.64,0.014,0.642,0.014,15.53,1.76,5.7,7.0,1453417689.0,16,1453544393,0,6986.66040792,True,13201,0.05000000000001137,131681.74055178123,0.6646400331759461,1338.1648613970506,526.795910113501,0.23897398927518057,122379.54196519587,0.6185987129612429,1338.1648613970506,526.795910113501,0.23099410734534842,32655.91130984576,0.17204311986533508,1312.3941277995764,307.0243376445727,0.058287267807712484,33130.99552162108,0.17410904416473647,1323.4779513237024,317.12567523089183,0.05918098069900472
E3_E1_012_s17,na_qae_final,high,HA0100_0065,1.17,0.036,1.178,0.04,0.64,0.014,0.642,0.014,15.53,1.76,5.7,7.0,1453417689.0,17,1453552312,0,8338.459957074,True,13201,0.05000000000001137,132043.5202537555,0.6662429144010616,1338.5456228200499,515.1401435039676,0.24026032340452244,122814.82164465394,0.6209276947887048,1326.929215441267,515.1401435039676,0.23182530274787183,32111.909619997274,0.16927364413200235,1301.7495111451049,299.07450512405813,0.057141217040061025,33087.65120282743,0.17209071042836402,1327.494291326682,330.027767759345,0.060018146386123496
E3_E1_012_s18,na_qae_final,high,HA0100_0065,1.17,0.036,1.178,0.04,0.64,0.014,0.642,0.014,15.53,1.76,5.7,7.0,1453417689.0,18,1453560231,0,8279.45973078,True,13201,0.05000000000001137,132312.42709581525,0.6670575721349072,1344.0462446446086,511.23664879499205,0.2418607509078773,123352.17258127558,0.6238931621093202,1317.4238192158432,511.23664879499205,0.23275773953071122,32422.200704269046,0.17185040224931628,1301.2875631119516,283.82123170049454,0.05835580386228073,33816.9339548273,0.1764793440146084,1345.8948077792184,342.4551745508626,0.06154782423751359
E3_E1_012_s19,na_qae_final,high,HA0100_0065,1.17,0.036,1.178,0.04,0.64,0.014,0.642,0.014,15.53,1.76,5.7,7.0,1453417689.0,19,1453568150,0,7058.929058231,True,13201,0.05000000000001137,131818.1846122605,0.6652745866138995,1335.57712807083,524.8378639789912,0.23939657373208661,122483.88604013003,0.6192464888256518,1330.2822562043182,524.8378639789912,0.23135589097803413,32561.2890801577,0.1717790608027273,1298.3314999480917,283.9491480391256,0.05771342359106948,33074.87386481117,0.17396283528876327,1347.4921022618303,341.09413711202757,0.06014756522228054
E3_E1_012_s2,na_qae_final,high,HA0100_0065,1.17,0.036,1.178,0.04,0.64,0.014,0.642,0.014,15.53,1.76,5.7,7.0,1453417689.0,2,1453433527,0,7398.465458418999,True,13201,0.05000000000001137,131735.51535776924,0.6647606071420161,1347.429570877337,499.40245889914604,0.2404906006303969,122491.48200188465,0.6192333148640701,1331.6221463226354,499.40245889914604,0.23223734414899622,32620.639259828786,0.17166292638343475,1285.049391183302,272.2963946180128,0.056542764319014845,33087.637970634634,0.17263414228716906,1328.5264667634337,335.250510648734,0.059781490991531704
E3_E1_012_s20,na_qae_final,high,HA0100_0065,1.17,0.036,1.178,0.04,0.64,0.014,0.642,0.014,15.53,1.76,5.7,7.0,1453417689.0,20,1453576069,0,7794.083250501,True,13201,0.05000000000001137,132087.11567691865,0.666631403875896,1348.1499423170942,497.45409494626585,0.2412484058028775,122871.79654492297,0.6209530810386537,1310.489602166441,497.45409494626585,0.23326041542120016,32539.4433806462,0.17098622893942378,1314.8466314395964,313.48977314602047,0.05885099903019675,33109.27909796271,0.173801612830928,1328.9584181845905,329.90804381237876,0.059467421917553435
E3_E1_012_s21,na_qae_final,high,HA0100_0065,1.17,0.036,1.178,0.04,0.64,0.014,0.642,0.014,15.53,1.76,5.7,7.0,1453417689.0,21,1453583988,0,9760.290893808,True,13201,0.05000000000001137,131762.78369697861,0.6647669666062223,1333.2004252925678,502.96806099377943,0.2401656024633111,122542.42670079235,0.6194968311509592,1311.3842390366901,502.96806099377943,0.2322470984783213,32394.56090066001,0.17130474232902582,1308.8284859127732,301.6194494145585,0.05765467184457078,33020.491998153346,0.17192284530073434,1334.7119068138697,336.0895468232138,0.060512955368564415
E3_E1_012_s22,na_qae_final,high,HA0100_0065,1.17,0.036,1.178,0.04,0.64,0.014,0.642,0.014,15.53,1.76,5.7,7.0,1453417689.0,22,1453591907,0,6935.074662193,True,13201,0.05000000000001137,132225.21812311222,0.6668620126637665,1350.896710650738,500.74873211291623,0.24130325377704703,123099.34950245434,0.6225972780325493,1298.0918668341883,500.74873211291623,0.2325410967265315,32548.947236582175,0.17198594768858408,1289.109034768739,266.2990170331857,0.05797065776383115,33577.842542178914,0.17533570323823192,1329.4424610912954,330.2738012411624,0.06012926496723804
E3_E1_012_s23,na_qae_final,high,HA0100_0065,1.17,0.036,1.178,0.04,0.64,0.014,0.642,0.014,15.53,1.76,5.7,7.0,1453417689.0,23,1453599826,0,9321.742941891,True,13201,0.05000000000001137,131999.83308588417,0.6656287366441043,1334.7251533223452,515.021758294629,0.24006957039898766,122785.85477804538,0.621173527491594,1313.9176557771561,515.021758294629,0.2311569489307292,33194.602755139116,0.1746037773974855,1320.946841418877,320.7622679298245,0.05853621396580672,33194.602755139116,0.1746037773974855,1341.621152856071,320.94144960825145,0.060455725420545496
E3_E1_012_s24,na_qae_final,high,HA0100_0065,1.17,0.036,1.178,0.04,0.64,0.014,0.642,0.014,15.53,1.76,5.7,7.0,1453417689.0,24,1453607745,0,7354.194192405999,True,13201,0.05000000000001137,132679.2999538397,0.6685369735065898,1335.8577547123157,499.8969618194211,0.24091066157409854,123452.2994563124,0.6249944634780782,1305.2942135487617,499.8969618194211,0.2308410607582489,32712.506005590592,0.17348869836493488,1296.4805516298102,272.1963060678459,0.05792375563251734,33305.002847236065,0.17348869836493488,1346.4367516277537,356.02204072694366,0.061247783859728344
E3_E1_012_s25,na_qae_final,high,HA0100_0065,1.17,0.036,1.178,0.04,0.64,0.014,0.642,0.014,15.53,1.76,5.7,7.0,1453417689.0,25,1453615664,0,6855.146914217999,True,13201,0.05000000000001137,132550.2101821272,0.6683985087060662,1336.6160744143604,510.8810626226462,0.24025830185340386,123291.25324473328,0.6236018525987791,1336.6160744143604,510.8810626226462,0.23107312714684516,32197.983642175728,0.1698136094882345,1305.4651637261188,287.1689247623817,0.05782026406182954,33373.321740348234,0.17409362168065037,1334.5233093447118,323.06124971779127,0.0594084542330052
E3_E1_012_s26,na_qae_final,high,HA0100_0065,1.17,0.036,1.178,0.04,0.64,0.014,0.642,0.014,15.53,1.76,5.7,7.0,1453417689.0,26,1453623583,0,9837.981981491,True,13201,0.05000000000001137,133116.44553062008,0.670425823939897,1330.5457977412648,496.3008600154841,0.24054101313635412,123639.22702639476,0.6263007025357179,1330.5457977412648,496.3008600154841,0.22972079014275779,32924.7140263354,0.17371873508292968,1289.0423962437076,270.3226129129285,0.057398249329348415,33079.15704110252,0.17390286263105698,1333.6334762634299,320.09542436039334,0.06089055788662354
E3_E1_012_s27,na_qae_final,high,HA0100_0065,1.17,0.036,1.178,0.04,0.64,0.014,0.642,0.014,15.53,1.76,5.7,7.0,1453417689.0,27,1453631502,0,9323.742974546,True,13201,0.05000000000001137,132302.7794313942,0.6671092588182186,1329.6877352702606,495.1425692428002,0.240660326011502,123122.86639876255,0.6227913298293776,1302.7064341897365,495.1425692428002,0.23176631987632898,32649.93945007963,0.17211228144511018,1313.2044904556058,305.1564196790087,0.05848800769106742,33155.94774037159,0.17299836621497638,1334.9812766423877,322.4438343166026,0.05979008679621673
E3_E1_012_s28,na_qae_final,high,HA0100_0065,1.17,0.036,1.178,0.04,0.64,0.014,0.642,0.014,15.53,1.76,5.7,7.0,1453417689.0,28,1453639421,0,6872.5054129889995,True,13201,0.05000000000001137,131858.60586038427,0.6649703836688136,1326.5197424274804,495.6053396661886,0.23989408292885483,122570.39322308921,0.6200059400170839,1317.4697462011834,495.6053396661886,0.2313315947791964,32440.078461262627,0.17047125681341416,1303.0607578415818,309.6162093671083,0.057527811979225976,33095.44896454093,0.17363191343868986,1330.1697169038277,334.65021269108337,0.059938773015960255
E3_E1_012_s29,na_qae_final,high,HA0100_0065,1.17,0.036,1.178,0.04,0.64,0.014,0.642,0.014,15.53,1.76,5.7,7.0,1453417689.0,29,1453647340,0,7291.986209854999,True,13201,0.05000000000001137,131968.08637257136,0.6658600586362513,1352.9032853974152,516.9772063630844,0.24138031448951477,122925.14810071398,0.6214542219686691,1314.0226846298858,516.9772063630844,0.23305112795147784,32430.186118474343,0.17131388184492896,1311.8662596253894,313.0218537423529,0.0579900044865447,33014.86633986522,0.1726539392476375,1330.2008312261678,317.5493176760984,0.05980658863744345
E3_E1_012_s3,na_qae_final,high,HA0100_0065,1.17,0.036,1.178,0.04,0.64,0.014,0.642,0.014,15.53,1.76,5.7,7.0,1453417689.0,3,1453441446,0,7088.710103891,True,13201,0.05000000000001137,131832.60547423884,0.6652687857833375,1335.2175317154583,494.6864754958802,0.2400214066732764,122508.50854619502,0.6193758871820648,1333.0951280975044,494.6864754958802,0.23180221308159332,32676.758246726753,0.17241659319742805,1285.0152406180682,269.3947108406981,0.05667146126208698,33008.41639130127,0.17241659319742805,1333.189553262103,332.97685392818096,0.060016432923694546
E3_E1_012_s30,na_qae_final,high,HA0100_0065,1.17,0.036,1.178,0.04,0.64,0.014,0.642,0.014,15.53,1.76,5.7,7.0,1453417689.0,30,1453755259,0,7053.92451146,True,13201,0.05000000000001137,132325.86638022895,0.6671227644604005,1343.9846464214218,532.2834976572658,0.24131611029153222,123210.00166066243,0.6232264400655768,1314.1593791692353,532.2834976572658,0.23233351980292358,32736.020044924146,0.17248494612935367,1330.191280231307,336.5457359499847,0.05930113565722785,33204.100996600355,0.17372178270028787,1330.191280231307,336.5457359499847,0.06040366103594385
E3_E1_012_s31,na_qae_final,high,HA0100_0065,1.17,0.036,1.178,0.04,0.64,0.014,0.642,0.014,15.53,1.76,5.7,7.0,1453417689.0,31,1453763178,0,8272.140154802,True,13201,0.05000000000001137,132031.00827700167,0.6661914888964188,1326.1595829533708,524.0358125855437,0.24000299537956232,122680.96207327423,0.6202767711362409,1313.314921082998,524.0358125855437,0.23175796921628578,33082.644068791706,0.17429723257504462,1287.4969872606725,284.3945031882911,0.05785630713572023,33082.644068791706,0.17429723257504462,1333.0542623290162,346.0317296300266,0.059385523734782335
E3_E1_012_s32,na_qae_final,high,HA0100_0065,1.17,0.036,1.178,0.04,0.64,0.014,0.642,0.014,15.53,1.76,5.7,7.0,1453417689.0,32,1453771097,0,5397.439127801999,True,13201,0.05000000000001137,131513.52121469856,0.6639008088355647,1361.4808580608933,542.1556184293547,0.24149083544936342,122575.94159097847,0.6191220916397134,1312.8186046034,542.1556184293547,0.23371710109017807,32361.359259002067,0.17048585508115485,1334.5719746723337,313.9014127396607,0.059639151583091944,33003.64786186809,0.17228726872179315,1334.5719746723337,329.8607558204435,0.059984366760226816
E3_E1_012_s33,na_qae_final,high,HA0100_0065,1.17,0.036,1.178,0.04,0.64,0.014,0.642,0.014,15.53,1.76,5.7,7.0,1453417689.0,33,1453779016,0,5622.5892687099995,True,13201,0.05000000000001137,132094.3867813343,0.6661333513298928,1339.3160366888603,517.4461507983402,0.24116142371976926,123049.92990625372,0.6223233959773187,1306.518199004863,517.4461507983402,0.23248369846441463,33144.08859329713,0.17330704674380953,1313.1360601479214,301.0054589861541,0.059306485759728855,33144.08859329713,0.17390517889774992,1329.9816175533376,324.60322570142125,0.05962866803594134
E3_E1_012_s34,na_qae_final,high,HA0100_0065,1.17,0.036,1.178,0.04,0.64,0.014,0.642,0.014,15.53,1.76,5.7,7.0,1453417689.0,34,1453786935,0,7049.565294384,True,13201,0.05000000000001137,132048.03885080066,0.666148265024445,1340.105567445355,495.1234091541726,0.2405782136643553,122856.70194615782,0.6212451459843336,1316.1296684583663,495.1234091541726,0.2320068387055511,33007.68745216543,0.17375229785396296,1302.0926011123327,270.09605179094626,0.05838469542309403,33267.43234226453,0.17375229785396296,1341.292679805835,358.3220529408159,0.060126879183837655
E3_E1_012_s35,na_qae_final,high,HA0100_0065,1.17,0.036,1.178,0.04,0.64,0.014,0.642,0.014,15.53,1.76,5.7,7.0,1453417689.0,35,1453794854,0,6253.877968706,True,13201,0.05000000000001137,132895.01083513102,0.6695419424126933,1348.371736554284,498.6438522905303,0.24210549339148796,123798.55442971435,0.6265718595535982,1308.8265586055622,498.6438522905303,0.2321055542590541,32688.320327238194,0.1720261018869448,1320.005860419176,298.9342815986709,0.058553528442644456,32885.035047537734,0.17237671208160665,1333.855133006517,320.0021274512528,0.05933263328943511
E3_E1_012_s36,na_qae_final,high,HA0100_0065,1.17,0.036,1.178,0.04,0.64,0.014,0.642,0.014,15.53,1.76,5.7,7.0,1453417689.0,36,1453802773,0,10173.606316391,True,13201,0.05000000000001137,131746.00789963463,0.6648655610414883,1338.8721964823308,520.7433588736104,0.23945884642721557,122393.37558984356,0.6186927412524748,1333.0269085322227,520.7433588736104,0.23166464032668257,32635.684643802742,0.17247455199349473,1310.6942022398184,302.9803631064193,0.0572176685436177,33511.589708250984,0.1756399524241282,1337.4713774402414,321.87799562172523,0.060626053805958896
E3_E1_012_s37,na_qae_final,high,HA0100_0065,1.17,0.036,1.178,0.04,0.64,0.014,0.642,0.014,15.53,1.76,5.7,7.0,1453417689.0,37,1453810692,0,10143.241872572,True,13201,0.05000000000001137,131463.58178221754,0.6635214286266565,1344.7770754865533,538.5538786310564,0.24046274957279956,122356.41322416664,0.6182340558419902,1323.639109198075,538.5538786310564,0.23264986808444565,32707.367652000186,0.17289220536675262,1291.3451863465386,295.57871527055954,0.05882922134763424,33222.43333891926,0.17323161874494625,1338.7348516248715,351.68082427076166,0.06035347833555288
E3_E1_012_s38,na_qae_final,high,HA0100_0065,1.17,0.036,1.178,0.04,0.64,0.014,0.642,0.014,15.53,1.76,5.7,7.0,1453417689.0,38,1453818611,0,10016.150910696,True,13201,0.05000000000001137,131420.13915753906,0.6633192787118619,1344.5007027337497,491.11449352516786,0.23938223349134546,122238.5090434918,0.6178179122188806,1336.8431824173965,491.11449352516786,0.2315914363442262,32520.160364137133,0.1709884834033575,1292.4264621231468,264.1587908107753,0.056447596651952175,33055.82560866058,0.1724677187278541,1344.277600502567,341.28888700118137,0.05934972108788717
E3_E1_012_s39,na_qae_final,high,HA0100_0065,1.17,0.036,1.178,0.04,0.64,0.014,0.642,0.014,15.53,1.76,5.7,7.0,1453417689.0,39,1453826530,0,6953.019601178,True,13201,0.05000000000001137,132011.96053992808,0.6659455895336927,1337.6652697717577,495.97698933440137,0.24060823354394856,122859.79390129239,0.621261837861367,1313.0231411369155,495.97698933440137,0.23222607052688768,32559.408387975567,0.17266921452657094,1296.6135356431614,282.58104570951343,0.05791681367638875,32973.57066912299,0.17266921452657094,1336.5883137192802,342.01439420549536,0.05904965265196732
E3_E1_012_s4,na_qae_final,high,HA0100_0065,1.17,0.036,1.178,0.04,0.64,0.014,0.642,0.014,15.53,1.76,5.7,7.0,1453417689.0,4,1453449365,0,7162.823533656,True,13201,0.05000000000001137,132218.23094865988,0.6667436420831254,1344.4604372732256,528.2650114180698,0.24147791238947766,123131.37591411914,0.6227231056494961,1308.6888325764285,528.2650114180698,0.23267990414894138,33159.13272363234,0.1753248969776143,1304.4723660476764,290.4967391576686,0.05889898422959422,33323.336015181034,0.1753248969776143,1327.9109896068996,342.67619036061666,0.059432067617896225
E3_E1_012_s40,na_qae_final,high,HA0100_0065,1.17,0.036,1.178,0.04,0.64,0.014,0.642,0.014,15.53,1.76,5.7,7.0,1453417689.0,40,1453834449,0,8756.170376172,True,13201,0.05000000000001137,132211.84572260515,0.6665740657989253,1324.9482404478783,526.4393798907478,0.2395911140675145,122844.0828250674,0.6215435162981537,1324.9482404478783,526.4393798907478,0.23069226936680137,32916.164354164306,0.1733553963038137,1286.5681976956973,279.8445193983185,0.057833692785061626,33045.608053499425,0.173445397440748,1329.822775902051,344.7010506604125,0.0597980428997766
E3_E1_012_s41,na_qae_final,high,HA0100_0065,1.17,0.036,1.178,0.04,0.64,0.014,0.642,0.014,15.53,1.76,5.7,7.0,1453417689.0,41,1453842368,0,7014.616876623,True,13201,0.05000000000001137,132325.97558820547,0.6670468809701584,1323.9634570228513,497.9270494112947,0.2402691509534276,123110.1689308078,0.6229353531794632,1313.2015470015767,497.9270494112947,0.2311728010812522,32242.424353625054,0.17001592946342858,1334.738028914341,350.21063700972,0.05895310238193161,32752.320819163964,0.17157172003952123,1336.3016051462828,350.21063700972,0.059610720959444294
E3_E1_012_s42,na_qae_final,high,HA0100_0065,1.17,0.036,1.178,0.04,0.64,0.014,0.642,0.014,15.53,1.76,5.7,7.0,1453417689.0,42,1453850287,0,8295.874778677999,True,13201,0.05000000000001137,132512.3219038834,0.6677874207827882,1342.3602604452303,500.80118111912947,0.24176561443769432,123412.15979773294,0.6244122100474285,1304.4333635287526,500.80118111912947,0.23234983098314702,32653.50705149482,0.1726157409710758,1301.9764880381438,314.1268345226903,0.058709326878347456,33161.02155390934,0.17413298251509013,1337.5443296698018,340.5994602181838,0.06020409847153882
E3_E1_012_s43,na_qae_final,high,HA0100_0065,1.17,0.036,1.178,0.04,0.64,0.014,0.642,0.014,15.53,1.76,5.7,7.0,1453417689.0,43,1453858206,0,5745.788975634,True,13201,0.05000000000001137,132666.22089406836,0.6686897929610037,1368.2132605153188,502.21965443350723,0.24220004881532428,123574.61434360861,0.6252612407433297,1301.6448263887114,502.21965443350723,0.23270708296610076,32695.318406644004,0.170826919041301,1319.9110756700045,328.21933778109485,0.059297115712269026,33289.80640457186,0.17328140394047767,1339.234178848072,340.8280097710621,0.0605952990762654
E3_E1_012_s44,na_qae_final,high,HA0100_0065,1.17,0.036,1.178,0.04,0.64,0.014,0.642,0.014,15.53,1.76,5.7,7.0,1453417689.0,44,1453866125,0,7624.317795697001,True,13201,0.05000000000001137,132274.18369150828,0.6668320138286922,1340.4590730271054,506.5987887752836,0.24102347355073708,123116.07974219217,0.6228608887156968,1307.473048584416,506.5987887752836,0.2321026607952992,32415.861146636467,0.1695039538146174,1301.3823887154645,300.38026615831944,0.05658090217678558,33254.922661848905,0.1740056114737049,1347.0737292568356,342.23701998951395,0.05966186696215534
E3_E1_012_s45,na_qae_final,high,HA0100_0065,1.17,0.036,1.178,0.04,0.64,0.014,0.642,0.014,15.53,1.76,5.7,7.0,1453417689.0,45,1453874044,0,7425.954778184,True,13201,0.05000000000001137,132387.9877187655,0.6672841629012812,1335.2788146371433,541.9298313418499,0.23929627815460228,123119.11774972896,0.6231607806742462,1335.2788146371433,541.9298313418499,0.2297492258262696,33362.60918372618,0.17524936478891867,1308.1521172061216,295.0783590799464,0.05799579912163452,33362.60918372618,0.17524936478891867,1327.6652160744,333.3257870563223,0.06011689400669152
E3_E1_012_s46,na_qae_final,high,HA0100_0065,1.17,0.036,1.178,0.04,0.64,0.014,0.642,0.014,15.53,1.76,5.7,7.0,1453417689.0,46,1453881963,0,7071.188287848,True,13201,0.05000000000001137,132163.87128724827,0.6664310663559398,1364.881690125341,556.9330839542947,0.24269483951928666,123207.75053772875,0.6230718971746834,1311.8652559246439,556.9330839542947,0.23406518748858615,32081.95046802644,0.16844139419642834,1329.52518510714,337.5668941593424,0.05703722629816223,32754.217260967296,0.17119040428926113,1337.0108496770904,337.5668941593424,0.059670728458624506
E3_E1_012_s47,na_qae_final,high,HA0100_0065,1.17,0.036,1.178,0.04,0.64,0.014,0.642,0.014,15.53,1.76,5.7,7.0,1453417689.0,47,1453889882,0,11436.850596371001,True,13201,0.05000000000001137,131076.05552467558,0.6621131134121448,1377.5272213694104,517.1189701525885,0.24115395768460834,122089.74742563975,0.6163851167568479,1335.3344646763592,517.1189701525885,0.23368561779950814,32743.82793219882,0.17236766698205136,1306.724182937154,291.6100544768783,0.0589222331341203,33137.12204420217,0.17384131360021085,1332.698566050033,321.7721078641615,0.05938768207880077
E3_E1_012_s48,na_qae_final,high,HA0100_0065,1.17,0.036,1.178,0.04,0.64,0.014,0.642,0.014,15.53,1.76,5.7,7.0,1453417689.0,48,1453897801,0,10101.263966243001,True,13201,0.05000000000001137,132491.0331143827,0.6680492973842179,1342.8782174317482,500.06593153851674,0.24078487564953782,123258.47287556683,0.6236117902132783,1303.1464474754928,500.06593153851674,0.23171500431625094,32543.561585669046,0.17210355126415608,1292.1459187725013,284.31561847366737,0.05722411041367674,33497.91574474912,0.17558159219335687,1328.2841313497565,340.0478072048188,0.059608458032221236
E3_E1_012_s49,na_qae_final,high,HA0100_0065,1.17,0.036,1.178,0.04,0.64,0.014,0.642,0.014,15.53,1.76,5.7,7.0,1453417689.0,49,1453905720,0,7881.7600347200005,True,13201,0.05000000000001137,131429.4294012952,0.6630958863539677,1351.026166362443,519.7093724597268,0.24125774636717548,122511.57129430832,0.6190906037484317,1322.9147987178076,519.7093724597268,0.23332213675306598,32821.34529337983,0.172851042524276,1329.2930475350738,306.9338769766238,0.058072799960353964,32944.38372951911,0.172851042524276,1340.5193019479564,344.16323597965703,0.059246706708003305
E3_E1_012_s5,na_qae_final,high,HA0100_0065,1.17,0.036,1.178,0.04,0.64,0.014,0.642,0.014,15.53,1.76,5.7,7.0,1453417689.0,5,1453457284,0,8654.826890259,True,13201,0.05000000000001137,131713.4395165784,0.6646203050444313,1330.3382118730137,497.72032573635914,0.2394033041370144,122371.69682733869,0.6187228116401328,1330.3382118730137,497.72032573635914,0.23120810465031927,32494.792395091692,0.1726325308465032,1301.57477219548,298.6042763871308,0.05732423921895687,33005.831457519234,0.1726325308465032,1335.0299046077348,328.3082907817432,0.05965610389056915
E3_E1_012_s50,na_qae_final,high,HA0100_0065,1.17,0.036,1.178,0.04,0.64,0.014,0.642,0.014,15.53,1.76,5.7,7.0,1453417689.0,50,1453913639,0,10908.601146894,True,13201,0.05000000000001137,132424.25822901932,0.6670986194716358,1328.0604384930862,498.40982441589574,0.24037472450618483,123135.45627313624,0.6235356312118367,1309.096854733476,498.40982441589574,0.23020185141368948,32653.42168571835,0.17269551928929947,1296.4592405164813,287.92754789865467,0.05785145218702682,32998.693263313406,0.1733301665972988,1338.335422265556,335.89194246758603,0.06035339475784028
E3_E1_012_s51,na_qae_final,high,HA0100_0065,1.17,0.036,1.178,0.04,0.64,0.014,0.642,0.014,15.53,1.76,5.7,7.0,1453417689.0,51,1453921558,0,8199.925836540999,True,13201,0.05000000000001137,132175.63564363305,0.6663383455612573,1363.7173399606145,530.386151865484,0.24249623481157034,123234.09688161217,0.6232698606576355,1298.6658119739486,530.386151865484,0.23364350241299178,33075.559482758494,0.17452008646964723,1309.47577346874,296.4694144079813,0.05803725033095606,33075.559482758494,0.17452008646964723,1332.6038616031144,360.522084484311,0.05934037937611362
E3_E1_012_s52,na_qae_final,high,HA0100_0065,1.17,0.036,1.178,0.04,0.64,0.014,0.642,0.014,15.53,1.76,5.7,7.0,1453417689.0,52,1453929477,0,7046.076611619999,True,13201,0.05000000000001137,131480.23444448237,0.6639416083186763,1365.0497832926449,569.6417184670743,0.23882964830721254,122180.83514032079,0.6173483352237045,1365.0497832926449,569.6417184670743,0.2307622042844121,32971.32476293753,0.1734338071378067,1322.6943294652717,323.0849128301996,0.05850128971663858,33096.004064720764,0.1734338071378067,1325.8915527344348,325.95215310257726,0.05914566779938459
E3_E1_012_s53,na_qae_final,high,HA0100_0065,1.17,0.036,1.178,0.04,0.64,0.014,0.642,0.014,15.53,1.76,5.7,7.0,1453417689.0,53,1453937396,0,8640.22204712,True,13201,0.05000000000001137,131557.77383587227,0.6639750579306999,1336.3031040129465,560.0626917012447,0.2392934468858192,122308.11348003108,0.6181381288038098,1327.347490420453,560.0626917012447,0.23135031851372462,32854.2470606238,0.17370237203201863,1314.7388024435793,291.73057123373246,0.05807938470036086,33058.81893157144,0.17370237203201863,1342.5617457500196,355.06009289468085,0.05979578187674375
E3_E1_012_s54,na_qae_final,high,HA0100_0065,1.17,0.036,1.178,0.04,0.64,0.014,0.642,0.014,15.53,1.76,5.7,7.0,1453417689.0,54,1453945315,0,6179.241837238,True,13201,0.05000000000001137,132193.35155912203,0.6666710356790212,1333.6444718558594,518.8566441774888,0.24089232963611645,123019.05083094475,0.6221973893425062,1303.7292915402302,518.8566441774888,0.2322062743396138,32373.715545331444,0.17125294612980693,1298.6207104153748,304.01839673484477,0.058675930970977466,32890.025689265494,0.17222419395305713,1331.6185920652865,325.0124493248313,0.05961278710593456
E3_E1_012_s55,na_qae_final,high,HA0100_0065,1.17,0.036,1.178,0.04,0.64,0.014,0.642,0.014,15.53,1.76,5.7,7.0,1453417689.0,55,1453953234,0,8090.18257124,True,13201,0.05000000000001137,132202.38562631866,0.666646084789346,1345.9037835931526,505.9841935489613,0.2418877823691801,123255.11875239151,0.6232152011554605,1314.1724775443563,505.9841935489613,0.23326937584452617,32613.192197851633,0.17188433420428734,1306.5143890029356,293.9428446886096,0.05930001135233162,33586.19622912002,0.1763574753660307,1329.9425106138033,321.3395725853795,0.06076852274724284
E3_E1_012_s56,na_qae_final,high,HA0100_0065,1.17,0.036,1.178,0.04,0.64,0.014,0.642,0.014,15.53,1.76,5.7,7.0,1453417689.0,56,1453961153,0,6867.674310032,True,13201,0.05000000000001137,131699.48743288335,0.6645319915644446,1342.0104227962922,511.18818397883894,0.2408462976588536,122585.36437550276,0.6196757954656519,1318.0766483338118,511.18818397883894,0.23276129204507348,32194.654008519177,0.1704584782110139,1291.4894882328363,269.1751907000994,0.05723679223017436,32851.75315446027,0.173119481873081,1329.7474745163192,341.5145846361795,0.05941336195892332
E3_E1_012_s57,na_qae_final,high,HA0100_0065,1.17,0.036,1.178,0.04,0.64,0.014,0.642,0.014,15.53,1.76,5.7,7.0,1453417689.0,57,1453969072,0,7162.23389846,True,13201,0.05000000000001137,132128.41061358785,0.6664747565733719,1343.216120212497,501.64357178859916,0.24090896639723222,123061.28852303709,0.6223505476517434,1309.0038813429887,501.64357178859916,0.2322384952529501,32544.147639235543,0.17162164797743598,1308.1650696569684,286.0080567680939,0.0583384505854848,33114.275869869445,0.1728541199897201,1330.4551464114231,337.5945538943223,0.059949889368885526
E3_E1_012_s58,na_qae_final,high,HA0100_0065,1.17,0.036,1.178,0.04,0.64,0.014,0.642,0.014,15.53,1.76,5.7,7.0,1453417689.0,58,1453976991,0,10642.037393166,True,13201,0.05000000000001137,131644.39253533378,0.6640883265203418,1333.280048565213,500.313143774629,0.24001670558589935,122447.65257321352,0.6191238548474245,1322.1317089145784,500.313143774629,0.23183918111295812,32529.124869874846,0.17150004370103836,1319.1529670024618,309.4551800925853,0.05720660505554236,32893.15776301121,0.17220996156967847,1326.2922238653757,346.9983615647864,0.05988741457558247
E3_E1_012_s59,na_qae_final,high,HA0100_0065,1.17,0.036,1.178,0.04,0.64,0.014,0.642,0.014,15.53,1.76,5.7,7.0,1453417689.0,59,1453984910,0,7413.050971469001,True,13201,0.05000000000001137,131816.64084335708,0.6650780385310716,1348.6820294646427,512.3257217780217,0.24131550945464292,122810.20656491321,0.6206887658133654,1308.7793041116513,512.3257217780217,0.2331357532312197,32824.665440656405,0.17254029141109745,1296.8492912155166,291.38854838140384,0.05687630092179601,33211.723744656454,0.17357278045744096,1331.7900576848563,350.089500743765,0.059688225465998355
E3_E1_012_s6,na_qae_final,high,HA0100_0065,1.17,0.036,1.178,0.04,0.64,0.014,0.642,0.014,15.53,1.76,5.7,7.0,1453417689.0,6,1453465203,0,11068.26833422,True,13201,0.05000000000001137,131691.73361941703,0.6645018837829608,1336.579747800631,503.79548634263546,0.24028832062085181,122515.94722051053,0.6192856444472015,1320.9359902304855,503.79548634263546,0.2321824956345029,33411.00070603878,0.17703753325152086,1315.7256251148174,299.7185558910493,0.05846379043702234,33411.00070603878,0.17703753325152086,1341.1846444240505,368.39989651644794,0.05920724922769899
E3_E1_012_s7,na_qae_final,high,HA0100_0065,1.17,0.036,1.178,0.04,0.64,0.014,0.642,0.014,15.53,1.76,5.7,7.0,1453417689.0,7,1453473122,0,9997.321805886,True,13201,0.05000000000001137,132528.91947860512,0.6680722291129108,1324.3878670862198,498.92575585760466,0.24023891500821193,123180.45020792038,0.6233456185031012,1318.8181709800588,498.92575585760466,0.23072563521536552,32584.27357753249,0.17206566245719737,1301.2320093106382,277.96535027054114,0.058654929524237884,32988.39119779635,0.17293307717117382,1331.5318790040062,335.02127302927113,0.05979635337092642
E3_E1_012_s8,na_qae_final,high,HA0100_0065,1.17,0.036,1.178,0.04,0.64,0.014,0.642,0.014,15.53,1.76,5.7,7.0,1453417689.0,8,1453481041,0,10666.123349707,True,13201,0.05000000000001137,132375.1678975613,0.6675765663402988,1330.440039742284,556.8926757375998,0.24021330115464307,123022.35584258054,0.6222406041395125,1327.221303698819,556.8926757375998,0.231514287882169,33064.77082386677,0.17475733243443275,1338.8979276919652,325.276404410756,0.05857704908550487,33064.77082386677,0.17475733243443275,1338.8979276919652,331.3842588924376,0.05964572393470317
E3_E1_012_s9,na_qae_final,high,HA0100_0065,1.17,0.036,1.178,0.04,0.64,0.014,0.642,0.014,15.53,1.76,5.7,7.0,1453417689.0,9,1453488960,0,10719.351357696001,True,13201,0.05000000000001137,132264.75589566774,0.6669414569823372,1342.239386200488,525.1905596643104,0.24141218300067332,123134.98837549654,0.6228598162672052,1299.238970664576,525.1905596643104,0.2327654651513212,32843.46437850762,0.17446700030839798,1297.3262094858846,276.39891431361036,0.05798613493585271,33576.76941646138,0.17664055386501099,1324.0254935650844,327.95915735510783,0.059414501306247154
E3_E1_013_s0,na_qae_final,harsh,HA0100_0064,1.17,0.036,1.178,0.04,0.64,0.014,0.642,0.014,21.65,3.84,7.75,2.0,53007094.0,0,53007094,0,8569.697411969999,True,13201,0.05000000000001137,168851.36741747693,0.8522513190605197,1388.2439194098242,597.2562883799445,0.3056019542932218,153420.06447857092,0.7780623730101585,1375.1388556657369,597.2562883799445,0.2915150747501127,28054.127858476386,0.14954132989296579,1326.33904492456,328.49555612605616,0.047850652844854166,28239.139645249743,0.15097261657535782,1425.4983598847382,502.1992403525402,0.05214104035866868
E3_E1_013_s1,na_qae_final,harsh,HA0100_0064,1.17,0.036,1.178,0.04,0.64,0.014,0.642,0.014,21.65,3.84,7.75,2.0,53007094.0,1,53015013,0,7032.56969184,True,13201,0.05000000000001137,167978.69482772815,0.8475760215313145,1472.264492446344,608.3905530368518,0.3090438975535804,153287.93275792495,0.7767929214290715,1472.264492446344,608.3905530368518,0.2953055988138474,28396.8511809118,0.1502128415295766,1333.1137346054059,349.5675638746341,0.04965296065432514,28396.8511809118,0.1502128415295766,1465.704030898884,508.7406542026488,0.05215962022738149
E3_E1_013_s10,na_qae_final,harsh,HA0100_0064,1.17,0.036,1.178,0.04,0.64,0.014,0.642,0.014,21.65,3.84,7.75,2.0,53007094.0,10,53086284,0,7670.3610112080005,True,13201,0.05000000000001137,170441.05960572316,0.8599031892012936,1371.1075950579605,653.5605915474114,0.307903705336967,155420.3551393192,0.7901071687047491,1371.1075950579605,653.5605915474114,0.28957134507733095,27864.382210436597,0.1491894346239649,1290.7191760084481,305.41245025281404,0.04678063320829311,27864.382210436597,0.1491894346239649,1503.5798551960554,516.1376519398538,0.05378717347198669
E3_E1_013_s11,na_qae_final,harsh,HA0100_0064,1.17,0.036,1.178,0.04,0.64,0.014,0.642,0.014,21.65,3.84,7.75,2.0,53007094.0,11,53094203,0,5811.564220903,True,13201,0.05000000000001137,169455.04947109544,0.8550170503913702,1364.973892023861,618.3100191791773,0.30957742870521626,154689.42075751346,0.7855391958817255,1340.7001217028267,618.3100191791773,0.293769464740575,27725.680036379,0.14817556901341733,1374.5168143252993,391.53763469367397,0.05019737481888751,27997.075123930077,0.15060481711558157,1462.9141237689491,520.1549418064409,0.052367864494760503
E3_E1_013_s12,na_qae_final,harsh,HA0100_0064,1.17,0.036,1.178,0.04,0.64,0.014,0.642,0.014,21.65,3.84,7.75,2.0,53007094.0,12,53102122,0,7604.987995482,True,13201,0.05000000000001137,171066.30235176499,0.8619249120342414,1370.2764530305742,720.9241658325161,0.31197623756273374,156454.64247482893,0.795999205548938,1370.2764530305742,720.9241658325161,0.2919794834656115,27243.194183646512,0.14649218628795244,1298.5748474142952,327.0198594631051,0.047648502650889865,27959.04322340174,0.14862587585149822,1460.2778456575847,523.9707779419276,0.05401744558650601
E3_E1_013_s13,na_qae_final,harsh,HA0100_0064,1.17,0.036,1.178,0.04,0.64,0.014,0.642,0.014,21.65,3.84,7.75,2.0,53007094.0,13,53110041,0,6995.416511052999,True,13201,0.05000000000001137,170478.03135754316,0.8601737620773655,1373.3609253918146,610.8388028180858,0.3103040058977995,155779.63214834328,0.7917669037541735,1326.1284336557933,610.8388028180858,0.29215084602689523,28318.20811453721,0.15156509282031874,1401.2053544234648,409.85089588922125,0.05134792794269956,28318.20811453721,0.15156509282031874,1436.386872098234,506.52172778625294,0.052382803069690106
E3_E1_013_s14,na_qae_final,harsh,HA0100_0064,1.17,0.036,1.178,0.04,0.64,0.014,0.642,0.014,21.65,3.84,7.75,2.0,53007094.0,14,53117960,0,7392.184845903999,True,13201,0.05000000000001137,169160.1296901043,0.8536974856137383,1392.3471642011664,607.2016350080926,0.3089988029150897,154316.55784316317,0.7826424288367142,1340.9681020347657,607.2016350080926,0.29413633119600424,28132.650166351992,0.1498988267369781,1356.4127816800528,382.96765706915164,0.04899680862235215,28132.650166351992,0.1498988267369781,1428.4498372548421,475.99181562278187,0.052692870668282606
E3_E1_013_s15,na_qae_final,harsh,HA0100_0064,1.17,0.036,1.178,0.04,0.64,0.014,0.642,0.014,21.65,3.84,7.75,2.0,53007094.0,15,53125879,0,7355.2146674,True,13201,0.05000000000001137,170130.55734802314,0.8584529129623789,1355.3641391722708,595.7571900926788,0.30717024208266586,154953.3383160824,0.7872726051459357,1355.3641391722708,595.7571900926788,0.28964064755557206,27459.54629948613,0.1464388640707475,1395.913223113866,434.96277196037147,0.04864266982805026,28235.996823598893,0.15086323672317167,1437.8742177560011,493.4233721355757,0.051694668580093146
E3_E1_013_s16,na_qae_final,harsh,HA0100_0064,1.17,0.036,1.178,0.04,0.64,0.014,0.642,0.014,21.65,3.84,7.75,2.0,53007094.0,16,53133798,0,6975.447915227,True,13201,0.05000000000001137,170620.33132652007,0.8606450958282107,1389.2360177179248,718.8425393984054,0.3112865439994717,155957.82828246936,0.7927344380479041,1389.2360177179248,718.8425393984054,0.29289671214888824,27947.84370779518,0.14977562245477632,1293.435552152735,321.3889915130265,0.046588233029096086,28154.90212207568,0.14977562245477632,1432.0998209288714,485.6386799550088,0.05230524487601738
E3_E1_013_s17,na_qae_final,harsh,HA0100_0064,1.17,0.036,1.178,0.04,0.64,0.014,0.642,0.014,21.65,3.84,7.75,2.0,53007094.0,17,53141717,0,8516.406278713,True,13201,0.05000000000001137,169859.15581588718,0.8573030985587656,1398.0712148428715,619.5886998193397,0.3106534838124703,155265.85764313352,0.7879424597689689,1370.1168451215544,619.5886998193397,0.2949765946171469,28058.772392200008,0.14969865654627645,1346.3944954296958,330.6169015502795,0.049015007430671366,28528.61528433729,0.15165143757411687,1475.6182840476936,517.1832685291023,0.05273383361866509
E3_E1_013_s18,na_qae_final,harsh,HA0100_0064,1.17,0.036,1.178,0.04,0.64,0.014,0.642,0.014,21.65,3.84,7.75,2.0,53007094.0,18,53149636,0,6983.804429803,True,13201,0.05000000000001137,170191.88739822016,0.8583665351162104,1408.8337572733733,658.63888538898,0.31213039053503117,155848.53784808586,0.7922048836996727,1352.029976407865,658.63888538898,0.2944035569857296,27684.941272933793,0.14766842707015068,1407.8045887766348,446.1786281006172,0.05005145124440938,28218.993527507348,0.15053366521602313,1473.4985416803906,495.48108323369814,0.05242469783338243
E3_E1_013_s19,na_qae_final,harsh,HA0100_0064,1.17,0.036,1.178,0.04,0.64,0.014,0.642,0.014,21.65,3.84,7.75,2.0,53007094.0,19,53157555,0,6859.925695558,True,13201,0.05000000000001137,170103.17176317613,0.8582451234415712,1401.0058706317402,595.9006178736092,0.31093589410601774,155530.23668934693,0.7904069286348777,1351.1768076479575,595.9006178736092,0.29337691791724896,27663.413628594953,0.14737090953417045,1327.2326869144413,366.4704007532593,0.047996445301642994,28178.488833090953,0.15053451166716594,1542.7063346485309,571.4281065216388,0.05373813885777657
E3_E1_013_s2,na_qae_final,harsh,HA0100_0064,1.17,0.036,1.178,0.04,0.64,0.014,0.642,0.014,21.65,3.84,7.75,2.0,53007094.0,2,53022932,0,7763.226245638,True,13201,0.05000000000001137,169556.73132364414,0.8555276061521656,1455.279248892586,691.0545804053891,0.3100296282619474,154758.61483851864,0.7852449073836804,1455.279248892586,691.0545804053891,0.29487191791631856,27989.775270452916,0.15011885202463723,1320.9945693861405,352.9020267673663,0.04852012554510091,28507.455414726122,0.15217003639496912,1433.2762018602602,488.9604173990564,0.05222505474621946
E3_E1_013_s20,na_qae_final,harsh,HA0100_0064,1.17,0.036,1.178,0.04,0.64,0.014,0.642,0.014,21.65,3.84,7.75,2.0,53007094.0,20,53165474,0,5618.661338753001,True,13201,0.05000000000001137,169462.9251586334,0.8551249276429557,1363.5301837765185,623.3554079801075,0.30778064164949226,154396.48778808044,0.7836747607876142,1363.5301837765185,623.3554079801075,0.2921525682714155,28091.31614850924,0.15009197998212392,1371.0059200069804,391.8549594204313,0.05010006282048486,28571.382624148137,0.15246241042219297,1476.7116746756446,516.9329340135012,0.05156764066275
E3_E1_013_s21,na_qae_final,harsh,HA0100_0064,1.17,0.036,1.178,0.04,0.64,0.014,0.642,0.014,21.65,3.84,7.75,2.0,53007094.0,21,53173393,0,6933.288901999,True,13201,0.05000000000001137,168785.0537079405,0.8519808565295087,1421.7841606161871,588.584855925351,0.30341763095233953,153292.5064131153,0.7773223412917141,1391.059527847059,588.584855925351,0.2894100028489788,27111.199361538635,0.14441708351082924,1306.484316562163,340.08857764006433,0.05032569346281188,28134.73230655172,0.14964133149636952,1426.158434913343,486.9671161083341,0.05222222829915968
E3_E1_013_s22,na_qae_final,harsh,HA0100_0064,1.17,0.036,1.178,0.04,0.64,0.014,0.642,0.014,21.65,3.84,7.75,2.0,53007094.0,22,53181312,0,7067.961702322,True,13201,0.05000000000001137,168831.452574003,0.8518436281915406,1404.576506549655,593.3290835835932,0.30787662617406025,153817.6911971082,0.7797109571727058,1375.8590375130364,593.3290835835932,0.2934202679778085,28679.63304947158,0.15258911338701234,1349.8579473804607,370.69644720798993,0.04941602762876353,28679.63304947158,0.15258911338701234,1463.1228956862315,477.0146935248464,0.05358141897344623
E3_E1_013_s23,na_qae_final,harsh,HA0100_0064,1.17,0.036,1.178,0.04,0.64,0.014,0.642,0.014,21.65,3.84,7.75,2.0,53007094.0,23,53189231,0,10217.093897863999,True,13201,0.05000000000001137,168474.0963800322,0.8501900848098296,1450.9540003685584,599.9161319788151,0.3049148124267733,153261.28343416346,0.7764927459416722,1450.9540003685584,599.9161319788151,0.29085568916508403,28258.41843072457,0.15131734858858262,1383.1627165651848,412.94953450481853,0.049390728842347166,28258.41843072457,0.15131734858858262,1509.662968378241,518.7807132701635,0.05230017737480274
E3_E1_013_s24,na_qae_final,harsh,HA0100_0064,1.17,0.036,1.178,0.04,0.64,0.014,0.642,0.014,21.65,3.84,7.75,2.0,53007094.0,24,53197150,0,7256.511437162,True,13201,0.05000000000001137,172209.0625461261,0.8661379042593543,1560.44161324198,912.2654466423242,0.31732804260841413,157839.20549413422,0.8041845365694266,1511.6928928822454,912.2654466423242,0.2950670432861596,28274.968776583908,0.1506715304039068,1326.2627650598342,353.2139380674421,0.048032352147881,28274.968776583908,0.1506715304039068,1490.1688851626575,500.0898358977803,0.05193243581951303
E3_E1_013_s25,na_qae_final,harsh,HA0100_0064,1.17,0.036,1.178,0.04,0.64,0.014,0.642,0.014,21.65,3.84,7.75,2.0,53007094.0,25,53205069,0,7684.534223330999,True,13201,0.05000000000001137,169553.22511615005,0.855714617605318,1367.6993095148982,599.994561663,0.306013894716951,154442.67444496948,0.7839679671457819,1367.6993095148982,599.994561663,0.29030230288563014,27785.859669615045,0.14919538834529655,1419.6855309488924,422.12358225043835,0.05018369877932536,28143.161367133776,0.15058287383566313,1542.4938302797702,548.0816037177326,0.055784829584323375
E3_E1_013_s26,na_qae_final,harsh,HA0100_0064,1.17,0.036,1.178,0.04,0.64,0.014,0.642,0.014,21.65,3.84,7.75,2.0,53007094.0,26,53212988,0,7064.493319,True,13201,0.05000000000001137,170305.01589084713,0.859265110772301,1355.2323461425235,601.2044398555596,0.30743881649347965,155083.42966468897,0.7881506464151001,1355.2323461425235,601.2044398555596,0.28962071214563767,27288.222261527557,0.14611083195924543,1308.2136770515358,320.8226722470892,0.04846894189070314,27759.13335614013,0.14800021067302188,1484.1196305510996,509.913335004832,0.05243140767713537
E3_E1_013_s27,na_qae_final,harsh,HA0100_0064,1.17,0.036,1.178,0.04,0.64,0.014,0.642,0.014,21.65,3.84,7.75,2.0,53007094.0,27,53220907,0,5409.19913889,True,13201,0.05000000000001137,169740.8074649998,0.8567312498912503,1395.3292992468091,603.1966820987282,0.30825981543928205,155010.01193705073,0.7873605324270025,1395.3292992468091,603.1966820987282,0.29120251703877026,27861.692980838587,0.14892704412401672,1337.9882594350381,433.69668418618346,0.047728802780281,28041.487037017003,0.1500431001913713,1430.5094298863785,478.3057247010016,0.05121453793852157
E3_E1_013_s28,na_qae_final,harsh,HA0100_0064,1.17,0.036,1.178,0.04,0.64,0.014,0.642,0.014,21.65,3.84,7.75,2.0,53007094.0,28,53228826,0,8589.299296147,True,13201,0.05000000000001137,169551.0828213492,0.8554661768928614,1339.6012716860246,601.9516218660282,0.3065971441463831,154354.96613623033,0.7835089479360094,1339.6012716860246,601.9516218660282,0.29061368595745535,27827.418404203738,0.1490159581470473,1340.0557213881366,347.1939162617034,0.049554134486777104,28134.29068822801,0.15071397546333307,1494.4533045642897,533.7101676337174,0.05330885532500235
E3_E1_013_s29,na_qae_final,harsh,HA0100_0064,1.17,0.036,1.178,0.04,0.64,0.014,0.642,0.014,21.65,3.84,7.75,2.0,53007094.0,29,53236745,0,5976.5035830960005,True,13201,0.05000000000001137,168912.0790895686,0.8526256611914009,1384.945860635434,593.9750336737468,0.3053810402773666,153853.08874144993,0.7804231486669742,1370.7514384370247,593.9750336737468,0.2905204800007549,28142.67486158842,0.1499951832122969,1322.772569304936,340.762115024423,0.0476116763093866,28142.67486158842,0.1499951832122969,1461.6430647322798,481.5774552713554,0.05160147653929402
E3_E1_013_s3,na_qae_final,harsh,HA0100_0064,1.17,0.036,1.178,0.04,0.64,0.014,0.642,0.014,21.65,3.84,7.75,2.0,53007094.0,3,53030851,0,5495.229264582001,True,13201,0.05000000000001137,170231.81453179673,0.8586893487739065,1427.05097483144,597.7446862308383,0.3085167717894717,154945.9945148661,0.7875536444991633,1427.05097483144,597.7446862308383,0.2912447210312732,28360.31410595069,0.1511781466038906,1374.567683500865,387.58885030575277,0.050034514623557826,28415.852609307116,0.1511781466038906,1448.1854871175135,489.64132489935486,0.052545630101020965
E3_E1_013_s30,na_qae_final,harsh,HA0100_0064,1.17,0.036,1.178,0.04,0.64,0.014,0.642,0.014,21.65,3.84,7.75,2.0,53007094.0,30,53344664,0,6850.9181480590005,True,13201,0.05000000000001137,169908.0973942855,0.8572736762497813,1342.3392466513735,635.2752413114246,0.30700770374856573,154724.38717114608,0.7858650427131839,1342.3392466513735,635.2752413114246,0.2905272066781366,28332.071171189033,0.1506662593889623,1476.0644069245784,537.2482636990442,0.05448921364214851,28332.071171189033,0.15088995183563061,1476.0644069245784,537.2482636990442,0.05448921364214851
E3_E1_013_s31,na_qae_final,harsh,HA0100_0064,1.17,0.036,1.178,0.04,0.64,0.014,0.642,0.014,21.65,3.84,7.75,2.0,53007094.0,31,53352583,0,7018.776212938,True,13201,0.05000000000001137,169288.7818330069,0.8543154054568534,1365.4608463290165,599.6498164118374,0.30693308077873976,154266.77541916157,0.7824031240566994,1345.6314292568977,599.6498164118374,0.29195722316577977,28484.15169811897,0.1521064605996315,1302.1590847767343,315.0894006446981,0.04777832196517717,28484.15169811897,0.1521064605996315,1467.0250897950375,495.30026914687204,0.05266681434660971
E3_E1_013_s32,na_qae_final,harsh,HA0100_0064,1.17,0.036,1.178,0.04,0.64,0.014,0.642,0.014,21.65,3.84,7.75,2.0,53007094.0,32,53360502,0,7111.099959773,True,13201,0.05000000000001137,170067.5201097151,0.8581922852146512,1371.0378726993101,615.8084056680741,0.3103263782431129,155488.664438757,0.7893601162580669,1306.734202966873,615.8084056680741,0.29390769694439106,27926.561972874777,0.1494560079509554,1413.2167573688816,460.0270433450067,0.04936785768122864,28261.150396530673,0.1511623806101779,1523.905061266473,501.1327585191341,0.055107828663261776
E3_E1_013_s33,na_qae_final,harsh,HA0100_0064,1.17,0.036,1.178,0.04,0.64,0.014,0.642,0.014,21.65,3.84,7.75,2.0,53007094.0,33,53368421,0,7190.642054989999,True,13201,0.05000000000001137,168751.64766876167,0.8515842324155903,1420.2178575923524,596.7730460389199,0.30767463249213556,153953.0881613406,0.7802727909114042,1369.4890763435515,596.7730460389199,0.2933557535291881,28180.76486086271,0.14985814198948055,1301.6210754749602,309.03129277435727,0.048500338627595056,28276.727049220837,0.15019427479781378,1555.7930826350084,554.9938943794739,0.05410253540596845
E3_E1_013_s34,na_qae_final,harsh,HA0100_0064,1.17,0.036,1.178,0.04,0.64,0.014,0.642,0.014,21.65,3.84,7.75,2.0,53007094.0,34,53376340,0,9497.346579767,True,13201,0.05000000000001137,170640.13258265753,0.8602410937076647,1351.1833243254025,689.3642231947022,0.31049488710773465,155755.2370950117,0.7923261143852433,1319.5888465574396,689.3642231947022,0.2914807584621779,27791.438778164294,0.14813687059829428,1349.8717205890089,362.8955340830576,0.05072309623675955,28246.55500112926,0.15200739578717545,1433.4582389653299,481.62613677763215,0.05249123866459064
E3_E1_013_s35,na_qae_final,harsh,HA0100_0064,1.17,0.036,1.178,0.04,0.64,0.014,0.642,0.014,21.65,3.84,7.75,2.0,53007094.0,35,53384259,0,7290.491238324,True,13201,0.05000000000001137,169032.8254973176,0.853021073029319,1371.1906582104077,598.1299863510923,0.3070737654978979,154105.926369636,0.7817566229551153,1356.567891251282,598.1299863510923,0.29207170938366084,27333.752263739792,0.14583988581084292,1368.7957289536153,393.55829759776924,0.04853402086021353,28184.034227748667,0.15089850955619402,1445.5266320741266,466.6153590538465,0.05292470883502689
E3_E1_013_s36,na_qae_final,harsh,HA0100_0064,1.17,0.036,1.178,0.04,0.64,0.014,0.642,0.014,21.65,3.84,7.75,2.0,53007094.0,36,53392178,0,5765.539615564,True,13201,0.05000000000001137,169329.5472462095,0.8546367472198323,1367.3360099340848,598.3416603939929,0.30812994305451025,154379.7137506576,0.7833565184010508,1339.558473763276,598.3416603939929,0.29304378711302226,27907.55393142861,0.14922501451088108,1331.3912373751587,328.5005586170397,0.048554543579144634,27907.55393142861,0.14922501451088108,1459.7231708142283,494.64551143102165,0.052139372713755634
E3_E1_013_s37,na_qae_final,harsh,HA0100_0064,1.17,0.036,1.178,0.04,0.64,0.014,0.642,0.014,21.65,3.84,7.75,2.0,53007094.0,37,53400097,0,7343.369484183,True,13201,0.05000000000001137,169341.14958103947,0.8547138280098358,1403.26907622007,597.3877297766734,0.30725883074852284,154356.48623445243,0.7831361275575659,1403.26907622007,597.3877297766734,0.2921537319091375,28354.489834069052,0.15114181170686794,1319.938319739547,338.35710221849854,0.04826164820979412,28354.489834069052,0.15114181170686794,1404.6122004548752,454.33699139220124,0.05129947296568248
E3_E1_013_s38,na_qae_final,harsh,HA0100_0064,1.17,0.036,1.178,0.04,0.64,0.014,0.642,0.014,21.65,3.84,7.75,2.0,53007094.0,38,53408016,0,9968.313852864001,True,13201,0.05000000000001137,168659.0373421772,0.8510316990097708,1416.9398446103999,583.6582810206397,0.3076330504552942,153674.88625406908,0.7793297889067615,1416.9398446103999,583.6582810206397,0.29324841545257546,28118.143774560896,0.15043850203065304,1327.2470274200364,304.9070337240423,0.04804235812255491,28118.143774560896,0.15043850203065304,1547.2394874421316,582.2633811161018,0.05264903427418385
E3_E1_013_s39,na_qae_final,harsh,HA0100_0064,1.17,0.036,1.178,0.04,0.64,0.014,0.642,0.014,21.65,3.84,7.75,2.0,53007094.0,39,53415935,0,7185.212302266,True,13201,0.05000000000001137,170189.16266936818,0.8585557153769232,1377.5202434440973,700.0873647168958,0.3115308783558843,155461.61321746293,0.7901414012099893,1353.514079067481,700.0873647168958,0.29420701629209994,28047.87533207842,0.14977058911431837,1376.727544599425,414.0501975524345,0.04835083431559538,28195.405997418038,0.15021761711409098,1447.308792612579,487.9096772358077,0.05226075667234731
E3_E1_013_s4,na_qae_final,harsh,HA0100_0064,1.17,0.036,1.178,0.04,0.64,0.014,0.642,0.014,21.65,3.84,7.75,2.0,53007094.0,4,53038770,0,6949.09071598,True,13201,0.05000000000001137,169131.33858862158,0.8534447748867445,1437.0556708074178,645.1310856511548,0.31018558429798804,154531.93033490167,0.7840169077647581,1421.6490781904185,645.1310856511548,0.2949642296136486,27777.83642164692,0.14845459949317394,1381.796393591669,414.6816575972044,0.050773456383435334,28619.372920916743,0.15211917116063253,1431.704559026218,469.3747608887174,0.05153939235475818
E3_E1_013_s40,na_qae_final,harsh,HA0100_0064,1.17,0.036,1.178,0.04,0.64,0.014,0.642,0.014,21.65,3.84,7.75,2.0,53007094.0,40,53423854,0,9925.923197888,True,13201,0.05000000000001137,169455.21496953644,0.8551528380714806,1367.2087430291888,623.7620813326353,0.3089565645280299,154565.28720440896,0.7843640218624559,1331.8359638071506,623.7620813326353,0.29396536656529315,28114.160933956977,0.15062712758262686,1330.9059060085187,339.51708012748753,0.049935076483692095,28114.160933956977,0.15062712758262686,1444.4856536677223,473.3278562350702,0.05266788099674223
E3_E1_013_s41,na_qae_final,harsh,HA0100_0064,1.17,0.036,1.178,0.04,0.64,0.014,0.642,0.014,21.65,3.84,7.75,2.0,53007094.0,41,53431773,0,9666.306659862,True,13201,0.05000000000001137,168624.19835384566,0.8509691227523575,1418.525691603989,588.783843443927,0.3066004738032377,153809.06117249478,0.77985117805404,1395.0301776277606,588.783843443927,0.2918135769577275,27620.39934527587,0.14792895806961692,1355.2533076918833,370.8624880851078,0.04953052886100301,27953.266393243484,0.1503504400972553,1444.6508314763719,488.5795262774748,0.05195008620074143
E3_E1_013_s42,na_qae_final,harsh,HA0100_0064,1.17,0.036,1.178,0.04,0.64,0.014,0.642,0.014,21.65,3.84,7.75,2.0,53007094.0,42,53439692,0,8245.363467773,True,13201,0.05000000000001137,169489.62256274308,0.8551334207082146,1332.9570670698372,612.6564963619672,0.30641553924896,154137.311160648,0.782389192876404,1331.928490343149,612.6564963619672,0.29093742319257554,27975.891177832655,0.1493938526172916,1335.241917148815,367.55947485956534,0.04800532191512604,27975.891177832655,0.1493938526172916,1453.3274458349626,497.5457893793812,0.05214143643541249
E3_E1_013_s43,na_qae_final,harsh,HA0100_0064,1.17,0.036,1.178,0.04,0.64,0.014,0.642,0.014,21.65,3.84,7.75,2.0,53007094.0,43,53447611,0,7074.753335660999,True,13201,0.05000000000001137,168991.81304040126,0.8529552273757892,1382.3843794998234,597.9837452023457,0.303953677629874,153590.13443932054,0.7792094863088128,1362.9304857324635,597.9837452023457,0.2894325459072016,27314.88912705491,0.1463163612547084,1365.356649391292,343.7883708683277,0.04943317900290032,28043.109985691925,0.15053854067358174,1483.7534086348303,507.59740894784136,0.05454923335817299
E3_E1_013_s44,na_qae_final,harsh,HA0100_0064,1.17,0.036,1.178,0.04,0.64,0.014,0.642,0.014,21.65,3.84,7.75,2.0,53007094.0,44,53455530,0,7160.377686512,True,13201,0.05000000000001137,170364.87300177512,0.8597602044090016,1353.8454812168272,637.9430690808591,0.3084731969650134,155502.71226678696,0.790318265729689,1353.8454812168272,637.9430690808591,0.2903990789607914,28101.204184903734,0.15022141719126259,1365.8322902449154,397.73507253870747,0.05088427243745096,28141.310993349467,0.15176265034362238,1489.063312803734,542.2455019722528,0.05412582620994729
E3_E1_013_s45,na_qae_final,harsh,HA0100_0064,1.17,0.036,1.178,0.04,0.64,0.014,0.642,0.014,21.65,3.84,7.75,2.0,53007094.0,45,53463449,0,9566.739941471998,True,13201,0.05000000000001137,171596.35237944097,0.8642758740086716,1361.138024571556,720.5404896431296,0.3108912985941448,156819.83573918117,0.7983314809883028,1361.138024571556,720.5404896431296,0.28953046312990394,28322.499793280924,0.15102292078392698,1418.7529946481877,418.9171186247704,0.049927125292185105,28322.499793280924,0.15102292078392698,1436.5891523155603,501.6537753894594,0.05133261788014882
E3_E1_013_s46,na_qae_final,harsh,HA0100_0064,1.17,0.036,1.178,0.04,0.64,0.014,0.642,0.014,21.65,3.84,7.75,2.0,53007094.0,46,53471368,0,7539.594474932001,True,13201,0.05000000000001137,170415.98782162205,0.8595992178379795,1336.0085470407423,649.7344577348123,0.3095382114154713,155450.2887089044,0.7903591085837104,1336.0085470407423,649.7344577348123,0.2915770767408106,27573.6880538489,0.14671420432166482,1384.2078119834175,419.0904726483161,0.05118934665428939,27872.273508157945,0.14891658691487375,1492.171637196092,527.4316097585117,0.05253511880644781
E3_E1_013_s47,na_qae_final,harsh,HA0100_0064,1.17,0.036,1.178,0.04,0.64,0.014,0.642,0.014,21.65,3.84,7.75,2.0,53007094.0,47,53479287,0,10834.700181471,True,13201,0.05000000000001137,169363.4919765579,0.8545204334975003,1395.8834217413703,602.5527894702973,0.30393852551723666,153863.51178799124,0.7815657938515922,1395.8834217413703,602.5527894702973,0.287411607537264,27171.681090876747,0.14468718989502283,1385.7377523171142,393.2151457421166,0.05149049794873892,28326.165614730915,0.15161533250119572,1491.2829277527076,486.7876183903018,0.05517747029060489
E3_E1_013_s48,na_qae_final,harsh,HA0100_0064,1.17,0.036,1.178,0.04,0.64,0.014,0.642,0.014,21.65,3.84,7.75,2.0,53007094.0,48,53487206,0,11107.113716449,True,13201,0.05000000000001137,170161.59481515267,0.8586168203315278,1360.0513612280056,651.9068919633469,0.308076181378717,155244.4072590869,0.7888604048288618,1360.0513612280056,651.9068919633469,0.29077592182970263,28200.04545740887,0.15043644430668612,1299.591559450488,326.8171418277388,0.047180916738193905,28200.04545740887,0.15043644430668612,1635.7980292367072,637.2307560600731,0.05427559829072976
E3_E1_013_s49,na_qae_final,harsh,HA0100_0064,1.17,0.036,1.178,0.04,0.64,0.014,0.642,0.014,21.65,3.84,7.75,2.0,53007094.0,49,53495125,0,10519.408366709,True,13201,0.05000000000001137,170482.97018213634,0.8601482739193647,1363.2892619862432,623.0062928182081,0.30828980862259475,155404.7561133758,0.789530596324258,1363.2892619862432,623.0062928182081,0.2906204866594941,27601.024666387366,0.14725316547692718,1396.5930535269058,434.971685054424,0.05267405415936977,28229.77810706278,0.15188932401273367,1458.8148309203698,493.5684337808366,0.05267405415936977
E3_E1_013_s5,na_qae_final,harsh,HA0100_0064,1.17,0.036,1.178,0.04,0.64,0.014,0.642,0.014,21.65,3.84,7.75,2.0,53007094.0,5,53046689,0,5694.828405466,True,13201,0.05000000000001137,171380.14600523855,0.8637158605636135,1348.8577020945177,680.8721801123413,0.3119455179028266,156758.0105868499,0.7973332308739497,1345.2566762914073,680.8721801123413,0.2919281024188403,28084.7671296691,0.15047543580797093,1296.4971071743885,307.66356613464643,0.047423020131717585,28134.855479161844,0.15133549848015726,1438.5008482851947,472.6967644797582,0.05267011010409804
E3_E1_013_s50,na_qae_final,harsh,HA0100_0064,1.17,0.036,1.178,0.04,0.64,0.014,0.642,0.014,21.65,3.84,7.75,2.0,53007094.0,50,53503044,0,7253.568057292,True,13201,0.05000000000001137,169924.07959805016,0.8571816821939118,1353.2021853389115,658.7517039706697,0.3107761361774372,155288.0544107037,0.7886388985588932,1314.3883542475182,658.7517039706697,0.2943827730064285,27578.132861022765,0.1473474375426666,1384.847826057925,379.2779878826261,0.05057439312455485,27953.397831366394,0.14900582595965925,1416.219659467833,457.44079297762283,0.05152473301852637
E3_E1_013_s51,na_qae_final,harsh,HA0100_0064,1.17,0.036,1.178,0.04,0.64,0.014,0.642,0.014,21.65,3.84,7.75,2.0,53007094.0,51,53510963,0,11040.134403705,True,13201,0.05000000000001137,172117.22884749077,0.866052326639235,1474.1478572255905,873.7261043025491,0.3136272701516615,157298.65622984763,0.8014307145163437,1474.1478572255905,873.7261043025491,0.2913369840432997,27943.33368317282,0.1500517205277682,1297.8593702078535,318.02915042683486,0.046594621387770895,28081.18296603159,0.1500517205277682,1433.673893851366,476.8048139724331,0.052717217330604936
E3_E1_013_s52,na_qae_final,harsh,HA0100_0064,1.17,0.036,1.178,0.04,0.64,0.014,0.642,0.014,21.65,3.84,7.75,2.0,53007094.0,52,53518882,0,6916.586404146,True,13201,0.05000000000001137,168704.9200628462,0.8513205504863086,1436.6907009507245,605.9174317315503,0.3063085453717661,153553.7158180323,0.7792103207072537,1436.6907009507245,605.9174317315503,0.2915990456326987,28191.23892860059,0.15075010388929047,1439.4261680699874,494.0735267556323,0.05028925589769371,28191.23892860059,0.15075010388929047,1440.8785309850239,494.0735267556323,0.053325562001681606
E3_E1_013_s53,na_qae_final,harsh,HA0100_0064,1.17,0.036,1.178,0.04,0.64,0.014,0.642,0.014,21.65,3.84,7.75,2.0,53007094.0,53,53526801,0,7090.113934710001,True,13201,0.05000000000001137,170365.06680670567,0.8592362613604234,1392.1299099031078,630.3410136015394,0.30930266485368246,155370.59986010203,0.7898221305213022,1392.1299099031078,630.3410136015394,0.2913784159101432,27879.219765415957,0.14954600641184418,1341.9175290782273,325.90617038851383,0.0484685230531756,28550.767020019037,0.15205291926712228,1501.5135427061161,548.6747139511854,0.053638350240249724
E3_E1_013_s54,na_qae_final,harsh,HA0100_0064,1.17,0.036,1.178,0.04,0.64,0.014,0.642,0.014,21.65,3.84,7.75,2.0,53007094.0,54,53534720,0,6907.142357762999,True,13201,0.05000000000001137,169461.88830633202,0.8554009663443137,1384.8990756417113,600.29109415777,0.3088843957493383,154823.34898891134,0.7858514370557326,1347.8618074726912,600.29109415777,0.293129952977541,27818.029635929946,0.14850318181533376,1395.2990151677473,449.4510149658554,0.04867547061399182,27818.029635929946,0.1489949854948428,1459.6054645603183,512.2488575986908,0.053685878592284665
E3_E1_013_s55,na_qae_final,harsh,HA0100_0064,1.17,0.036,1.178,0.04,0.64,0.014,0.642,0.014,21.65,3.84,7.75,2.0,53007094.0,55,53542639,0,6879.074818517,True,13201,0.05000000000001137,169948.14328866257,0.8574229619712653,1422.689843047144,737.681177096796,0.3083270115101597,155064.04453193268,0.7875133694360505,1422.689843047144,737.681177096796,0.2916799953986936,28386.73926246586,0.15125251748839041,1322.1590954874564,334.5666003394223,0.048125194014721095,28525.434173093516,0.1512811161023658,1458.6455508862202,496.2533415860059,0.05254376514240848
E3_E1_013_s56,na_qae_final,harsh,HA0100_0064,1.17,0.036,1.178,0.04,0.64,0.014,0.642,0.014,21.65,3.84,7.75,2.0,53007094.0,56,53550558,0,8395.383761586001,True,13201,0.05000000000001137,169098.64230639284,0.8533182338505192,1407.0650511244492,594.1335588373372,0.3078595085690187,154045.7656699883,0.7812087555907757,1386.0595380039504,594.1335588373372,0.2931944609391221,28647.963729552455,0.1521999501660736,1309.0404641662597,323.6955507179732,0.047553297333194376,28647.963729552455,0.1521999501660736,1455.2400438578725,503.9482737214501,0.05261399909353331
E3_E1_013_s57,na_qae_final,harsh,HA0100_0064,1.17,0.036,1.178,0.04,0.64,0.014,0.642,0.014,21.65,3.84,7.75,2.0,53007094.0,57,53558477,0,7702.012846168,True,13201,0.05000000000001137,167410.02417916953,0.8450508483777683,1580.8966973580345,718.5035187775426,0.30687978898169277,152388.97693261327,0.7709765324802191,1474.0725300309293,613.2333239985761,0.29335777063380075,27835.15564957222,0.14877751879028145,1360.8607837919515,355.44687825448545,0.04841077946634611,28209.249502981238,0.1506934592528705,1464.6181056106836,491.9263361226227,0.053362684250661464
E3_E1_013_s58,na_qae_final,harsh,HA0100_0064,1.17,0.036,1.178,0.04,0.64,0.014,0.642,0.014,21.65,3.84,7.75,2.0,53007094.0,58,53566396,0,8414.366683777,True,13201,0.05000000000001137,170658.5558211137,0.8611021977357018,1377.4174091628067,612.038083688531,0.30997638424222235,155994.47771182412,0.7925543138932895,1351.8034904787721,612.038083688531,0.29163915294643444,28094.89476197733,0.15015690688812192,1454.495932414478,478.5358893365612,0.05228899090388707,28094.89476197733,0.15015690688812192,1490.8315651839682,534.2901944105173,0.05430017111052187
E3_E1_013_s59,na_qae_final,harsh,HA0100_0064,1.17,0.036,1.178,0.04,0.64,0.014,0.642,0.014,21.65,3.84,7.75,2.0,53007094.0,59,53574315,0,7101.883497228,True,13201,0.05000000000001137,169931.88349272375,0.8575399072118872,1389.320344380171,605.0423705175378,0.306113026329472,154725.90125675325,0.7858110614270686,1389.320344380171,605.0423705175378,0.2890793735543378,28231.878124542825,0.15049685484463557,1365.600850711454,380.84914388687,0.04772172461680261,28246.158951903348,0.1508200997328753,1472.3881969443544,513.9583963467317,0.051743379118167114
E3_E1_013_s6,na_qae_final,harsh,HA0100_0064,1.17,0.036,1.178,0.04,0.64,0.014,0.642,0.014,21.65,3.84,7.75,2.0,53007094.0,6,53054608,0,7570.443167612,True,13201,0.05000000000001137,169417.61207857187,0.8550172090418583,1368.6073961898678,596.660832155093,0.30874844272393487,154692.06878326606,0.7850249280207157,1356.818584622869,596.660832155093,0.29332724475300564,28129.434869567624,0.15045136004231885,1315.513720585247,330.57155164972346,0.04723171069162967,28129.434869567624,0.15045136004231885,1486.783630945848,550.8635805568106,0.052822870158324084
E3_E1_013_s7,na_qae_final,harsh,HA0100_0064,1.17,0.036,1.178,0.04,0.64,0.014,0.642,0.014,21.65,3.84,7.75,2.0,53007094.0,7,53062527,0,8842.663396857,True,13201,0.05000000000001137,169775.14219515282,0.8563293988335248,1405.713868316888,646.12350438035,0.3092414419433943,154720.5449836993,0.7861506579798777,1405.713868316888,646.12350438035,0.2927056691861371,28250.797657194005,0.15044461046353585,1369.5034383690527,404.75427711446065,0.04953638351837193,28414.581624297112,0.1515640940692179,1476.5713359494785,532.1863481760225,0.053168896222060204
E3_E1_013_s8,na_qae_final,harsh,HA0100_0064,1.17,0.036,1.178,0.04,0.64,0.014,0.642,0.014,21.65,3.84,7.75,2.0,53007094.0,8,53070446,0,7921.383135005,True,13201,0.05000000000001137,170666.93975490844,0.8609366793878879,1354.0341225481693,608.0926207353784,0.3104089462039408,155811.34395618158,0.791755805163871,1333.0168249977196,608.0926207353784,0.29277382681782227,28822.527620255827,0.15350681882960435,1314.2378073535704,358.350571505832,0.04936311741039294,28822.527620255827,0.15350681882960435,1462.809501649725,501.7742489060077,0.05222553417642337
E3_E1_013_s9,na_qae_final,harsh,HA0100_0064,1.17,0.036,1.178,0.04,0.64,0.014,0.642,0.014,21.65,3.84,7.75,2.0,53007094.0,9,53078365,0,6944.547884553,True,13201,0.05000000000001137,169789.6320550896,0.8564178418762792,1356.9601044617282,675.7834677120701,0.30995499798242065,155088.06400249485,0.7881199817272556,1356.9601044617282,675.7834677120701,0.2927339456314921,28189.500387325854,0.14993863642544172,1365.8801406976734,384.04878504867577,0.0480427429439841,28783.748211109163,0.15365524739912248,1470.962680346672,511.21584460595136,0.05245957534953857
E3_E1_014_s0,na_qae_final,max_wind,HA0100_0004,1.17,0.036,1.178,0.04,0.64,0.014,0.642,0.014,25.0,4.58,7.75,12.0,1091718346.0,0,1091718346,0,6986.380936058,True,13201,0.05000000000001137,189683.125281157,0.9599795722022867,1500.4218032335802,683.3402366323099,0.3412116475458201,174389.71034887183,0.8844617857400943,1500.1972840436229,683.3402366323099,0.3258705762089418,28107.778897648353,0.15128616941263737,1357.7054694941535,378.7439475251391,0.04987666888099187,28107.778897648353,0.15128616941263737,1429.4155142285795,477.87969398213204,0.0511238482465336
E3_E1_014_s1,na_qae_final,max_wind,HA0100_0004,1.17,0.036,1.178,0.04,0.64,0.014,0.642,0.014,25.0,4.58,7.75,12.0,1091718346.0,1,1091726265,0,8504.523445287,True,13201,0.05000000000001137,190100.995640028,0.961855388484203,1371.8882098824358,670.6260423453157,0.3464775384054823,175566.33195769347,0.8916544682148029,1353.4641010350347,670.6260423453157,0.3295639970160014,28289.350094748774,0.15341611392318405,1353.2476076007924,414.39515984809356,0.04882100374532199,28289.350094748774,0.15341611392318405,1664.2096852186983,680.7825161638721,0.05251816534679619
E3_E1_014_s10,na_qae_final,max_wind,HA0100_0004,1.17,0.036,1.178,0.04,0.64,0.014,0.642,0.014,25.0,4.58,7.75,12.0,1091718346.0,10,1091797536,0,7023.057485786,True,13201,0.05000000000001137,190742.93625693378,0.964178465498479,1383.2785139222276,739.1646251805397,0.3469823151935576,175980.25235061735,0.8943695448654306,1383.2785139222276,739.1646251805397,0.32866981089173164,28147.571891672247,0.15122185154770068,1341.708903338897,359.57245089167327,0.04928612734879696,28180.267707294057,0.15122185154770068,1500.6405263956892,532.1892865430863,0.051276274938299525
E3_E1_014_s11,na_qae_final,max_wind,HA0100_0004,1.17,0.036,1.178,0.04,0.64,0.014,0.642,0.014,25.0,4.58,7.75,12.0,1091718346.0,11,1091805455,0,7424.653633705,True,13201,0.05000000000001137,190860.0225171389,0.9645818784487202,1360.3631979942281,677.7714461879724,0.34734276767596794,176027.66751405576,0.8948103638206247,1331.069102419849,677.7714461879724,0.32870109211462595,28203.154451916136,0.15269241310568477,1358.7388908635985,402.83541642554883,0.04981099120404581,28203.154451916136,0.15269241310568477,1513.6715217215365,566.2402956373417,0.052618189830942526
E3_E1_014_s12,na_qae_final,max_wind,HA0100_0004,1.17,0.036,1.178,0.04,0.64,0.014,0.642,0.014,25.0,4.58,7.75,12.0,1091718346.0,12,1091813374,0,7535.038440684,True,13201,0.05000000000001137,191237.46683943857,0.9661918312609636,1397.8268977933853,725.1206220582784,0.34809304779149014,176559.1058959595,0.8974864616537769,1397.8268977933853,725.1206220582784,0.3286499422949254,27558.83065808719,0.14853036873570966,1346.6436040351364,410.2669548876924,0.04833465022513332,27743.424370583998,0.14853036873570966,1525.5494279890074,569.0193168707491,0.05374778755088148
E3_E1_014_s13,na_qae_final,max_wind,HA0100_0004,1.17,0.036,1.178,0.04,0.64,0.014,0.642,0.014,25.0,4.58,7.75,12.0,1091718346.0,13,1091821293,0,5711.345557443,True,13201,0.05000000000001137,192274.26237779763,0.9702386550495508,1365.9336856914192,723.635975921654,0.3504546477959128,177520.70648832267,0.9035081906305692,1350.8188011703091,723.635975921654,0.32850536502599453,27653.817303053846,0.14890728352849206,1481.158345464973,567.9526860858298,0.050098126715135936,27718.955490127162,0.14890728352849206,1522.7704114456249,567.9526860858298,0.05219796784655411
E3_E1_014_s14,na_qae_final,max_wind,HA0100_0004,1.17,0.036,1.178,0.04,0.64,0.014,0.642,0.014,25.0,4.58,7.75,12.0,1091718346.0,14,1091829212,0,8600.466998262,True,13201,0.05000000000001137,189959.5786757546,0.9611974755591913,1418.6175829783585,673.8377421677062,0.3456782013554151,175412.34379711474,0.8900763883160302,1377.1987760187312,673.8377421677062,0.3293185247243311,27225.875711687702,0.14676875263365027,1337.329247864636,410.42211910850995,0.04779575603109365,27407.355094385406,0.1477151468791971,1512.1351050038734,531.0487045360157,0.05264478897193579
E3_E1_014_s15,na_qae_final,max_wind,HA0100_0004,1.17,0.036,1.178,0.04,0.64,0.014,0.642,0.014,25.0,4.58,7.75,12.0,1091718346.0,15,1091837131,0,7692.448334895001,True,13201,0.05000000000001137,190855.19833436984,0.9647074088659419,1417.9442574953803,677.4557922541204,0.3490600526107423,176378.8396301517,0.8963642007218482,1363.8285392493415,677.4557922541204,0.33017647973066827,27579.48390064255,0.14906572766731171,1335.751683292298,395.10843480475927,0.04786275743192514,27737.570376943582,0.14906572766731171,1524.9194208270349,563.7184571876621,0.052507286141126264
E3_E1_014_s16,na_qae_final,max_wind,HA0100_0004,1.17,0.036,1.178,0.04,0.64,0.014,0.642,0.014,25.0,4.58,7.75,12.0,1091718346.0,16,1091845050,0,6900.250542838,True,13201,0.05000000000001137,190293.43451126252,0.9628311349809153,1352.593038639623,669.6049500494587,0.3446207962204449,175503.59139781253,0.8914136064659818,1351.4399042709365,669.6049500494587,0.32701765447858167,27658.171598125275,0.1487531609675554,1374.9676810835094,410.98614788351813,0.05140319281201813,28456.290832863924,0.15175701421668245,1460.4366794478965,499.2635599690599,0.05258242487229279
E3_E1_014_s17,na_qae_final,max_wind,HA0100_0004,1.17,0.036,1.178,0.04,0.64,0.014,0.642,0.014,25.0,4.58,7.75,12.0,1091718346.0,17,1091852969,0,7680.77478519,True,13201,0.05000000000001137,192351.28045422002,0.9701620562302624,1375.8880642582956,728.7690064822024,0.35030551521454106,177706.4882793594,0.9047754520083092,1375.8880642582956,728.7690064822024,0.3275355263159527,27737.342671224123,0.14918752535637642,1302.3614043335524,348.8800490504696,0.04839673981474325,27840.06321169338,0.14923482848009914,1505.785421636391,540.8387901003463,0.054970502300109775
E3_E1_014_s18,na_qae_final,max_wind,HA0100_0004,1.17,0.036,1.178,0.04,0.64,0.014,0.642,0.014,25.0,4.58,7.75,12.0,1091718346.0,18,1091860888,0,6991.780590227,True,13201,0.05000000000001137,191295.05815136814,0.966055575758215,1336.0404043937133,697.6493840370429,0.3480284680233874,176324.27470866925,0.8971298156178246,1316.935154321403,697.6493840370429,0.32786645500184197,27446.02379605301,0.14792959418991547,1394.088227465343,470.908931334447,0.049178443236742087,27777.403381084052,0.14792959418991547,1592.6981076273964,626.8106489309207,0.052892085043280634
E3_E1_014_s19,na_qae_final,max_wind,HA0100_0004,1.17,0.036,1.178,0.04,0.64,0.014,0.642,0.014,25.0,4.58,7.75,12.0,1091718346.0,19,1091868807,0,6996.4273843480005,True,13201,0.05000000000001137,191010.40255992315,0.9650328256569649,1400.313342404905,677.1341704426978,0.3494389006956868,176394.14344065363,0.8969033866958259,1392.8114400347606,677.1341704426978,0.3306913112232568,28097.27571857499,0.1528047052343015,1464.9246806915783,540.2501475419741,0.05101750582439935,28138.638708439044,0.1528047052343015,1468.4512884942749,540.2501475419741,0.05142608698641376
E3_E1_014_s2,na_qae_final,max_wind,HA0100_0004,1.17,0.036,1.178,0.04,0.64,0.014,0.642,0.014,25.0,4.58,7.75,12.0,1091718346.0,2,1091734184,0,6991.379352596001,True,13201,0.05000000000001137,191407.57968428236,0.9668731100223458,1317.1727033194402,676.3688307141448,0.3472998562720487,176483.4967937421,0.8977207202790245,1317.1727033194402,676.3688307141448,0.3271310519895569,27799.629305583214,0.1508698700420631,1369.8989279606499,383.56289476573454,0.04961802119196071,27799.629305583214,0.1508698700420631,1537.8393094401772,592.2791114045888,0.05453877064394395
E3_E1_014_s20,na_qae_final,max_wind,HA0100_0004,1.17,0.036,1.178,0.04,0.64,0.014,0.642,0.014,25.0,4.58,7.75,12.0,1091718346.0,20,1091876726,0,6907.137121868,True,13201,0.05000000000001137,192064.2957730489,0.9690665844589766,1446.679806674238,818.3899667531867,0.34999855397906177,177471.2993079074,0.9031240227952845,1446.679806674238,818.3899667531867,0.32802598654778514,28203.996063158527,0.15209208305219327,1424.4466835038786,472.4819053397882,0.049865675205203096,28203.996063158527,0.15209208305219327,1535.3141315556472,571.5415608997324,0.052447412159348034
E3_E1_014_s21,na_qae_final,max_wind,HA0100_0004,1.17,0.036,1.178,0.04,0.64,0.014,0.642,0.014,25.0,4.58,7.75,12.0,1091718346.0,21,1091884645,0,7064.721217385,True,13201,0.05000000000001137,191014.36305936598,0.9655310448365415,1333.1045050938128,670.2484908546697,0.34756379835504847,176194.3820533292,0.8957248747359575,1323.42069076534,670.2484908546697,0.3284691945447935,27788.719723078128,0.1498489486657296,1339.0848385018564,368.24091709746847,0.04863664145005759,27788.719723078128,0.1498489486657296,1453.7043074876728,501.154142291631,0.051961183285108126
E3_E1_014_s22,na_qae_final,max_wind,HA0100_0004,1.17,0.036,1.178,0.04,0.64,0.014,0.642,0.014,25.0,4.58,7.75,12.0,1091718346.0,22,1091892564,0,8882.642471292,True,13201,0.05000000000001137,190837.48823975024,0.9651299525499997,1346.5623808484372,675.2572880229698,0.34629052652381803,176007.5346980773,0.8942894976081868,1346.5623808484372,675.2572880229698,0.32796634361136745,28085.83784456701,0.1500938079073926,1334.274471070117,399.42692970105196,0.048512794831928496,28085.83784456701,0.1500938079073926,1492.706722450268,543.4435299882706,0.05233065825084129
E3_E1_014_s23,na_qae_final,max_wind,HA0100_0004,1.17,0.036,1.178,0.04,0.64,0.014,0.642,0.014,25.0,4.58,7.75,12.0,1091718346.0,23,1091900483,0,7229.530036999,True,13201,0.05000000000001137,190032.96035528378,0.9615894390483142,1444.9799773448171,672.4371865744373,0.34171788385549073,174778.43748595988,0.8873757819736982,1426.955603192472,672.4371865744373,0.3248032463710287,27798.625862373665,0.14874472425010157,1384.1518286908802,463.1171495955059,0.04810777588850493,27798.625862373665,0.14874472425010157,1537.6835073357374,578.1825240065878,0.053684452639862365
E3_E1_014_s24,na_qae_final,max_wind,HA0100_0004,1.17,0.036,1.178,0.04,0.64,0.014,0.642,0.014,25.0,4.58,7.75,12.0,1091718346.0,24,1091908402,0,8575.245940238,True,13201,0.05000000000001137,189710.5955094045,0.9598303577827879,1435.5254312424438,671.9959704837881,0.34624241666521444,175084.98785198337,0.8881706418808779,1384.0366571934812,671.9959704837881,0.33061241764221083,27751.600710749848,0.14870698917631375,1385.6514692481671,409.88252722080773,0.04884496136128082,27773.396048338953,0.14870698917631375,1507.198416526808,541.5507218309075,0.05263782039819069
E3_E1_014_s25,na_qae_final,max_wind,HA0100_0004,1.17,0.036,1.178,0.04,0.64,0.014,0.642,0.014,25.0,4.58,7.75,12.0,1091718346.0,25,1091916321,0,7184.24455729,True,13201,0.05000000000001137,191292.49082377844,0.9664059728723006,1414.1465296633069,736.1131506497991,0.35140053256885495,176893.60441886281,0.8991865430830517,1389.906009462838,736.1131506497991,0.33244848509427277,27736.44185933637,0.14865422045756016,1338.3924956524102,368.6670180900301,0.046561399014228934,27736.44185933637,0.14865422045756016,1470.8376842109415,519.5997064653945,0.05202940102046538
E3_E1_014_s26,na_qae_final,max_wind,HA0100_0004,1.17,0.036,1.178,0.04,0.64,0.014,0.642,0.014,25.0,4.58,7.75,12.0,1091718346.0,26,1091924240,0,6998.094862436,True,13201,0.05000000000001137,189591.42721636698,0.959305675860984,1562.2740833959997,700.8595863184288,0.3396231040055805,174188.56004048564,0.8840928359311524,1562.2740833959997,700.8595863184288,0.3235840425617876,27220.802493734594,0.14780455565378434,1349.405600524028,388.11320815808875,0.049291392644526366,27613.484491546627,0.14780455565378434,1602.608915966619,625.5186915846391,0.05416177174511988
E3_E1_014_s27,na_qae_final,max_wind,HA0100_0004,1.17,0.036,1.178,0.04,0.64,0.014,0.642,0.014,25.0,4.58,7.75,12.0,1091718346.0,27,1091932159,0,5909.523161415,True,13201,0.05000000000001137,189856.77286991844,0.9607687313630051,1437.5423235266335,675.4957645338757,0.3426290022388261,174827.95160518872,0.8869279006907798,1409.4016467152076,675.4957645338757,0.32683122188355107,27461.843547022647,0.14819927191545515,1358.9519601268087,373.78146042775967,0.049200001798253894,28074.692537754898,0.14858434968626752,1485.7388733748269,531.427672514928,0.05364240822161681
E3_E1_014_s28,na_qae_final,max_wind,HA0100_0004,1.17,0.036,1.178,0.04,0.64,0.014,0.642,0.014,25.0,4.58,7.75,12.0,1091718346.0,28,1091940078,0,5537.8697517499995,True,13201,0.05000000000001137,192437.7923589844,0.971276559557769,1398.3630686030554,724.5473510900001,0.3489764506685894,177418.1692416029,0.9028741566608347,1398.3630686030554,724.5473510900001,0.3269490024338893,27466.086479373655,0.14781784762549785,1354.476311685517,379.87478602140783,0.049626037360635804,27637.12830493758,0.14781784762549785,1545.8151537869371,582.533916829298,0.05209987707985401
E3_E1_014_s29,na_qae_final,max_wind,HA0100_0004,1.17,0.036,1.178,0.04,0.64,0.014,0.642,0.014,25.0,4.58,7.75,12.0,1091718346.0,29,1091947997,0,7129.314334877,True,13201,0.05000000000001137,191667.84387078282,0.9676454074312493,1377.6690389888774,758.7893464300704,0.3503249507374422,176874.6830447871,0.8999256055319014,1346.8817361703655,758.7893464300704,0.3300239321303642,27937.68883120915,0.15166591182017708,1448.1970542356573,492.56237634621806,0.0506946042336,27937.68883120915,0.15166591182017708,1522.5253318892048,554.0807270503192,0.05349392437746661
E3_E1_014_s3,na_qae_final,max_wind,HA0100_0004,1.17,0.036,1.178,0.04,0.64,0.014,0.642,0.014,25.0,4.58,7.75,12.0,1091718346.0,3,1091742103,0,7755.943340668,True,13201,0.05000000000001137,190382.98282748138,0.9631186090596356,1371.9713100163447,674.2988802130648,0.3445625838269562,175279.37074813113,0.8900413114209594,1371.9713100163447,674.2988802130648,0.32721750070007666,27373.72394242757,0.1479838731100742,1365.3039081150246,443.1292236497601,0.04902250003070113,27373.72394242757,0.1479838731100742,1567.4230675698964,585.208592644584,0.05315744395469831
E3_E1_014_s30,na_qae_final,max_wind,HA0100_0004,1.17,0.036,1.178,0.04,0.64,0.014,0.642,0.014,25.0,4.58,7.75,12.0,1091718346.0,30,1092055916,0,9699.480202126999,True,13201,0.05000000000001137,190422.20580741018,0.9633654753735988,1392.5531940370872,677.8531980776571,0.34422943002227996,175271.05015059697,0.890382061190135,1392.5531940370872,677.8531980776571,0.32668190843961814,27715.798095975162,0.14971253796893685,1394.6933382165196,437.80915371555784,0.04798326227711379,27715.798095975162,0.14971253796893685,1456.9815892275667,518.6869348686582,0.05300673075299198
E3_E1_014_s31,na_qae_final,max_wind,HA0100_0004,1.17,0.036,1.178,0.04,0.64,0.014,0.642,0.014,25.0,4.58,7.75,12.0,1091718346.0,31,1092063835,0,8490.020103848,True,13201,0.05000000000001137,191559.87646806592,0.9670886457948753,1415.983923447539,741.0563608777426,0.3503067487500744,176852.629632933,0.8999479245444211,1415.983923447539,741.0563608777426,0.3299366085480693,28041.715980022156,0.15223428925231136,1357.2821518093726,387.94063453834735,0.050526185443898995,28041.715980022156,0.15223428925231136,1532.7731782060591,593.7474652435533,0.05281585236582981
E3_E1_014_s32,na_qae_final,max_wind,HA0100_0004,1.17,0.036,1.178,0.04,0.64,0.014,0.642,0.014,25.0,4.58,7.75,12.0,1091718346.0,32,1092071754,0,7124.206959356,True,13201,0.05000000000001137,189960.4164936815,0.9612463997024031,1434.4084629872464,671.178182100659,0.34274862421348046,175142.9729321071,0.8893332231307489,1434.4084629872464,671.178182100659,0.3252904176573066,27704.924677272284,0.1484014413712163,1314.8082562215159,357.74950605751627,0.047983924674291835,27769.780253577625,0.1484014413712163,1530.7628313486969,556.2914100329929,0.053532836718263865
E3_E1_014_s33,na_qae_final,max_wind,HA0100_0004,1.17,0.036,1.178,0.04,0.64,0.014,0.642,0.014,25.0,4.58,7.75,12.0,1091718346.0,33,1092079673,0,7093.100963362,True,13201,0.05000000000001137,191809.8625036636,0.9685112021052869,1430.3292232974718,674.5117455702357,0.34640723605194235,176721.00227480909,0.8990759369475461,1430.3292232974718,674.5117455702357,0.32486597603265555,27740.480887539903,0.14809830313625474,1413.287853076992,437.12759890513234,0.04999949818655637,27882.51590760432,0.14876220702011142,1634.2869605628746,634.5670764595601,0.055788222242648344
E3_E1_014_s34,na_qae_final,max_wind,HA0100_0004,1.17,0.036,1.178,0.04,0.64,0.014,0.642,0.014,25.0,4.58,7.75,12.0,1091718346.0,34,1092087592,0,9645.159393482,True,13201,0.05000000000001137,190770.73241533095,0.9643618915170739,1340.270723614246,677.4556646083499,0.3447134247276918,175603.0092011868,0.8928965835807506,1340.270723614246,677.4556646083499,0.3255724906732221,28429.955239003106,0.15198045805567031,1350.845922654199,374.7271990857258,0.04724206765840987,28429.955239003106,0.15198045805567031,1544.7768021129427,590.4162126586189,0.05152920274634901
E3_E1_014_s35,na_qae_final,max_wind,HA0100_0004,1.17,0.036,1.178,0.04,0.64,0.014,0.642,0.014,25.0,4.58,7.75,12.0,1091718346.0,35,1092095511,0,7798.467765268,True,13201,0.05000000000001137,191835.922053919,0.968653530086655,1333.4601050527515,680.6774538338627,0.34762401699138845,176778.22570165337,0.8995237875697074,1328.1657149296734,680.6774538338627,0.3263601750530705,27717.810381419356,0.14792836668892104,1326.1196342169608,353.1019179142586,0.0475562637137035,27717.810381419356,0.14792836668892104,1516.058424404689,561.8717148040397,0.05333056419584804
E3_E1_014_s36,na_qae_final,max_wind,HA0100_0004,1.17,0.036,1.178,0.04,0.64,0.014,0.642,0.014,25.0,4.58,7.75,12.0,1091718346.0,36,1092103430,0,8789.769182667002,True,13201,0.05000000000001137,190026.7905956603,0.9614226197118233,1369.043474284334,667.2323178635353,0.34379131449289757,175095.49768088607,0.8890314920810388,1362.3012451552263,667.2323178635353,0.3270498452598178,28299.971104842738,0.15098715160322676,1559.333783896928,586.2737532176263,0.05280679382740483,28299.971104842738,0.15098715160322676,1559.333783896928,602.9712352908058,0.05280679382740483
E3_E1_014_s37,na_qae_final,max_wind,HA0100_0004,1.17,0.036,1.178,0.04,0.64,0.014,0.642,0.014,25.0,4.58,7.75,12.0,1091718346.0,37,1092111349,0,7728.071624857001,True,13201,0.05000000000001137,191152.44249974118,0.966218282930604,1352.4822377913708,678.7836774353015,0.34704860074660426,176415.16800510878,0.896751028549709,1352.4822377913708,678.7836774353015,0.32758959339721655,27552.93918712401,0.14774438859841674,1365.702249598999,390.883632087576,0.04911426038313457,27552.93918712401,0.14774438859841674,1526.8169878715614,561.0747979495336,0.0549059103844365
E3_E1_014_s38,na_qae_final,max_wind,HA0100_0004,1.17,0.036,1.178,0.04,0.64,0.014,0.642,0.014,25.0,4.58,7.75,12.0,1091718346.0,38,1092119268,0,7016.975216905999,True,13201,0.05000000000001137,191265.0171378389,0.9661266968108226,1402.4807880651497,685.4102251635034,0.3468431281346196,176186.52677743274,0.8963728872500892,1402.4807880651497,685.4102251635034,0.3266696230655448,27679.301256578798,0.14858027651201383,1351.4840215595186,363.82583625885485,0.049765829308905635,27679.301256578798,0.14858027651201383,1550.1353346782248,606.3861967034647,0.05303573206478275
E3_E1_014_s39,na_qae_final,max_wind,HA0100_0004,1.17,0.036,1.178,0.04,0.64,0.014,0.642,0.014,25.0,4.58,7.75,12.0,1091718346.0,39,1092127187,0,7806.878906326,True,13201,0.05000000000001137,190725.21641927675,0.9645234299777298,1436.103201203429,674.7153200039768,0.34993714047417546,176508.16091809148,0.8964180680222714,1364.4135688591462,674.7153200039768,0.3325341894494119,27728.18218472813,0.14893861977995868,1385.2843249188456,435.7967894121656,0.04863137947529161,27728.18218472813,0.14893861977995868,1520.956398998501,562.6514994296136,0.05217947774466154
E3_E1_014_s4,na_qae_final,max_wind,HA0100_0004,1.17,0.036,1.178,0.04,0.64,0.014,0.642,0.014,25.0,4.58,7.75,12.0,1091718346.0,4,1091750022,0,8949.218838531,True,13201,0.05000000000001137,189427.446897314,0.9584428183926132,1431.3806708446334,673.3207060499475,0.343076466485298,174542.15924721153,0.8856517793395601,1431.3806708446334,673.3207060499475,0.3274561380453262,27792.883590581714,0.14927631586721413,1404.9888876376392,406.27947537008544,0.049862346577360446,27792.883590581714,0.14927631586721413,1533.9005620600326,596.3044475585539,0.05185626726043225
E3_E1_014_s40,na_qae_final,max_wind,HA0100_0004,1.17,0.036,1.178,0.04,0.64,0.014,0.642,0.014,25.0,4.58,7.75,12.0,1091718346.0,40,1092135106,0,6940.6073431019995,True,13201,0.05000000000001137,190244.56604746758,0.9626918461149984,1437.4844685556989,675.2096954019315,0.34160624653095334,174976.3451126,0.8886533357149565,1428.2109915622716,675.2096954019315,0.3241730401727529,27714.576214381566,0.14839818788044848,1473.8911541570224,519.505937481571,0.05074049427963916,27714.576214381566,0.14839818788044848,1473.8911541570224,532.9664215889818,0.05269885005996565
E3_E1_014_s41,na_qae_final,max_wind,HA0100_0004,1.17,0.036,1.178,0.04,0.64,0.014,0.642,0.014,25.0,4.58,7.75,12.0,1091718346.0,41,1092143025,0,8539.341258922,True,13201,0.05000000000001137,189680.49856878057,0.9597405530470572,1418.450206119323,668.9239897208917,0.34605659318313153,175034.23117575535,0.8883351494364995,1418.450206119323,668.9239897208917,0.33064615759342203,28150.66113972626,0.15068733960153233,1384.2882945724878,466.9758301437662,0.04884205338582327,28150.66113972626,0.15068733960153233,1521.674317830294,578.2961364027735,0.052072898856365686
E3_E1_014_s42,na_qae_final,max_wind,HA0100_0004,1.17,0.036,1.178,0.04,0.64,0.014,0.642,0.014,25.0,4.58,7.75,12.0,1091718346.0,42,1092150944,0,8409.462328751999,True,13201,0.05000000000001137,189875.21939612218,0.9608767970204984,1413.6696734392012,669.1350564762355,0.34535456133780407,175194.42101333968,0.8887476434820094,1405.9682237422705,669.1350564762355,0.3298595564843838,28415.416543575368,0.15232473080206121,1383.6378785564068,424.7976532124733,0.04844726673425252,28415.416543575368,0.15232473080206121,1564.8731128036459,590.0744514081258,0.05370810840213894
E3_E1_014_s43,na_qae_final,max_wind,HA0100_0004,1.17,0.036,1.178,0.04,0.64,0.014,0.642,0.014,25.0,4.58,7.75,12.0,1091718346.0,43,1092158863,0,7085.570168389,True,13201,0.05000000000001137,190038.23675708706,0.9616390925409796,1381.4057561934787,667.5094557509334,0.3435036518930777,175088.6187146983,0.8887267074176736,1375.5651851231928,667.5094557509334,0.3271146742312324,28124.865898854125,0.14978342009891635,1474.5138782015626,495.17661133500656,0.052244785048738626,28124.865898854125,0.14978342009891635,1474.5138782015626,495.17661133500656,0.05336837926196206
E3_E1_014_s44,na_qae_final,max_wind,HA0100_0004,1.17,0.036,1.178,0.04,0.64,0.014,0.642,0.014,25.0,4.58,7.75,12.0,1091718346.0,44,1092166782,0,7549.636059634,True,13201,0.05000000000001137,191976.70518881586,0.9691147087367867,1382.4277303612548,681.9818472697352,0.34770900317591114,177001.01660412055,0.9006618614566908,1382.4277303612548,681.9818472697352,0.32591053623707505,27575.16787422616,0.14762939102709952,1358.186383886106,377.69746577137,0.04795844949947257,27609.322817750603,0.14771140912264533,1524.955231411014,573.3948828076636,0.05333923311050248
E3_E1_014_s45,na_qae_final,max_wind,HA0100_0004,1.17,0.036,1.178,0.04,0.64,0.014,0.642,0.014,25.0,4.58,7.75,12.0,1091718346.0,45,1092174701,0,7185.505439096,True,13201,0.05000000000001137,191263.53689993251,0.9666199656214393,1337.6692096019945,680.229754133907,0.3464133316338759,176241.10606844974,0.896153137329188,1337.6692096019945,680.229754133907,0.3266092042697039,27886.532575666133,0.15122982072099397,1443.7605061835816,509.5691788412702,0.05271585904829976,27976.43760935026,0.15122982072099397,1515.170367610749,532.9293905233603,0.05271585904829976
E3_E1_014_s46,na_qae_final,max_wind,HA0100_0004,1.17,0.036,1.178,0.04,0.64,0.014,0.642,0.014,25.0,4.58,7.75,12.0,1091718346.0,46,1092182620,0,11141.006338882,True,13201,0.05000000000001137,190718.43354411557,0.9644848954811759,1418.8590030944254,777.3181697599058,0.3478732352537839,176123.31838187974,0.894371253983529,1418.8590030944254,777.3181697599058,0.33056487616704966,28238.782087309068,0.15107880128065973,1368.0720200044439,402.7632899853239,0.04810130359504187,28238.782087309068,0.15107880128065973,1598.8507711476989,601.2068452227021,0.05587466066548755
E3_E1_014_s47,na_qae_final,max_wind,HA0100_0004,1.17,0.036,1.178,0.04,0.64,0.014,0.642,0.014,25.0,4.58,7.75,12.0,1091718346.0,47,1092190539,0,10436.340694257,True,13201,0.05000000000001137,191734.7673973018,0.9684550787037699,1360.1286148192896,676.4805738323029,0.3478377914563087,176918.8489728798,0.8999364859111617,1360.1286148192896,676.4805738323029,0.327028033981321,27579.754609367636,0.14844279397685683,1374.3452037070515,412.68982120552323,0.04964065428542645,27905.253873744085,0.14886962463160694,1622.2378355974936,626.7884990876609,0.05339349145577395
E3_E1_014_s48,na_qae_final,max_wind,HA0100_0004,1.17,0.036,1.178,0.04,0.64,0.014,0.642,0.014,25.0,4.58,7.75,12.0,1091718346.0,48,1092198458,0,10791.006242642,True,13201,0.05000000000001137,190683.43228767658,0.9642300911982162,1366.0765277142577,706.3734888032762,0.34623348374784946,175754.8102912866,0.8930549866883979,1366.0765277142577,706.3734888032762,0.3279755310795806,28239.61706703109,0.15097254546959948,1339.8100336232148,391.3412681834092,0.04698156827333298,28239.61706703109,0.15097254546959948,1492.8285850772384,531.5793863575317,0.05462297556502698
E3_E1_014_s49,na_qae_final,max_wind,HA0100_0004,1.17,0.036,1.178,0.04,0.64,0.014,0.642,0.014,25.0,4.58,7.75,12.0,1091718346.0,49,1092206377,0,5475.885523450001,True,13201,0.05000000000001137,190604.73647997898,0.9638337583838454,1424.3444196321736,678.8289594463475,0.3459297011880344,175618.66938338667,0.8925600519019301,1424.3444196321736,678.8289594463475,0.327700768978513,27731.45607969739,0.14885402069356135,1444.5391999704718,492.4862458258817,0.04882681926316123,27731.45607969739,0.14885402069356135,1510.866897874602,569.795400296519,0.05286993279281668
E3_E1_014_s5,na_qae_final,max_wind,HA0100_0004,1.17,0.036,1.178,0.04,0.64,0.014,0.642,0.014,25.0,4.58,7.75,12.0,1091718346.0,5,1091757941,0,8469.666220521,True,13201,0.05000000000001137,192059.7214398792,0.9694545968325095,1442.5816240197,774.4629956404294,0.3525446534464402,177537.82910344485,0.9032275164597608,1375.2052914358458,774.4629956404294,0.3318659623343887,27836.524521259584,0.1486795814985857,1320.3712057234186,386.08122368813065,0.048021289220715094,27836.524521259584,0.1486795814985857,1468.376821736272,531.0711629334706,0.05234957239307216
E3_E1_014_s50,na_qae_final,max_wind,HA0100_0004,1.17,0.036,1.178,0.04,0.64,0.014,0.642,0.014,25.0,4.58,7.75,12.0,1091718346.0,50,1092214296,0,9394.034905708,True,13201,0.05000000000001137,191695.33876613414,0.9680074194725407,1409.4490788661537,677.1261696650578,0.34667121939262513,176746.00238937713,0.8990968154490854,1409.4490788661537,677.1261696650578,0.3255424488328993,28171.427662829024,0.15084293011156782,1344.1469732436785,414.4164413108119,0.047994730320915654,28171.427662829024,0.15084293011156782,1571.7949634359277,620.135798883209,0.053216072729766514
E3_E1_014_s51,na_qae_final,max_wind,HA0100_0004,1.17,0.036,1.178,0.04,0.64,0.014,0.642,0.014,25.0,4.58,7.75,12.0,1091718346.0,51,1092222215,0,6022.905102781,True,13201,0.05000000000001137,190459.5386745126,0.9634495301305948,1355.6034467688658,674.5740324224677,0.34548607619230864,175412.3358039063,0.8912466508054036,1355.6034467688658,674.5740324224677,0.32792213732392744,27316.871724524164,0.14684198933175918,1352.139129302251,385.87365869733424,0.0520248388700048,28111.000525653493,0.14844387101043782,1556.7509749299638,581.9532887338984,0.05537478217735168
E3_E1_014_s52,na_qae_final,max_wind,HA0100_0004,1.17,0.036,1.178,0.04,0.64,0.014,0.642,0.014,25.0,4.58,7.75,12.0,1091718346.0,52,1092230134,0,5872.707417113,True,13201,0.05000000000001137,190791.63828100276,0.9640326347777894,1367.3343268719063,695.9326589841997,0.34940179494135437,176265.82660830615,0.8960963775178856,1361.9707973546476,695.9326589841997,0.3308266111859749,27493.175184159943,0.14887956624119822,1362.7351444501262,416.29447972044613,0.05018221064774356,27674.313055753333,0.14887956624119822,1612.0565467616839,614.951635863366,0.05397917356975073
E3_E1_014_s53,na_qae_final,max_wind,HA0100_0004,1.17,0.036,1.178,0.04,0.64,0.014,0.642,0.014,25.0,4.58,7.75,12.0,1091718346.0,53,1092238053,0,10163.626360299,True,13201,0.05000000000001137,191159.1253597736,0.9659896264520214,1377.4693940257878,786.3377937198065,0.3495334573474271,176523.27835281935,0.8974380382459636,1377.4693940257878,786.3377937198065,0.3306222559223612,27667.632575872132,0.1495681661850874,1333.0025282368936,356.03110444124974,0.04944671506892401,27964.196951302667,0.1495681661850874,1543.1808840762637,564.5817259686423,0.05472444366746749
E3_E1_014_s54,na_qae_final,max_wind,HA0100_0004,1.17,0.036,1.178,0.04,0.64,0.014,0.642,0.014,25.0,4.58,7.75,12.0,1091718346.0,54,1092245972,0,9789.470207251,True,13201,0.05000000000001137,192282.4870042655,0.9704581197985473,1391.1502939820177,683.7068905578869,0.35016575380354836,177370.13091349864,0.9027899393067349,1347.3647152672643,683.7068905578869,0.32836012835368833,27678.32674754022,0.15029121018205735,1381.885329315617,403.62436029049326,0.04754660509747435,27788.934090857532,0.15029121018205735,1521.1290557691345,588.3566671806511,0.052873712292065556
E3_E1_014_s55,na_qae_final,max_wind,HA0100_0004,1.17,0.036,1.178,0.04,0.64,0.014,0.642,0.014,25.0,4.58,7.75,12.0,1091718346.0,55,1092253891,0,9099.870777373,True,13201,0.05000000000001137,190904.36017923368,0.9650772298206669,1439.5505443793081,672.1584495146043,0.3431998520506594,175605.68546149158,0.8928404932543401,1439.5505443793081,672.1584495146043,0.3236382274752041,27674.335321462055,0.15065809809566427,1396.6628732955596,426.6538247568392,0.05178598372241899,27716.462866151567,0.15065809809566427,1490.7753022742936,543.6192121750826,0.05281064024779998
E3_E1_014_s56,na_qae_final,max_wind,HA0100_0004,1.17,0.036,1.178,0.04,0.64,0.014,0.642,0.014,25.0,4.58,7.75,12.0,1091718346.0,56,1092261810,0,6960.985588899,True,13201,0.05000000000001137,189386.28893849903,0.9583882360105089,1440.8811655965596,672.3910310283133,0.341811643840949,174329.93036378932,0.8843684234714152,1406.1732930580652,672.3910310283133,0.3265874984114565,28700.821921334868,0.1531232749963503,1339.1063928120288,403.7519190973967,0.04844404787585537,28700.821921334868,0.1531232749963503,1490.596203061512,513.6225384428642,0.053779397935737924
E3_E1_014_s57,na_qae_final,max_wind,HA0100_0004,1.17,0.036,1.178,0.04,0.64,0.014,0.642,0.014,25.0,4.58,7.75,12.0,1091718346.0,57,1092269729,0,7649.323038337,True,13201,0.05000000000001137,189457.40776153118,0.9586090321909636,1436.8461344784648,671.7888643991735,0.3459136568265296,174872.72232475717,0.8873908961925975,1430.8765098718616,671.7888643991735,0.33054004897406014,27788.059011109075,0.14888201216365426,1446.6728564386392,528.6160661664958,0.04911697028286399,27788.059011109075,0.14888201216365426,1487.0153546020574,528.6160661664958,0.05176839433003724
E3_E1_014_s58,na_qae_final,max_wind,HA0100_0004,1.17,0.036,1.178,0.04,0.64,0.014,0.642,0.014,25.0,4.58,7.75,12.0,1091718346.0,58,1092277648,0,7316.457534761001,True,13201,0.05000000000001137,191601.7874235623,0.9678513629932088,1353.2834608871915,699.6287629537259,0.3486571308841845,176732.98656680973,0.8987714653313628,1353.2834608871915,699.6287629537259,0.3290422157872714,27991.245167720106,0.1499322325961306,1335.689318713641,368.59307047744113,0.047916165221888546,27991.245167720106,0.1499322325961306,1551.109372030572,582.7980557317987,0.05523917218718795
E3_E1_014_s59,na_qae_final,max_wind,HA0100_0004,1.17,0.036,1.178,0.04,0.64,0.014,0.642,0.014,25.0,4.58,7.75,12.0,1091718346.0,59,1092285567,0,7741.510568001,True,13201,0.05000000000001137,190791.55605646677,0.9643635141493457,1358.4396074233416,680.8676319561949,0.3452700155382886,175822.60577834657,0.8938646718527905,1358.4396074233416,680.8676319561949,0.3263511255998666,27901.910360147755,0.1494046655515924,1400.688315959559,427.07049266904085,0.05008542281398992,27901.910360147755,0.1494046655515924,1524.7906257401994,561.7609967160845,0.053664883029049974
E3_E1_014_s6,na_qae_final,max_wind,HA0100_0004,1.17,0.036,1.178,0.04,0.64,0.014,0.642,0.014,25.0,4.58,7.75,12.0,1091718346.0,6,1091765860,0,7102.228056648,True,13201,0.05000000000001137,190121.93022215008,0.9619408272435368,1543.8998745200342,673.7115097289933,0.34402096539678545,175211.69311911328,0.8897140016923923,1543.8998745200342,673.7115097289933,0.3268110248755616,27700.474728772355,0.15036054141863117,1327.97608387506,358.6268958117024,0.04815282239907333,27972.448869212098,0.15036054141863117,1513.8418379158686,510.2817611878176,0.05393604553317879
E3_E1_014_s7,na_qae_final,max_wind,HA0100_0004,1.17,0.036,1.178,0.04,0.64,0.014,0.642,0.014,25.0,4.58,7.75,12.0,1091718346.0,7,1091773779,0,5979.1462065000005,True,13201,0.05000000000001137,191398.70384177493,0.9664425959007353,1414.5261937484108,775.9844370876466,0.34860419123066266,176639.69975676428,0.8985197921205945,1414.5261937484108,775.9844370876466,0.32846132303279324,27251.1212144634,0.1473410578488041,1394.906074262625,445.8667566780987,0.048977048893776486,27837.01832931663,0.14765102887163595,1502.845738233897,574.3700387601131,0.05336006106251948
E3_E1_014_s8,na_qae_final,max_wind,HA0100_0004,1.17,0.036,1.178,0.04,0.64,0.014,0.642,0.014,25.0,4.58,7.75,12.0,1091718346.0,8,1091781698,0,8577.681448604,True,13201,0.05000000000001137,190349.65922757416,0.9633563534427765,1424.6765921346648,672.9057708598178,0.34660106779598854,175910.95067211383,0.8927696927105478,1359.8563152075255,672.9057708598178,0.32971427878030857,28204.81286406521,0.15176621471232987,1340.0566020335468,394.69294664531355,0.04847800417753877,28297.681637500395,0.15176621471232987,1585.768139566958,596.8660357230516,0.05427821525023659
E3_E1_014_s9,na_qae_final,max_wind,HA0100_0004,1.17,0.036,1.178,0.04,0.64,0.014,0.642,0.014,25.0,4.58,7.75,12.0,1091718346.0,9,1091789617,0,6870.576427027,True,13201,0.05000000000001137,190028.53134619424,0.9614298668551567,1410.8628022704024,665.9223350414218,0.34241637095585825,174806.4849866201,0.8874619148706901,1399.4922764801047,665.9223350414218,0.32589494382490297,28309.548057558073,0.1521833710599841,1333.455879552774,372.2085439130778,0.048815394751149745,28309.548057558073,0.1521833710599841,1479.9830788456293,515.3181090212983,0.054531082491639175
E3_E1_015_s0,na_qae_final,max_hs,HA0100_0038,1.17,0.036,1.178,0.04,0.64,0.014,0.642,0.014,25.0,7.4,12.95,8.0,249088148.0,0,249088148,0,7529.507916459,True,13201,0.05000000000001137,190006.51523620865,0.9615724071824294,1449.0927786270854,665.5164225350168,0.3428199595390253,174998.61670639878,0.8881236020700057,1442.8676445986105,665.5164225350168,0.3264460749954077,27417.292540247716,0.14750504906584866,1781.769103630614,663.2910824124755,0.05491184510746087,27642.710768143657,0.1478889810765729,1781.769103630614,663.2910824124755,0.056497412576257094
E3_E1_015_s1,na_qae_final,max_hs,HA0100_0038,1.17,0.036,1.178,0.04,0.64,0.014,0.642,0.014,25.0,7.4,12.95,8.0,249088148.0,1,249096067,0,7232.457156655,True,13201,0.05000000000001137,190381.9990638054,0.9624576959643929,1416.106098725092,670.5812378295112,0.34838908036582805,175835.89905405947,0.8932705343826592,1372.0779644144257,670.5812378295112,0.3309495234092406,28183.773954163487,0.15069490915849637,1452.4168531543548,397.8116025517137,0.05024936541095423,28183.773954163487,0.15069490915849637,1855.9146597547556,706.2178491105751,0.0544292233170663
E3_E1_015_s10,na_qae_final,max_hs,HA0100_0038,1.17,0.036,1.178,0.04,0.64,0.014,0.642,0.014,25.0,7.4,12.95,8.0,249088148.0,10,249167338,0,5871.157127167,True,13201,0.05000000000001137,189714.61350219478,0.9595819757805517,1487.4332902620256,667.0417776544293,0.3469837322468738,175239.3546554021,0.889331007552069,1468.258129321559,667.0417776544293,0.3311101884419911,27325.830137919806,0.14788434156057975,1335.603912559954,360.82550925234784,0.04763521661429626,27552.17073408619,0.14788434156057975,2016.526140556589,765.4871862756307,0.05644437429008851
E3_E1_015_s11,na_qae_final,max_hs,HA0100_0038,1.17,0.036,1.178,0.04,0.64,0.014,0.642,0.014,25.0,7.4,12.95,8.0,249088148.0,11,249175257,0,7560.030305751,True,13201,0.05000000000001137,190073.55189347445,0.9620247668433046,1626.8295356485628,724.6837069443975,0.3407944091797037,174850.72332710645,0.8872849935700701,1626.8295356485628,724.6837069443975,0.3237863936479175,27899.16132457392,0.14956271621644276,1353.2115919272208,395.9406554501658,0.04756448109217798,27899.16132457392,0.14956271621644276,1800.7449608799054,681.4386641212926,0.05467818786092235
E3_E1_015_s12,na_qae_final,max_hs,HA0100_0038,1.17,0.036,1.178,0.04,0.64,0.014,0.642,0.014,25.0,7.4,12.95,8.0,249088148.0,12,249183176,0,7460.275074026,True,13201,0.05000000000001137,189158.90690111066,0.9567049144559571,1658.8334176226867,691.1105251028541,0.3497191615930757,175206.36092602293,0.8884762154347142,1658.8334176226867,691.1105251028541,0.3346182392400002,27364.288076177316,0.14766302497970538,1512.696292116279,546.5002580892733,0.04751495228837073,27516.893582703593,0.14766302497970538,1835.07374325964,680.766917615388,0.0552086051940381
E3_E1_015_s13,na_qae_final,max_hs,HA0100_0038,1.17,0.036,1.178,0.04,0.64,0.014,0.642,0.014,25.0,7.4,12.95,8.0,249088148.0,13,249191095,0,7288.025777275,True,13201,0.05000000000001137,191002.50429952453,0.965151080855457,1439.0393820411402,775.8332440670839,0.34730016149156756,176243.7189374489,0.8957044710171362,1439.0393820411402,775.8332440670839,0.32813898119229595,27564.037841681027,0.14852457363419463,1322.1400205686796,353.2056415417036,0.04774625525930481,27613.25298411603,0.14852457363419463,2046.893943400338,761.6606279199198,0.056614109355885095
E3_E1_015_s14,na_qae_final,max_hs,HA0100_0038,1.17,0.036,1.178,0.04,0.64,0.014,0.642,0.014,25.0,7.4,12.95,8.0,249088148.0,14,249199014,0,5830.175055292,True,13201,0.05000000000001137,190732.60918016074,0.9638605941650378,1492.0115606550514,764.6400762719034,0.344550557760626,175554.17699183058,0.8924164822115751,1492.0115606550514,764.6400762719034,0.3252981708797678,27720.483065598073,0.14882556107679143,1690.1931214848153,553.0267608926735,0.04886222133703265,27720.483065598073,0.14882556107679143,1834.0215441299972,675.3328572599867,0.05490096516061631
E3_E1_015_s15,na_qae_final,max_hs,HA0100_0038,1.17,0.036,1.178,0.04,0.64,0.014,0.642,0.014,25.0,7.4,12.95,8.0,249088148.0,15,249206933,0,7258.143978894,True,13201,0.05000000000001137,190126.92054471842,0.9614906228712288,1448.7249557168864,672.1582861971501,0.34804228495380973,175886.1426146762,0.8929350565639844,1448.7249557168864,672.1582861971501,0.33090752030601706,27978.892779279027,0.14999598400511313,1358.569795736321,455.40371387471015,0.04918884074990745,28479.084711695465,0.14999598400511313,2390.6983388584745,989.6939307084436,0.05633679825245538
E3_E1_015_s16,na_qae_final,max_hs,HA0100_0038,1.17,0.036,1.178,0.04,0.64,0.014,0.642,0.014,25.0,7.4,12.95,8.0,249088148.0,16,249214852,0,7068.083998498,True,13201,0.05000000000001137,189530.3596652236,0.9588327195198243,1433.0759729512208,669.4373101216864,0.34341483518266913,174617.29610121707,0.8860258367628696,1412.0474556771733,669.4373101216864,0.3277119701647488,27952.292042834128,0.149404526891018,2056.076820747075,820.3575782398079,0.0547698636602207,28460.996877921923,0.151476346493292,2056.076820747075,820.3575782398079,0.0547698636602207
E3_E1_015_s17,na_qae_final,max_hs,HA0100_0038,1.17,0.036,1.178,0.04,0.64,0.014,0.642,0.014,25.0,7.4,12.95,8.0,249088148.0,17,249222771,0,7593.754330733999,True,13201,0.05000000000001137,190556.36524511458,0.9634437502822244,1418.7060293470854,672.4205955745118,0.3489677349387182,176151.93481734392,0.8948030871295873,1363.4103490133596,672.4205955745118,0.3314079243767426,27536.961256885603,0.14873499086591205,1322.618940435064,353.10530818646765,0.04868634735635064,27938.780175993386,0.14889966225600587,1865.7902106536862,686.0155982694857,0.05307826067243208
E3_E1_015_s18,na_qae_final,max_hs,HA0100_0038,1.17,0.036,1.178,0.04,0.64,0.014,0.642,0.014,25.0,7.4,12.95,8.0,249088148.0,18,249230690,0,6861.389479284,True,13201,0.05000000000001137,188959.57680159298,0.9557992917829615,1713.7676908425085,669.5999470227155,0.34387937453908474,174373.723496141,0.8835589080791637,1579.4966821314626,669.5999470227155,0.3285813304673464,27907.827605214243,0.15030755923956252,1512.1975199161932,502.0890225226575,0.048354903120175555,27907.827605214243,0.15030755923956252,1835.1895218289153,660.3451895305772,0.0538453289624636
E3_E1_015_s19,na_qae_final,max_hs,HA0100_0038,1.17,0.036,1.178,0.04,0.64,0.014,0.642,0.014,25.0,7.4,12.95,8.0,249088148.0,19,249238609,0,7187.777413351,True,13201,0.05000000000001137,189580.69160142168,0.9593533937454651,1519.4828747344784,663.9151497746676,0.3456512772919038,175137.03113530847,0.8880620291942117,1403.3906197803278,663.9151497746676,0.3301047138691931,28118.009823021006,0.1525643229623579,1500.0279295782798,527.7138870678945,0.04879038682795854,28118.009823021006,0.1525643229623579,1911.826773474967,739.3446046146986,0.05672294117807731
E3_E1_015_s2,na_qae_final,max_hs,HA0100_0038,1.17,0.036,1.178,0.04,0.64,0.014,0.642,0.014,25.0,7.4,12.95,8.0,249088148.0,2,249103986,0,7172.4842854299995,True,13201,0.05000000000001137,190818.21015042617,0.9645785662596629,1408.5899549553267,729.6651190240808,0.3462985092379499,176114.8638296732,0.8947888663873355,1408.5899549553267,729.6651190240808,0.3273576574093718,27591.52692898699,0.14858250994600983,1506.06878691858,485.86119010452796,0.04757913521119684,27639.76877877942,0.14858250994600983,2168.580090899703,871.3044835958326,0.05677964811925461
E3_E1_015_s20,na_qae_final,max_hs,HA0100_0038,1.17,0.036,1.178,0.04,0.64,0.014,0.642,0.014,25.0,7.4,12.95,8.0,249088148.0,20,249246528,0,5690.056811490001,True,13201,0.05000000000001137,190752.92173244094,0.9643629460627215,1635.9832714603074,678.2647071720329,0.34767687802213315,176075.25477410445,0.8949211062065824,1635.9832714603074,678.2647071720329,0.3288378331896504,28147.779540450167,0.15076902631080896,1338.1354292662934,384.044119225481,0.04851098313596937,28147.779540450167,0.15076902631080896,1734.7509312683103,631.8969031749284,0.054037723935609974
E3_E1_015_s21,na_qae_final,max_hs,HA0100_0038,1.17,0.036,1.178,0.04,0.64,0.014,0.642,0.014,25.0,7.4,12.95,8.0,249088148.0,21,249254447,0,7094.65323268,True,13201,0.05000000000001137,190912.58557689944,0.9641615056548447,1547.7544739312343,671.0745781522477,0.34849167909706547,176186.0246225033,0.8961912585617476,1547.7544739312343,671.0745781522477,0.32878581075252067,27791.149363383705,0.14970442225346764,1511.2609367596322,549.9665511747254,0.05074367789112774,28154.013368319323,0.14995870919546544,1889.012621708967,770.1213352504785,0.05435928995434446
E3_E1_015_s22,na_qae_final,max_hs,HA0100_0038,1.17,0.036,1.178,0.04,0.64,0.014,0.642,0.014,25.0,7.4,12.95,8.0,249088148.0,22,249262366,0,6966.013188954001,True,13201,0.05000000000001137,189141.07922601968,0.9568466507650673,1689.2294504572005,688.6387437515624,0.3398585015299719,173767.50349700332,0.8807864244061383,1563.3510425741686,663.2963069582436,0.3245565239505363,27659.0054830476,0.14946129889367166,1439.6471748007848,438.2190351751533,0.04715016064199253,28029.141292780256,0.15001148932541866,2456.618871001463,960.2688223243703,0.05564195923903383
E3_E1_015_s23,na_qae_final,max_hs,HA0100_0038,1.17,0.036,1.178,0.04,0.64,0.014,0.642,0.014,25.0,7.4,12.95,8.0,249088148.0,23,249270285,0,8581.278009568001,True,13201,0.05000000000001137,188896.74924831398,0.9563358388677508,1632.5626781361434,747.19104403788,0.3401152321630466,173674.8003785694,0.8797717378865445,1521.482331708814,663.9308835375394,0.32529385063160327,27825.708022283357,0.14946042494471692,1375.3993050748838,369.105539712621,0.046877785612522614,28023.960082594058,0.14946042494471692,2398.331725898337,948.8370772794431,0.05986748250568257
E3_E1_015_s24,na_qae_final,max_hs,HA0100_0038,1.17,0.036,1.178,0.04,0.64,0.014,0.642,0.014,25.0,7.4,12.95,8.0,249088148.0,24,249278204,0,7146.500866826999,True,13201,0.05000000000001137,189696.90308950134,0.9598266170117596,1600.3556360740513,788.6061714461866,0.3402902780808891,174461.61150749918,0.8850147026074318,1600.3556360740513,788.6061714461866,0.3241102189297883,27148.991751086556,0.1464526297311566,1464.7472937761372,467.112617703864,0.046909892890977016,27739.796239361276,0.14789961654244616,1922.515233338195,738.9010555122339,0.054980614520046385
E3_E1_015_s25,na_qae_final,max_hs,HA0100_0038,1.17,0.036,1.178,0.04,0.64,0.014,0.642,0.014,25.0,7.4,12.95,8.0,249088148.0,25,249286123,0,7094.572013888,True,13201,0.05000000000001137,191650.85748027315,0.9679372627568268,1504.6389885322633,822.3051083469127,0.3474645569059379,176813.14499158884,0.8991147284351212,1504.6389885322633,822.3051083469127,0.32679767401430965,28280.507462558166,0.1530056243671955,1332.9739954539275,355.33676343484257,0.0473845725687926,28280.507462558166,0.1530056243671955,1766.5935403055541,628.1428072081312,0.05417624667936203
E3_E1_015_s26,na_qae_final,max_hs,HA0100_0038,1.17,0.036,1.178,0.04,0.64,0.014,0.642,0.014,25.0,7.4,12.95,8.0,249088148.0,26,249294042,0,7733.5341311209995,True,13201,0.05000000000001137,191616.74412735237,0.9673876642967656,1503.781322307023,744.2315506329428,0.34675402769783575,176701.44530027232,0.8989901445998731,1503.781322307023,744.2315506329428,0.32531857782714263,27982.283436804486,0.1502421641244113,1353.0899029193765,401.6160824530048,0.04913708608175477,27982.283436804486,0.1502421641244113,2155.035316967459,800.3353838255881,0.05533547751581319
E3_E1_015_s27,na_qae_final,max_hs,HA0100_0038,1.17,0.036,1.178,0.04,0.64,0.014,0.642,0.014,25.0,7.4,12.95,8.0,249088148.0,27,249301961,0,7865.278168520001,True,13201,0.05000000000001137,189565.61991141568,0.9595147062297593,1526.9285605574112,660.3112024537935,0.34036846604604354,174264.33173081744,0.8841072895352854,1451.017913177806,660.3112024537935,0.3246610895379368,27663.66332082242,0.14891930291293942,1422.4147489557627,445.527831667151,0.04705959264369129,27663.66332082242,0.14891930291293942,2173.338237385119,823.5251938263334,0.05424032611063977
E3_E1_015_s28,na_qae_final,max_hs,HA0100_0038,1.17,0.036,1.178,0.04,0.64,0.014,0.642,0.014,25.0,7.4,12.95,8.0,249088148.0,28,249309880,0,7519.2918841440005,True,13201,0.05000000000001137,191430.2259522991,0.9672141351936928,1392.5144869952896,680.7637461474,0.3489815866601429,176622.97338623338,0.8981058057971139,1367.3791249619915,680.7637461474,0.32945296270418944,27532.875250873312,0.14884594967650228,1410.167198048039,461.85380323894503,0.048124376757973396,27796.20629472884,0.14947263837025837,1790.7765151274098,680.4785829537508,0.05487248765374788
E3_E1_015_s29,na_qae_final,max_hs,HA0100_0038,1.17,0.036,1.178,0.04,0.64,0.014,0.642,0.014,25.0,7.4,12.95,8.0,249088148.0,29,249317799,0,7705.178929815,True,13201,0.05000000000001137,190622.0246005351,0.9641823334696408,1396.3127104579148,667.9626526784685,0.3447444815437359,175696.5902273417,0.8924055831704192,1396.3127104579148,667.9626526784685,0.3263307483406402,27244.061434630465,0.1478364445395163,1482.1254348601258,370.8723222496551,0.0503348816536657,27560.742030550948,0.1478364445395163,2206.138956595677,844.8615118268378,0.05377480983446379
E3_E1_015_s3,na_qae_final,max_hs,HA0100_0038,1.17,0.036,1.178,0.04,0.64,0.014,0.642,0.014,25.0,7.4,12.95,8.0,249088148.0,3,249111905,0,5483.644690792,True,13201,0.05000000000001137,190322.65978126932,0.9627202250041534,1425.0805773125708,667.3431356734035,0.3455580108613975,175369.7585261216,0.8905102724698835,1425.0805773125708,667.3431356734035,0.3285013820117513,28434.017445919788,0.15182338502079054,1401.4108136593584,337.10719771734443,0.049679457338927896,28434.017445919788,0.15182338502079054,1835.0814345427027,676.195654448311,0.05563413841661503
E3_E1_015_s30,na_qae_final,max_hs,HA0100_0038,1.17,0.036,1.178,0.04,0.64,0.014,0.642,0.014,25.0,7.4,12.95,8.0,249088148.0,30,249425718,0,6926.131665072,True,13201,0.05000000000001137,191284.25963171243,0.9666501513363553,1366.4313409248966,719.789528653551,0.34949158521628626,176729.22914207756,0.898182031438005,1362.331114376669,719.789528653551,0.33064186553987956,28110.443141594744,0.15070748366902784,1428.7729690492722,424.0459070814102,0.05076433374933139,28240.75113491942,0.15070748366902784,2020.472323861616,760.2144600375933,0.053212657994816746
E3_E1_015_s31,na_qae_final,max_hs,HA0100_0038,1.17,0.036,1.178,0.04,0.64,0.014,0.642,0.014,25.0,7.4,12.95,8.0,249088148.0,31,249433637,0,5844.441709955,True,13201,0.05000000000001137,191716.65794533805,0.9676999152864177,1501.8515259825635,682.1874324417339,0.3485684562148176,176794.4424180313,0.8995936859641168,1501.8515259825635,682.1874324417339,0.3273450827448552,28513.029803977966,0.15258624757030992,1447.4991550800235,416.5465007077548,0.05189595820839829,28513.029803977966,0.15258624757030992,1779.685150405797,638.7237511506429,0.05496930966766141
E3_E1_015_s32,na_qae_final,max_hs,HA0100_0038,1.17,0.036,1.178,0.04,0.64,0.014,0.642,0.014,25.0,7.4,12.95,8.0,249088148.0,32,249441556,0,8862.735605241,True,13201,0.05000000000001137,190343.95394853794,0.962155960327114,1571.5816710543302,674.9032856095388,0.34924696826713586,176044.7110348007,0.8935134235951652,1482.7244134298596,674.9032856095388,0.33215644219265217,27292.822984610386,0.14690605932880757,1458.2147079620097,474.97220553794597,0.049336811207437374,27942.28820253049,0.15024304757421034,2356.0747574958696,760.9653240720709,0.06182393401495066
E3_E1_015_s33,na_qae_final,max_hs,HA0100_0038,1.17,0.036,1.178,0.04,0.64,0.014,0.642,0.014,25.0,7.4,12.95,8.0,249088148.0,33,249449475,0,10749.194558289,True,13201,0.05000000000001137,190500.83307127663,0.9633847817522553,1339.2115784336245,670.7823444650747,0.3453688054176068,175443.57084587208,0.8915169305987101,1339.2115784336245,670.7823444650747,0.32748947921411775,27210.95750341138,0.1474439936523261,1421.0706570675331,479.18023337336695,0.04973441860137592,27687.516551843433,0.1474439936523261,2241.807734938932,855.3265951630175,0.057776618784170855
E3_E1_015_s34,na_qae_final,max_hs,HA0100_0038,1.17,0.036,1.178,0.04,0.64,0.014,0.642,0.014,25.0,7.4,12.95,8.0,249088148.0,34,249457394,0,6110.22774467,True,13201,0.05000000000001137,190182.95131711694,0.9618847053598417,1575.6143332429426,703.6269680812908,0.34517174337884343,175621.1068062747,0.8907187584456299,1556.3306331162003,703.6269680812908,0.32813974150852504,27088.643051506606,0.14507449370855482,1628.9280624797768,578.5745102784314,0.04914602357225935,27266.311094369452,0.1460147350009867,2064.6454146324286,798.0390461816645,0.0557292319980633
E3_E1_015_s35,na_qae_final,max_hs,HA0100_0038,1.17,0.036,1.178,0.04,0.64,0.014,0.642,0.014,25.0,7.4,12.95,8.0,249088148.0,35,249465313,0,5889.133476522999,True,13201,0.05000000000001137,188928.83709083783,0.9559733420849064,1627.468804917833,658.197700673876,0.34393659558372797,174229.71001897386,0.8830197947467315,1455.8755068853272,658.197700673876,0.32898149164523605,27733.364961378065,0.14825409595302652,1546.829644564774,532.3168318266132,0.04986852543020723,28248.06320914732,0.1494245031655915,1883.1832662479494,689.6375995176895,0.05600831474104621
E3_E1_015_s36,na_qae_final,max_hs,HA0100_0038,1.17,0.036,1.178,0.04,0.64,0.014,0.642,0.014,25.0,7.4,12.95,8.0,249088148.0,36,249473232,0,9889.217015397,True,13201,0.05000000000001137,189573.56652141476,0.9595389243446131,1525.5819112776478,776.9888512650075,0.341887199612166,174521.39217043028,0.8849701678820182,1525.5819112776478,776.9888512650075,0.32670720979256646,27839.343916339094,0.1512239891814495,1409.4202149938285,461.05004836194655,0.04752099253332313,27839.343916339094,0.1512239891814495,1944.0705384706494,731.742966404451,0.054351212671763974
E3_E1_015_s37,na_qae_final,max_hs,HA0100_0038,1.17,0.036,1.178,0.04,0.64,0.014,0.642,0.014,25.0,7.4,12.95,8.0,249088148.0,37,249481151,0,10150.477262344,True,13201,0.05000000000001137,190049.9076510149,0.9612913821880695,1445.2583594868106,664.4087873071343,0.3448407891740514,175096.62077979522,0.8892801627595996,1445.2583594868106,664.4087873071343,0.3279177346130925,27439.98849043681,0.14775858574944897,1626.3239529607345,549.0422201748895,0.04843538782807556,27439.98849043681,0.14775858574944897,2230.0512913995713,873.7508482780381,0.05518755481048292
E3_E1_015_s38,na_qae_final,max_hs,HA0100_0038,1.17,0.036,1.178,0.04,0.64,0.014,0.642,0.014,25.0,7.4,12.95,8.0,249088148.0,38,249489070,0,8466.933909112,True,13201,0.05000000000001137,190274.5003454065,0.9616625474866539,1477.4432618894605,667.5158738127569,0.3461700678365264,175423.53973928146,0.8916968041569941,1477.4432618894605,667.5158738127569,0.3281450446232903,27784.64975338357,0.14877528253386413,1566.8198120300872,535.0563950481035,0.048559150310618096,27784.64975338357,0.14877528253386413,1925.146947545538,746.5698872919371,0.05611552583258221
E3_E1_015_s39,na_qae_final,max_hs,HA0100_0038,1.17,0.036,1.178,0.04,0.64,0.014,0.642,0.014,25.0,7.4,12.95,8.0,249088148.0,39,249496989,0,6895.356043205,True,13201,0.05000000000001137,187284.31832981601,0.947105713537089,2020.0093839034575,933.12930611479,0.33798422664401284,172132.59777855646,0.8709543599140833,1653.363378067353,659.6156948212755,0.3234295298798103,27229.30865733198,0.14684382037480193,1379.9538422032658,369.7915222135087,0.0502954274559344,27550.546376239257,0.14684382037480193,1954.6120649202546,748.9100676395386,0.05662355648384856
E3_E1_015_s4,na_qae_final,max_hs,HA0100_0038,1.17,0.036,1.178,0.04,0.64,0.014,0.642,0.014,25.0,7.4,12.95,8.0,249088148.0,4,249119824,0,10204.980966854,True,13201,0.05000000000001137,189444.889486376,0.958852579616305,1583.7348287062905,659.5691835246454,0.34756808879049966,175165.9943798702,0.8877181632078136,1398.1063683633886,659.5691835246454,0.3319846413701717,28252.824015557148,0.1510134218749188,1441.5370715269062,488.65204104639156,0.049779734903199674,28252.824015557148,0.1510134218749188,1931.490700442139,726.2692174788912,0.05467738980673132
E3_E1_015_s40,na_qae_final,max_hs,HA0100_0038,1.17,0.036,1.178,0.04,0.64,0.014,0.642,0.014,25.0,7.4,12.95,8.0,249088148.0,40,249504908,0,6927.351653168,True,13201,0.05000000000001137,190866.092307898,0.9647008010105343,1621.127759198457,678.8065522996011,0.3512809713343767,176651.16270681092,0.8975226641995783,1621.127759198457,678.8065522996011,0.3334582503164281,27840.364433067774,0.15022649396231033,1562.2628377992958,540.7504199772931,0.04992493653221229,27840.364433067774,0.15022649396231033,1801.093494886421,675.5931435753378,0.05380455258493196
E3_E1_015_s41,na_qae_final,max_hs,HA0100_0038,1.17,0.036,1.178,0.04,0.64,0.014,0.642,0.014,25.0,7.4,12.95,8.0,249088148.0,41,249512827,0,5332.606881697,True,13201,0.05000000000001137,190093.85877519182,0.9618096919887879,1415.8549158677831,663.1978109124132,0.3428637627320801,175009.8267512145,0.888667334027846,1414.320467494146,663.1978109124132,0.3255533487291502,27779.084024819662,0.14930248229554724,1315.0680389046154,360.74131560847826,0.04790606497170071,27798.173997878806,0.14930248229554724,2456.95473779027,976.0901117835998,0.05939993235702415
E3_E1_015_s42,na_qae_final,max_hs,HA0100_0038,1.17,0.036,1.178,0.04,0.64,0.014,0.642,0.014,25.0,7.4,12.95,8.0,249088148.0,42,249520746,0,8616.336799893,True,13201,0.05000000000001137,192010.81663597768,0.9687178167390306,1387.5452602657683,767.1573761491063,0.346848797568055,176620.5596178,0.8997817635778742,1387.5452602657683,767.1573761491063,0.32399205770750905,27673.418326031013,0.1499212493693053,1512.138378721157,422.5229022619052,0.050718531428108816,27862.683324659905,0.1499212493693053,2348.240926501042,935.6360481877737,0.05579433631685322
E3_E1_015_s43,na_qae_final,max_hs,HA0100_0038,1.17,0.036,1.178,0.04,0.64,0.014,0.642,0.014,25.0,7.4,12.95,8.0,249088148.0,43,249528665,0,9967.477672014,True,13201,0.05000000000001137,191692.10029431406,0.968097061314877,1370.7128183401974,736.6132738830182,0.3501975236354298,177013.48537810444,0.9002377580394666,1370.7128183401974,736.6132738830182,0.3301617991169903,28113.330741552407,0.15068810321360251,1340.155641379742,325.72697723144864,0.04745218268071733,28113.330741552407,0.15068810321360251,1912.48018278698,708.3553177309038,0.05576740431880486
E3_E1_015_s44,na_qae_final,max_hs,HA0100_0038,1.17,0.036,1.178,0.04,0.64,0.014,0.642,0.014,25.0,7.4,12.95,8.0,249088148.0,44,249536584,0,7682.802405773,True,13201,0.05000000000001137,192408.1843144891,0.9701793778071743,1528.1705702944264,836.4120293493107,0.3533329414710171,177793.6669317674,0.9053504859828096,1528.1705702944264,836.4120293493107,0.3311958115249715,27275.00436617871,0.14789219321077846,1568.9215030696437,604.0477945097317,0.05008851441593835,27689.874708981006,0.14789219321077846,1957.2244300511968,762.5501307968468,0.05505124631820046
E3_E1_015_s45,na_qae_final,max_hs,HA0100_0038,1.17,0.036,1.178,0.04,0.64,0.014,0.642,0.014,25.0,7.4,12.95,8.0,249088148.0,45,249544503,0,6104.051125431,True,13201,0.05000000000001137,190817.52069621335,0.9641366359923235,1445.4981424403763,674.8673314624142,0.34847285924826144,176033.62612156957,0.8949664457922966,1403.5096077420528,674.8673314624142,0.3297904186958158,27469.696164932844,0.1482348975398677,1481.7943544094105,453.1430435237166,0.05085033429362422,28081.653916359504,0.14980937572557668,2027.389957112588,774.6587366598103,0.05603642983159407
E3_E1_015_s46,na_qae_final,max_hs,HA0100_0038,1.17,0.036,1.178,0.04,0.64,0.014,0.642,0.014,25.0,7.4,12.95,8.0,249088148.0,46,249552422,0,8717.597315061,True,13201,0.05000000000001137,194883.73794306794,0.981391616653747,1829.9632765319686,1065.1499981513084,0.35910671198434907,180330.8154664591,0.9198808536002316,1809.3355047200248,1065.1499981513084,0.33153158268284433,27827.014458182843,0.14961117489975148,1440.0653035808652,395.1024473419363,0.04932566680907434,27827.014458182843,0.14961117489975148,2158.4275647091463,822.8565037203157,0.054056333435910264
E3_E1_015_s47,na_qae_final,max_hs,HA0100_0038,1.17,0.036,1.178,0.04,0.64,0.014,0.642,0.014,25.0,7.4,12.95,8.0,249088148.0,47,249560341,0,8448.562795061,True,13201,0.05000000000001137,188919.11778635724,0.9556411992735967,1662.8151462446756,667.1390568420129,0.34538045780943044,174405.84127368848,0.883751189021505,1519.803872108342,667.1390568420129,0.33037875610930223,27625.46196165863,0.14802555515434554,1395.9678787951732,380.5219153301603,0.051105042085383974,27625.46196165863,0.14802555515434554,1795.5455141945083,698.6772920827101,0.05386486182261208
E3_E1_015_s48,na_qae_final,max_hs,HA0100_0038,1.17,0.036,1.178,0.04,0.64,0.014,0.642,0.014,25.0,7.4,12.95,8.0,249088148.0,48,249568260,0,8270.479457423,True,13201,0.05000000000001137,189846.3451586539,0.9608457739810178,1516.4357408817973,664.8300232644198,0.3412122424747452,174649.62333753944,0.8858838968799081,1493.9444891232854,664.8300232644198,0.3253096182396886,28056.667387680365,0.1509165395045636,1418.1466520507906,431.58388020349344,0.0489660423499426,28056.667387680365,0.1509165395045636,1924.2816267776616,678.4525066440785,0.056606666439723764
E3_E1_015_s49,na_qae_final,max_hs,HA0100_0038,1.17,0.036,1.178,0.04,0.64,0.014,0.642,0.014,25.0,7.4,12.95,8.0,249088148.0,49,249576179,0,10360.987703838,True,13201,0.05000000000001137,191537.1501271341,0.9671826952221184,1387.3312214139194,679.2713986039339,0.3481537633266236,176614.09298483699,0.8985967646688663,1320.8786632440278,679.2713986039339,0.32730814164325134,28145.04402228934,0.15040811941157364,1464.2094459141374,484.7124115256314,0.04885617441131238,28145.04402228934,0.15040811941157364,1794.792458332987,679.3693166072546,0.052868269582763694
E3_E1_015_s5,na_qae_final,max_hs,HA0100_0038,1.17,0.036,1.178,0.04,0.64,0.014,0.642,0.014,25.0,7.4,12.95,8.0,249088148.0,5,249127743,0,10124.926315955001,True,13201,0.05000000000001137,190236.57525682327,0.9626155867298256,1617.940910701046,738.9186935288825,0.34106936495012974,175029.4348216283,0.888360245938255,1617.940910701046,738.9186935288825,0.3237143238657396,28157.462125820635,0.15141137278514488,1418.754836302801,441.8408911722661,0.05067819133736855,28157.462125820635,0.15141137278514488,1890.0613544195608,722.9747342372681,0.05383646821624061
E3_E1_015_s50,na_qae_final,max_hs,HA0100_0038,1.17,0.036,1.178,0.04,0.64,0.014,0.642,0.014,25.0,7.4,12.95,8.0,249088148.0,50,249584098,0,9895.459008057,True,13201,0.05000000000001137,191336.92977319917,0.9667276489292894,1415.8802966770354,683.7624226814414,0.34656936188051474,176364.42949397216,0.8967611378480662,1415.8802966770354,683.7624226814414,0.3265551362029891,27784.342322273133,0.14955726367276223,1338.577789168898,424.2496324763302,0.04765784249446012,28243.226955506896,0.15101907059669634,2097.4414090044,796.166991549774,0.054574984754482685
E3_E1_015_s51,na_qae_final,max_hs,HA0100_0038,1.17,0.036,1.178,0.04,0.64,0.014,0.642,0.014,25.0,7.4,12.95,8.0,249088148.0,51,249592017,0,6950.240342286,True,13201,0.05000000000001137,190289.8642048085,0.9620482370258596,1571.5922197188008,677.2422900884403,0.35071021928716334,176344.24775878983,0.89491058506088,1514.5117624216662,677.2422900884403,0.3340842792982527,27848.718231798463,0.1508718105781028,1493.0336472367258,450.40246960825675,0.04919358483480679,28026.53101393026,0.1508718105781028,2231.2258938772457,840.6792718394569,0.061531741149066746
E3_E1_015_s52,na_qae_final,max_hs,HA0100_0038,1.17,0.036,1.178,0.04,0.64,0.014,0.642,0.014,25.0,7.4,12.95,8.0,249088148.0,52,249599936,0,7230.098821187,True,13201,0.05000000000001137,191216.3926427966,0.9663153550563587,1415.6238223985833,679.0233368229727,0.3471924780202227,176235.79498708615,0.8960414468704633,1415.6238223985833,679.0233368229727,0.3282190298220207,27924.47049202408,0.150336457018967,1405.6618509163516,423.744803843763,0.04818875132837764,27924.47049202408,0.150336457018967,2486.5377461751864,995.7258567421383,0.05564372232552946
E3_E1_015_s53,na_qae_final,max_hs,HA0100_0038,1.17,0.036,1.178,0.04,0.64,0.014,0.642,0.014,25.0,7.4,12.95,8.0,249088148.0,53,249607855,0,11062.679450978,True,13201,0.05000000000001137,191031.20749800222,0.9652060585181318,1596.6643701350924,836.6516931103224,0.34489979842505186,175925.92548517077,0.8945255266720492,1596.6643701350924,836.6516931103224,0.3247656296608215,27517.626259208675,0.14915877646292844,1751.1208812737057,581.7805490864354,0.05537732972760606,27517.626259208675,0.14915877646292844,1859.69865229722,682.0018323117089,0.05537732972760606
E3_E1_015_s54,na_qae_final,max_hs,HA0100_0038,1.17,0.036,1.178,0.04,0.64,0.014,0.642,0.014,25.0,7.4,12.95,8.0,249088148.0,54,249615774,0,7303.5084781919995,True,13201,0.05000000000001137,192704.79951953763,0.9718807498047682,2023.670025374933,1124.3555612857654,0.34735401307767766,177574.41191069898,0.9047353787293895,2023.670025374933,1124.3555612857654,0.32244358220792974,28287.843198115108,0.15139642195565708,1507.0835152515933,455.8819691978329,0.04968670396298464,28287.843198115108,0.15139642195565708,1741.7987547102948,654.8007408902018,0.05418475236228396
E3_E1_015_s55,na_qae_final,max_hs,HA0100_0038,1.17,0.036,1.178,0.04,0.64,0.014,0.642,0.014,25.0,7.4,12.95,8.0,249088148.0,55,249623693,0,6964.550652627,True,13201,0.05000000000001137,193788.00991990993,0.9759254099480033,1765.5670526863234,810.812876194092,0.3570004212115933,179087.90836066424,0.9131886468544429,1527.1461843652062,810.812876194092,0.33182612546081003,27726.185424248255,0.14947622382760117,1360.9953046845112,365.2123201417533,0.04785621372446938,27842.543431035832,0.14947622382760117,1967.2368718928738,762.7345607406882,0.05426626095137592
E3_E1_015_s56,na_qae_final,max_hs,HA0100_0038,1.17,0.036,1.178,0.04,0.64,0.014,0.642,0.014,25.0,7.4,12.95,8.0,249088148.0,56,249631612,0,8758.404899116,True,13201,0.05000000000001137,192194.77101860417,0.9695028995766919,1823.3293332340434,1000.7888879151024,0.34680962295864576,177129.72903706433,0.9020688021147131,1823.3293332340434,1000.7888879151024,0.32282805942889153,27882.673545314035,0.15053216869748132,1409.581972066326,407.8827218833405,0.04985468624339599,27944.99548594836,0.15053216869748132,1957.6146561728885,755.7541592456168,0.0550009445115836
E3_E1_015_s57,na_qae_final,max_hs,HA0100_0038,1.17,0.036,1.178,0.04,0.64,0.014,0.642,0.014,25.0,7.4,12.95,8.0,249088148.0,57,249639531,0,5246.222516255,True,13201,0.05000000000001137,193322.63591154048,0.9738708537857425,1764.481402812524,959.5957114844643,0.3575771891132802,178929.88398423814,0.9116960947870776,1764.481402812524,959.5957114844643,0.3336500439180145,27933.795214306083,0.15019146217027673,1439.224929439525,505.79726351216556,0.047461353851210385,27933.795214306083,0.15019146217027673,2008.8711828929772,774.5540780395899,0.05489314776736314
E3_E1_015_s58,na_qae_final,max_hs,HA0100_0038,1.17,0.036,1.178,0.04,0.64,0.014,0.642,0.014,25.0,7.4,12.95,8.0,249088148.0,58,249647450,0,6936.6241777430005,True,13201,0.05000000000001137,191579.19857946047,0.9671614452546865,1451.4318862330615,675.8815928020986,0.3484601313927243,176615.93245829924,0.898677829740361,1451.4318862330615,675.8815928020986,0.3276129212627129,27492.250040746687,0.14937053778941906,1529.5445201586283,496.45782708850277,0.051562227004400836,27703.833892892453,0.14937053778941906,1909.1869845012166,731.4180220630277,0.054438246193086924
E3_E1_015_s59,na_qae_final,max_hs,HA0100_0038,1.17,0.036,1.178,0.04,0.64,0.014,0.642,0.014,25.0,7.4,12.95,8.0,249088148.0,59,249655369,0,8593.996319869,True,13201,0.05000000000001137,190244.81149143405,0.9628676842543352,1390.8324168208212,666.7163503966833,0.3442928404718028,175356.03076741466,0.8901690647693966,1390.8324168208212,666.7163503966833,0.32751192963229336,28141.104525589148,0.1526265631691156,1328.7357617729838,351.7240542291197,0.0469232861370216,28141.104525589148,0.1526265631691156,2116.071459898058,815.7870149408552,0.0549523185118309
E3_E1_015_s6,na_qae_final,max_hs,HA0100_0038,1.17,0.036,1.178,0.04,0.64,0.014,0.642,0.014,25.0,7.4,12.95,8.0,249088148.0,6,249135662,0,7056.8135533839995,True,13201,0.05000000000001137,189016.29780697226,0.9560576441754463,1539.5826203493823,664.7690205391204,0.34193780826469,174013.8812828277,0.8821032060802537,1503.8277561755326,664.7690205391204,0.32687735204144247,27563.92957683094,0.14865557566775028,1350.6299566670798,384.04039012890536,0.04856408832926103,27695.16877102585,0.14865557566775028,2207.231983104659,865.644906416027,0.05736079857515992
E3_E1_015_s7,na_qae_final,max_hs,HA0100_0038,1.17,0.036,1.178,0.04,0.64,0.014,0.642,0.014,25.0,7.4,12.95,8.0,249088148.0,7,249143581,0,9852.519059313,True,13201,0.05000000000001137,189851.99458708192,0.9601477063351207,1488.788171643441,669.1871183529266,0.3463387439088558,175321.92345472748,0.8897999774975516,1424.9428810790973,669.1871183529266,0.32987918355378576,28268.50305718208,0.15312561340504066,1388.4795835725101,411.3004207962586,0.048827514479500865,28268.50305718208,0.15312561340504066,1719.3771003510649,618.0327017823265,0.054321827950298385
E3_E1_015_s8,na_qae_final,max_hs,HA0100_0038,1.17,0.036,1.178,0.04,0.64,0.014,0.642,0.014,25.0,7.4,12.95,8.0,249088148.0,8,249151500,0,8266.591131209,True,13201,0.05000000000001137,190906.47712998817,0.964814676649921,1415.013711100784,679.0560163429707,0.34616274432246114,175967.66711780406,0.8944027982523926,1415.013711100784,679.0560163429707,0.32695487446375354,27907.252603043453,0.14941714583520133,1540.6219706294696,554.3378310317898,0.049432662446873735,27907.252603043453,0.14941714583520133,1927.9496153045407,735.829539345579,0.05391372078572168
E3_E1_015_s9,na_qae_final,max_hs,HA0100_0038,1.17,0.036,1.178,0.04,0.64,0.014,0.642,0.014,25.0,7.4,12.95,8.0,249088148.0,9,249159419,0,6975.160812479,True,13201,0.05000000000001137,188710.3727441143,0.9552177492233109,1688.3382275253532,753.0188362297192,0.33964667931003945,173388.18200582865,0.878373383401587,1529.2875627388662,654.3277821312582,0.32459430635064723,27413.587772520303,0.14740180220178023,1485.133314325113,501.12753806562125,0.052397861865889225,28086.528847895137,0.14845528338631805,2020.3237436132383,750.339638952011,0.054859734071261795
E3_E1_016_s0,na_qae_final,max_angle,HA0100_0018,1.17,0.036,1.178,0.04,0.64,0.014,0.642,0.014,4.53,0.86,10.5,178.0,120015001.0,0,120015001,0,7732.700528991,True,13201,0.05000000000001137,27892.623660994956,0.13688754101305162,1337.8951924073872,456.68852362980635,0.04976754753270158,24853.144395318333,0.12461588285975593,1295.1856797502383,416.3142812952814,0.04296965466023238,10060.990394134269,0.048837588436332825,1291.7041326340698,287.61135266186176,0.017346633070218224,10060.990394134269,0.048837588436332825,1312.2019333891558,309.82884588847134,0.017845027151303608
E3_E1_016_s1,na_qae_final,max_angle,HA0100_0018,1.17,0.036,1.178,0.04,0.64,0.014,0.642,0.014,4.53,0.86,10.5,178.0,120015001.0,1,120022920,0,9390.044549129,True,13201,0.05000000000001137,28100.378266386204,0.13773158166896382,1328.3988244476418,453.2734210211221,0.050289178492010145,25051.606359724807,0.12582883817790896,1304.6564629974637,415.16509414027064,0.043017241647200784,10018.92967406547,0.04863086596154652,1283.6896889520647,285.94537001994337,0.017675952614377523,10018.92967406547,0.04863086596154652,1306.626709664439,306.00731524012224,0.017798341453280346
E3_E1_016_s10,na_qae_final,max_angle,HA0100_0018,1.17,0.036,1.178,0.04,0.64,0.014,0.642,0.014,4.53,0.86,10.5,178.0,120015001.0,10,120094191,0,7422.71344199,True,13201,0.05000000000001137,27678.66206808328,0.135954370386184,1339.0534607568422,460.53545287244896,0.049385664109261644,24675.884238874653,0.12347261867096093,1291.3031386853756,408.33457057137804,0.043003654723091214,10156.962918874591,0.04928184984958134,1293.0837712204952,296.0379375135473,0.01793392873600898,10156.962918874591,0.04928184984958134,1309.3679434150863,306.61409608072705,0.01793392873600898
E3_E1_016_s11,na_qae_final,max_angle,HA0100_0018,1.17,0.036,1.178,0.04,0.64,0.014,0.642,0.014,4.53,0.86,10.5,178.0,120015001.0,11,120102110,0,7009.166767044,True,13201,0.05000000000001137,27832.51142322222,0.13651983434227236,1320.3184399628954,456.23716871069286,0.05039886805102858,24912.4243446424,0.12481365115744732,1304.1214121856315,420.5042576980389,0.04387701833046743,10161.490147303351,0.04928530589430403,1309.9166086430018,317.57741018079656,0.01815537879274088,10161.490147303351,0.04928530589430403,1320.7544713841194,317.57741018079656,0.01815537879274088
E3_E1_016_s12,na_qae_final,max_angle,HA0100_0018,1.17,0.036,1.178,0.04,0.64,0.014,0.642,0.014,4.53,0.86,10.5,178.0,120015001.0,12,120110029,0,9526.628041184,True,13201,0.05000000000001137,27655.600718925674,0.13584271668810644,1346.8744454925868,461.22738118296814,0.04903416768699723,24627.827727029147,0.12327234403074488,1314.3407475367744,406.2754333358345,0.043097749294941284,10243.213335849467,0.049691593045009266,1294.9496904218172,280.4273358000719,0.017569322596385543,10243.213335849467,0.049691593045009266,1312.1506129360193,313.8759755298156,0.018007118914971254
E3_E1_016_s13,na_qae_final,max_angle,HA0100_0018,1.17,0.036,1.178,0.04,0.64,0.014,0.642,0.014,4.53,0.86,10.5,178.0,120015001.0,13,120117948,0,10691.589855349,True,13201,0.05000000000001137,27813.667342493565,0.13653844098877418,1333.0280095706744,458.72536408721186,0.04982781367117159,24869.085594122847,0.12448367132558934,1300.5117445416956,408.9307731936435,0.04330284685298131,10057.806030823107,0.04879642474899097,1289.6252672579078,279.04389405757064,0.017607278985208495,10057.806030823107,0.04879642474899097,1302.994150702124,306.99579249818146,0.01791965347285209
E3_E1_016_s14,na_qae_final,max_angle,HA0100_0018,1.17,0.036,1.178,0.04,0.64,0.014,0.642,0.014,4.53,0.86,10.5,178.0,120015001.0,14,120125867,0,6976.704210952001,True,13201,0.05000000000001137,28138.73450744486,0.13793690016513036,1325.5254056455087,453.0461089806666,0.050396032010017175,25102.4349913085,0.12601636620224982,1303.3065213101602,420.32315733391675,0.04313624999071866,10262.986903679275,0.049810178333141115,1280.9520680235548,277.65287787385677,0.01751050217043421,10262.986903679275,0.049810178333141115,1310.4059369794816,312.38718091526323,0.018019280917428805
E3_E1_016_s15,na_qae_final,max_angle,HA0100_0018,1.17,0.036,1.178,0.04,0.64,0.014,0.642,0.014,4.53,0.86,10.5,178.0,120015001.0,15,120133786,0,7310.9344910909995,True,13201,0.05000000000001137,27671.933008406024,0.1359406046693042,1338.7894076824468,461.1621049000705,0.049532241915392364,24729.086622479994,0.12368434314398716,1292.7952525808255,410.6592336266794,0.0431889437232809,10276.357063401136,0.04986862403513033,1280.4918212603673,274.07782733203146,0.017675595557538275,10276.357063401136,0.04986862403513033,1314.7498811717596,311.7203897767332,0.017974481163821714
E3_E1_016_s16,na_qae_final,max_angle,HA0100_0018,1.17,0.036,1.178,0.04,0.64,0.014,0.642,0.014,4.53,0.86,10.5,178.0,120015001.0,16,120141705,0,7311.507476798,True,13201,0.05000000000001137,27753.602553878747,0.13621869743530965,1340.7716436511114,457.798051282208,0.049780421505675666,24769.42618180121,0.1240901749591965,1301.5807453902253,419.49468464375485,0.043300112034727486,10213.785405840868,0.04957666538909851,1285.3568124564217,286.63483646252956,0.018170827364775682,10213.785405840868,0.04957666538909851,1306.7442417518487,311.9173434371611,0.018170827364775682
E3_E1_016_s17,na_qae_final,max_angle,HA0100_0018,1.17,0.036,1.178,0.04,0.64,0.014,0.642,0.014,4.53,0.86,10.5,178.0,120015001.0,17,120149624,0,7573.581810461999,True,13201,0.05000000000001137,28005.313149837046,0.1373010046884845,1323.6754855361175,454.41274228479165,0.050460175281148094,25046.498643850926,0.1256301628525908,1310.3267596150406,413.26961178492775,0.0436365260330378,10184.878244431236,0.04941834715475909,1290.931470810741,295.52512082137855,0.01769549369950435,10184.878244431236,0.04941834715475909,1308.1868367142247,316.222266903643,0.01770665889021869
E3_E1_016_s18,na_qae_final,max_angle,HA0100_0018,1.17,0.036,1.178,0.04,0.64,0.014,0.642,0.014,4.53,0.86,10.5,178.0,120015001.0,18,120157543,0,6935.726382443,True,13201,0.05000000000001137,28208.649390750685,0.13815592109219907,1346.8774176617646,451.78744841451146,0.0504065306135518,25127.774688798032,0.12637755201047,1326.8140858430384,444.2724305530706,0.042964777474963564,10080.798243109168,0.04890785633499088,1293.408406071898,293.85750586335166,0.01731255587853187,10080.798243109168,0.04890785633499088,1305.284457265402,304.151906631781,0.017779226039484643
E3_E1_016_s19,na_qae_final,max_angle,HA0100_0018,1.17,0.036,1.178,0.04,0.64,0.014,0.642,0.014,4.53,0.86,10.5,178.0,120015001.0,19,120165462,0,10145.765232837999,True,13201,0.05000000000001137,28008.809639981246,0.1373697129702693,1333.4612061213631,455.1303431467344,0.05007606419681567,24991.367990078477,0.12537277529204183,1298.4825997125843,420.39383460371386,0.04298575073004408,10163.391265757666,0.04934359505020104,1291.789400517663,304.5805656391081,0.01792749106785011,10163.391265757666,0.04934359505020104,1310.5568386118,312.0457293396415,0.01792749106785011
E3_E1_016_s2,na_qae_final,max_angle,HA0100_0018,1.17,0.036,1.178,0.04,0.64,0.014,0.642,0.014,4.53,0.86,10.5,178.0,120015001.0,2,120030839,0,7032.678953211,True,13201,0.05000000000001137,27904.97974569463,0.13688810716488106,1329.4842251448042,456.1973171272209,0.05005966709684843,24920.65347924024,0.12493645214372245,1304.857053322007,413.01603775305864,0.04331579332683495,10100.437094245577,0.049023015458837645,1293.218697209677,294.6853445469604,0.017367404351008434,10100.437094245577,0.049023015458837645,1307.8948033137674,307.8010298596854,0.017884341607748898
E3_E1_016_s20,na_qae_final,max_angle,HA0100_0018,1.17,0.036,1.178,0.04,0.64,0.014,0.642,0.014,4.53,0.86,10.5,178.0,120015001.0,20,120173381,0,6907.652789432,True,13201,0.05000000000001137,27893.2698689076,0.1368768018429894,1333.8500661798928,456.4214562456306,0.04988537318412424,24882.87866411744,0.12469396304215791,1307.643484114536,418.0033411109039,0.0430320721536443,9939.704307643126,0.04819851131973347,1282.156161124178,289.47018953862715,0.017246665662268037,9939.704307643126,0.04819851131973347,1310.8102754381146,304.11234641362904,0.017854956915191254
E3_E1_016_s21,na_qae_final,max_angle,HA0100_0018,1.17,0.036,1.178,0.04,0.64,0.014,0.642,0.014,4.53,0.86,10.5,178.0,120015001.0,21,120181300,0,7329.845044038,True,13201,0.05000000000001137,28176.541827831108,0.13809889920131393,1310.2061996641837,452.3655241858572,0.05080937113959925,25210.584397884675,0.1264651725706027,1303.3170231750896,411.1096611470347,0.04366319200539652,10006.640578725703,0.04854524331391082,1291.9722422362306,297.3488936388871,0.017250795892791257,10006.640578725703,0.04854524331391082,1308.770200876623,305.0387709669537,0.0179485768041222
E3_E1_016_s22,na_qae_final,max_angle,HA0100_0018,1.17,0.036,1.178,0.04,0.64,0.014,0.642,0.014,4.53,0.86,10.5,178.0,120015001.0,22,120189219,0,7141.688542887,True,13201,0.05000000000001137,27652.920949407973,0.13578095951453992,1337.1636502635463,460.5548940760553,0.04922623159523688,24623.253187781196,0.12333437825360918,1297.4456521783468,409.2010244446577,0.04279139949365154,10197.613689557542,0.04947353434587896,1292.3501718658315,296.29967283930637,0.017797706325037313,10197.613689557542,0.04947353434587896,1306.6922949839475,301.6901553147802,0.017900438291124164
E3_E1_016_s23,na_qae_final,max_angle,HA0100_0018,1.17,0.036,1.178,0.04,0.64,0.014,0.642,0.014,4.53,0.86,10.5,178.0,120015001.0,23,120197138,0,7021.650482153,True,13201,0.05000000000001137,27965.425066302905,0.1371591821709644,1358.4118809195934,456.111606850439,0.04937229354045669,24844.257714687,0.12473678508066649,1300.9484521435872,431.42694360100637,0.042429180593505054,10349.677686508405,0.05024972389126797,1288.1062911071986,292.3969573221244,0.018051214044724564,10349.677686508405,0.05024972389126797,1308.1639718083343,306.8216632816113,0.018051214044724564
E3_E1_016_s24,na_qae_final,max_angle,HA0100_0018,1.17,0.036,1.178,0.04,0.64,0.014,0.642,0.014,4.53,0.86,10.5,178.0,120015001.0,24,120205057,0,7084.408508443,True,13201,0.05000000000001137,28143.75978352927,0.13794815513790915,1341.8690931673525,452.8016869650951,0.05032671127325635,25097.76123996994,0.12602478282020804,1317.6166592005602,438.6966932156216,0.043139152863565094,10143.395741055821,0.04926752001531418,1299.8571349586207,292.24757398610257,0.017646819125437554,10143.395741055821,0.04926752001531418,1309.006407783972,312.50493064780215,0.017873613110050486
E3_E1_016_s25,na_qae_final,max_angle,HA0100_0018,1.17,0.036,1.178,0.04,0.64,0.014,0.642,0.014,4.53,0.86,10.5,178.0,120015001.0,25,120212976,0,7562.183004812,True,13201,0.05000000000001137,27948.493745640117,0.13709491786238878,1318.1927526834777,455.1709141022674,0.0504602933648076,24986.963143418558,0.12525988576722993,1305.4187093953437,413.0175468453643,0.04379081125743413,10255.484530811727,0.04975145142611957,1287.9959191419982,290.4661965792009,0.017417680220849323,10255.484530811727,0.04975145142611957,1309.6595695944275,312.82996874521587,0.017841820818305872
E3_E1_016_s26,na_qae_final,max_angle,HA0100_0018,1.17,0.036,1.178,0.04,0.64,0.014,0.642,0.014,4.53,0.86,10.5,178.0,120015001.0,26,120220895,0,7137.818834764999,True,13201,0.05000000000001137,27859.103272764827,0.1366339187430995,1316.6430906561682,455.57307994649796,0.050446476761591204,24918.48994853315,0.12489165353475801,1308.7536167512642,410.5598407772159,0.04388353279781326,9958.653971077338,0.048289177554709635,1301.9972800835267,295.30119465046107,0.0174909578588342,9958.653971077338,0.048289177554709635,1302.7220304662126,308.014258004621,0.017710263098554772
E3_E1_016_s27,na_qae_final,max_angle,HA0100_0018,1.17,0.036,1.178,0.04,0.64,0.014,0.642,0.014,4.53,0.86,10.5,178.0,120015001.0,27,120228814,0,7440.4571227510005,True,13201,0.05000000000001137,28124.098550312054,0.1378695508254431,1338.392944787518,453.40201869903444,0.050213325491102086,25076.054400505916,0.12586408710632147,1307.12739776387,437.2933983536632,0.04298064247065521,9995.071390411762,0.048531294991393054,1289.5757398422004,293.27070662560305,0.017972283183031384,9995.071390411762,0.048531294991393054,1301.4722838769396,304.1116017811618,0.017972283183031384
E3_E1_016_s28,na_qae_final,max_angle,HA0100_0018,1.17,0.036,1.178,0.04,0.64,0.014,0.642,0.014,4.53,0.86,10.5,178.0,120015001.0,28,120236733,0,7575.283305105,True,13201,0.05000000000001137,27975.59631972198,0.13721069226408272,1321.8799448436287,455.1318161386264,0.05021549629936149,24973.393898776227,0.12525315328577075,1294.9168415959969,410.3795466416915,0.04324813605765378,10277.097061389437,0.049875924548277946,1282.6670586316964,290.3554891978748,0.01761288221953379,10277.097061389437,0.049875924548277946,1319.8684872575398,315.97304428241586,0.01808202745883245
E3_E1_016_s29,na_qae_final,max_angle,HA0100_0018,1.17,0.036,1.178,0.04,0.64,0.014,0.642,0.014,4.53,0.86,10.5,178.0,120015001.0,29,120244652,0,7167.314832685,True,13201,0.05000000000001137,27658.018673064493,0.13580370680722237,1336.7106407589756,460.22044478776877,0.0495330797865808,24697.821873729572,0.12359926687814994,1286.269973312173,410.91234342694963,0.043140261277015965,10080.52084891952,0.04888153132862421,1278.8192443720654,277.5195451168773,0.017408325615687302,10080.52084891952,0.04888153132862421,1306.3028599680058,303.62143630685597,0.0178499347890454
E3_E1_016_s3,na_qae_final,max_angle,HA0100_0018,1.17,0.036,1.178,0.04,0.64,0.014,0.642,0.014,4.53,0.86,10.5,178.0,120015001.0,3,120038758,0,6985.922103765,True,13201,0.05000000000001137,27598.52751498634,0.13558653623251454,1356.8971435795074,462.1844997879562,0.049114638322569,24622.870090168803,0.12321849333908161,1288.4447148892325,423.0886602809884,0.04280002870372508,9993.568018874965,0.04845856705754241,1296.1512551834169,291.2111676257506,0.017717905614595554,9993.568018874965,0.04845856705754241,1309.4245393316405,305.99501309549544,0.017863995506056645
E3_E1_016_s30,na_qae_final,max_angle,HA0100_0018,1.17,0.036,1.178,0.04,0.64,0.014,0.642,0.014,4.53,0.86,10.5,178.0,120015001.0,30,120352571,0,5380.877019152999,True,13201,0.05000000000001137,27806.611530945564,0.136486567872064,1354.3771885495423,458.350632262723,0.04960801492098402,24812.259073141224,0.12426080758883047,1312.9580034985324,449.73397671554574,0.04302185834565683,10039.090169917008,0.048666081515204816,1305.1085416134267,310.12977293489575,0.017413695009488177,10039.090169917008,0.048666081515204816,1305.1085416134267,310.12977293489575,0.017825222626795784
E3_E1_016_s31,na_qae_final,max_angle,HA0100_0018,1.17,0.036,1.178,0.04,0.64,0.014,0.642,0.014,4.53,0.86,10.5,178.0,120015001.0,31,120360490,0,11169.313748548,True,13201,0.05000000000001137,27725.68676444959,0.13611503891873802,1328.7402952340692,459.5651758347159,0.049873398373541364,24794.59430239769,0.1240900570890787,1296.9364860648038,409.6137310449145,0.043664057325251394,10126.895620208912,0.04913423834002704,1289.0928166484043,286.91302740137223,0.017252338930131467,10126.895620208912,0.04913423834002704,1310.765599093711,316.033484799461,0.017808740603443868
E3_E1_016_s32,na_qae_final,max_angle,HA0100_0018,1.17,0.036,1.178,0.04,0.64,0.014,0.642,0.014,4.53,0.86,10.5,178.0,120015001.0,32,120368409,0,7101.622718259,True,13201,0.05000000000001137,28039.72252178279,0.13745205574320007,1324.3998441615463,454.1048036223258,0.05017229532387665,24987.427055290478,0.12548118737549352,1303.4335025885655,410.1047198402422,0.04302749912063234,10074.28434175787,0.048901078245000215,1286.262733913201,291.85859362361646,0.017600306009382033,10074.28434175787,0.048901078245000215,1306.264028498948,303.8275318959529,0.01780734031686812
E3_E1_016_s33,na_qae_final,max_angle,HA0100_0018,1.17,0.036,1.178,0.04,0.64,0.014,0.642,0.014,4.53,0.86,10.5,178.0,120015001.0,33,120376328,0,6895.813386605,True,13201,0.05000000000001137,27831.671588156212,0.13655627410780385,1326.2714637889082,457.28128358455064,0.04980596351613681,24814.47207444179,0.12439968375749802,1303.7345376121848,412.3509822123357,0.04312279110923887,10191.71947331754,0.04944410202922249,1281.7683299559299,284.9942369283864,0.017773923109214607,10191.71947331754,0.04944410202922249,1305.9539408309063,302.2155809428821,0.017823285549375723
E3_E1_016_s34,na_qae_final,max_angle,HA0100_0018,1.17,0.036,1.178,0.04,0.64,0.014,0.642,0.014,4.53,0.86,10.5,178.0,120015001.0,34,120384247,0,7034.493087659,True,13201,0.05000000000001137,27820.341790031074,0.13654233807812996,1326.15502254116,458.4945827050755,0.05006195109129307,24905.65215833466,0.12467219634687475,1308.662732274149,407.35400604721275,0.04366740077777641,10046.10696728512,0.048761035580126316,1290.4050536666791,292.3596613762534,0.017742806613189402,10046.10696728512,0.048761035580126316,1301.2576891039776,302.17431109870626,0.017982023499415085
E3_E1_016_s35,na_qae_final,max_angle,HA0100_0018,1.17,0.036,1.178,0.04,0.64,0.014,0.642,0.014,4.53,0.86,10.5,178.0,120015001.0,35,120392166,0,7074.428676438,True,13201,0.05000000000001137,27821.39679727796,0.13654712304705144,1343.6364956155585,457.6358233325482,0.049758606929543835,24830.28980791116,0.12440923702203097,1299.852833581884,417.59539885385607,0.043134839043733254,10280.34186388342,0.049886720740082886,1286.44551025827,294.5268733654216,0.01799453277394866,10280.34186388342,0.049886720740082886,1310.761031847229,305.3449224189762,0.01803861775155805
E3_E1_016_s36,na_qae_final,max_angle,HA0100_0018,1.17,0.036,1.178,0.04,0.64,0.014,0.642,0.014,4.53,0.86,10.5,178.0,120015001.0,36,120400085,0,6957.611207492,True,13201,0.05000000000001137,27855.446043316504,0.13668461802409276,1337.713124746702,457.16037382895445,0.049914475753883726,24886.442833805388,0.12467912288661258,1299.5258566283153,416.68346067460305,0.043280565582751916,10198.27777292948,0.04952030375608041,1290.7314681435143,281.42866427137363,0.017731138910291103,10198.27777292948,0.04952030375608041,1309.7403840131328,304.0531482058673,0.017956364255607305
E3_E1_016_s37,na_qae_final,max_angle,HA0100_0018,1.17,0.036,1.178,0.04,0.64,0.014,0.642,0.014,4.53,0.86,10.5,178.0,120015001.0,37,120408004,0,4997.616589777,True,13201,0.05000000000001137,28315.55098111026,0.13867918345545532,1323.6471127616137,450.26577733203294,0.05095160558160122,25273.63567599665,0.12707168071258879,1317.8434810309996,438.5333193147852,0.04335635982802864,9901.821686641937,0.04789089349928524,1288.3446791163028,289.1393386835709,0.017512175198944196,9901.821686641937,0.04789089349928524,1312.670158237701,301.52688713415114,0.017928722338394765
E3_E1_016_s38,na_qae_final,max_angle,HA0100_0018,1.17,0.036,1.178,0.04,0.64,0.014,0.642,0.014,4.53,0.86,10.5,178.0,120015001.0,38,120415923,0,8482.207398271,True,13201,0.05000000000001137,28157.383465286803,0.13798103957857918,1334.2202761290664,451.953792062963,0.05055379384810701,25130.6600780597,0.12615546956379362,1317.2530215113313,441.46299251502023,0.04337290501769818,10052.882136666027,0.04879981270082334,1285.5437206982397,285.47340638279627,0.01807911868388152,10052.882136666027,0.04879981270082334,1305.0948280247108,310.3028868860062,0.01807911868388152
E3_E1_016_s39,na_qae_final,max_angle,HA0100_0018,1.17,0.036,1.178,0.04,0.64,0.014,0.642,0.014,4.53,0.86,10.5,178.0,120015001.0,39,120423842,0,7337.675999325,True,13201,0.05000000000001137,28035.694608293186,0.13745826529856958,1336.0513181995302,454.4753656111774,0.050061110512303865,24981.425589901686,0.1254560095126947,1307.6504713936602,417.11065031487124,0.04298937912808987,10018.604181247143,0.04859138149342061,1283.472118833904,278.9796912869388,0.017593088317627955,10018.604181247143,0.04859138149342061,1305.1439999495353,303.0136575479832,0.017957802476607998
E3_E1_016_s4,na_qae_final,max_angle,HA0100_0018,1.17,0.036,1.178,0.04,0.64,0.014,0.642,0.014,4.53,0.86,10.5,178.0,120015001.0,4,120046677,0,6923.382531289,True,13201,0.05000000000001137,28065.929592333607,0.13760140072668114,1335.1630308789574,454.15118893210206,0.05005694830563482,25019.021108362223,0.12557885618252382,1300.1448661204859,418.892167383244,0.04283146230149961,10294.412509261461,0.049932130752458996,1306.2090794006033,302.40100804255655,0.017712227618570418,10294.412509261461,0.049932130752458996,1306.2090794006033,307.61727064471097,0.0178451336221838
E3_E1_016_s40,na_qae_final,max_angle,HA0100_0018,1.17,0.036,1.178,0.04,0.64,0.014,0.642,0.014,4.53,0.86,10.5,178.0,120015001.0,40,120431761,0,8506.577008415,True,13201,0.05000000000001137,28072.462005978705,0.13756951495615324,1341.7493448037603,452.81585806456394,0.05035488513272293,25030.150377710266,0.12570935074821005,1323.7092622216328,431.66332237041354,0.04334388207358603,9991.90547445591,0.04846495206353207,1300.528684423712,323.2773687044673,0.017842951078393857,9991.90547445591,0.04846495206353207,1305.1921455028705,323.2773687044673,0.0178489368109727
E3_E1_016_s41,na_qae_final,max_angle,HA0100_0018,1.17,0.036,1.178,0.04,0.64,0.014,0.642,0.014,4.53,0.86,10.5,178.0,120015001.0,41,120439680,0,9915.679000117001,True,13201,0.05000000000001137,27927.675536660845,0.13699375484422005,1334.7491994441891,456.09124066033877,0.050046519625198335,24943.95978045731,0.12507264751900274,1302.0582805685901,420.4108327705131,0.04324422005650635,10168.48770326651,0.04935531643607121,1284.1086733907066,284.74153163012414,0.017249504466386137,10168.48770326651,0.04935531643607121,1308.4739258143582,313.49289158862433,0.017867429153930338
E3_E1_016_s42,na_qae_final,max_angle,HA0100_0018,1.17,0.036,1.178,0.04,0.64,0.014,0.642,0.014,4.53,0.86,10.5,178.0,120015001.0,42,120447599,0,7368.691655503,True,13201,0.05000000000001137,27748.38156826084,0.13626810456660288,1338.5170414791442,460.0941438013899,0.04952722458859783,24784.97376308933,0.12405681173991553,1300.4256676857572,406.613095398623,0.043037923005493604,10095.536147459723,0.04897017049524847,1288.586166813908,287.341642523458,0.017393555967636774,10095.536147459723,0.04897017049524847,1302.971220047095,311.70566257910934,0.01789748088536057
E3_E1_016_s43,na_qae_final,max_angle,HA0100_0018,1.17,0.036,1.178,0.04,0.64,0.014,0.642,0.014,4.53,0.86,10.5,178.0,120015001.0,43,120455518,0,9967.180157779001,True,13201,0.05000000000001137,27717.338533160364,0.136038218532608,1312.556706727532,459.08936199761024,0.0501932721625566,24820.035740819683,0.12417848680060924,1305.9558218835925,413.03598104279985,0.04401768289457974,10125.54213471119,0.04910695185954439,1285.9184217245522,292.80965888721533,0.017413441838021036,10125.54213471119,0.04910695185954439,1309.0991477629073,302.1068003859824,0.01794212131629697
E3_E1_016_s44,na_qae_final,max_angle,HA0100_0018,1.17,0.036,1.178,0.04,0.64,0.014,0.642,0.014,4.53,0.86,10.5,178.0,120015001.0,44,120463437,0,8702.31777484,True,13201,0.05000000000001137,27954.736770892403,0.13710475729437757,1331.1298783651782,455.37636830864767,0.050094662732449835,24953.330074072943,0.12513462528322322,1299.8544623323153,415.7856820029125,0.043202878396267776,10102.049514195432,0.04902327833295993,1293.7578477446405,289.2881829799873,0.017415065143293034,10102.049514195432,0.04902327833295993,1312.4895100973686,306.1245251880679,0.017838754413340915
E3_E1_016_s45,na_qae_final,max_angle,HA0100_0018,1.17,0.036,1.178,0.04,0.64,0.014,0.642,0.014,4.53,0.86,10.5,178.0,120015001.0,45,120471356,0,7196.006239575,True,13201,0.05000000000001137,27909.64801853706,0.13697157067183363,1326.422768856696,457.2739329536669,0.049963504684515575,24912.33877329325,0.12481872997417515,1295.8752207416078,409.1049258105637,0.043251260948728144,10315.403026116788,0.0500292724769448,1297.258714280341,305.1230339296777,0.017828296035495603,10315.403026116788,0.0500292724769448,1312.6391542828874,305.1230339296777,0.017828296035495603
E3_E1_016_s46,na_qae_final,max_angle,HA0100_0018,1.17,0.036,1.178,0.04,0.64,0.014,0.642,0.014,4.53,0.86,10.5,178.0,120015001.0,46,120479275,0,7155.247497509,True,13201,0.05000000000001137,28209.158039136022,0.1382373239912273,1344.7209026511123,452.1580171742828,0.050309779941453935,25136.718487225222,0.12629895758725604,1316.8034534672267,441.0861865863645,0.04288198856938262,10206.908835811897,0.049547409556349564,1280.8952247516872,282.70078196777416,0.01758960540342757,10206.908835811897,0.049547409556349564,1317.7078210114241,319.75920164464674,0.017815238022498025
E3_E1_016_s47,na_qae_final,max_angle,HA0100_0018,1.17,0.036,1.178,0.04,0.64,0.014,0.642,0.014,4.53,0.86,10.5,178.0,120015001.0,47,120487194,0,8385.842068819,True,13201,0.05000000000001137,27553.05788163454,0.13531190896557782,1321.0796008095,462.1302805060333,0.049611306855833905,24643.42718634652,0.1232541500350648,1304.1095165849517,408.80949915158175,0.04356018160993911,10192.567388268033,0.04943972723650148,1297.2193651071116,301.5519247456323,0.017559878970189985,10192.567388268033,0.04943972723650148,1310.1400491469838,318.43271047889067,0.017915532854675523
E3_E1_016_s48,na_qae_final,max_angle,HA0100_0018,1.17,0.036,1.178,0.04,0.64,0.014,0.642,0.014,4.53,0.86,10.5,178.0,120015001.0,48,120495113,0,10481.035263442,True,13201,0.05000000000001137,27708.466016902523,0.1360682411645023,1340.0042508442416,459.8259246485374,0.04960883753649121,24735.13169494467,0.12378747729532047,1298.2041217051658,419.58503416507364,0.04324701862614986,9969.360029585761,0.048369955079352024,1296.7005943320967,313.5580684233992,0.01766660441254725,9969.360029585761,0.048369955079352024,1313.2254494963504,313.5580684233992,0.017854864049723442
E3_E1_016_s49,na_qae_final,max_angle,HA0100_0018,1.17,0.036,1.178,0.04,0.64,0.014,0.642,0.014,4.53,0.86,10.5,178.0,120015001.0,49,120503032,0,6950.477859519,True,13201,0.05000000000001137,27986.567525207913,0.13724474867225264,1333.459173527238,454.90252829217195,0.050193129449806376,24984.14127229728,0.12531396858931573,1305.8803140108232,422.87677734768056,0.04330636026085444,10219.23778487116,0.04960990293964621,1296.676816600711,294.07773603925,0.01757307576258126,10219.23778487116,0.04960990293964621,1307.3050393119256,315.19700594087846,0.017970537308176725
E3_E1_016_s5,na_qae_final,max_angle,HA0100_0018,1.17,0.036,1.178,0.04,0.64,0.014,0.642,0.014,4.53,0.86,10.5,178.0,120015001.0,5,120054596,0,7047.7490346390005,True,13201,0.05000000000001137,27887.997503128976,0.1368669341332348,1345.0699544236918,457.3806383127375,0.04960610835287856,24853.638724199285,0.12454798474006452,1293.9483239685721,424.45066706399183,0.04290257736871526,9928.657142536824,0.048159595154814674,1288.8182588573482,292.1135909555693,0.017904241132035193,9928.657142536824,0.048159595154814674,1305.1608001967302,306.87749761766287,0.018066683966084317
E3_E1_016_s50,na_qae_final,max_angle,HA0100_0018,1.17,0.036,1.178,0.04,0.64,0.014,0.642,0.014,4.53,0.86,10.5,178.0,120015001.0,50,120510951,0,8699.289829489,True,13201,0.05000000000001137,27481.03972216868,0.13505838597552006,1330.2797494267636,464.27234344072,0.04911862656476819,24527.91638292614,0.12254421040349796,1304.934953150875,407.7890217193802,0.04313706859338094,10094.775458751243,0.048962270252746375,1284.7008415444366,279.92309870057807,0.017492437774286804,10094.775458751243,0.048962270252746375,1306.6076408187944,308.0628786244738,0.01773768580786001
E3_E1_016_s51,na_qae_final,max_angle,HA0100_0018,1.17,0.036,1.178,0.04,0.64,0.014,0.642,0.014,4.53,0.86,10.5,178.0,120015001.0,51,120518870,0,7048.468598679,True,13201,0.05000000000001137,27911.783908619727,0.13695866276043733,1333.734114181384,456.40123420214417,0.04981810105378372,24878.723904105005,0.12474969962167348,1291.4696646828847,408.79986838351607,0.04291683717008479,10258.898865119434,0.04979244690469151,1300.9884465553025,303.9927630849159,0.01827332767889357,10258.898865119434,0.04979244690469151,1308.3436288042367,303.9927630849159,0.01827332767889357
E3_E1_016_s52,na_qae_final,max_angle,HA0100_0018,1.17,0.036,1.178,0.04,0.64,0.014,0.642,0.014,4.53,0.86,10.5,178.0,120015001.0,52,120526789,0,8658.485541301,True,13201,0.05000000000001137,27622.321870719945,0.1355902059366894,1317.9380618753682,460.3058950625159,0.049839839163295103,24692.457644805607,0.12356249467654447,1304.008291365773,411.99881106882117,0.04375503296338682,10236.540020903143,0.04966149376916485,1290.9235760085596,293.38000955217194,0.01817586006455826,10236.540020903143,0.04966149376916485,1311.1800881339775,303.5077579633504,0.01817586006455826
E3_E1_016_s53,na_qae_final,max_angle,HA0100_0018,1.17,0.036,1.178,0.04,0.64,0.014,0.642,0.014,4.53,0.86,10.5,178.0,120015001.0,53,120534708,0,7012.072447022,True,13201,0.05000000000001137,27951.926775818345,0.13707526554218402,1327.5582796050503,455.09572538003334,0.05036567150099672,25005.31732675362,0.12535051950974666,1307.2477350007025,420.9836470584728,0.043607556698092076,10126.43117784001,0.04915232632375523,1297.2794457461277,301.453427010759,0.01759480029348752,10126.43117784001,0.04915232632375523,1311.2825816691486,307.922769683907,0.017919486069031685
E3_E1_016_s54,na_qae_final,max_angle,HA0100_0018,1.17,0.036,1.178,0.04,0.64,0.014,0.642,0.014,4.53,0.86,10.5,178.0,120015001.0,54,120542627,0,6870.615866794,True,13201,0.05000000000001137,27868.537435541675,0.13675152705383298,1344.6969969787967,456.84663602692746,0.0496927282455549,24823.33688727685,0.12448989268125481,1298.0033621428483,423.39955470972234,0.042868787044662134,10037.56623121182,0.048693560736385755,1315.8483972685317,304.8325333649128,0.01749022878018892,10037.56623121182,0.048693560736385755,1315.8483972685317,309.24714179827686,0.017903826500178844
E3_E1_016_s55,na_qae_final,max_angle,HA0100_0018,1.17,0.036,1.178,0.04,0.64,0.014,0.642,0.014,4.53,0.86,10.5,178.0,120015001.0,55,120550546,0,7139.890476674,True,13201,0.05000000000001137,27886.88943866467,0.13676333758706263,1320.7825040747082,455.6543233681441,0.05037762575420614,24941.1701875442,0.12504332935188525,1306.909931889681,415.103143656694,0.04379090732067838,9966.743232617506,0.04838128646729139,1279.276340664894,284.97112268433614,0.01758880604270809,9966.743232617506,0.04838128646729139,1305.8961346557662,311.60885343894427,0.017880920880246516
E3_E1_016_s56,na_qae_final,max_angle,HA0100_0018,1.17,0.036,1.178,0.04,0.64,0.014,0.642,0.014,4.53,0.86,10.5,178.0,120015001.0,56,120558465,0,8361.41231245,True,13201,0.05000000000001137,27991.56397775236,0.13723942436777523,1326.95482694238,454.81524421881306,0.05022023531793137,24990.99123005403,0.12538075800606927,1308.2982882862775,415.34620715903725,0.04324972639444486,10311.715719242507,0.05007252920094848,1281.796532189337,286.89323583675855,0.01765602807072918,10311.715719242507,0.05007252920094848,1304.5727774132695,299.47548795677375,0.01788846413794523
E3_E1_016_s57,na_qae_final,max_angle,HA0100_0018,1.17,0.036,1.178,0.04,0.64,0.014,0.642,0.014,4.53,0.86,10.5,178.0,120015001.0,57,120566384,0,7078.329631144,True,13201,0.05000000000001137,27839.693675240535,0.13663628033642886,1339.9019002269304,457.55903705724296,0.049513045958002044,24787.95062133964,0.12425943685847342,1300.648792521945,408.63767911709334,0.042862089814868436,10145.605935385285,0.04920904736547429,1288.865257801862,299.4157333346117,0.017606080455693302,10145.605935385285,0.04920904736547429,1320.2958231698,309.55363133930507,0.018587148939141023
E3_E1_016_s58,na_qae_final,max_angle,HA0100_0018,1.17,0.036,1.178,0.04,0.64,0.014,0.642,0.014,4.53,0.86,10.5,178.0,120015001.0,58,120574303,0,6926.983521620001,True,13201,0.05000000000001137,27999.505118274345,0.13730928463461642,1334.7611634104621,454.8036488777685,0.050132338775768316,24964.13829200266,0.12525063413167786,1308.3142565316557,422.6600988047327,0.043308695088863015,10074.291403067207,0.048883134907853766,1297.5493892971938,299.2954681660656,0.017365733238286076,10074.291403067207,0.048883134907853766,1307.9861013891973,309.07080807341845,0.01795083598577783
E3_E1_016_s59,na_qae_final,max_angle,HA0100_0018,1.17,0.036,1.178,0.04,0.64,0.014,0.642,0.014,4.53,0.86,10.5,178.0,120015001.0,59,120582222,0,7097.2151762,True,13201,0.05000000000001137,28041.088581890708,0.13748396002705932,1325.88722048826,453.60861195593907,0.05030675259053045,25007.854861094245,0.12550882407867933,1305.8297186330433,416.1732978065633,0.0432931545720852,10092.178276706793,0.04896619182085399,1294.3691610683893,293.068417473043,0.01770461386975271,10092.178276706793,0.04896619182085399,1307.6322543955457,310.28873413092873,0.017895738681934184
E3_E1_016_s6,na_qae_final,max_angle,HA0100_0018,1.17,0.036,1.178,0.04,0.64,0.014,0.642,0.014,4.53,0.86,10.5,178.0,120015001.0,6,120062515,0,8909.902700245,True,13201,0.05000000000001137,28174.36896223263,0.13809172612236198,1321.2706134526102,452.6456656830197,0.05063646684797546,25173.632710830923,0.12635256009632248,1307.609103271343,419.9554952965508,0.04344764616586484,10192.783403033483,0.04947735998185343,1292.149217972442,288.5867971549985,0.017662148602314534,10192.783403033483,0.04947735998185343,1316.8470557413184,314.4317382851121,0.017985290337000876
E3_E1_016_s7,na_qae_final,max_angle,HA0100_0018,1.17,0.036,1.178,0.04,0.64,0.014,0.642,0.014,4.53,0.86,10.5,178.0,120015001.0,7,120070434,0,7169.332199157,True,13201,0.05000000000001137,28029.282287262577,0.137443665996178,1343.4343275821561,454.44114721044485,0.05006367351346717,25005.956462232658,0.1254871157870659,1306.793170221876,424.9402503074648,0.04292055499845973,10243.877832075948,0.049748204783772884,1284.9940866932257,278.12927716244656,0.01763456219944482,10243.877832075948,0.049748204783772884,1307.7260616823808,306.5387243143009,0.017738381648912407
E3_E1_016_s8,na_qae_final,max_angle,HA0100_0018,1.17,0.036,1.178,0.04,0.64,0.014,0.642,0.014,4.53,0.86,10.5,178.0,120015001.0,8,120078353,0,6858.102886216,True,13201,0.05000000000001137,28122.95776650339,0.13781193041091552,1339.6519273952956,452.88429721588744,0.050229689427020566,25062.073646727167,0.12591555900158988,1311.402826069449,435.20289410493837,0.04287418660590388,10114.193593639096,0.04910525092199708,1286.7668267012218,300.44277378921396,0.017611827190046767,10114.193593639096,0.04910525092199708,1310.3122482762421,305.4520665230206,0.01816086018750717
E3_E1_016_s9,na_qae_final,max_angle,HA0100_0018,1.17,0.036,1.178,0.04,0.64,0.014,0.642,0.014,4.53,0.86,10.5,178.0,120015001.0,9,120086272,0,7120.1850277369995,True,13201,0.05000000000001137,27954.231883849578,0.13704999656921962,1312.9242086806303,455.05456628258514,0.05041187251350286,24982.144965547806,0.12525652473666427,1299.4706621787536,409.78556531484736,0.04368887160803955,10223.038484240547,0.04960839116501008,1294.2805102984983,306.63380245741024,0.017863074539551816,10223.038484240547,0.04960839116501008,1314.4033072314267,306.9904558758105,0.01814523024332937
E3_E1_017_s0,near_boundary_1,harsh,HA0100_0047,1.4095561982662028,0.05407247840923874,1.3571745100123023,0.04165720101447959,0.9387998638118953,0.025245384376225186,0.6425640859016872,0.02546642481845252,21.65,3.84,7.75,2.0,729290718.0,0,729290718,0,7082.940395133,True,13201,0.05000000000001137,170505.02170522735,0.8575313618602306,3005.5156046340544,871.6308568049242,0.2278548165971273,144278.58610714937,0.7357349758199117,3005.5156046340544,871.6308568049242,0.19549973326736422,27843.821587597744,0.14959522797785932,2851.2920720553893,628.904078770055,0.03624956984179852,27843.821587597744,0.14959522797785932,3060.560567622953,848.4972518120206,0.04077822010555979
E3_E1_017_s1,near_boundary_1,harsh,HA0100_0047,1.4095561982662028,0.05407247840923874,1.3571745100123023,0.04165720101447959,0.9387998638118953,0.025245384376225186,0.6425640859016872,0.02546642481845252,21.65,3.84,7.75,2.0,729290718.0,1,729298637,0,8755.772732876001,True,13201,0.05000000000001137,169361.7080602202,0.8492706011231249,3155.4681736364364,818.8189722461349,0.22787396617984965,143799.10332516857,0.7359655915449733,3083.9168138946206,808.9530878291041,0.19399579967202538,27857.8273307327,0.14994405641781988,2926.8158284492574,700.4917197796243,0.038887536046944435,27991.23178810391,0.14994405641781988,2985.7361804841526,782.2496998797158,0.038887536046944435
E3_E1_017_s10,near_boundary_1,harsh,HA0100_0047,1.4095561982662028,0.05407247840923874,1.3571745100123023,0.04165720101447959,0.9387998638118953,0.025245384376225186,0.6425640859016872,0.02546642481845252,21.65,3.84,7.75,2.0,729290718.0,10,729369908,0,7431.913427192,True,13201,0.05000000000001137,169949.07642447916,0.853404411560183,3094.564636857619,829.802503702063,0.2295461929773725,144386.180979056,0.7374768972773842,2988.258511938785,829.802503702063,0.19664922363690882,28120.239544342785,0.150959932523438,2824.242863771679,566.4775225080834,0.03698514168280343,28120.239544342785,0.150959932523438,3009.477883635227,790.9613135471837,0.04082054388394815
E3_E1_017_s11,near_boundary_1,harsh,HA0100_0047,1.4095561982662028,0.05407247840923874,1.3571745100123023,0.04165720101447959,0.9387998638118953,0.025245384376225186,0.6425640859016872,0.02546642481845252,21.65,3.84,7.75,2.0,729290718.0,11,729377827,0,7166.207941665,True,13201,0.05000000000001137,170045.9064273655,0.8556261034099605,2962.420624524435,870.2294802510688,0.2269931223343456,143706.13162478234,0.7323147080501586,2962.420624524435,870.2294802510688,0.19560088619355714,27599.62968875963,0.14818471480415932,2843.322959745511,614.8281402940456,0.036273126190993356,27902.57813015764,0.15077291940070375,3026.324352082427,780.870133926077,0.040379579529527324
E3_E1_017_s12,near_boundary_1,harsh,HA0100_0047,1.4095561982662028,0.05407247840923874,1.3571745100123023,0.04165720101447959,0.9387998638118953,0.025245384376225186,0.6425640859016872,0.02546642481845252,21.65,3.84,7.75,2.0,729290718.0,12,729385746,0,5575.4612916490005,True,13201,0.05000000000001137,168855.99028412421,0.8463300109713354,3167.598608547585,889.6926145436012,0.22933851367483973,144347.0902854403,0.739283121937118,3043.792334043777,828.761552301929,0.19466856233598803,27945.291661901272,0.1515047944854303,2874.4975118882435,631.858936596651,0.03814793959535137,27945.291661901272,0.1515047944854303,2994.5799940824504,783.740655882145,0.04102903806362691
E3_E1_017_s13,near_boundary_1,harsh,HA0100_0047,1.4095561982662028,0.05407247840923874,1.3571745100123023,0.04165720101447959,0.9387998638118953,0.025245384376225186,0.6425640859016872,0.02546642481845252,21.65,3.84,7.75,2.0,729290718.0,13,729393665,0,8542.55967209,True,13201,0.05000000000001137,170761.30311137222,0.8582387168136074,3121.2672927799163,838.2727516658438,0.23087965299696636,144994.10522537187,0.7397148361258917,2906.697751242062,838.2727516658438,0.19817514544138895,28217.759304629504,0.15065273620625985,2854.6185485366204,566.5325101130373,0.03706607630182773,28217.759304629504,0.15161938468155253,3005.779378699853,833.7012448039394,0.03930556106419301
E3_E1_017_s14,near_boundary_1,harsh,HA0100_0047,1.4095561982662028,0.05407247840923874,1.3571745100123023,0.04165720101447959,0.9387998638118953,0.025245384376225186,0.6425640859016872,0.02546642481845252,21.65,3.84,7.75,2.0,729290718.0,14,729401584,0,9666.528756679,True,13201,0.05000000000001137,168986.59516041406,0.8473272323988661,3106.467800447254,844.7797162515476,0.22819441738740115,143962.36523969393,0.7364424772825792,3009.9500800421097,830.6590422836181,0.19450347851291336,28338.386136625744,0.15163649409091634,2826.1542890168707,576.355032677648,0.03722643443529271,28338.386136625744,0.15252688533598838,2961.537651829323,750.4090526321799,0.03908279331817773
E3_E1_017_s15,near_boundary_1,harsh,HA0100_0047,1.4095561982662028,0.05407247840923874,1.3571745100123023,0.04165720101447959,0.9387998638118953,0.025245384376225186,0.6425640859016872,0.02546642481845252,21.65,3.84,7.75,2.0,729290718.0,15,729409503,0,7020.229635127001,True,13201,0.05000000000001137,169729.78627302154,0.8518227549575798,3122.2157469069944,819.3063857660519,0.22889344774747586,144294.50235928522,0.7376094426093653,3043.9394949519456,819.3063857660519,0.19551990799913535,27968.891608059246,0.15047055626962647,2784.257665116753,561.0622614448645,0.035812765085712975,27968.891608059246,0.15047055626962647,2955.8510498243063,747.931945337596,0.0393689260022685
E3_E1_017_s16,near_boundary_1,harsh,HA0100_0047,1.4095561982662028,0.05407247840923874,1.3571745100123023,0.04165720101447959,0.9387998638118953,0.025245384376225186,0.6425640859016872,0.02546642481845252,21.65,3.84,7.75,2.0,729290718.0,16,729417422,0,7020.111740717999,True,13201,0.05000000000001137,169481.82431556983,0.8499878784295416,3112.056037633286,826.2631738472242,0.22756393719242476,144106.1728911177,0.7373440462008893,3064.9619659947584,817.224256738673,0.19334571261089292,27647.533736631198,0.14849363378093278,2786.1487405983353,543.0426314870125,0.03505694051360779,27871.651151775615,0.15149963232411645,2985.24870125275,763.992092954185,0.03886575999728097
E3_E1_017_s17,near_boundary_1,harsh,HA0100_0047,1.4095561982662028,0.05407247840923874,1.3571745100123023,0.04165720101447959,0.9387998638118953,0.025245384376225186,0.6425640859016872,0.02546642481845252,21.65,3.84,7.75,2.0,729290718.0,17,729425341,0,11320.107735996999,True,13201,0.05000000000001137,169431.2856304045,0.8504065539881303,3121.8725628312786,898.6188337522773,0.23011059896028468,144320.79942005817,0.7372014869007514,2992.4347458744687,898.6188337522773,0.19725333649909577,27692.63849220625,0.14964828548064016,2932.668028448876,735.1775780371945,0.03768352487821556,28118.89007997919,0.15037278416132624,3013.859135676734,800.0369214948969,0.03918682705369738
E3_E1_017_s18,near_boundary_1,harsh,HA0100_0047,1.4095561982662028,0.05407247840923874,1.3571745100123023,0.04165720101447959,0.9387998638118953,0.025245384376225186,0.6425640859016872,0.02546642481845252,21.65,3.84,7.75,2.0,729290718.0,18,729433260,0,7117.521938546,True,13201,0.05000000000001137,171599.13529833464,0.8659034842969897,3040.9866507695574,1021.9194538841359,0.22991900934080237,144751.79981372476,0.7351858474925844,2971.049487979703,1021.9194538841359,0.199569086713138,27928.791409634367,0.15142429244956168,2871.818740531633,673.4783611001428,0.03656121354567224,27928.791409634367,0.15142429244956168,2990.1774996730883,779.0949002918425,0.039855213474039024
E3_E1_017_s19,near_boundary_1,harsh,HA0100_0047,1.4095561982662028,0.05407247840923874,1.3571745100123023,0.04165720101447959,0.9387998638118953,0.025245384376225186,0.6425640859016872,0.02546642481845252,21.65,3.84,7.75,2.0,729290718.0,19,729441179,0,5453.855033424,True,13201,0.05000000000001137,170703.4488666497,0.8595717535311378,3167.0279763931608,888.5038277992493,0.2320552481579508,144862.11466354126,0.7372088224007616,2883.392865311469,888.5038277992493,0.20139816650218131,27785.402108147402,0.14995509558508388,2776.2317396506155,516.9908555688182,0.03648065217513206,28008.182949113776,0.14997248779977043,2957.503659371577,743.8791556359294,0.039988676444200205
E3_E1_017_s2,near_boundary_1,harsh,HA0100_0047,1.4095561982662028,0.05407247840923874,1.3571745100123023,0.04165720101447959,0.9387998638118953,0.025245384376225186,0.6425640859016872,0.02546642481845252,21.65,3.84,7.75,2.0,729290718.0,2,729306556,0,7022.774391719,True,13201,0.05000000000001137,170359.06455943338,0.8556483254549146,3111.986998923999,836.5259490203364,0.23056505362218604,144949.0809870728,0.7400526001003795,2942.1842406067713,836.5259490203364,0.19742113817807538,27571.756532097777,0.14809620035335916,2810.87772008442,526.6420269916091,0.03579494376092504,27624.069536572068,0.149818489719955,3002.8856202101497,826.1476985528195,0.039527145728733545
E3_E1_017_s20,near_boundary_1,harsh,HA0100_0047,1.4095561982662028,0.05407247840923874,1.3571745100123023,0.04165720101447959,0.9387998638118953,0.025245384376225186,0.6425640859016872,0.02546642481845252,21.65,3.84,7.75,2.0,729290718.0,20,729449098,0,7484.011187276001,True,13201,0.05000000000001137,170494.33211828402,0.857314100969532,3034.591174113448,853.8838320932693,0.22923240645553908,144491.40581367913,0.7368877484486378,2931.07271643302,853.8838320932693,0.1970780981248421,28002.483728249656,0.14992730728507955,2917.4167557238566,704.4782614761431,0.038282965169743416,28002.483728249656,0.14992730728507955,2945.1182804084706,761.8212197920814,0.03952375986828189
E3_E1_017_s21,near_boundary_1,harsh,HA0100_0047,1.4095561982662028,0.05407247840923874,1.3571745100123023,0.04165720101447959,0.9387998638118953,0.025245384376225186,0.6425640859016872,0.02546642481845252,21.65,3.84,7.75,2.0,729290718.0,21,729457017,0,10569.097064245,True,13201,0.05000000000001137,171711.68655095896,0.8655998987210343,3233.602533829046,972.9298140975377,0.23303597387504177,145215.28509984072,0.7381191533524851,2902.903562399675,972.9298140975377,0.20286666594650882,28044.90550207379,0.15036332567318908,2833.4800012824608,600.9864040772552,0.03684677921360041,28457.408517647596,0.15380861272706228,2975.169315372165,773.1868138640201,0.0397395396300857
E3_E1_017_s22,near_boundary_1,harsh,HA0100_0047,1.4095561982662028,0.05407247840923874,1.3571745100123023,0.04165720101447959,0.9387998638118953,0.025245384376225186,0.6425640859016872,0.02546642481845252,21.65,3.84,7.75,2.0,729290718.0,22,729464936,0,7049.166158894,True,13201,0.05000000000001137,170878.4011157968,0.8589863112763271,3165.178262615741,844.8332398649399,0.23155669216198652,145266.09313649434,0.7409451347960408,2898.4325236965387,844.8332398649399,0.19891669732441178,27865.817581443367,0.15038986265773477,2787.2708997561076,588.4229841833645,0.035779570052743015,27992.037476071077,0.1514658602015501,2945.4090068810797,735.6763832364294,0.03982870708251779
E3_E1_017_s23,near_boundary_1,harsh,HA0100_0047,1.4095561982662028,0.05407247840923874,1.3571745100123023,0.04165720101447959,0.9387998638118953,0.025245384376225186,0.6425640859016872,0.02546642481845252,21.65,3.84,7.75,2.0,729290718.0,23,729472855,0,5467.709902884,True,13201,0.05000000000001137,170650.23890088312,0.8594612565915083,3006.1487738359133,859.0937791313662,0.22836321924691524,144099.84454522032,0.7336481814415685,2933.0116201141973,859.0937791313662,0.1974638584622242,27942.82393037028,0.1498701661550976,2817.1493271669474,586.7177896069629,0.035870825980336384,27942.82393037028,0.1498701661550976,2958.483007751683,734.8328617523534,0.03997450899572443
E3_E1_017_s24,near_boundary_1,harsh,HA0100_0047,1.4095561982662028,0.05407247840923874,1.3571745100123023,0.04165720101447959,0.9387998638118953,0.025245384376225186,0.6425640859016872,0.02546642481845252,21.65,3.84,7.75,2.0,729290718.0,24,729480774,0,7140.103592549,True,13201,0.05000000000001137,169607.4041518916,0.8510234377594463,3144.8346012171623,822.5738203644751,0.2292041490514081,144090.18053877802,0.7368159226958697,3040.403353752657,822.5738203644751,0.19600270967278455,27741.569522178816,0.14901114456904951,2837.4220453778453,576.5144060146606,0.037614360123481475,27777.231059543235,0.15018078222686096,2987.873346087768,786.1686953468604,0.03931428791233261
E3_E1_017_s25,near_boundary_1,harsh,HA0100_0047,1.4095561982662028,0.05407247840923874,1.3571745100123023,0.04165720101447959,0.9387998638118953,0.025245384376225186,0.6425640859016872,0.02546642481845252,21.65,3.84,7.75,2.0,729290718.0,25,729488693,0,7860.669578469,True,13201,0.05000000000001137,170396.5291046153,0.8560292173737722,3104.881636298631,831.6108760799362,0.22981834051389563,144538.41776418843,0.7379522348355299,2958.289864332073,831.6108760799362,0.19727100871380535,27744.170016527536,0.1486949040452979,2839.8059830613784,601.5984255634073,0.03776650210269777,27744.170016527536,0.14890661825334217,2968.410859667811,780.083046775165,0.04045848655847996
E3_E1_017_s26,near_boundary_1,harsh,HA0100_0047,1.4095561982662028,0.05407247840923874,1.3571745100123023,0.04165720101447959,0.9387998638118953,0.025245384376225186,0.6425640859016872,0.02546642481845252,21.65,3.84,7.75,2.0,729290718.0,26,729496612,0,9595.463652712,True,13201,0.05000000000001137,169796.26114843442,0.8517797660543108,3121.517991921362,830.6926996399994,0.22946167331747142,144626.7285030682,0.7400793267075615,3028.117985435844,830.6926996399994,0.19485524908004512,27907.286588017134,0.14956635658881423,2840.7362568697345,559.4185886604649,0.03660014618716778,28023.8271722101,0.15148485483992058,2974.9296288950213,806.0191303090005,0.039486593374169876
E3_E1_017_s27,near_boundary_1,harsh,HA0100_0047,1.4095561982662028,0.05407247840923874,1.3571745100123023,0.04165720101447959,0.9387998638118953,0.025245384376225186,0.6425640859016872,0.02546642481845252,21.65,3.84,7.75,2.0,729290718.0,27,729504531,0,7114.226578338999,True,13201,0.05000000000001137,170323.4599702143,0.855511542220911,3234.3708713899787,901.1347559457668,0.23328578319465118,145208.00829289033,0.7411615822886777,2963.8527054091455,901.1347559457668,0.2006371737285069,27915.69379275549,0.1492189176873513,2847.1418577688387,569.7361236976438,0.03751980155107825,28238.40033629648,0.1530733161646903,3033.9242336852026,863.9843220108937,0.03887080944897617
E3_E1_017_s28,near_boundary_1,harsh,HA0100_0047,1.4095561982662028,0.05407247840923874,1.3571745100123023,0.04165720101447959,0.9387998638118953,0.025245384376225186,0.6425640859016872,0.02546642481845252,21.65,3.84,7.75,2.0,729290718.0,28,729512450,0,6997.746649607999,True,13201,0.05000000000001137,171074.6103020895,0.8621968897993184,3064.7090569223146,891.6586375324978,0.2294286161258708,144317.51867437732,0.734100799418073,2873.6295772940393,891.6586375324978,0.19894432213040356,27547.908472650302,0.1478756686640263,2798.9307028544845,529.0290986234255,0.035973851980443367,28367.809919473377,0.15159579485567046,2949.4020468129124,785.422495575901,0.03947979080470651
E3_E1_017_s29,near_boundary_1,harsh,HA0100_0047,1.4095561982662028,0.05407247840923874,1.3571745100123023,0.04165720101447959,0.9387998638118953,0.025245384376225186,0.6425640859016872,0.02546642481845252,21.65,3.84,7.75,2.0,729290718.0,29,729520369,0,9066.323880968,True,13201,0.05000000000001137,169166.17988151146,0.8481567842108055,3174.5786071105604,864.5413951779514,0.23077359364698558,145107.74074402047,0.7432085563545482,3023.1127518310286,829.2687888539473,0.19544892436243608,27801.205362446228,0.15032352116000555,2814.786810278579,575.7720582122247,0.03565296585341951,28010.77822844727,0.15247966106848362,2967.185939541508,755.4217558527979,0.03935596566807573
E3_E1_017_s3,near_boundary_1,harsh,HA0100_0047,1.4095561982662028,0.05407247840923874,1.3571745100123023,0.04165720101447959,0.9387998638118953,0.025245384376225186,0.6425640859016872,0.02546642481845252,21.65,3.84,7.75,2.0,729290718.0,3,729314475,0,6413.776669267,True,13201,0.05000000000001137,170318.3714565276,0.8557804119361913,3136.927171119527,861.3565463436878,0.23142989966316427,145019.8588673993,0.7400509712780238,2905.4503735765675,861.3565463436878,0.19876581750983358,27893.997707677874,0.14991420031162594,2832.7611660462508,608.6261779259019,0.03688607318605165,28153.003651799496,0.15213359309397903,2985.7095747631947,789.1870737718954,0.03999180894451618
E3_E1_017_s30,near_boundary_1,harsh,HA0100_0047,1.4095561982662028,0.05407247840923874,1.3571745100123023,0.04165720101447959,0.9387998638118953,0.025245384376225186,0.6425640859016872,0.02546642481845252,21.65,3.84,7.75,2.0,729290718.0,30,729628288,0,5692.273661902001,True,13201,0.05000000000001137,170222.760851329,0.8549682528627515,3045.7275704959484,848.6123629671432,0.2297635968301679,144779.66715236337,0.7392035328043864,2940.489038047065,848.6123629671432,0.19661978670917724,27669.132073730994,0.15053341213486218,2816.0080276410454,601.9976669100787,0.03574660810127584,27911.806065562007,0.15103583760132072,2982.666654607677,768.6816568063722,0.04107218145092309
E3_E1_017_s31,near_boundary_1,harsh,HA0100_0047,1.4095561982662028,0.05407247840923874,1.3571745100123023,0.04165720101447959,0.9387998638118953,0.025245384376225186,0.6425640859016872,0.02546642481845252,21.65,3.84,7.75,2.0,729290718.0,31,729636207,0,7207.530238241,True,13201,0.05000000000001137,170324.83924067282,0.8553612980288919,3106.250318955802,837.8322721094704,0.23085597211013373,145005.8226781489,0.7404093120438131,2922.509579687207,837.8322721094704,0.1975934841337324,27556.19623056764,0.1482856439256069,2825.6751264495388,603.7479731596956,0.03582556347867211,27670.73188566639,0.14905207682792884,2952.2593645715156,762.8382999730511,0.03874512691130752
E3_E1_017_s32,near_boundary_1,harsh,HA0100_0047,1.4095561982662028,0.05407247840923874,1.3571745100123023,0.04165720101447959,0.9387998638118953,0.025245384376225186,0.6425640859016872,0.02546642481845252,21.65,3.84,7.75,2.0,729290718.0,32,729644126,0,6965.76713919,True,13201,0.05000000000001137,169943.0643654323,0.853033377113553,3139.4036901336194,824.5381220490426,0.2297613247712808,144437.8780310629,0.7383125250157303,3028.086025397679,824.5381220490426,0.1963324497924129,27847.14098870153,0.14937664808806578,2866.8215726055473,645.4300898062197,0.037631268723519434,27847.14098870153,0.14937664808806578,2981.154687112071,751.7535694319188,0.03882610189672877
E3_E1_017_s33,near_boundary_1,harsh,HA0100_0047,1.4095561982662028,0.05407247840923874,1.3571745100123023,0.04165720101447959,0.9387998638118953,0.025245384376225186,0.6425640859016872,0.02546642481845252,21.65,3.84,7.75,2.0,729290718.0,33,729652045,0,11338.446697399,True,13201,0.05000000000001137,170767.8274526958,0.8602536859457539,3099.801451451051,841.3960733893758,0.2300771877135137,144321.85291888574,0.7344049880050167,2874.9547022751617,841.3960733893758,0.19962760880851296,27553.855374066356,0.14818286471475847,2869.5094100393458,684.3205397773662,0.03660689088309911,27683.08313102867,0.15050780545988446,2990.480639313102,825.311667459415,0.03887625888566383
E3_E1_017_s34,near_boundary_1,harsh,HA0100_0047,1.4095561982662028,0.05407247840923874,1.3571745100123023,0.04165720101447959,0.9387998638118953,0.025245384376225186,0.6425640859016872,0.02546642481845252,21.65,3.84,7.75,2.0,729290718.0,34,729659964,0,7230.619582289,True,13201,0.05000000000001137,171047.2187509598,0.8615169875390981,3080.108017137066,885.0663368703118,0.22971853236026574,144578.94459460102,0.7359603093957436,2889.4250833998794,885.0663368703118,0.19875751065324804,28177.99421132116,0.15088967683769006,2790.3622145182717,553.9176815976185,0.03593638683414147,28177.99421132116,0.15088967683769006,2941.410792471841,703.0917915534893,0.04008059974977863
E3_E1_017_s35,near_boundary_1,harsh,HA0100_0047,1.4095561982662028,0.05407247840923874,1.3571745100123023,0.04165720101447959,0.9387998638118953,0.025245384376225186,0.6425640859016872,0.02546642481845252,21.65,3.84,7.75,2.0,729290718.0,35,729667883,0,7117.645319985,True,13201,0.05000000000001137,170315.8045274635,0.8563957381104124,3064.231625374348,903.9005514781594,0.23040444295972753,144544.50458048392,0.736947083520847,2945.7137143489713,903.9005514781594,0.19872619656740187,27498.364221190415,0.14916366917648044,2843.365554862051,631.5004922215098,0.038528085140293926,27848.243717256562,0.1510686025136066,2975.412479689466,779.2154960962995,0.03945377708319976
E3_E1_017_s36,near_boundary_1,harsh,HA0100_0047,1.4095561982662028,0.05407247840923874,1.3571745100123023,0.04165720101447959,0.9387998638118953,0.025245384376225186,0.6425640859016872,0.02546642481845252,21.65,3.84,7.75,2.0,729290718.0,36,729675802,0,6004.866590678,True,13201,0.05000000000001137,169057.0748732003,0.8470533660163994,3219.9884958562156,938.0867980854207,0.23011128382976123,144785.26529016584,0.7424933935242803,3088.758508234662,817.4096453925739,0.19414450729836333,28080.307888896587,0.1488324940886449,2834.2696186469243,575.3258522109973,0.037737193285891986,28080.307888896587,0.15139533465548982,2913.2269811602023,706.8253563747774,0.03894239039603055
E3_E1_017_s37,near_boundary_1,harsh,HA0100_0047,1.4095561982662028,0.05407247840923874,1.3571745100123023,0.04165720101447959,0.9387998638118953,0.025245384376225186,0.6425640859016872,0.02546642481845252,21.65,3.84,7.75,2.0,729290718.0,37,729683721,0,8013.243843810001,True,13201,0.05000000000001137,169866.51572459404,0.8529459014048631,3142.844955540135,823.2319487998087,0.23052109800092171,144422.9552114184,0.737669030659959,2976.546172634691,823.2319487998087,0.19799697832601662,27892.201078145325,0.14972016185461465,2857.040422267687,580.0040011687598,0.037641807431902104,27892.201078145325,0.1497935795095882,2932.2175937570983,751.6650082470605,0.03858683955823336
E3_E1_017_s38,near_boundary_1,harsh,HA0100_0047,1.4095561982662028,0.05407247840923874,1.3571745100123023,0.04165720101447959,0.9387998638118953,0.025245384376225186,0.6425640859016872,0.02546642481845252,21.65,3.84,7.75,2.0,729290718.0,38,729691640,0,6941.26968595,True,13201,0.05000000000001137,171741.69980594315,0.8674717158547942,3003.4236026174876,1013.5397440437704,0.22726098360249594,143839.97626318503,0.730064965874221,3003.4236026174876,1013.5397440437704,0.19768266243862062,27514.57282926462,0.14886402790772643,2846.334439181186,587.2299687743339,0.037066276681705757,28187.930705838487,0.1511846922198826,2979.3034135069674,765.1756926692034,0.04045569128879943
E3_E1_017_s39,near_boundary_1,harsh,HA0100_0047,1.4095561982662028,0.05407247840923874,1.3571745100123023,0.04165720101447959,0.9387998638118953,0.025245384376225186,0.6425640859016872,0.02546642481845252,21.65,3.84,7.75,2.0,729290718.0,39,729699559,0,8844.954207220999,True,13201,0.05000000000001137,170851.47606041317,0.8592285889390631,3170.472368703138,912.5029890266322,0.2322687290164704,145127.65129055214,0.7397404375812056,2968.30049894963,912.5029890266322,0.20044690876851884,28204.69693929579,0.15307418865747188,2810.219016849377,577.3951893187899,0.036643079181884114,28204.69693929579,0.15307418865747188,2972.9267905661536,794.3203105257742,0.039416828817037015
E3_E1_017_s4,near_boundary_1,harsh,HA0100_0047,1.4095561982662028,0.05407247840923874,1.3571745100123023,0.04165720101447959,0.9387998638118953,0.025245384376225186,0.6425640859016872,0.02546642481845252,21.65,3.84,7.75,2.0,729290718.0,4,729322394,0,7008.081005710001,True,13201,0.05000000000001137,170963.8652839881,0.8601597678699371,3174.952327361683,821.70018982586,0.23039228706113243,144555.92707703557,0.7368658404808995,2933.815568174795,821.70018982586,0.19884038925306477,27490.547766185507,0.14956199936167225,2934.2459885634435,725.7875023300819,0.03823594782913226,27938.062571501567,0.15072094994992413,2984.354309804723,806.3772210674225,0.03934108533851598
E3_E1_017_s40,near_boundary_1,harsh,HA0100_0047,1.4095561982662028,0.05407247840923874,1.3571745100123023,0.04165720101447959,0.9387998638118953,0.025245384376225186,0.6425640859016872,0.02546642481845252,21.65,3.84,7.75,2.0,729290718.0,40,729707478,0,8432.035362465002,True,13201,0.05000000000001137,170971.8203544374,0.8608134934242019,3100.2247901781225,868.826206342108,0.22976779641278686,144411.9039410051,0.735548384183173,2901.234749314163,868.826206342108,0.19869436601257234,28101.571565013142,0.1521510396553754,2777.6962102379734,524.3181962336365,0.036078974404166624,28101.571565013142,0.1521510396553754,3024.0967507682712,772.70363566444,0.04004835454561338
E3_E1_017_s41,near_boundary_1,harsh,HA0100_0047,1.4095561982662028,0.05407247840923874,1.3571745100123023,0.04165720101447959,0.9387998638118953,0.025245384376225186,0.6425640859016872,0.02546642481845252,21.65,3.84,7.75,2.0,729290718.0,41,729715397,0,8763.262488064,True,13201,0.05000000000001137,170987.49464192416,0.8610241384756063,3075.434399795365,824.245943601371,0.2291567130051086,144382.199477752,0.7352774199712876,2914.274442985853,824.245943601371,0.19810128894387366,27954.658035843735,0.15026224657954182,2932.082232098878,721.5390464026186,0.03789157635446869,28017.78126569918,0.15092011511304662,2988.2663101363214,766.3800881767829,0.03993981871064416
E3_E1_017_s42,near_boundary_1,harsh,HA0100_0047,1.4095561982662028,0.05407247840923874,1.3571745100123023,0.04165720101447959,0.9387998638118953,0.025245384376225186,0.6425640859016872,0.02546642481845252,21.65,3.84,7.75,2.0,729290718.0,42,729723316,0,5538.205273572,True,13201,0.05000000000001137,170311.41551826673,0.8566400051564943,3055.4669070624195,826.7027055176767,0.2288585304038643,144183.8674882663,0.7351691617156492,2951.970039336902,826.7027055176767,0.19724471122858084,27896.91931700304,0.1496182021992441,2933.347455181957,763.3599721331267,0.037135303353535626,27896.91931700304,0.1496182021992441,2985.8917713185383,763.3599721331267,0.038972906168714495
E3_E1_017_s43,near_boundary_1,harsh,HA0100_0047,1.4095561982662028,0.05407247840923874,1.3571745100123023,0.04165720101447959,0.9387998638118953,0.025245384376225186,0.6425640859016872,0.02546642481845252,21.65,3.84,7.75,2.0,729290718.0,43,729731235,0,9518.302688223,True,13201,0.05000000000001137,170473.8670581043,0.8562985185789028,3154.8386567363955,833.8986228588186,0.23157920864406623,145105.82249701902,0.740667811120973,2913.159925736736,833.8986228588186,0.19850420170529748,28067.10452943207,0.1508843364420097,2844.8148597704726,642.4157716992927,0.0377999456341016,28151.278277777838,0.15264668645262908,3013.7472676731,793.248024298102,0.039108299493026834
E3_E1_017_s44,near_boundary_1,harsh,HA0100_0047,1.4095561982662028,0.05407247840923874,1.3571745100123023,0.04165720101447959,0.9387998638118953,0.025245384376225186,0.6425640859016872,0.02546642481845252,21.65,3.84,7.75,2.0,729290718.0,44,729739154,0,9114.181515985,True,13201,0.05000000000001137,172121.29199750235,0.8693412682706833,3162.335994664045,988.9405841465395,0.23117313192857986,144627.42481325904,0.7334760363664489,2908.6539956667657,988.9405841465395,0.20214761254819175,27595.937980110994,0.14867332204236758,2826.787086878722,552.0499120855703,0.036623949076509545,27764.48114220101,0.15036410879881082,2963.996849327515,763.7076684713903,0.03942660006791908
E3_E1_017_s45,near_boundary_1,harsh,HA0100_0047,1.4095561982662028,0.05407247840923874,1.3571745100123023,0.04165720101447959,0.9387998638118953,0.025245384376225186,0.6425640859016872,0.02546642481845252,21.65,3.84,7.75,2.0,729290718.0,45,729747073,0,7917.938828055,True,13201,0.05000000000001137,170516.3027165782,0.8571636240880676,3093.334924478975,864.9767993518208,0.23046746739390203,144819.78048400814,0.7387804191068295,2910.3654850250505,864.9767993518208,0.19803305922817677,27924.888961419976,0.15103540723536965,2855.7486250835577,644.8051933054775,0.03658257485695881,27924.888961419976,0.15103540723536965,2975.8134613527377,743.7239807160131,0.039914205907214576
E3_E1_017_s46,near_boundary_1,harsh,HA0100_0047,1.4095561982662028,0.05407247840923874,1.3571745100123023,0.04165720101447959,0.9387998638118953,0.025245384376225186,0.6425640859016872,0.02546642481845252,21.65,3.84,7.75,2.0,729290718.0,46,729754992,0,7250.735778307,True,13201,0.05000000000001137,170453.6132368061,0.8562018867999008,3154.064211833854,917.3387698657307,0.23233732821573974,145211.81881977603,0.7412294780389148,2930.546728692402,917.3387698657307,0.1993995513588737,27858.978709628223,0.15143793869660788,2778.429218060008,548.0234646137019,0.03567389096249587,27858.978709628223,0.15143793869660788,3006.447626084464,747.2918511182455,0.04021224351363914
E3_E1_017_s47,near_boundary_1,harsh,HA0100_0047,1.4095561982662028,0.05407247840923874,1.3571745100123023,0.04165720101447959,0.9387998638118953,0.025245384376225186,0.6425640859016872,0.02546642481845252,21.65,3.84,7.75,2.0,729290718.0,47,729762911,0,7844.568043475,True,13201,0.05000000000001137,169990.94699582175,0.8535004849032601,3165.0120985874582,819.5640597974734,0.23050965936660728,144790.6880703417,0.7401333986431932,3008.855513406133,819.5640597974734,0.19695474050611506,28295.99250805881,0.1520515747309618,2859.4584577875726,630.310185820803,0.037321498949821265,28295.99250805881,0.1520515747309618,3048.9042694157065,818.5731445250178,0.04099681391716323
E3_E1_017_s48,near_boundary_1,harsh,HA0100_0047,1.4095561982662028,0.05407247840923874,1.3571745100123023,0.04165720101447959,0.9387998638118953,0.025245384376225186,0.6425640859016872,0.02546642481845252,21.65,3.84,7.75,2.0,729290718.0,48,729770830,0,7243.481331735,True,13201,0.05000000000001137,169754.06518815242,0.852515200969145,3036.100493240843,836.7467700343984,0.22864342775211136,144118.6919894537,0.735973273371042,2955.96562407228,836.7467700343984,0.19594749634959796,27680.400162705733,0.1496139170178315,2819.390196373276,593.4509676876742,0.03657685119028327,27680.400162705733,0.14974567589167573,2942.2186894211254,746.9753804826528,0.03893744106524921
E3_E1_017_s49,near_boundary_1,harsh,HA0100_0047,1.4095561982662028,0.05407247840923874,1.3571745100123023,0.04165720101447959,0.9387998638118953,0.025245384376225186,0.6425640859016872,0.02546642481845252,21.65,3.84,7.75,2.0,729290718.0,49,729778749,0,8885.778259187,True,13201,0.05000000000001137,170483.83272825644,0.8584652239018485,2966.8777142138347,912.8601505535809,0.2276864594987318,143776.12031406228,0.7322648327454792,2946.9012164291976,912.8601505535809,0.1968628192187475,28011.269249061224,0.15133812160177365,2851.7292558878826,661.1645044197754,0.03764786502335436,28011.269249061224,0.15133812160177365,3047.8473910600837,828.5210169589969,0.0403443257390851
E3_E1_017_s5,near_boundary_1,harsh,HA0100_0047,1.4095561982662028,0.05407247840923874,1.3571745100123023,0.04165720101447959,0.9387998638118953,0.025245384376225186,0.6425640859016872,0.02546642481845252,21.65,3.84,7.75,2.0,729290718.0,5,729330313,0,7257.658593917,True,13201,0.05000000000001137,170658.25269174957,0.8600261824707065,3036.5530288120804,867.458679900439,0.22871346295692302,143804.57512942507,0.7316847251322178,2917.1248848927607,867.458679900439,0.19871722450268284,27811.14988445105,0.14953360262400212,2866.7961939260554,624.4947770400435,0.03685156410072435,27811.14988445105,0.1498592999604772,2987.2353925737248,766.3306293697063,0.03997626434930956
E3_E1_017_s50,near_boundary_1,harsh,HA0100_0047,1.4095561982662028,0.05407247840923874,1.3571745100123023,0.04165720101447959,0.9387998638118953,0.025245384376225186,0.6425640859016872,0.02546642481845252,21.65,3.84,7.75,2.0,729290718.0,50,729786668,0,7101.925688572999,True,13201,0.05000000000001137,170173.02247337566,0.8542349635333031,3127.256902627056,833.1600619986939,0.23089438995810796,145132.49612940586,0.7419823461087893,2963.4267116303713,833.1600619986939,0.19668940754839617,28036.083973507266,0.1501842089665867,2786.3209635683206,543.0356465505571,0.035959415286994915,28036.083973507266,0.1511186292309651,3018.2281276609533,837.2315890639645,0.03938214186558236
E3_E1_017_s51,near_boundary_1,harsh,HA0100_0047,1.4095561982662028,0.05407247840923874,1.3571745100123023,0.04165720101447959,0.9387998638118953,0.025245384376225186,0.6425640859016872,0.02546642481845252,21.65,3.84,7.75,2.0,729290718.0,51,729794587,0,7686.776804915,True,13201,0.05000000000001137,171034.69455369335,0.861679259133491,3101.3326564154563,961.2690443171033,0.2312943475674981,144804.05219139243,0.7365874895348545,2929.690373032066,961.2690443171033,0.20061056433841856,28037.005332097717,0.15047266773988377,2826.92966391635,628.704540857629,0.03653292865923302,28037.005332097717,0.15047266773988377,3006.0824037903653,815.1149349187947,0.03959950576210992
E3_E1_017_s52,near_boundary_1,harsh,HA0100_0047,1.4095561982662028,0.05407247840923874,1.3571745100123023,0.04165720101447959,0.9387998638118953,0.025245384376225186,0.6425640859016872,0.02546642481845252,21.65,3.84,7.75,2.0,729290718.0,52,729802506,0,9043.110024514,True,13201,0.05000000000001137,171649.25087521545,0.8665721225329707,3063.3144021527255,1013.62770664354,0.22918260888366024,144262.3635289441,0.7325531181893086,2954.9357130734434,1013.62770664354,0.19960293306139634,28808.805561270976,0.15366002983302876,2844.7118088332345,636.5409397439605,0.038338889373643825,28808.805561270976,0.15366002983302876,2981.8550451156816,750.0745670108813,0.039300318691074636
E3_E1_017_s53,near_boundary_1,harsh,HA0100_0047,1.4095561982662028,0.05407247840923874,1.3571745100123023,0.04165720101447959,0.9387998638118953,0.025245384376225186,0.6425640859016872,0.02546642481845252,21.65,3.84,7.75,2.0,729290718.0,53,729810425,0,7206.449545924,True,13201,0.05000000000001137,170121.0434196041,0.8547644653752899,3065.4620248675205,814.4226282627837,0.22862337616243142,144123.3721145221,0.7357840448365545,2996.3977319979085,814.4226282627837,0.19604127700834498,27988.92783041742,0.14981461896770268,2844.6414513525247,626.3526559152882,0.03627936094082456,27988.92783041742,0.14981461896770268,2981.515966649573,804.6840525385891,0.039072738755246236
E3_E1_017_s54,near_boundary_1,harsh,HA0100_0047,1.4095561982662028,0.05407247840923874,1.3571745100123023,0.04165720101447959,0.9387998638118953,0.025245384376225186,0.6425640859016872,0.02546642481845252,21.65,3.84,7.75,2.0,729290718.0,54,729818344,0,10847.280470841,True,13201,0.05000000000001137,170003.68452942715,0.8530432214847864,3130.8763548317156,828.5812078503186,0.23091575799237143,145007.49061373202,0.741630084032035,2978.292209604951,828.5812078503186,0.19644324569339944,29048.0326244618,0.1573838510975646,3002.359680486119,724.4960376890787,0.03998014233179377,29048.0326244618,0.1573838510975646,3002.359680486119,784.18238311045,0.03998014233179377
E3_E1_017_s55,near_boundary_1,harsh,HA0100_0047,1.4095561982662028,0.05407247840923874,1.3571745100123023,0.04165720101447959,0.9387998638118953,0.025245384376225186,0.6425640859016872,0.02546642481845252,21.65,3.84,7.75,2.0,729290718.0,55,729826263,0,6947.444481357999,True,13201,0.05000000000001137,171672.2976439588,0.8658082664033363,3102.8590150464083,1033.6501735591735,0.23190607128828575,145078.64179566334,0.7367204330990516,2998.391731581065,1033.6501735591735,0.20164559720393402,27949.551035227232,0.14972472477941864,2852.7960186778746,658.7090037399652,0.03711135706188533,28059.531177226472,0.15165853995205217,2990.2839341698427,795.0892340605714,0.039792205537953665
E3_E1_017_s56,near_boundary_1,harsh,HA0100_0047,1.4095561982662028,0.05407247840923874,1.3571745100123023,0.04165720101447959,0.9387998638118953,0.025245384376225186,0.6425640859016872,0.02546642481845252,21.65,3.84,7.75,2.0,729290718.0,56,729834182,0,6262.385586601,True,13201,0.05000000000001137,170710.4317572837,0.8586726465561528,3168.8258440123604,834.1483670090581,0.2311761563891487,144963.8896919913,0.7388720803377862,2909.7098595600655,834.1483670090581,0.19919792338585568,27608.392252332265,0.1484505435890691,2871.492612809953,661.8903782062881,0.03681871872938004,27687.200461306067,0.15065366288354495,2983.3072951888557,766.7984057340794,0.040155461298657866
E3_E1_017_s57,near_boundary_1,harsh,HA0100_0047,1.4095561982662028,0.05407247840923874,1.3571745100123023,0.04165720101447959,0.9387998638118953,0.025245384376225186,0.6425640859016872,0.02546642481845252,21.65,3.84,7.75,2.0,729290718.0,57,729842101,0,7011.4171004849995,True,13201,0.05000000000001137,171278.90708722683,0.8635450914729266,2971.2824000623987,914.2488155414441,0.22762950543242322,144194.67825875184,0.733373908336554,2957.135408023664,914.2488155414441,0.1968926364641628,27780.09093894589,0.14954475181313454,2821.720742758271,588.9001742370606,0.03649166729184751,27780.09093894589,0.14954475181313454,2985.165310924309,756.6366034442103,0.03942215487125327
E3_E1_017_s58,near_boundary_1,harsh,HA0100_0047,1.4095561982662028,0.05407247840923874,1.3571745100123023,0.04165720101447959,0.9387998638118953,0.025245384376225186,0.6425640859016872,0.02546642481845252,21.65,3.84,7.75,2.0,729290718.0,58,729850020,0,6957.65833089,True,13201,0.05000000000001137,170801.86655269985,0.8598917869581352,3081.1320673154473,828.8769113871966,0.22940705211014598,144434.42746561396,0.7356163239841425,2919.2997105886493,828.8769113871966,0.19826280208221128,27481.17105427801,0.14721251053151316,2843.1009233200125,629.9308182569151,0.03770300682702347,27634.69787124514,0.1501835642728542,2975.695207030931,770.4884031998289,0.03887047229984941
E3_E1_017_s59,near_boundary_1,harsh,HA0100_0047,1.4095561982662028,0.05407247840923874,1.3571745100123023,0.04165720101447959,0.9387998638118953,0.025245384376225186,0.6425640859016872,0.02546642481845252,21.65,3.84,7.75,2.0,729290718.0,59,729857939,0,11301.771077677999,True,13201,0.05000000000001137,170182.0945232467,0.8551366703105108,3016.3428235706156,931.7917669555424,0.22966868204661828,144578.01487616418,0.737759072518484,2928.3537674213976,931.7917669555424,0.19708730247901074,28206.92815079366,0.1514667548533141,2853.730578082388,624.1723422936126,0.03637509778818869,28206.92815079366,0.1514667548533141,3052.938387675593,859.3354669537982,0.03941287427854202
E3_E1_017_s6,near_boundary_1,harsh,HA0100_0047,1.4095561982662028,0.05407247840923874,1.3571745100123023,0.04165720101447959,0.9387998638118953,0.025245384376225186,0.6425640859016872,0.02546642481845252,21.65,3.84,7.75,2.0,729290718.0,6,729338232,0,10799.114496968,True,13201,0.05000000000001137,170199.45877912903,0.8546174327063933,3093.2031084026803,832.5052485740147,0.22994862384227016,144624.38508027967,0.7387341492018795,2964.7420110479757,832.5052485740147,0.1966370106909611,27424.35871116146,0.148802393757592,2824.7381826778455,549.3430773454369,0.037542663240064125,27957.53667073641,0.1518320703099372,2948.9067289791387,706.0040439220345,0.03875851271434928
E3_E1_017_s7,near_boundary_1,harsh,HA0100_0047,1.4095561982662028,0.05407247840923874,1.3571745100123023,0.04165720101447959,0.9387998638118953,0.025245384376225186,0.6425640859016872,0.02546642481845252,21.65,3.84,7.75,2.0,729290718.0,7,729346151,0,7261.151810312,True,13201,0.05000000000001137,169632.66837791918,0.8508377422570785,3144.406344797813,827.0684743802117,0.22954286510453453,144489.68325327444,0.7396052793548491,3037.570954143266,827.0684743802117,0.19518776481012168,28140.99344515304,0.15124169692821351,2783.232137223067,525.269779436353,0.03531051510754353,28140.99344515304,0.15124169692821351,2960.4438329388,775.6502399970565,0.039051854275059764
E3_E1_017_s8,near_boundary_1,harsh,HA0100_0047,1.4095561982662028,0.05407247840923874,1.3571745100123023,0.04165720101447959,0.9387998638118953,0.025245384376225186,0.6425640859016872,0.02546642481845252,21.65,3.84,7.75,2.0,729290718.0,8,729354070,0,10374.240814851,True,13201,0.05000000000001137,170890.5957249152,0.8601972139280825,3159.976405280057,834.9607726464008,0.23170878598533123,144822.5036907972,0.7374033741177466,2934.677057933808,834.9607726464008,0.20069436650397943,27633.124794686024,0.148097508985449,2779.860855264979,507.9058481939533,0.036022567829182936,27633.124794686024,0.14894885004286706,2942.7031245306407,736.2615739926104,0.03973266216540814
E3_E1_017_s9,near_boundary_1,harsh,HA0100_0047,1.4095561982662028,0.05407247840923874,1.3571745100123023,0.04165720101447959,0.9387998638118953,0.025245384376225186,0.6425640859016872,0.02546642481845252,21.65,3.84,7.75,2.0,729290718.0,9,729361989,0,10391.808981282,True,13201,0.05000000000001137,170222.48249474668,0.8548822940039311,3025.3891105647735,862.6849670826032,0.22940149905353735,144695.47884970132,0.7388947795339432,2972.5587633928353,862.6849670826032,0.19606568736055321,28164.709638048134,0.1513380106142844,2797.304028015379,533.7670077811032,0.03572234360630764,28164.709638048134,0.1513380106142844,3001.662248722128,815.9848694603312,0.04104061184521235
E3_E1_018_s0,near_boundary_1,max_hs,HA0100_0047,1.4095561982662028,0.05407247840923874,1.3571745100123023,0.04165720101447959,0.9387998638118953,0.025245384376225186,0.6425640859016872,0.02546642481845252,25.0,7.4,12.95,8.0,729290718.0,0,729290718,0,9401.89779902,True,13201,0.05000000000001137,190873.99539790984,0.9565273231066386,3514.750631307385,1287.0441314271793,0.2537583486264368,163395.41172427585,0.8369633828003751,3514.750631307385,1287.0441314271793,0.21499797889769928,27358.76493225254,0.15082479705696747,2978.421072898293,803.6008947290613,0.03729578076676397,27358.76493225254,0.15082479705696747,3465.839478564448,1121.8682148446273,0.04209669127973201
E3_E1_018_s1,near_boundary_1,max_hs,HA0100_0047,1.4095561982662028,0.05407247840923874,1.3571745100123023,0.04165720101447959,0.9387998638118953,0.025245384376225186,0.6425640859016872,0.02546642481845252,25.0,7.4,12.95,8.0,729290718.0,1,729298637,0,8263.915153193,True,13201,0.05000000000001137,190127.99906235092,0.9523467556414231,3368.4656310380315,1055.7004127836549,0.2555744699395374,163157.29732825892,0.8361909750152603,3191.2842887452516,850.0274142990896,0.21721060669100523,27179.419754513143,0.1499551011029249,2874.528901209845,674.3327311412651,0.03917102713985246,27366.876570511988,0.1502741720716252,3793.6227257195524,1282.8836626847972,0.041375371049196225
E3_E1_018_s10,near_boundary_1,max_hs,HA0100_0047,1.4095561982662028,0.05407247840923874,1.3571745100123023,0.04165720101447959,0.9387998638118953,0.025245384376225186,0.6425640859016872,0.02546642481845252,25.0,7.4,12.95,8.0,729290718.0,10,729369908,0,6951.8005559230005,True,13201,0.05000000000001137,191242.68977450952,0.9594492288620607,3108.3730228223862,860.7352017453434,0.25727214761538203,163625.06661309057,0.8361620597688151,2992.8165682440017,860.7352017453434,0.22199807389121456,27487.713015232814,0.15150850195840407,2940.400241125595,702.9257968805027,0.038132487647789495,27487.713015232814,0.15150850195840407,3472.8858070963447,1135.5904802153227,0.041704876786817724
E3_E1_018_s11,near_boundary_1,max_hs,HA0100_0047,1.4095561982662028,0.05407247840923874,1.3571745100123023,0.04165720101447959,0.9387998638118953,0.025245384376225186,0.6425640859016872,0.02546642481845252,25.0,7.4,12.95,8.0,729290718.0,11,729377827,0,5815.126207254,True,13201,0.05000000000001137,192045.90652043195,0.9662831208597269,3157.6183829583774,1191.5519785965162,0.2528002569198995,162571.4159760354,0.8270988821288224,3157.6183829583774,1191.5519785965162,0.22056207096542063,27181.979471273808,0.1498300635699153,2913.942616509805,711.0721782769152,0.03710021697346901,27757.20898499353,0.1498300635699153,3892.0341698163234,1377.21943878373,0.04380377034404521
E3_E1_018_s12,near_boundary_1,max_hs,HA0100_0047,1.4095561982662028,0.05407247840923874,1.3571745100123023,0.04165720101447959,0.9387998638118953,0.025245384376225186,0.6425640859016872,0.02546642481845252,25.0,7.4,12.95,8.0,729290718.0,12,729385746,0,8570.963467366999,True,13201,0.05000000000001137,190184.295880557,0.9526072060346964,3251.1469170211262,1027.1700404892758,0.2567100389943861,163508.97968903015,0.8377953550074156,3081.9946567929383,874.3924214881386,0.21880236957370353,27583.5872913806,0.15084697082005807,2890.4012130251717,688.1098854482459,0.03846807177315285,27583.5872913806,0.15084697082005807,3363.0522432691196,1057.652862076601,0.041222989608958274
E3_E1_018_s13,near_boundary_1,max_hs,HA0100_0047,1.4095561982662028,0.05407247840923874,1.3571745100123023,0.04165720101447959,0.9387998638118953,0.025245384376225186,0.6425640859016872,0.02546642481845252,25.0,7.4,12.95,8.0,729290718.0,13,729393665,0,7094.298712478,True,13201,0.05000000000001137,193424.4998782156,0.974316093055442,3261.141995718228,1176.243381377549,0.25936199022617423,164237.46821990336,0.8332668202851896,3261.141995718228,1176.243381377549,0.2282902505233324,27769.25501117918,0.15003991312486567,3142.359932986426,880.5280088677666,0.03867337369389828,27769.25501117918,0.15003991312486567,3652.325198963142,1254.8442862832158,0.04893021838152004
E3_E1_018_s14,near_boundary_1,max_hs,HA0100_0047,1.4095561982662028,0.05407247840923874,1.3571745100123023,0.04165720101447959,0.9387998638118953,0.025245384376225186,0.6425640859016872,0.02546642481845252,25.0,7.4,12.95,8.0,729290718.0,14,729401584,0,7401.0985000499995,True,13201,0.05000000000001137,190038.52428461463,0.9518701695579473,3298.985382139789,1044.809595148599,0.2553423421922134,163219.00181727175,0.8361051436691278,3162.5315170054487,888.5667491919855,0.21752807283416198,27719.623169037597,0.15229352359754447,2884.357021625886,659.5839273489794,0.03737050030845319,27719.623169037597,0.15229352359754447,3366.487765361019,1042.0265514929838,0.04117127091861541
E3_E1_018_s15,near_boundary_1,max_hs,HA0100_0047,1.4095561982662028,0.05407247840923874,1.3571745100123023,0.04165720101447959,0.9387998638118953,0.025245384376225186,0.6425640859016872,0.02546642481845252,25.0,7.4,12.95,8.0,729290718.0,15,729409503,0,7256.784520923,True,13201,0.05000000000001137,191228.98743616964,0.9600170327149387,3263.72138450368,860.0893963700964,0.2583515260210366,163792.47528292518,0.8362128083663807,3129.541092150305,860.0893963700964,0.22380958949549085,27602.846567501754,0.15135371111305215,2851.709730572893,613.4665607191042,0.03711542261397875,27602.846567501754,0.15135371111305215,3405.969291423309,1108.3393239087336,0.04214150354690271
E3_E1_018_s16,near_boundary_1,max_hs,HA0100_0047,1.4095561982662028,0.05407247840923874,1.3571745100123023,0.04165720101447959,0.9387998638118953,0.025245384376225186,0.6425640859016872,0.02546642481845252,25.0,7.4,12.95,8.0,729290718.0,16,729417422,0,7015.586398791,True,13201,0.05000000000001137,189607.75923088894,0.9494967428302783,3522.5680408685344,1178.458800917731,0.2552202100369285,163366.49367147652,0.8378565233648448,3280.1450617385253,858.179869377479,0.21557133776173845,27397.451118903926,0.14958020493364274,2856.86007172695,677.0551246400003,0.03600898739003027,27451.663992237052,0.14958020493364274,3483.699289984595,1115.887242594997,0.0425533775204593
E3_E1_018_s17,near_boundary_1,max_hs,HA0100_0047,1.4095561982662028,0.05407247840923874,1.3571745100123023,0.04165720101447959,0.9387998638118953,0.025245384376225186,0.6425640859016872,0.02546642481845252,25.0,7.4,12.95,8.0,729290718.0,17,729425341,0,8513.647296820998,True,13201,0.05000000000001137,191280.39637397078,0.9603146012043029,3129.9115122301623,941.3164289026668,0.2575422201448906,163566.6904870487,0.8340703364177314,3129.9115122301623,941.3164289026668,0.22372346484100367,27361.668966721758,0.14699998858904037,3808.0138917697527,1312.4228511676843,0.04077597035042963,28157.442965111717,0.14904073457061381,3808.0138917697527,1312.4228511676843,0.04202541887688333
E3_E1_018_s18,near_boundary_1,max_hs,HA0100_0047,1.4095561982662028,0.05407247840923874,1.3571745100123023,0.04165720101447959,0.9387998638118953,0.025245384376225186,0.6425640859016872,0.02546642481845252,25.0,7.4,12.95,8.0,729290718.0,18,729433260,0,7078.285844718,True,13201,0.05000000000001137,192868.77045986347,0.9705819227430021,3174.917179752517,882.7426315758494,0.2578031695425699,163975.38871035146,0.8338431716615666,2946.016896761657,882.7426315758494,0.22554466122997682,27569.43356635269,0.15160852011205475,3241.8488321207697,971.715726181507,0.03954068722283986,27633.487077427057,0.15160852011205475,3353.1505204261643,1006.6529032332091,0.044000799420080595
E3_E1_018_s19,near_boundary_1,max_hs,HA0100_0047,1.4095561982662028,0.05407247840923874,1.3571745100123023,0.04165720101447959,0.9387998638118953,0.025245384376225186,0.6425640859016872,0.02546642481845252,25.0,7.4,12.95,8.0,729290718.0,19,729441179,0,6871.552117235,True,13201,0.05000000000001137,194494.96314431398,0.9812190641188258,3438.711525334513,1171.9048077638604,0.2637982854385966,164037.14253725918,0.8284928285897122,3350.943612388375,1171.9048077638604,0.23673028272648367,27526.07040002444,0.15058026059323507,2880.279604821214,672.1112798123305,0.038297118977684834,27526.07040002444,0.15058026059323507,3521.0175024830455,1165.823668925859,0.04163878211918023
E3_E1_018_s2,near_boundary_1,max_hs,HA0100_0047,1.4095561982662028,0.05407247840923874,1.3571745100123023,0.04165720101447959,0.9387998638118953,0.025245384376225186,0.6425640859016872,0.02546642481845252,25.0,7.4,12.95,8.0,729290718.0,2,729306556,0,7161.435720799001,True,13201,0.05000000000001137,191470.0536164063,0.9612774769043754,3263.0358822457647,862.1666089214392,0.259935576448721,164431.4836830671,0.8396812200702448,3043.042385875535,862.1666089214392,0.22470034226838345,27256.94238533878,0.14900993032912077,3131.9414586502744,632.9446046703496,0.03760109069437044,27518.395261509562,0.1496323449708089,3510.6828718114657,1164.9240624753998,0.04115781016075713
E3_E1_018_s20,near_boundary_1,max_hs,HA0100_0047,1.4095561982662028,0.05407247840923874,1.3571745100123023,0.04165720101447959,0.9387998638118953,0.025245384376225186,0.6425640859016872,0.02546642481845252,25.0,7.4,12.95,8.0,729290718.0,20,729449098,0,5590.485048293999,True,13201,0.05000000000001137,194005.828739131,0.9782013015614955,3284.454629664669,940.4749018781505,0.26020442535456006,163824.15241066393,0.8287305316244533,3079.4846127914866,940.4749018781505,0.23138515315263491,27313.59438062277,0.15077173406742847,2981.6459372522645,758.5098433071355,0.03812189008485288,27478.125388240187,0.15077173406742847,3516.546064200923,1128.6566634005587,0.04125953539807282
E3_E1_018_s21,near_boundary_1,max_hs,HA0100_0047,1.4095561982662028,0.05407247840923874,1.3571745100123023,0.04165720101447959,0.9387998638118953,0.025245384376225186,0.6425640859016872,0.02546642481845252,25.0,7.4,12.95,8.0,729290718.0,21,729457017,0,7013.40771373,True,13201,0.05000000000001137,192580.25598150725,0.9682655924625573,3216.7928523906935,989.3795836654083,0.2601855807276602,164425.06306468035,0.8378494976390908,2900.247557979756,989.3795836654083,0.22669806384505176,27690.145692206148,0.1522827027963143,3105.73128782992,709.2264211609457,0.04022731714475311,27847.94528230541,0.1522827027963143,3448.780919442568,1100.9786707970666,0.04103033684449487
E3_E1_018_s22,near_boundary_1,max_hs,HA0100_0047,1.4095561982662028,0.05407247840923874,1.3571745100123023,0.04165720101447959,0.9387998638118953,0.025245384376225186,0.6425640859016872,0.02546642481845252,25.0,7.4,12.95,8.0,729290718.0,22,729464936,0,10378.977551721,True,13201,0.05000000000001137,192896.57385487983,0.9705135542781835,3302.8104471440083,867.6273687780472,0.2606868070847303,164545.66515671206,0.836599677685628,3087.8087363700583,867.6273687780472,0.22865874176936818,27621.77698251729,0.15190473214441397,2937.8300145611865,567.0835122600301,0.03838889365040483,27888.34442066615,0.15190473214441397,3686.3637194871153,1220.6448303962213,0.04231745929746156
E3_E1_018_s23,near_boundary_1,max_hs,HA0100_0047,1.4095561982662028,0.05407247840923874,1.3571745100123023,0.04165720101447959,0.9387998638118953,0.025245384376225186,0.6425640859016872,0.02546642481845252,25.0,7.4,12.95,8.0,729290718.0,23,729472855,0,5466.59272576,True,13201,0.05000000000001137,193370.98923784334,0.9751099548260993,3249.918083135664,935.8933212024823,0.25868516218041065,163525.2813297521,0.828497626794127,3152.6399508204418,935.8933212024823,0.22921998622313244,27212.883226427275,0.14908701278096245,2874.467934428423,615.7742025155708,0.034813257964330116,27312.2858930148,0.14908701278096245,3507.2373487374107,1113.7241482311922,0.04114616502555561
E3_E1_018_s24,near_boundary_1,max_hs,HA0100_0047,1.4095561982662028,0.05407247840923874,1.3571745100123023,0.04165720101447959,0.9387998638118953,0.025245384376225186,0.6425640859016872,0.02546642481845252,25.0,7.4,12.95,8.0,729290718.0,24,729480774,0,6986.852532209,True,13201,0.05000000000001137,190791.59925301513,0.9563679978287031,3158.3756129145418,907.9272652119403,0.25652970104366757,163347.60923012905,0.8359109270243638,3035.2922883293077,895.4706582027811,0.22009507283490265,27204.068055700176,0.14998355809062028,2936.8540661346524,695.8363202763161,0.036571337814373814,27529.31220691699,0.14998355809062028,3380.274111498087,1053.302210253303,0.04200512288343962
E3_E1_018_s25,near_boundary_1,max_hs,HA0100_0047,1.4095561982662028,0.05407247840923874,1.3571745100123023,0.04165720101447959,0.9387998638118953,0.025245384376225186,0.6425640859016872,0.02546642481845252,25.0,7.4,12.95,8.0,729290718.0,25,729488693,0,7208.0936715200005,True,13201,0.05000000000001137,191877.21182735762,0.9635497397602238,3040.921975258201,875.3694424068465,0.2569674873779879,163639.36613984965,0.8348584423903288,2940.709704761993,875.3694424068465,0.22289758266994575,27265.94088977985,0.15046739903011508,2887.1753860138288,667.8299276735293,0.03716619965323896,27442.545958002207,0.15046739903011508,3587.9889542494734,1183.860170469319,0.042425803216169886
E3_E1_018_s26,near_boundary_1,max_hs,HA0100_0047,1.4095561982662028,0.05407247840923874,1.3571745100123023,0.04165720101447959,0.9387998638118953,0.025245384376225186,0.6425640859016872,0.02546642481845252,25.0,7.4,12.95,8.0,729290718.0,26,729496612,0,7136.687901659,True,13201,0.05000000000001137,188102.03977196923,0.9404215344261323,4018.9824389272667,1586.0041862997814,0.2553189941634289,163765.1870004828,0.8424485420282204,3512.741466762487,909.3695625047635,0.2113037005702903,27412.510376524606,0.1512985930436593,2890.181270138885,637.887420258512,0.03872702680454048,27712.41614314992,0.1512985930436593,3390.1809232586547,1077.6728885733685,0.040917880479477454
E3_E1_018_s27,near_boundary_1,max_hs,HA0100_0047,1.4095561982662028,0.05407247840923874,1.3571745100123023,0.04165720101447959,0.9387998638118953,0.025245384376225186,0.6425640859016872,0.02546642481845252,25.0,7.4,12.95,8.0,729290718.0,27,729504531,0,5567.822299338,True,13201,0.05000000000001137,193448.4176014298,0.9729661766026907,3510.179366635456,989.9781413249548,0.2639662675023968,164513.25581644956,0.8344416990684089,3236.2264826475835,989.9781413249548,0.23403445717425775,27764.22519355241,0.1484952483574473,2891.6898808772808,684.0533478993543,0.03746451658425649,27764.22519355241,0.1494751770422573,3327.7130592142257,1050.3284882957294,0.04123822996658033
E3_E1_018_s28,near_boundary_1,max_hs,HA0100_0047,1.4095561982662028,0.05407247840923874,1.3571745100123023,0.04165720101447959,0.9387998638118953,0.025245384376225186,0.6425640859016872,0.02546642481845252,25.0,7.4,12.95,8.0,729290718.0,28,729512450,0,8582.342404731999,True,13201,0.05000000000001137,192513.73157326286,0.968207905965844,3036.835743291507,1033.963780635211,0.2565307669445027,163488.43145917702,0.8320853495603903,2967.8532446712775,1033.963780635211,0.2240976067440111,27194.29186485532,0.14951201009832346,2822.7799713986137,583.3706971051548,0.03722132450545378,27426.992233994133,0.15007038836177758,3370.5790591332757,1039.9704181623858,0.042183289527260415
E3_E1_018_s29,near_boundary_1,max_hs,HA0100_0047,1.4095561982662028,0.05407247840923874,1.3571745100123023,0.04165720101447959,0.9387998638118953,0.025245384376225186,0.6425640859016872,0.02546642481845252,25.0,7.4,12.95,8.0,729290718.0,29,729520369,0,5751.119377379,True,13201,0.05000000000001137,188537.71455937636,0.9424936453729607,3762.1760564238907,1477.697924572391,0.2559165493192376,163824.8878681751,0.842711312119945,3405.9632488371026,853.3638531103478,0.21275692619972295,27603.537838121814,0.15027080683546223,3115.4512140894512,890.1600756036221,0.039584046545385006,27867.722012860795,0.15027080683546223,3363.0085709615933,1043.6336172947945,0.04097764447568252
E3_E1_018_s3,near_boundary_1,max_hs,HA0100_0047,1.4095561982662028,0.05407247840923874,1.3571745100123023,0.04165720101447959,0.9387998638118953,0.025245384376225186,0.6425640859016872,0.02546642481845252,25.0,7.4,12.95,8.0,729290718.0,3,729314475,0,8274.418953845,True,13201,0.05000000000001137,190671.1690913571,0.9558116560303505,3287.1433888863294,960.9681805732299,0.257773045345825,164023.12339292848,0.8398772087435591,3133.089010893693,960.9681805732299,0.2198265598748624,27514.73541540736,0.15079352558434964,2850.450066613805,542.2027076573942,0.0381453131336539,27776.092920362906,0.15079352558434964,3353.746892675624,1052.0173000778727,0.042737664181019146
E3_E1_018_s30,near_boundary_1,max_hs,HA0100_0047,1.4095561982662028,0.05407247840923874,1.3571745100123023,0.04165720101447959,0.9387998638118953,0.025245384376225186,0.6425640859016872,0.02546642481845252,25.0,7.4,12.95,8.0,729290718.0,30,729628288,0,10263.800621992,True,13201,0.05000000000001137,190152.000233162,0.9522802162178436,3394.3908180932117,1120.6475771515732,0.25643326520455145,163834.71988762746,0.8403366618051468,3241.7815847078864,865.7458286434298,0.216562236126942,27567.469783588236,0.15034722674907441,2853.116188782229,616.467957852187,0.035473206394389244,27567.469783588236,0.15034722674907441,3492.2683914193913,1084.103955167831,0.04459049037442021
E3_E1_018_s31,near_boundary_1,max_hs,HA0100_0047,1.4095561982662028,0.05407247840923874,1.3571745100123023,0.04165720101447959,0.9387998638118953,0.025245384376225186,0.6425640859016872,0.02546642481845252,25.0,7.4,12.95,8.0,729290718.0,31,729636207,0,9592.616603144,True,13201,0.05000000000001137,192931.21363839536,0.971474374142629,3065.2986390830647,950.6352323946,0.25885890457258814,164067.9891199652,0.8328824131200643,3019.6767274252747,950.6352323946,0.22755872400473975,27419.81016817215,0.14945933480000237,2971.5049897435383,809.2715610417218,0.0372957104286152,27602.59538720404,0.14974558487264603,3278.951901780813,1007.4040138289223,0.04183029121004131
E3_E1_018_s32,near_boundary_1,max_hs,HA0100_0047,1.4095561982662028,0.05407247840923874,1.3571745100123023,0.04165720101447959,0.9387998638118953,0.025245384376225186,0.6425640859016872,0.02546642481845252,25.0,7.4,12.95,8.0,729290718.0,32,729644126,0,7124.148675478,True,13201,0.05000000000001137,191697.37113349262,0.9629751724875067,3345.115242621217,1031.8905889523487,0.2599828621700546,164110.1407905859,0.8367443309579184,3279.6482742737235,1031.8905889523487,0.226231317813952,27515.902684933946,0.15145511169402964,3050.7557155110176,853.2903818658787,0.03915118041860131,27515.902684933946,0.15145511169402964,3826.8054607049053,1313.5968085445536,0.04161255576248606
E3_E1_018_s33,near_boundary_1,max_hs,HA0100_0047,1.4095561982662028,0.05407247840923874,1.3571745100123023,0.04165720101447959,0.9387998638118953,0.025245384376225186,0.6425640859016872,0.02546642481845252,25.0,7.4,12.95,8.0,729290718.0,33,729652045,0,7251.437647337,True,13201,0.05000000000001137,191082.5913599014,0.9584613654188388,3162.1787088634915,909.0209247567756,0.2563682366105001,163432.1214456068,0.8357088856692302,3064.1435681757866,909.0209247567756,0.2205443127795217,27177.62436594762,0.15002092058132735,2986.1749980572617,915.6654601174902,0.038634782548955734,27291.340576561488,0.15002092058132735,4209.489475954869,1480.618892887576,0.04390577777072594
E3_E1_018_s34,near_boundary_1,max_hs,HA0100_0047,1.4095561982662028,0.05407247840923874,1.3571745100123023,0.04165720101447959,0.9387998638118953,0.025245384376225186,0.6425640859016872,0.02546642481845252,25.0,7.4,12.95,8.0,729290718.0,34,729659964,0,10771.244222264,True,13201,0.05000000000001137,192222.2917336156,0.9659607897443112,3119.717648839174,892.8417298081091,0.2577883209614531,163846.87784461066,0.8351199312803937,2930.4890855535027,892.8417298081091,0.22435354517795875,27517.34104456872,0.15137999827123244,2873.9372242509467,702.0052038118878,0.03675050936406035,27517.34104456872,0.15137999827123244,3564.412966201565,1172.8452108478957,0.042148969160265545
E3_E1_018_s35,near_boundary_1,max_hs,HA0100_0047,1.4095561982662028,0.05407247840923874,1.3571745100123023,0.04165720101447959,0.9387998638118953,0.025245384376225186,0.6425640859016872,0.02546642481845252,25.0,7.4,12.95,8.0,729290718.0,35,729667883,0,7398.372269887001,True,13201,0.05000000000001137,192334.75989002408,0.9676591862244781,3027.2319916019997,995.5653145434245,0.2582736984753228,163731.04294401233,0.8321958559758477,2963.8319810295384,995.5653145434245,0.22671167533927478,27432.369078649353,0.15106393140993307,2962.654481837773,797.0524529533002,0.03800079606990097,27593.073194706125,0.15106393140993307,3378.1195858205724,1060.321248482868,0.041873887701827046
E3_E1_018_s36,near_boundary_1,max_hs,HA0100_0047,1.4095561982662028,0.05407247840923874,1.3571745100123023,0.04165720101447959,0.9387998638118953,0.025245384376225186,0.6425640859016872,0.02546642481845252,25.0,7.4,12.95,8.0,729290718.0,36,729675802,0,9370.468484372,True,13201,0.05000000000001137,190286.91679790543,0.9527796139103009,3293.029221492319,1076.334414182869,0.25750949877778795,163871.53530750633,0.8405154418135853,3106.959240333665,858.1784961644461,0.2181112210904578,27624.732096649193,0.15127147640708044,2874.9347003798384,650.7722068789612,0.038169840337501676,27859.65008749907,0.15127147640708044,3473.9300647088585,1085.8678656092802,0.04244415701582858
E3_E1_018_s37,near_boundary_1,max_hs,HA0100_0047,1.4095561982662028,0.05407247840923874,1.3571745100123023,0.04165720101447959,0.9387998638118953,0.025245384376225186,0.6425640859016872,0.02546642481845252,25.0,7.4,12.95,8.0,729290718.0,37,729683721,0,7319.943422257001,True,13201,0.05000000000001137,192141.24813494683,0.9660438574613963,3118.7405309961305,854.8927321631386,0.2582668562123139,163618.8312055504,0.8321801566521542,2941.0859952605197,854.8927321631386,0.22658184661514308,27411.614088840874,0.15096005205257887,2846.22247623281,657.8776526631675,0.037449753537826425,27411.614088840874,0.15096005205257887,3259.619337586253,955.1104329217677,0.04107550492335065
E3_E1_018_s38,near_boundary_1,max_hs,HA0100_0047,1.4095561982662028,0.05407247840923874,1.3571745100123023,0.04165720101447959,0.9387998638118953,0.025245384376225186,0.6425640859016872,0.02546642481845252,25.0,7.4,12.95,8.0,729290718.0,38,729691640,0,10145.212701314,True,13201,0.05000000000001137,196737.40555291303,0.9949644289508506,3695.052769155122,1232.2511928587865,0.2617513167335696,163890.1711607887,0.8252066006177787,3169.6981628574727,1232.2511928587865,0.23602255245719275,27247.03515747436,0.1484374039977254,2935.472103243423,646.5235346216036,0.03776314034228634,27625.879213178465,0.1507109456001878,3316.726760017573,1048.9203419801745,0.04457307404911381
E3_E1_018_s39,near_boundary_1,max_hs,HA0100_0047,1.4095561982662028,0.05407247840923874,1.3571745100123023,0.04165720101447959,0.9387998638118953,0.025245384376225186,0.6425640859016872,0.02546642481845252,25.0,7.4,12.95,8.0,729290718.0,39,729699559,0,6898.924771959,True,13201,0.05000000000001137,192444.6670052085,0.9675289601355898,3052.6939807594918,1100.2778348060942,0.2582604225835427,164016.4092289361,0.8345883541431918,3052.6939807594918,1100.2778348060942,0.22544697889720022,27848.706596159725,0.15022498333308917,3055.6820141961934,911.6233998167065,0.03953402568974134,27848.706596159725,0.15022498333308917,3628.840987922158,1213.597275315364,0.04293143047012792
E3_E1_018_s4,near_boundary_1,max_hs,HA0100_0047,1.4095561982662028,0.05407247840923874,1.3571745100123023,0.04165720101447959,0.9387998638118953,0.025245384376225186,0.6425640859016872,0.02546642481845252,25.0,7.4,12.95,8.0,729290718.0,4,729322394,0,7091.375442339001,True,13201,0.05000000000001137,191685.86976544888,0.9627355833720371,3406.350837166799,864.2564938681858,0.26029165512606584,164353.97777462538,0.838978339237874,3185.7425760933966,864.2564938681858,0.22542998255853913,26986.482440080417,0.1489168780966308,3018.893228444417,683.4487755790085,0.039363324157244646,27464.980126616632,0.1500097905488405,3353.631100786549,1071.841358187112,0.040885416687949865
E3_E1_018_s40,near_boundary_1,max_hs,HA0100_0047,1.4095561982662028,0.05407247840923874,1.3571745100123023,0.04165720101447959,0.9387998638118953,0.025245384376225186,0.6425640859016872,0.02546642481845252,25.0,7.4,12.95,8.0,729290718.0,40,729707478,0,7074.322310358,True,13201,0.05000000000001137,192464.7554736439,0.967579094239489,3069.3533779162494,898.4036566807467,0.257955949663861,163703.75081344988,0.8332282102617194,2979.4862946147146,898.4036566807467,0.2255620524333691,27942.773071096475,0.15144773801592273,2910.976605937626,722.8956699854258,0.0381903082588084,27942.773071096475,0.15144773801592273,3551.9801809045634,1202.7386855664452,0.042622881918618835
E3_E1_018_s41,near_boundary_1,max_hs,HA0100_0047,1.4095561982662028,0.05407247840923874,1.3571745100123023,0.04165720101447959,0.9387998638118953,0.025245384376225186,0.6425640859016872,0.02546642481845252,25.0,7.4,12.95,8.0,729290718.0,41,729715397,0,10129.564011701,True,13201,0.05000000000001137,192187.9467825199,0.9655943417231561,3036.608426228605,900.0434965723255,0.2565723499723224,163541.3474057859,0.8335114418537153,2940.0748289410535,900.0434965723255,0.2231444583148789,27636.090699921577,0.15201487514035697,3216.4996721185507,922.1743795963195,0.04053028133515008,27803.02939321318,0.15201487514035697,4274.8854632368775,1614.0659569165973,0.04322742274925534
E3_E1_018_s42,near_boundary_1,max_hs,HA0100_0047,1.4095561982662028,0.05407247840923874,1.3571745100123023,0.04165720101447959,0.9387998638118953,0.025245384376225186,0.6425640859016872,0.02546642481845252,25.0,7.4,12.95,8.0,729290718.0,42,729723316,0,7525.418671988999,True,13201,0.05000000000001137,191817.0124357323,0.9635401905564434,3052.2859005174946,857.3257018870697,0.2564661592717703,163366.13987805575,0.8326922801675405,2968.117080949924,845.9524538232785,0.22319601064648656,27306.807395296983,0.15050339046596925,2955.3746203422775,782.3343758701795,0.038039496684366673,27306.807395296983,0.15050339046596925,3400.03465010671,1069.4445939678096,0.04208973043637418
E3_E1_018_s43,near_boundary_1,max_hs,HA0100_0047,1.4095561982662028,0.05407247840923874,1.3571745100123023,0.04165720101447959,0.9387998638118953,0.025245384376225186,0.6425640859016872,0.02546642481845252,25.0,7.4,12.95,8.0,729290718.0,43,729731235,0,5780.312084810999,True,13201,0.05000000000001137,191734.56751991075,0.9623950638166736,3037.034616995563,1050.0204636106691,0.2569357195044876,163898.53006104904,0.8368197304101779,3037.034616995563,1050.0204636106691,0.221551321191367,27822.781084255264,0.1520849176328571,2868.5046368537182,703.0370249772135,0.0375398277045264,27822.781084255264,0.1520849176328571,3359.147193594198,1073.0288177427874,0.041852432730798535
E3_E1_018_s44,near_boundary_1,max_hs,HA0100_0047,1.4095561982662028,0.05407247840923874,1.3571745100123023,0.04165720101447959,0.9387998638118953,0.025245384376225186,0.6425640859016872,0.02546642481845252,25.0,7.4,12.95,8.0,729290718.0,44,729739154,0,7046.244590125,True,13201,0.05000000000001137,194860.31203949626,0.9834850982046871,3548.1652454412147,912.0468007234091,0.26226025553750776,164038.2267861736,0.8286710545963311,2986.246498328933,912.0468007234091,0.23471696720507024,27338.07893023003,0.15015668078326858,2811.328305341266,575.240817718046,0.03615973597213001,27368.410817163098,0.15015668078326858,3610.4574611987646,1193.0065996268374,0.040459587374324195
E3_E1_018_s45,near_boundary_1,max_hs,HA0100_0047,1.4095561982662028,0.05407247840923874,1.3571745100123023,0.04165720101447959,0.9387998638118953,0.025245384376225186,0.6425640859016872,0.02546642481845252,25.0,7.4,12.95,8.0,729290718.0,45,729747073,0,5503.662988459,True,13201,0.05000000000001137,190864.3035527976,0.9565607848102409,3207.521215727621,1011.2663948640347,0.25677999453735734,163801.8773479271,0.8389774986417031,3145.682551179544,1011.2663948640347,0.21871941060128278,27596.073767829417,0.15123512512108028,2901.710319080654,643.3911398690559,0.03768914564993422,27596.073767829417,0.15123512512108028,4088.882545769892,1458.3763923284973,0.04263913018123256
E3_E1_018_s46,near_boundary_1,max_hs,HA0100_0047,1.4095561982662028,0.05407247840923874,1.3571745100123023,0.04165720101447959,0.9387998638118953,0.025245384376225186,0.6425640859016872,0.02546642481845252,25.0,7.4,12.95,8.0,729290718.0,46,729754992,0,11295.093990049,True,13201,0.05000000000001137,191843.83411372136,0.9636028436602473,3237.840063088223,910.1614898850731,0.26011748418680125,164435.28081614745,0.8388356026909947,2959.1928323670822,910.1614898850731,0.22560498196505063,27485.87523726915,0.150573395945002,3022.467711389617,784.894813039626,0.038644617168696146,27611.498546383562,0.150573395945002,3350.239643341072,1098.4675882470312,0.041608881163202334
E3_E1_018_s47,near_boundary_1,max_hs,HA0100_0047,1.4095561982662028,0.05407247840923874,1.3571745100123023,0.04165720101447959,0.9387998638118953,0.025245384376225186,0.6425640859016872,0.02546642481845252,25.0,7.4,12.95,8.0,729290718.0,47,729762911,0,10148.550080091001,True,13201,0.05000000000001137,190342.0902005162,0.953316454831529,3370.2326426657646,1102.0871994150275,0.25705022732983446,163812.45972264282,0.840433031122318,3184.580192760028,880.7902267235805,0.2172694136019886,27787.15412140035,0.15273282152093084,3199.9595451310793,961.0645686746991,0.0393084182055172,27787.15412140035,0.15273282152093084,3674.2095416667044,1250.0929263505009,0.04328282443383702
E3_E1_018_s48,near_boundary_1,max_hs,HA0100_0047,1.4095561982662028,0.05407247840923874,1.3571745100123023,0.04165720101447959,0.9387998638118953,0.025245384376225186,0.6425640859016872,0.02546642481845252,25.0,7.4,12.95,8.0,729290718.0,48,729770830,0,5763.749815261,True,13201,0.05000000000001137,192439.82189077119,0.9690248193664064,3003.6129314283726,1088.2090251161555,0.2556174356062059,163197.3760212521,0.8288890747867661,3003.6129314283726,1088.2090251161555,0.22429733156968776,27304.775287009878,0.15058400042751097,2884.1115766295434,649.45292404855,0.03691886627531198,27452.06755174096,0.15058400042751097,3234.468611033819,968.4802556935932,0.04150115180262548
E3_E1_018_s49,near_boundary_1,max_hs,HA0100_0047,1.4095561982662028,0.05407247840923874,1.3571745100123023,0.04165720101447959,0.9387998638118953,0.025245384376225186,0.6425640859016872,0.02546642481845252,25.0,7.4,12.95,8.0,729290718.0,49,729778749,0,7092.051198347,True,13201,0.05000000000001137,193138.28454077424,0.9741416260794341,2949.724637261339,1097.9652177720077,0.2554909104775667,163011.3425612295,0.8265631162485361,2949.724637261339,1097.9652177720077,0.22536260543757491,27332.932073639764,0.1498662985014547,2997.2687228791197,661.0689897641621,0.039009994035969206,27486.957516387236,0.15016395575094568,3315.085489251331,1035.977942808639,0.040850128608805145
E3_E1_018_s5,near_boundary_1,max_hs,HA0100_0047,1.4095561982662028,0.05407247840923874,1.3571745100123023,0.04165720101447959,0.9387998638118953,0.025245384376225186,0.6425640859016872,0.02546642481845252,25.0,7.4,12.95,8.0,729290718.0,5,729330313,0,6989.984350194,True,13201,0.05000000000001137,193887.5253269846,0.9789178159985443,3106.21024533302,1205.8700240387914,0.257436820933511,163173.3338740929,0.8257831590904394,3106.21024533302,1205.8700240387914,0.2286733777009445,27603.358471186686,0.15087034198675106,2966.6407763161437,719.603314915261,0.03794037076732042,27633.70928039886,0.15110302269520826,3917.7043722107996,1341.563888045722,0.042652345740509946
E3_E1_018_s50,near_boundary_1,max_hs,HA0100_0047,1.4095561982662028,0.05407247840923874,1.3571745100123023,0.04165720101447959,0.9387998638118953,0.025245384376225186,0.6425640859016872,0.02546642481845252,25.0,7.4,12.95,8.0,729290718.0,50,729786668,0,8890.569274339001,True,13201,0.05000000000001137,191650.97978335572,0.9617804609098138,3041.6218433787785,928.7915240000307,0.25749896485784707,164068.04101783145,0.8380930804469877,2980.342158991687,928.7915240000307,0.2217617385038089,27753.70531895118,0.1528682191744562,2946.7026747676564,734.8898547107297,0.036500587278033195,27753.70531895118,0.1528682191744562,3432.3233125136835,1131.891982249665,0.04111675509070028
E3_E1_018_s51,near_boundary_1,max_hs,HA0100_0047,1.4095561982662028,0.05407247840923874,1.3571745100123023,0.04165720101447959,0.9387998638118953,0.025245384376225186,0.6425640859016872,0.02546642481845252,25.0,7.4,12.95,8.0,729290718.0,51,729794587,0,6579.878499566001,True,13201,0.05000000000001137,192442.17638530993,0.9677060968371057,3189.082092039839,947.6167158938807,0.25944517598777544,164136.0660328496,0.8355328085160902,2893.8876534698566,947.6167158938807,0.2267935733340401,27605.568315897366,0.15187456339390992,3159.6637974481127,973.9211118876658,0.038128713397753734,27605.568315897366,0.15187456339390992,3554.3485892219974,1192.362954517539,0.041933399254800094
E3_E1_018_s52,near_boundary_1,max_hs,HA0100_0047,1.4095561982662028,0.05407247840923874,1.3571745100123023,0.04165720101447959,0.9387998638118953,0.025245384376225186,0.6425640859016872,0.02546642481845252,25.0,7.4,12.95,8.0,729290718.0,52,729802506,0,6949.302199434,True,13201,0.05000000000001137,192606.03070251926,0.9688903460486101,3065.42567683024,960.2913783702196,0.2563931759821191,163438.06664541515,0.8316755409437814,2963.792716854271,960.2913783702196,0.2241567818450513,28396.24543746633,0.15582974928510063,3243.1743893612543,978.1031489143944,0.038997069218627584,28396.24543746633,0.15582974928510063,3775.392495096073,1290.6643362452103,0.04073435992062525
E3_E1_018_s53,near_boundary_1,max_hs,HA0100_0047,1.4095561982662028,0.05407247840923874,1.3571745100123023,0.04165720101447959,0.9387998638118953,0.025245384376225186,0.6425640859016872,0.02546642481845252,25.0,7.4,12.95,8.0,729290718.0,53,729810425,0,7471.030309533,True,13201,0.05000000000001137,192375.78388042405,0.9680778765153868,3088.8796348298583,1060.833463742638,0.25423890665089577,163013.61347607788,0.8289026595554093,3088.8796348298583,1060.833463742638,0.22198222177845278,27397.84029594399,0.15082591846109955,2957.1865024471012,844.8107849042224,0.039121900413015505,27397.84029594399,0.15082591846109955,3427.8314331536144,1082.6143134522267,0.0411709294809474
E3_E1_018_s54,near_boundary_1,max_hs,HA0100_0047,1.4095561982662028,0.05407247840923874,1.3571745100123023,0.04165720101447959,0.9387998638118953,0.025245384376225186,0.6425640859016872,0.02546642481845252,25.0,7.4,12.95,8.0,729290718.0,54,729818344,0,7069.7380824189995,True,13201,0.05000000000001137,191489.68349513825,0.9607496117072784,3096.4576496535096,858.7157411177819,0.25807647417051144,164068.14175817027,0.8383339846434036,2982.0835156312332,854.2735273966946,0.22212280307755608,28197.309513841657,0.151599040366045,3234.070180852201,812.5443029146948,0.04281081898498351,28197.309513841657,0.151599040366045,3658.807502836456,1233.5305722651233,0.04281081898498351
E3_E1_018_s55,near_boundary_1,max_hs,HA0100_0047,1.4095561982662028,0.05407247840923874,1.3571745100123023,0.04165720101447959,0.9387998638118953,0.025245384376225186,0.6425640859016872,0.02546642481845252,25.0,7.4,12.95,8.0,729290718.0,55,729826263,0,8913.160220862,True,13201,0.05000000000001137,193100.87948673844,0.9720875750074113,3278.0349207052304,945.5117351628908,0.2601905790519937,164418.0949445722,0.8355000663778455,2879.3442616268067,945.5117351628908,0.2285778953634609,27503.838337148292,0.15141525503586525,2985.49433367895,752.0915346539232,0.038891195617886454,27618.397869909026,0.15141525503586525,3728.8377164505246,1244.309272247518,0.045186178558211124
E3_E1_018_s56,near_boundary_1,max_hs,HA0100_0047,1.4095561982662028,0.05407247840923874,1.3571745100123023,0.04165720101447959,0.9387998638118953,0.025245384376225186,0.6425640859016872,0.02546642481845252,25.0,7.4,12.95,8.0,729290718.0,56,729834182,0,7844.824643257,True,13201,0.05000000000001137,191436.0983861551,0.9612606875708853,3295.8767642329135,867.7423293522083,0.259734193079195,164305.18433266022,0.8387688446756025,3094.4172191786965,867.7423293522083,0.22474236273055298,27198.169348711574,0.14979315361965237,2872.863105455278,605.9752316244578,0.036851447597627394,27594.248676869174,0.14979315361965237,3459.1059520876856,1131.637052673716,0.04262221422184122
E3_E1_018_s57,near_boundary_1,max_hs,HA0100_0047,1.4095561982662028,0.05407247840923874,1.3571745100123023,0.04165720101447959,0.9387998638118953,0.025245384376225186,0.6425640859016872,0.02546642481845252,25.0,7.4,12.95,8.0,729290718.0,57,729842101,0,8578.357224387999,True,13201,0.05000000000001137,192632.62633876764,0.9692298264074812,3068.748088672056,1061.805910011825,0.2541910450600362,163185.56205804867,0.8303340449558926,3068.748088672056,1061.805910011825,0.22148220564116233,27428.03591542061,0.15118321199324097,3175.994874298417,928.6639227441668,0.03795359785314186,27428.03591542061,0.15118321199324097,3555.5448453459335,1166.9857972461689,0.04322084710114391
E3_E1_018_s58,near_boundary_1,max_hs,HA0100_0047,1.4095561982662028,0.05407247840923874,1.3571745100123023,0.04165720101447959,0.9387998638118953,0.025245384376225186,0.6425640859016872,0.02546642481845252,25.0,7.4,12.95,8.0,729290718.0,58,729850020,0,10198.027557685,True,13201,0.05000000000001137,192096.8404189585,0.9651314964337262,3074.0730139014117,862.808791873795,0.25696460359607265,163599.3333241969,0.8338424686106469,2951.181541923561,862.808791873795,0.22356438847399948,27221.111992003818,0.1477271548794622,2964.844870902197,733.3042534073392,0.03754823566254071,27466.81429498764,0.14854500205929866,3330.514138228562,1066.9216832246548,0.04199568859715333
E3_E1_018_s59,near_boundary_1,max_hs,HA0100_0047,1.4095561982662028,0.05407247840923874,1.3571745100123023,0.04165720101447959,0.9387998638118953,0.025245384376225186,0.6425640859016872,0.02546642481845252,25.0,7.4,12.95,8.0,729290718.0,59,729857939,0,5517.316975536,True,13201,0.05000000000001137,191926.42194018795,0.9642677218325314,2957.886216019878,1003.8423279335756,0.25674006203407773,163656.7633664464,0.8336821947162271,2955.5308690845554,1003.8423279335756,0.2233663846687208,27705.790200237407,0.15224066999824867,2855.564981265505,614.6783596591287,0.03635825705576092,27705.790200237407,0.15224066999824867,3359.886268680657,1057.9518315107641,0.043967770588790374
E3_E1_018_s6,near_boundary_1,max_hs,HA0100_0047,1.4095561982662028,0.05407247840923874,1.3571745100123023,0.04165720101447959,0.9387998638118953,0.025245384376225186,0.6425640859016872,0.02546642481845252,25.0,7.4,12.95,8.0,729290718.0,6,729338232,0,7164.057629699,True,13201,0.05000000000001137,191670.0147752684,0.9622466630761667,3001.149056261749,958.5430506285542,0.2559928674193281,163580.32858111925,0.8344753924615398,3001.149056261749,958.5430506285542,0.22128311795715996,27242.09036086764,0.14919384832439292,3012.06258990045,752.0204256115428,0.0396091457082822,27605.28718516601,0.14925326171381975,3290.989858844424,974.1281804293626,0.04089894683919171
E3_E1_018_s7,near_boundary_1,max_hs,HA0100_0047,1.4095561982662028,0.05407247840923874,1.3571745100123023,0.04165720101447959,0.9387998638118953,0.025245384376225186,0.6425640859016872,0.02546642481845252,25.0,7.4,12.95,8.0,729290718.0,7,729346151,0,7901.774047354,True,13201,0.05000000000001137,190598.9305501382,0.955193689909171,3251.744332518884,950.0506078180174,0.25695496547650776,163660.68436481507,0.8380665966581958,3112.7387628401125,856.7854805009696,0.21923772174817624,27808.89422463074,0.15284576323172647,3406.8662358853576,1056.078723004865,0.04004686747473633,27808.89422463074,0.15284576323172647,3406.8662358853576,1056.078723004865,0.04101826145610848
E3_E1_018_s8,near_boundary_1,max_hs,HA0100_0047,1.4095561982662028,0.05407247840923874,1.3571745100123023,0.04165720101447959,0.9387998638118953,0.025245384376225186,0.6425640859016872,0.02546642481845252,25.0,7.4,12.95,8.0,729290718.0,8,729354070,0,5923.922304943,True,13201,0.05000000000001137,193116.07334803796,0.9728499667457716,3312.505817190268,1169.735322104381,0.2596123778716744,163973.65885412475,0.8318453458858974,3312.505817190268,1169.735322104381,0.229001326586755,27307.947522315142,0.150204632607156,3241.1508390818854,953.5242935093611,0.03842455027512023,27307.947522315142,0.150204632607156,3265.214751379718,1031.8821979405125,0.041002767918724065
E3_E1_018_s9,near_boundary_1,max_hs,HA0100_0047,1.4095561982662028,0.05407247840923874,1.3571745100123023,0.04165720101447959,0.9387998638118953,0.025245384376225186,0.6425640859016872,0.02546642481845252,25.0,7.4,12.95,8.0,729290718.0,9,729361989,0,7070.496570339001,True,13201,0.05000000000001137,191150.5373966021,0.9585444977600234,3139.231701163376,936.7407803101391,0.25637483378180204,163781.04285398868,0.8376702471055754,3121.612443751726,936.7407803101391,0.21957421903889354,27465.10141347856,0.15165640072981934,2817.152886631312,615.017741729203,0.037103411045858264,27465.10141347856,0.15165640072981934,3318.804994118763,1019.6202779173883,0.0414955562818221
E3_E1_019_s0,near_boundary_2,harsh,HA0100_0085,1.3304739088800233,0.05262799666403732,1.424262201762857,0.04146726008953478,0.9577653183727594,0.01702319681398623,0.6746805564495395,0.02017139534745173,21.65,3.84,7.75,2.0,1928444722.0,0,1928444722,0,6988.245079984999,True,13201,0.05000000000001137,170241.44476783334,0.8565887552001673,3214.7042248453613,925.0181515891742,0.2253560567392403,143867.13895534424,0.7300742600688404,3160.134849633379,925.0181515891742,0.19667227854367741,28246.59609731533,0.15163165630647701,2941.788493606466,501.68079521487516,0.035721458260975336,28246.59609731533,0.15163165630647701,3117.3389342886476,726.2371249095114,0.03993496970119472
E3_E1_019_s1,near_boundary_2,harsh,HA0100_0085,1.3304739088800233,0.05262799666403732,1.424262201762857,0.04146726008953478,0.9577653183727594,0.01702319681398623,0.6746805564495395,0.02017139534745173,21.65,3.84,7.75,2.0,1928444722.0,1,1928452641,0,8563.406232850002,True,13201,0.05000000000001137,170378.53407556145,0.8569113590964611,3288.173160833705,782.0276474005839,0.22655366139029368,144185.29277147693,0.7316609654628887,3151.0067053238167,782.0276474005839,0.19777254085056478,27837.195300568208,0.1491413276439938,2971.1218193217137,621.3393693980385,0.035783147009541126,27837.195300568208,0.1491413276439938,3099.280962344655,703.8050830226068,0.038249721308599445
E3_E1_019_s10,near_boundary_2,harsh,HA0100_0085,1.3304739088800233,0.05262799666403732,1.424262201762857,0.04146726008953478,0.9577653183727594,0.01702319681398623,0.6746805564495395,0.02017139534745173,21.65,3.84,7.75,2.0,1928444722.0,10,1928523912,0,7070.904810863999,True,13201,0.05000000000001137,171357.42241659397,0.862630225371746,3173.061127402241,826.2784693437277,0.22465373099667416,143635.3821567062,0.7307136294712132,3095.707039145229,826.2784693437277,0.196923458653684,27803.022276258875,0.14964265645000924,3018.22645939143,681.456438925976,0.03641609508090669,27803.022276258875,0.14964265645000924,3091.0880858005216,721.8426672455887,0.03839335329390981
E3_E1_019_s11,near_boundary_2,harsh,HA0100_0085,1.3304739088800233,0.05262799666403732,1.424262201762857,0.04146726008953478,0.9577653183727594,0.01702319681398623,0.6746805564495395,0.02017139534745173,21.65,3.84,7.75,2.0,1928444722.0,11,1928531831,0,7213.699935453001,True,13201,0.05000000000001137,170053.39292726587,0.8559570015335535,3219.931179225609,830.7015759474268,0.22434636871240873,143473.9131678629,0.7282019470842073,3179.732750923566,830.7015759474268,0.19595106224511336,27542.126075685712,0.1478807250185376,2903.9302211888266,519.8677574576335,0.03618258950112985,28194.58673236138,0.15057567903755106,3087.486003141854,715.100914223831,0.03972871935597247
E3_E1_019_s12,near_boundary_2,harsh,HA0100_0085,1.3304739088800233,0.05262799666403732,1.424262201762857,0.04146726008953478,0.9577653183727594,0.01702319681398623,0.6746805564495395,0.02017139534745173,21.65,3.84,7.75,2.0,1928444722.0,12,1928539750,0,7025.109723511001,True,13201,0.05000000000001137,168921.31263329406,0.8487384222947684,3429.2251849533686,843.4725828465854,0.22793367919232438,144322.42463063187,0.7309614241295354,3260.2967429727973,680.5537668159893,0.19729806653932425,28267.195550737422,0.15205887413780494,3082.127088743334,695.5890398977008,0.038236632899348456,28267.195550737422,0.15205887413780494,3130.030097905917,758.5738774978716,0.03906959889878607
E3_E1_019_s13,near_boundary_2,harsh,HA0100_0085,1.3304739088800233,0.05262799666403732,1.424262201762857,0.04146726008953478,0.9577653183727594,0.01702319681398623,0.6746805564495395,0.02017139534745173,21.65,3.84,7.75,2.0,1928444722.0,13,1928547669,0,5759.225832141,True,13201,0.05000000000001137,171322.31438702467,0.8616276602991909,3256.2089512672223,841.9849377187079,0.22730898406457528,144561.81869819303,0.7344088851571702,3089.3227254601197,841.9849377187079,0.19839078611593067,27950.46206275841,0.1506868680791883,2976.7936567760403,617.3095250492842,0.036996641710893015,28027.735509715898,0.1506868680791883,3118.460386703788,725.0594161004939,0.040582980003459765
E3_E1_019_s14,near_boundary_2,harsh,HA0100_0085,1.3304739088800233,0.05262799666403732,1.424262201762857,0.04146726008953478,0.9577653183727594,0.01702319681398623,0.6746805564495395,0.02017139534745173,21.65,3.84,7.75,2.0,1928444722.0,14,1928555588,0,8458.884283694999,True,13201,0.05000000000001137,170839.1253871589,0.8593748836794073,3208.083058191202,854.6615826785159,0.2259390285413473,144056.04846275612,0.731881838757978,3110.1879735056064,854.6615826785159,0.19721842646652832,28543.361258926347,0.15271306739759385,2966.1089028919014,479.7684582568903,0.037203643478251246,28543.361258926347,0.15271306739759385,3163.939307533145,754.8640726137904,0.04055415908476041
E3_E1_019_s15,near_boundary_2,harsh,HA0100_0085,1.3304739088800233,0.05262799666403732,1.424262201762857,0.04146726008953478,0.9577653183727594,0.01702319681398623,0.6746805564495395,0.02017139534745173,21.65,3.84,7.75,2.0,1928444722.0,15,1928563507,0,7296.91589014,True,13201,0.05000000000001137,171215.17187500081,0.8609981009221632,3221.46912225379,874.8473884649478,0.2266283543846856,144611.99481447524,0.7342245369467647,3135.2136853847005,874.8473884649478,0.19727725337022647,28367.856170096602,0.15274517616420286,2912.515364969696,534.9593843730622,0.03660381807197337,28367.856170096602,0.15274517616420286,3103.736481572763,758.1938249291751,0.03906831228105261
E3_E1_019_s16,near_boundary_2,harsh,HA0100_0085,1.3304739088800233,0.05262799666403732,1.424262201762857,0.04146726008953478,0.9577653183727594,0.01702319681398623,0.6746805564495395,0.02017139534745173,21.65,3.84,7.75,2.0,1928444722.0,16,1928571426,0,6972.6150047950005,True,13201,0.05000000000001137,171624.71162627728,0.8642381822493771,3193.816556695557,797.0270247670611,0.22403195238741125,143562.63263037504,0.7294647741012522,3160.9791526143335,797.0270247670611,0.19619464986030408,28340.134814775192,0.15155768698111424,3080.1884716822105,696.3099786570167,0.040201041341482335,28340.134814775192,0.15155768698111424,3080.1884716822105,734.5978159329061,0.040201041341482335
E3_E1_019_s17,near_boundary_2,harsh,HA0100_0085,1.3304739088800233,0.05262799666403732,1.424262201762857,0.04146726008953478,0.9577653183727594,0.01702319681398623,0.6746805564495395,0.02017139534745173,21.65,3.84,7.75,2.0,1928444722.0,17,1928579345,0,7183.345147872001,True,13201,0.05000000000001137,171041.62254525282,0.8597284207718177,3316.1238559684607,742.4892941328955,0.22834202332605155,144722.70310049746,0.7352699483441462,3094.02308129501,742.4892941328955,0.1994166576156767,27191.784515556887,0.14644028080819219,2968.836429077625,563.2314295698964,0.037280732384567215,27887.4882331711,0.14891088119994295,3118.29464708361,737.5784251975899,0.038539323789246814
E3_E1_019_s18,near_boundary_2,harsh,HA0100_0085,1.3304739088800233,0.05262799666403732,1.424262201762857,0.04146726008953478,0.9577653183727594,0.01702319681398623,0.6746805564495395,0.02017139534745173,21.65,3.84,7.75,2.0,1928444722.0,18,1928587264,0,9402.211662163001,True,13201,0.05000000000001137,170414.61811053922,0.8578839344198412,3199.5330954013066,842.4724472871712,0.22529277701199008,143514.40739276606,0.7292618396521575,3097.68509483083,842.4724472871712,0.1974868494917596,27726.48785659193,0.1495840279294995,2963.935201826713,555.8364943766255,0.03696300528539182,27991.0855146317,0.14969776659715692,3088.175268075588,738.2587574816188,0.03849138432063972
E3_E1_019_s19,near_boundary_2,harsh,HA0100_0085,1.3304739088800233,0.05262799666403732,1.424262201762857,0.04146726008953478,0.9577653183727594,0.01702319681398623,0.6746805564495395,0.02017139534745173,21.65,3.84,7.75,2.0,1928444722.0,19,1928595183,0,10107.131452487,True,13201,0.05000000000001137,167996.8784328683,0.8441999463048003,3457.007765083071,1043.1739069558307,0.22640993264708792,144074.2208246357,0.7289425972649141,3308.0275986202532,694.1888341666316,0.19491097955350034,27359.58292570138,0.14712513293639937,2936.815502870818,512.0326577898333,0.037008207803242224,27972.752405595234,0.14941766137268533,3115.3125405676296,786.0640734345749,0.03873572376455515
E3_E1_019_s2,near_boundary_2,harsh,HA0100_0085,1.3304739088800233,0.05262799666403732,1.424262201762857,0.04146726008953478,0.9577653183727594,0.01702319681398623,0.6746805564495395,0.02017139534745173,21.65,3.84,7.75,2.0,1928444722.0,2,1928460560,0,6961.2328183479995,True,13201,0.05000000000001137,170812.7693113288,0.8601305655118373,3179.051624613184,764.7455517309237,0.22307739417542496,143162.58809833776,0.7275980950605921,3179.051624613184,764.7455517309237,0.1949289631065996,27761.321827530926,0.14958413593548775,2922.5086634352842,494.7432931339619,0.0362888104600127,27761.321827530926,0.14958413593548775,3092.2301512017525,786.9480042745492,0.03998418976686792
E3_E1_019_s20,near_boundary_2,harsh,HA0100_0085,1.3304739088800233,0.05262799666403732,1.424262201762857,0.04146726008953478,0.9577653183727594,0.01702319681398623,0.6746805564495395,0.02017139534745173,21.65,3.84,7.75,2.0,1928444722.0,20,1928603102,0,10430.962404072001,True,13201,0.05000000000001137,170142.23407118622,0.8552483827264618,3305.0074584807544,781.7847097932289,0.22778679010044722,144610.2896826689,0.7335875692791343,3149.551832831819,781.7847097932289,0.19797082195244411,27300.907841125474,0.14702555146954813,3064.1327461937985,685.9553417999562,0.03882382715799799,27558.64013506383,0.1474021940520408,3169.486478383652,800.6065325289093,0.04064938502350212
E3_E1_019_s21,near_boundary_2,harsh,HA0100_0085,1.3304739088800233,0.05262799666403732,1.424262201762857,0.04146726008953478,0.9577653183727594,0.01702319681398623,0.6746805564495395,0.02017139534745173,21.65,3.84,7.75,2.0,1928444722.0,21,1928611021,0,7116.470450942999,True,13201,0.05000000000001137,170454.69024509465,0.8563958533917267,3327.301211974499,882.1084456430569,0.2295029467125173,144964.9314677856,0.7357493086518128,3079.9847707569147,882.1084456430569,0.20002211835127456,28236.15685222243,0.15174034072021583,2969.015641662124,547.9858351169171,0.03521731675411526,28236.15685222243,0.15174034072021583,3089.0519462058764,685.2061452140634,0.03850945502420369
E3_E1_019_s22,near_boundary_2,harsh,HA0100_0085,1.3304739088800233,0.05262799666403732,1.424262201762857,0.04146726008953478,0.9577653183727594,0.01702319681398623,0.6746805564495395,0.02017139534745173,21.65,3.84,7.75,2.0,1928444722.0,22,1928618940,0,8189.1357910430015,True,13201,0.05000000000001137,170182.7908945461,0.8553781465384626,3352.8989574656657,788.0371057810619,0.22890460021264517,144581.29185797894,0.7339338967132127,3151.1270107095934,788.0371057810619,0.19973677885504384,27727.864110715887,0.1487465528441034,2994.7333886826823,594.4366210299702,0.03618816366502325,28165.060699013728,0.1503443676363482,3084.1415481047075,700.9334829583156,0.03866563673650159
E3_E1_019_s23,near_boundary_2,harsh,HA0100_0085,1.3304739088800233,0.05262799666403732,1.424262201762857,0.04146726008953478,0.9577653183727594,0.01702319681398623,0.6746805564495395,0.02017139534745173,21.65,3.84,7.75,2.0,1928444722.0,23,1928626859,0,7264.5459598219995,True,13201,0.05000000000001137,170547.4425984602,0.8576496793421977,3249.3184630257924,836.7010741822239,0.22666582668591137,144308.19929593673,0.7327268664448489,3125.4228122139843,836.7010741822239,0.19761302696490696,28513.38212185563,0.15244123833261042,3084.3046296306593,731.6677499968292,0.03733028334380537,28513.38212185563,0.15244123833261042,3084.3046296306593,731.6677499968292,0.038385942326034234
E3_E1_019_s24,near_boundary_2,harsh,HA0100_0085,1.3304739088800233,0.05262799666403732,1.424262201762857,0.04146726008953478,0.9577653183727594,0.01702319681398623,0.6746805564495395,0.02017139534745173,21.65,3.84,7.75,2.0,1928444722.0,24,1928634778,0,8588.052107215002,True,13201,0.05000000000001137,170847.43579180233,0.8593154878105712,3285.0410345978307,745.5594695509641,0.2258813646468306,144200.52820980846,0.7320190605784648,3170.4389717038953,745.5594695509641,0.1972438510822807,27862.55518560691,0.14928120579516652,2922.7104846467073,585.2578932797007,0.0348395272018027,28200.901195464077,0.15087055246752223,3141.088924061583,797.8525687111538,0.03906429989816068
E3_E1_019_s25,near_boundary_2,harsh,HA0100_0085,1.3304739088800233,0.05262799666403732,1.424262201762857,0.04146726008953478,0.9577653183727594,0.01702319681398623,0.6746805564495395,0.02017139534745173,21.65,3.84,7.75,2.0,1928444722.0,25,1928642697,0,7484.531101270999,True,13201,0.05000000000001137,169720.91094821296,0.8535115648906293,3346.751360680839,793.6650913458793,0.2252284769535699,144040.742228378,0.7300337944349135,3288.573390973748,793.6650913458793,0.19498653050357193,28091.47513585977,0.15134603826968654,2998.7939134065696,606.3914397426176,0.03691470479291337,28091.47513585977,0.15134603826968654,3090.292802498991,708.0372365764306,0.03833759925178379
E3_E1_019_s26,near_boundary_2,harsh,HA0100_0085,1.3304739088800233,0.05262799666403732,1.424262201762857,0.04146726008953478,0.9577653183727594,0.01702319681398623,0.6746805564495395,0.02017139534745173,21.65,3.84,7.75,2.0,1928444722.0,26,1928650616,0,7053.406508052,True,13201,0.05000000000001137,170168.24572195567,0.8557319586331276,3275.092588007905,761.6770159414546,0.2270468488737503,144165.3554860646,0.7320417453932447,3122.57310623674,761.6770159414546,0.19797720590609297,27487.71785651266,0.14776909376762676,2920.2364959156234,533.1245551336277,0.0353052814362774,27520.76363499953,0.14776909376762676,3092.546142947119,724.9111195129012,0.03927052524817366
E3_E1_019_s27,near_boundary_2,harsh,HA0100_0085,1.3304739088800233,0.05262799666403732,1.424262201762857,0.04146726008953478,0.9577653183727594,0.01702319681398623,0.6746805564495395,0.02017139534745173,21.65,3.84,7.75,2.0,1928444722.0,27,1928658535,0,7135.927253383,True,13201,0.05000000000001137,170579.19989687248,0.8564940046956264,3354.2914749867073,773.9053837149905,0.2303147548207019,145404.64464550038,0.7380561538925058,3096.9654402768115,773.9053837149905,0.1999170178331073,27997.164740830027,0.15058525171168202,2926.2006727609664,561.2154921563033,0.036007827596664904,28141.126486273897,0.1507612179251773,3078.8552971441763,691.674690659218,0.03869868658051807
E3_E1_019_s28,near_boundary_2,harsh,HA0100_0085,1.3304739088800233,0.05262799666403732,1.424262201762857,0.04146726008953478,0.9577653183727594,0.01702319681398623,0.6746805564495395,0.02017139534745173,21.65,3.84,7.75,2.0,1928444722.0,28,1928666454,0,5648.537692716,True,13201,0.05000000000001137,170706.01449801965,0.8590642146616583,3270.8210163313656,688.1048890904872,0.2260042569301736,143852.95952762075,0.7308379413355716,3140.2821102831904,688.1048890904872,0.19796998295207496,28104.756298854936,0.15128339501539995,2977.76256533924,585.4031776317385,0.03834967055590997,28447.29974607749,0.15175377761274034,3082.619291553311,738.9685944470151,0.03855198881806757
E3_E1_019_s29,near_boundary_2,harsh,HA0100_0085,1.3304739088800233,0.05262799666403732,1.424262201762857,0.04146726008953478,0.9577653183727594,0.01702319681398623,0.6746805564495395,0.02017139534745173,21.65,3.84,7.75,2.0,1928444722.0,29,1928674373,0,7021.363891838,True,13201,0.05000000000001137,171120.2418231668,0.8611094993985314,3146.088162346079,914.5717519597939,0.2250562453833134,143949.385009346,0.7317901777229332,3112.436766039457,914.5717519597939,0.19642885718428307,27746.893940849975,0.14982192400853178,3036.9936832562807,694.872655959381,0.038483882027018704,27923.77563823906,0.14982192400853178,3100.6429490637574,707.0350804645977,0.03899373949068426
E3_E1_019_s3,near_boundary_2,harsh,HA0100_0085,1.3304739088800233,0.05262799666403732,1.424262201762857,0.04146726008953478,0.9577653183727594,0.01702319681398623,0.6746805564495395,0.02017139534745173,21.65,3.84,7.75,2.0,1928444722.0,3,1928468479,0,8145.924334334,True,13201,0.05000000000001137,170635.869327599,0.8582984384695302,3309.4182676776186,810.0432308309656,0.22654164268516508,144051.23142669266,0.7314330868219207,3161.6214124670714,810.0432308309656,0.19798164101971463,28447.079320446024,0.15313365779203175,2927.548822214348,540.29368072148,0.03495877700972083,28447.079320446024,0.15313365779203175,3048.964964736923,734.7996944190027,0.03909217216992459
E3_E1_019_s30,near_boundary_2,harsh,HA0100_0085,1.3304739088800233,0.05262799666403732,1.424262201762857,0.04146726008953478,0.9577653183727594,0.01702319681398623,0.6746805564495395,0.02017139534745173,21.65,3.84,7.75,2.0,1928444722.0,30,1928782292,0,7101.103466662,True,13201,0.05000000000001137,171356.8271819319,0.8631436985951496,3147.473725428098,804.5521460523186,0.2237447762285277,143228.80658789267,0.7287242316734088,3100.313936078744,804.5521460523186,0.19661030005145436,28486.267327437443,0.15348548833566605,2942.626878151682,540.905451531498,0.0361210878748032,28486.267327437443,0.15348548833566605,3117.5026540152244,759.8688831586359,0.03896207192835091
E3_E1_019_s31,near_boundary_2,harsh,HA0100_0085,1.3304739088800233,0.05262799666403732,1.424262201762857,0.04146726008953478,0.9577653183727594,0.01702319681398623,0.6746805564495395,0.02017139534745173,21.65,3.84,7.75,2.0,1928444722.0,31,1928790211,0,9621.971444318,True,13201,0.05000000000001137,170264.33032261548,0.8562959350068793,3274.156155776368,833.688166255274,0.2272755374072595,144216.04585270284,0.731945091808164,3105.3468312947853,833.688166255274,0.19858247200161938,27740.126329660427,0.14957246516198588,2987.410446951704,607.6714067956136,0.036512144172112904,28258.410202448584,0.15102085774639887,3039.689418335319,675.6586741418782,0.03825636299723534
E3_E1_019_s32,near_boundary_2,harsh,HA0100_0085,1.3304739088800233,0.05262799666403732,1.424262201762857,0.04146726008953478,0.9577653183727594,0.01702319681398623,0.6746805564495395,0.02017139534745173,21.65,3.84,7.75,2.0,1928444722.0,32,1928798130,0,7210.934391525,True,13201,0.05000000000001137,172367.6811575717,0.8662189097279338,3429.0149317281703,795.4197730465703,0.23036739946228238,145536.6464191418,0.7401043320747108,3036.7161937053097,795.4197730465703,0.2004684216802671,28013.43195551096,0.15090857634280536,2972.163929316167,606.93297709079,0.03623000958532709,28013.43195551096,0.15090857634280536,3088.243617334006,701.8273467154486,0.03950282728955072
E3_E1_019_s33,near_boundary_2,harsh,HA0100_0085,1.3304739088800233,0.05262799666403732,1.424262201762857,0.04146726008953478,0.9577653183727594,0.01702319681398623,0.6746805564495395,0.02017139534745173,21.65,3.84,7.75,2.0,1928444722.0,33,1928806049,0,8475.21578701,True,13201,0.05000000000001137,174358.8217971274,0.8823310387348577,3352.658046952922,1181.2066779876295,0.22706430130211086,143386.43834951983,0.7320957490465405,3233.746010079759,1181.2066779876295,0.19975556261004632,27693.359457868388,0.14928018415011107,2948.432540508683,517.0811622396391,0.03598086799244889,27804.724463883584,0.14928018415011107,3133.766070894519,710.8323854529824,0.0397625704201678
E3_E1_019_s34,near_boundary_2,harsh,HA0100_0085,1.3304739088800233,0.05262799666403732,1.424262201762857,0.04146726008953478,0.9577653183727594,0.01702319681398623,0.6746805564495395,0.02017139534745173,21.65,3.84,7.75,2.0,1928444722.0,34,1928813968,0,7089.710678646999,True,13201,0.05000000000001137,171957.76350680797,0.8663378396308113,3200.1051005351896,814.5769647681796,0.22427209221815422,143598.69692316756,0.7307349934522176,3087.6930860837724,814.5769647681796,0.19692348152917907,27981.083770711335,0.15108598379778512,3007.9807992635724,561.5763491040677,0.03639345582081114,28184.74341790431,0.15108598379778512,3113.762944118011,742.9685355147474,0.03884152987505128
E3_E1_019_s35,near_boundary_2,harsh,HA0100_0085,1.3304739088800233,0.05262799666403732,1.424262201762857,0.04146726008953478,0.9577653183727594,0.01702319681398623,0.6746805564495395,0.02017139534745173,21.65,3.84,7.75,2.0,1928444722.0,35,1928821887,0,7330.653903847,True,13201,0.05000000000001137,170892.91925692224,0.8586173354000411,3358.8469513732484,714.7592801911871,0.22925077471489344,144975.3988417312,0.7366461239754503,3128.5837779041776,714.7592801911871,0.1996610350351124,28436.39391338481,0.1520229502003713,2971.3943101274044,542.0334636374412,0.03670802134978817,28436.39391338481,0.1520229502003713,3055.155548188563,721.3515686019581,0.03844151664126932
E3_E1_019_s36,near_boundary_2,harsh,HA0100_0085,1.3304739088800233,0.05262799666403732,1.424262201762857,0.04146726008953478,0.9577653183727594,0.01702319681398623,0.6746805564495395,0.02017139534745173,21.65,3.84,7.75,2.0,1928444722.0,36,1928829806,0,7910.169290042,True,13201,0.05000000000001137,168376.14038689336,0.8463860488143675,3404.95030626821,931.8053422277799,0.22690314781061566,144027.84910576636,0.7294370374256572,3255.791630419188,710.2216336130382,0.19634480263043488,28374.363012881757,0.1525294030665661,2928.6193049504664,531.0138381799874,0.035801543160565,28374.363012881757,0.1525294030665661,3162.816828467049,777.8623690030606,0.040427247993644
E3_E1_019_s37,near_boundary_2,harsh,HA0100_0085,1.3304739088800233,0.05262799666403732,1.424262201762857,0.04146726008953478,0.9577653183727594,0.01702319681398623,0.6746805564495395,0.02017139534745173,21.65,3.84,7.75,2.0,1928444722.0,37,1928837725,0,7305.276369657,True,13201,0.05000000000001137,171417.0038214175,0.862992940030389,3174.407877123024,874.0802003530301,0.22524544001957045,143636.92245892747,0.7305187963616918,3068.0029595934525,874.0802003530301,0.19767856233596745,28765.44017843727,0.15430770796711132,2943.351970938056,554.0648304067812,0.03668728823127663,28765.44017843727,0.15430770796711132,3087.928109023073,700.3543541216955,0.03807758691303881
E3_E1_019_s38,near_boundary_2,harsh,HA0100_0085,1.3304739088800233,0.05262799666403732,1.424262201762857,0.04146726008953478,0.9577653183727594,0.01702319681398623,0.6746805564495395,0.02017139534745173,21.65,3.84,7.75,2.0,1928444722.0,38,1928845644,0,9237.868868836,True,13201,0.05000000000001137,171973.41151850516,0.8667502541202161,3149.17282578947,878.4561582977858,0.22339630846154504,143204.7821678167,0.7288864543489133,3083.3568764559045,878.4561582977858,0.19657960012326609,28022.290572308004,0.15005684480022613,2902.4702073821168,460.6341217762821,0.035780694867135074,28199.52864131069,0.15069538747453065,3103.1124698820113,711.772880674375,0.039508420015702934
E3_E1_019_s39,near_boundary_2,harsh,HA0100_0085,1.3304739088800233,0.05262799666403732,1.424262201762857,0.04146726008953478,0.9577653183727594,0.01702319681398623,0.6746805564495395,0.02017139534745173,21.65,3.84,7.75,2.0,1928444722.0,39,1928853563,0,7091.709384645,True,13201,0.05000000000001137,170462.93397807973,0.8572180983914663,3286.160384627086,755.0671469367539,0.2269782124962798,144211.62645534435,0.7321598045154055,3140.1450288447527,755.0671469367539,0.19793198326587325,28497.252765438636,0.15278987372515554,2960.6413716662573,541.045194591622,0.036619543255946754,28497.252765438636,0.15278987372515554,3130.7463970635954,790.056773090387,0.03847609724723739
E3_E1_019_s4,near_boundary_2,harsh,HA0100_0085,1.3304739088800233,0.05262799666403732,1.424262201762857,0.04146726008953478,0.9577653183727594,0.01702319681398623,0.6746805564495395,0.02017139534745173,21.65,3.84,7.75,2.0,1928444722.0,4,1928476398,0,8859.064391981,True,13201,0.05000000000001137,170564.02870234835,0.8569899373935195,3323.373921127774,791.5427967512753,0.22868723686046008,144985.09205526626,0.7356158409967627,3121.6730203022657,791.5427967512753,0.19879990958882524,28081.009171990805,0.15019526157364874,2968.321951680863,581.1732678864795,0.036692868647622306,28081.009171990805,0.15019526157364874,3120.025138780261,715.4869688346199,0.03947526627019082
E3_E1_019_s40,near_boundary_2,harsh,HA0100_0085,1.3304739088800233,0.05262799666403732,1.424262201762857,0.04146726008953478,0.9577653183727594,0.01702319681398623,0.6746805564495395,0.02017139534745173,21.65,3.84,7.75,2.0,1928444722.0,40,1928861482,0,11334.377496320001,True,13201,0.05000000000001137,170211.18230254028,0.8556774366703721,3251.355958330133,871.0073680941262,0.22675536512218333,144591.23083604538,0.733525656032253,3171.4989962553545,871.0073680941262,0.1966714513744541,28235.334415461333,0.15182446682639134,2924.1909216387194,569.2357050580645,0.03580546316133106,28235.334415461333,0.15182446682639134,3084.7499143537207,748.9425855394497,0.03946947270949153
E3_E1_019_s41,near_boundary_2,harsh,HA0100_0085,1.3304739088800233,0.05262799666403732,1.424262201762857,0.04146726008953478,0.9577653183727594,0.01702319681398623,0.6746805564495395,0.02017139534745173,21.65,3.84,7.75,2.0,1928444722.0,41,1928869401,0,5640.312017411,True,13201,0.05000000000001137,171124.74505520394,0.8607215682634529,3196.0762985088113,970.0796578225292,0.22716191501929145,144211.4874424125,0.7331069105921529,3144.6228598584485,970.0796578225292,0.1987683164887061,27882.829262655883,0.14973416192576938,2960.9831527838032,566.2557483562471,0.03613577019477263,28110.389564945224,0.15069303206994314,3064.0294767430373,681.1688216650819,0.03908400876714523
E3_E1_019_s42,near_boundary_2,harsh,HA0100_0085,1.3304739088800233,0.05262799666403732,1.424262201762857,0.04146726008953478,0.9577653183727594,0.01702319681398623,0.6746805564495395,0.02017139534745173,21.65,3.84,7.75,2.0,1928444722.0,42,1928877320,0,8759.595750266,True,13201,0.05000000000001137,171080.6264928579,0.8606375798101559,3183.057159666832,919.6176236458381,0.22658864852780444,144260.6204759868,0.7335707521568601,3080.1060566650362,919.6176236458381,0.19805753320269218,28334.66241372619,0.15287263423298275,2972.257423045665,549.9906675821096,0.03675163107366703,28334.66241372619,0.15287263423298275,3138.7495942382884,725.0486789006331,0.04083515532245128
E3_E1_019_s43,near_boundary_2,harsh,HA0100_0085,1.3304739088800233,0.05262799666403732,1.424262201762857,0.04146726008953478,0.9577653183727594,0.01702319681398623,0.6746805564495395,0.02017139534745173,21.65,3.84,7.75,2.0,1928444722.0,43,1928885239,0,7816.817121577999,True,13201,0.05000000000001137,171764.9511785117,0.8644987707465911,3370.687053052689,803.0002757009595,0.22892145371958916,144428.2130244954,0.7351173146272103,3046.5628121544837,803.0002757009595,0.20138267133572402,27346.312388897615,0.1475415896227596,2947.5408492684505,545.4643034368415,0.036617116710876266,28170.173193010804,0.15048334850224884,3094.0743336834703,687.4675674517247,0.03956818179425571
E3_E1_019_s44,near_boundary_2,harsh,HA0100_0085,1.3304739088800233,0.05262799666403732,1.424262201762857,0.04146726008953478,0.9577653183727594,0.01702319681398623,0.6746805564495395,0.02017139534745173,21.65,3.84,7.75,2.0,1928444722.0,44,1928893158,0,8800.482067271,True,13201,0.05000000000001137,172072.21138562047,0.8661171986130625,3192.5186046604986,856.3677551470228,0.22483524284959344,144025.55973395595,0.7324889558362551,3120.1827404065625,856.3677551470228,0.19641023203233623,27611.657706216465,0.14821357907872568,2977.107245452268,582.4678366770333,0.037243495679516334,27988.090129170458,0.1497258672316757,3129.6569782246365,755.7429410029058,0.03849153131071153
E3_E1_019_s45,near_boundary_2,harsh,HA0100_0085,1.3304739088800233,0.05262799666403732,1.424262201762857,0.04146726008953478,0.9577653183727594,0.01702319681398623,0.6746805564495395,0.02017139534745173,21.65,3.84,7.75,2.0,1928444722.0,45,1928901077,0,7129.936500119,True,13201,0.05000000000001137,169990.98935175134,0.8523201722453352,3520.99379225506,817.0416731895463,0.2336976074754646,146557.89104998595,0.7434581301999248,3209.880592966205,817.0416731895463,0.20178623121028108,27638.846978273556,0.1488483329828551,2958.0436748204515,556.8692660979578,0.03624259591461347,27653.981708217812,0.1488483329828551,3168.0883201729807,779.014225412893,0.0399551025054644
E3_E1_019_s46,near_boundary_2,harsh,HA0100_0085,1.3304739088800233,0.05262799666403732,1.424262201762857,0.04146726008953478,0.9577653183727594,0.01702319681398623,0.6746805564495395,0.02017139534745173,21.65,3.84,7.75,2.0,1928444722.0,46,1928908996,0,8534.063633805,True,13201,0.05000000000001137,170700.55929980162,0.8586672159468937,3214.896633064228,771.5608045591532,0.22519134248798175,144117.1768695127,0.7318356949618798,3187.3309003371764,771.5608045591532,0.19571746515096874,27891.523362500804,0.14920285781981493,2964.5368860420836,589.0637645838646,0.03541947445136791,27891.523362500804,0.14920285781981493,3132.697107950874,740.6326044877999,0.04000732713361654
E3_E1_019_s47,near_boundary_2,harsh,HA0100_0085,1.3304739088800233,0.05262799666403732,1.424262201762857,0.04146726008953478,0.9577653183727594,0.01702319681398623,0.6746805564495395,0.02017139534745173,21.65,3.84,7.75,2.0,1928444722.0,47,1928916915,0,7576.536806417,True,13201,0.05000000000001137,171210.9285057068,0.8608276453353184,3276.447903796926,793.9508254220277,0.22807520817622512,144467.77254835307,0.7346559671114333,3049.8702400411153,793.9508254220277,0.19962744994876497,27243.355525988758,0.14631226949910492,2999.5441744682066,594.8944698578514,0.03730998430240052,28012.180858992866,0.15016278109909076,3151.30992749631,739.0449769620235,0.03994230387535009
E3_E1_019_s48,near_boundary_2,harsh,HA0100_0085,1.3304739088800233,0.05262799666403732,1.424262201762857,0.04146726008953478,0.9577653183727594,0.01702319681398623,0.6746805564495395,0.02017139534745173,21.65,3.84,7.75,2.0,1928444722.0,48,1928924834,0,8635.226883297,True,13201,0.05000000000001137,170940.50824537507,0.8608353394080231,3217.9901845188742,775.9716168217461,0.22273964827997586,143192.35868870074,0.7271630090016393,3217.9901845188742,775.9716168217461,0.19474947202770035,27738.95091544216,0.1494271923858538,2935.372061201335,490.2163452395344,0.035765096575465186,27879.46552978673,0.14952816254384804,3123.9480258810368,757.6623424554589,0.04071633298508602
E3_E1_019_s49,near_boundary_2,harsh,HA0100_0085,1.3304739088800233,0.05262799666403732,1.424262201762857,0.04146726008953478,0.9577653183727594,0.01702319681398623,0.6746805564495395,0.02017139534745173,21.65,3.84,7.75,2.0,1928444722.0,49,1928932753,0,8153.653799217001,True,13201,0.05000000000001137,170824.60728516156,0.8595277204646532,3238.710875721319,783.9677450747859,0.22573218083348026,143925.87944256666,0.7309688648554848,3128.3099532666142,783.9677450747859,0.1975058056571756,27595.07214116827,0.14891205942394284,2904.6317529634794,502.49945011714243,0.035499458689615654,27813.77984200828,0.14891205942394284,3113.6306851844547,759.1010347478866,0.03901232892938999
E3_E1_019_s5,near_boundary_2,harsh,HA0100_0085,1.3304739088800233,0.05262799666403732,1.424262201762857,0.04146726008953478,0.9577653183727594,0.01702319681398623,0.6746805564495395,0.02017139534745173,21.65,3.84,7.75,2.0,1928444722.0,5,1928484317,0,8814.104710497002,True,13201,0.05000000000001137,172011.8277981174,0.8651000196832024,3341.7308610323685,743.9520614374377,0.22790563310357584,144582.3723881383,0.7352762931731277,3069.590769553314,743.9520614374377,0.1992698037616978,27892.992628146272,0.1502800835569038,2904.5460750579605,503.95164665141965,0.03537480728093817,27892.992628146272,0.1502800835569038,3111.645565742928,745.8148243921887,0.04002785099034216
E3_E1_019_s50,near_boundary_2,harsh,HA0100_0085,1.3304739088800233,0.05262799666403732,1.424262201762857,0.04146726008953478,0.9577653183727594,0.01702319681398623,0.6746805564495395,0.02017139534745173,21.65,3.84,7.75,2.0,1928444722.0,50,1928940672,0,11238.6736271,True,13201,0.05000000000001137,170031.4207460293,0.8547937245253574,3271.7038347715725,797.2011663808318,0.22677489670205353,144514.4905181829,0.7330877464936111,3181.2454394423553,797.2011663808318,0.19667080548255145,28051.84426576059,0.15125395898416188,3009.16107152676,588.4151796696491,0.03667632390373114,28123.063876296696,0.15125395898416188,3067.2768340044895,706.9496622111009,0.03901613448392415
E3_E1_019_s51,near_boundary_2,harsh,HA0100_0085,1.3304739088800233,0.05262799666403732,1.424262201762857,0.04146726008953478,0.9577653183727594,0.01702319681398623,0.6746805564495395,0.02017139534745173,21.65,3.84,7.75,2.0,1928444722.0,51,1928948591,0,6154.80103725,True,13201,0.05000000000001137,170971.63044638827,0.8595300496126975,3217.166515940453,900.2250969142686,0.22742897174117277,144643.0630625078,0.7351479783347895,3068.177900408202,900.2250969142686,0.19818030400819495,27926.886307124973,0.1496352573153461,2981.297645237944,560.5035125011391,0.03790189035055811,28115.58046075802,0.15058651887767777,3082.624376505874,677.0531452429594,0.039919655584884424
E3_E1_019_s52,near_boundary_2,harsh,HA0100_0085,1.3304739088800233,0.05262799666403732,1.424262201762857,0.04146726008953478,0.9577653183727594,0.01702319681398623,0.6746805564495395,0.02017139534745173,21.65,3.84,7.75,2.0,1928444722.0,52,1928956510,0,6962.495054146,True,13201,0.05000000000001137,169629.54418045815,0.8520919383384407,3335.2233833766386,821.1353315130457,0.22756527414601435,144880.64190695385,0.7340168011678835,3222.1940981792472,821.1353315130457,0.19652959942754994,27980.705580951006,0.14979931332594307,2911.7120496471643,478.8920303298729,0.036013231539517146,28183.57695545809,0.1505567683977542,3096.4421310207363,725.2259492199872,0.039619146358362424
E3_E1_019_s53,near_boundary_2,harsh,HA0100_0085,1.3304739088800233,0.05262799666403732,1.424262201762857,0.04146726008953478,0.9577653183727594,0.01702319681398623,0.6746805564495395,0.02017139534745173,21.65,3.84,7.75,2.0,1928444722.0,53,1928964429,0,9829.138479297,True,13201,0.05000000000001137,170411.97342974815,0.8573437574661149,3280.0176189226677,714.1042164324579,0.22563612598905275,143934.8308363533,0.7305490539577625,3185.8653694535747,714.1042164324579,0.19672051604357027,27847.727957462237,0.14953379427273605,2905.0089598450922,499.7807943017911,0.03512118972041317,28065.39564326174,0.1503416608358349,3123.8805578852944,739.579759276253,0.03972318997194836
E3_E1_019_s54,near_boundary_2,harsh,HA0100_0085,1.3304739088800233,0.05262799666403732,1.424262201762857,0.04146726008953478,0.9577653183727594,0.01702319681398623,0.6746805564495395,0.02017139534745173,21.65,3.84,7.75,2.0,1928444722.0,54,1928972348,0,7206.7782798,True,13201,0.05000000000001137,170779.25355848306,0.8591309439866605,3216.8303309425614,901.2274731830962,0.22579059071506227,144065.83910833934,0.731412031724543,3132.8916738275425,901.2274731830962,0.1971427695116461,27515.700185860744,0.14767693435174478,3048.888418693419,539.4933052824216,0.04002779097609435,27826.024198025192,0.14899327638899157,3098.2387243339776,737.5402408479653,0.04002779097609435
E3_E1_019_s55,near_boundary_2,harsh,HA0100_0085,1.3304739088800233,0.05262799666403732,1.424262201762857,0.04146726008953478,0.9577653183727594,0.01702319681398623,0.6746805564495395,0.02017139534745173,21.65,3.84,7.75,2.0,1928444722.0,55,1928980267,0,7403.224238827,True,13201,0.05000000000001137,171079.58684202944,0.8607663479886839,3225.928860016481,820.2610206042041,0.22642769253953934,143983.63275489915,0.7318332223063281,3075.8871962689213,820.2610206042041,0.19815299762345598,27883.373010386294,0.1501541922576107,3130.324980079078,732.7226658495514,0.039757138194577976,27995.522050517193,0.1501541922576107,3130.324980079078,732.7226658495514,0.039757138194577976
E3_E1_019_s56,near_boundary_2,harsh,HA0100_0085,1.3304739088800233,0.05262799666403732,1.424262201762857,0.04146726008953478,0.9577653183727594,0.01702319681398623,0.6746805564495395,0.02017139534745173,21.65,3.84,7.75,2.0,1928444722.0,56,1928988186,0,8043.862064889,True,13201,0.05000000000001137,171211.08249243852,0.8612119720946969,3269.135551570304,776.7167230868919,0.22642538003352627,144086.67935374624,0.7322429453604363,3109.34384723137,776.7167230868919,0.1982945220230866,28070.1182423012,0.1509623656641475,2962.0029916238495,532.3107919657222,0.03614170840700379,28095.281447335128,0.1509623656641475,3089.1845893367113,708.3868470088404,0.03979725595480419
E3_E1_019_s57,near_boundary_2,harsh,HA0100_0085,1.3304739088800233,0.05262799666403732,1.424262201762857,0.04146726008953478,0.9577653183727594,0.01702319681398623,0.6746805564495395,0.02017139534745173,21.65,3.84,7.75,2.0,1928444722.0,57,1928996105,0,8624.148701098,True,13201,0.05000000000001137,169347.49795248534,0.851481269000305,3298.497734048015,751.0572536031009,0.2267437410060742,144043.94529234077,0.7307241442195433,3174.5400961649966,717.3447982992103,0.1968733573303372,28486.806017560775,0.1522990062297062,2945.140875904576,524.113778720559,0.036989233441992224,28486.806017560775,0.1522990062297062,3081.441008759605,684.9164468760454,0.03873731734401049
E3_E1_019_s58,near_boundary_2,harsh,HA0100_0085,1.3304739088800233,0.05262799666403732,1.424262201762857,0.04146726008953478,0.9577653183727594,0.01702319681398623,0.6746805564495395,0.02017139534745173,21.65,3.84,7.75,2.0,1928444722.0,58,1929004024,0,7690.115647609,True,13201,0.05000000000001137,170058.74752983043,0.8557713683685276,3252.816789500146,741.2450315315112,0.22513078950731566,143676.82782109166,0.729323118350067,3169.4689245690956,741.2450315315112,0.19666989924338568,28128.436159648518,0.15066341949520623,2954.881502700657,576.1940158017476,0.03584640544986465,28128.436159648518,0.15066341949520623,3115.768329052371,753.3295649774242,0.03954671483411004
E3_E1_019_s59,near_boundary_2,harsh,HA0100_0085,1.3304739088800233,0.05262799666403732,1.424262201762857,0.04146726008953478,0.9577653183727594,0.01702319681398623,0.6746805564495395,0.02017139534745173,21.65,3.84,7.75,2.0,1928444722.0,59,1929011943,0,7486.6052234,True,13201,0.05000000000001137,170638.40359524527,0.8577446335069576,3373.767229069446,712.9493766502793,0.22910224932903636,144441.4958329999,0.7338315793160348,3153.9332233215664,712.9493766502793,0.20075684206893532,28364.968195797443,0.15154502939111517,2929.0414774404035,484.18498760360325,0.03590463702266779,28526.16226263353,0.15190946361772276,3131.8842010947355,758.6335486521295,0.04044185367531735
E3_E1_019_s6,near_boundary_2,harsh,HA0100_0085,1.3304739088800233,0.05262799666403732,1.424262201762857,0.04146726008953478,0.9577653183727594,0.01702319681398623,0.6746805564495395,0.02017139534745173,21.65,3.84,7.75,2.0,1928444722.0,6,1928492236,0,7148.803606543001,True,13201,0.05000000000001137,168989.56815813328,0.8486741557179672,3403.9055047964366,803.0510692630871,0.22932884754712474,144767.6814360536,0.7338522674642898,3219.481145045975,777.4798685706182,0.1985212023812359,28005.704661587224,0.14997510904217431,2985.2806093105405,645.5261240697331,0.036751242858932796,28113.107167618207,0.15010835731346325,3145.423777351496,763.3390765706943,0.040109024348402966
E3_E1_019_s7,near_boundary_2,harsh,HA0100_0085,1.3304739088800233,0.05262799666403732,1.424262201762857,0.04146726008953478,0.9577653183727594,0.01702319681398623,0.6746805564495395,0.02017139534745173,21.65,3.84,7.75,2.0,1928444722.0,7,1928500155,0,6072.944574297,True,13201,0.05000000000001137,170745.94034606323,0.8577580198710554,3324.1387499754587,768.205100705646,0.22909123030019216,145013.52604872765,0.7361721605882413,3111.905520241732,768.205100705646,0.19879449921347656,28144.386939889017,0.15184311765686812,2959.268488173,589.5662969161532,0.03695886520398357,28358.98093721406,0.15184311765686812,3113.786827985402,733.6204331360162,0.0394955018869515
E3_E1_019_s8,near_boundary_2,harsh,HA0100_0085,1.3304739088800233,0.05262799666403732,1.424262201762857,0.04146726008953478,0.9577653183727594,0.01702319681398623,0.6746805564495395,0.02017139534745173,21.65,3.84,7.75,2.0,1928444722.0,8,1928508074,0,8672.81745319,True,13201,0.05000000000001137,169940.16580066568,0.855944799288008,3276.575099605013,856.8818359487929,0.2225009218334926,143209.7642495299,0.7265597523662101,3276.575099605013,856.8818359487929,0.19387527560488318,28096.21880161494,0.15032772410650172,2981.740127447997,586.4058972622795,0.03633830842992121,28096.21880161494,0.15032772410650172,3114.1096151461434,722.3564566146849,0.04085929459182616
E3_E1_019_s9,near_boundary_2,harsh,HA0100_0085,1.3304739088800233,0.05262799666403732,1.424262201762857,0.04146726008953478,0.9577653183727594,0.01702319681398623,0.6746805564495395,0.02017139534745173,21.65,3.84,7.75,2.0,1928444722.0,9,1928515993,0,6811.799550806,True,13201,0.05000000000001137,170082.49422941287,0.8550935477304488,3246.1363494175075,856.8831741842554,0.2272184034266737,144458.1100627396,0.7331750934899712,3139.7362380627765,856.8831741842554,0.1971200510992771,28236.773927368362,0.15092218514455472,2925.073337532864,553.5550802878394,0.03569431284740867,28236.773927368362,0.15092218514455472,3108.4910237965073,814.2976904242829,0.040055493629349216
E3_E1_020_s0,near_boundary_2,max_hs,HA0100_0085,1.3304739088800233,0.05262799666403732,1.424262201762857,0.04146726008953478,0.9577653183727594,0.01702319681398623,0.6746805564495395,0.02017139534745173,25.0,7.4,12.95,8.0,1928444722.0,0,1928444722,0,7542.8455099739995,True,13201,0.05000000000001137,192301.4083236655,0.9669127273399158,3130.8420889665736,895.2166692864515,0.2526434923986968,162836.311708961,0.8281030879804567,3088.2628346341635,895.2166692864515,0.22273594625971738,27565.6137794586,0.14956566135773908,3114.700892366827,766.9198547148991,0.037425335953070904,27565.6137794586,0.14956566135773908,3516.6423893704236,1043.6655313498168,0.04240135944267766
E3_E1_020_s1,near_boundary_2,max_hs,HA0100_0085,1.3304739088800233,0.05262799666403732,1.424262201762857,0.04146726008953478,0.9577653183727594,0.01702319681398623,0.6746805564495395,0.02017139534745173,25.0,7.4,12.95,8.0,1928444722.0,1,1928452641,0,7172.10898096,True,13201,0.05000000000001137,191490.53653600477,0.9610310929108782,3344.4671441308174,803.4908359096554,0.2549649128753675,163584.77410767908,0.8300452243810633,3197.1607337156847,803.4908359096554,0.22354545824027344,27519.267467850717,0.14774657819200163,3068.3539575483333,750.7550723509073,0.03671485299520493,27519.267467850717,0.14774657819200163,3558.993807572011,1036.9673555897962,0.03999456700979753
E3_E1_020_s10,near_boundary_2,max_hs,HA0100_0085,1.3304739088800233,0.05262799666403732,1.424262201762857,0.04146726008953478,0.9577653183727594,0.01702319681398623,0.6746805564495395,0.02017139534745173,25.0,7.4,12.95,8.0,1928444722.0,10,1928523912,0,5846.522305519,True,13201,0.05000000000001137,193433.18773771008,0.9744048498090493,3431.8359084576914,1035.8015719026955,0.2545188634537226,162832.22117723612,0.8300865947917084,3431.8359084576914,1035.8015719026955,0.225767961463384,27102.44009784551,0.1468699975900682,3208.7159836564297,905.5778895650762,0.037410590007420995,27102.44009784551,0.1468699975900682,4286.409109412484,1500.7439794047552,0.04298851107829981
E3_E1_020_s11,near_boundary_2,max_hs,HA0100_0085,1.3304739088800233,0.05262799666403732,1.424262201762857,0.04146726008953478,0.9577653183727594,0.01702319681398623,0.6746805564495395,0.02017139534745173,25.0,7.4,12.95,8.0,1928444722.0,11,1928531831,0,7665.607022758001,True,13201,0.05000000000001137,191571.856257362,0.9621956426518155,3270.591787104063,879.035848788987,0.2530173097762329,162938.1181936386,0.8275373892989295,3193.7385849842453,879.035848788987,0.2224688906931402,27221.44613764214,0.14613134721278334,2975.867559802844,575.5731980528836,0.035701278852851466,27299.88238209197,0.14630957443784606,3524.144729756189,1065.1010602058855,0.040546749304105845
E3_E1_020_s12,near_boundary_2,max_hs,HA0100_0085,1.3304739088800233,0.05262799666403732,1.424262201762857,0.04146726008953478,0.9577653183727594,0.01702319681398623,0.6746805564495395,0.02017139534745173,25.0,7.4,12.95,8.0,1928444722.0,12,1928539750,0,7513.615556796999,True,13201,0.05000000000001137,188364.7992019599,0.944389550937544,3764.711129717834,1378.3138617479653,0.2535622668031876,163942.32246971672,0.8284377282380259,3525.555479061161,701.9030731682158,0.21761865651400233,28062.032213563692,0.14986835784625765,3468.1728164546894,1021.1169517316948,0.0392438122989655,28062.032213563692,0.14986835784625765,3468.1728164546894,1021.1169517316948,0.03991541591441027
E3_E1_020_s13,near_boundary_2,max_hs,HA0100_0085,1.3304739088800233,0.05262799666403732,1.424262201762857,0.04146726008953478,0.9577653183727594,0.01702319681398623,0.6746805564495395,0.02017139534745173,25.0,7.4,12.95,8.0,1928444722.0,13,1928547669,0,7135.521298386001,True,13201,0.05000000000001137,190437.80199187738,0.9546758231372154,3517.8069097007074,1064.2567367699837,0.25458077988830224,164597.91962797547,0.8322945330401618,3488.169423320165,1064.2567367699837,0.21958530900269219,27140.87877498208,0.1476062920104665,3090.7307221151286,813.2520144788895,0.0357677625555213,27408.772630251875,0.1476062920104665,3688.679427902166,1136.0157623184614,0.04398173081886013
E3_E1_020_s14,near_boundary_2,max_hs,HA0100_0085,1.3304739088800233,0.05262799666403732,1.424262201762857,0.04146726008953478,0.9577653183727594,0.01702319681398623,0.6746805564495395,0.02017139534745173,25.0,7.4,12.95,8.0,1928444722.0,14,1928555588,0,7584.486744608,True,13201,0.05000000000001137,192287.18112621736,0.9659032877868032,3309.815764460163,871.9825999189161,0.25494313861595336,163382.6420473545,0.8306834177697291,3173.4230727108506,871.9825999189161,0.22432881481769018,28191.26027278623,0.15099864323777787,2991.317385741155,574.0208637167302,0.035437614016713116,28191.26027278623,0.15099864323777787,3913.123481075982,1141.161758245705,0.0465579379501548
E3_E1_020_s15,near_boundary_2,max_hs,HA0100_0085,1.3304739088800233,0.05262799666403732,1.424262201762857,0.04146726008953478,0.9577653183727594,0.01702319681398623,0.6746805564495395,0.02017139534745173,25.0,7.4,12.95,8.0,1928444722.0,15,1928563507,0,7179.393989421,True,13201,0.05000000000001137,192273.71881159412,0.965241132636026,3208.3262771857967,918.1257982438855,0.25374595727872923,163703.3714604082,0.8310487949151872,3193.958650745662,918.1257982438855,0.222014129168176,27750.58519888074,0.1504391031760541,3105.11433569251,722.495416817808,0.03781259631168152,27750.58519888074,0.1504391031760541,3820.215373875823,1224.0937612941507,0.040822138492981754
E3_E1_020_s16,near_boundary_2,max_hs,HA0100_0085,1.3304739088800233,0.05262799666403732,1.424262201762857,0.04146726008953478,0.9577653183727594,0.01702319681398623,0.6746805564495395,0.02017139534745173,25.0,7.4,12.95,8.0,1928444722.0,16,1928571426,0,7088.380315633999,True,13201,0.05000000000001137,193146.216092963,0.9717635756036573,3235.540070158629,760.4145336537412,0.2523123783639697,162724.45479239972,0.8277900368966881,3152.271421328344,712.2468941622136,0.22274807539992797,28129.595788984803,0.15064352569488365,3138.443533117883,704.8159370421832,0.03758137332989809,28129.595788984803,0.15064352569488365,3615.700888270818,1111.7312778011071,0.04168328023890423
E3_E1_020_s17,near_boundary_2,max_hs,HA0100_0085,1.3304739088800233,0.05262799666403732,1.424262201762857,0.04146726008953478,0.9577653183727594,0.01702319681398623,0.6746805564495395,0.02017139534745173,25.0,7.4,12.95,8.0,1928444722.0,17,1928579345,0,7782.957769086999,True,13201,0.05000000000001137,191041.56291803913,0.9577235529416656,3420.754808324961,865.6580083782417,0.256070312692913,164443.65173695076,0.8326333585780765,3245.5820525971258,865.6580083782417,0.22269075604682806,26877.56234741725,0.14533948194542806,3085.6563856655875,724.9294550762321,0.037431877336887374,27999.32342832917,0.14758551710674236,3705.539648978431,1144.7912401801707,0.04243283256092315
E3_E1_020_s18,near_boundary_2,max_hs,HA0100_0085,1.3304739088800233,0.05262799666403732,1.424262201762857,0.04146726008953478,0.9577653183727594,0.01702319681398623,0.6746805564495395,0.02017139534745173,25.0,7.4,12.95,8.0,1928444722.0,18,1928587264,0,7130.342469659,True,13201,0.05000000000001137,192765.16421765534,0.9703764616563766,3167.9329991028862,921.2188704269518,0.2533000195090488,162650.78447671968,0.8282408811978949,3063.9944251377424,921.2188704269518,0.22450090153991265,27298.492722408308,0.14743682506073696,2918.8011857894116,563.2573180794365,0.03735293557327545,27669.82854699596,0.14897375647305938,3628.798653751764,1096.8740208696718,0.04401511095198773
E3_E1_020_s19,near_boundary_2,max_hs,HA0100_0085,1.3304739088800233,0.05262799666403732,1.424262201762857,0.04146726008953478,0.9577653183727594,0.01702319681398623,0.6746805564495395,0.02017139534745173,25.0,7.4,12.95,8.0,1928444722.0,19,1928595183,0,7015.452662677,True,13201,0.05000000000001137,189917.70048849893,0.9542995620317619,3378.296750562564,1000.6878376306219,0.250384587835081,162554.1297544961,0.8237238096868105,3378.296750562564,946.2472114433799,0.21873705103162133,27054.77009121564,0.14539121533445454,3064.4880772456168,684.1619666334824,0.03626691872800611,27548.19251923037,0.1480021791565638,3635.6671101739935,1127.1878675945147,0.04193369302314944
E3_E1_020_s2,near_boundary_2,max_hs,HA0100_0085,1.3304739088800233,0.05262799666403732,1.424262201762857,0.04146726008953478,0.9577653183727594,0.01702319681398623,0.6746805564495395,0.02017139534745173,25.0,7.4,12.95,8.0,1928444722.0,2,1928460560,0,7073.594703047001,True,13201,0.05000000000001137,192015.27466095123,0.9645882763291211,3262.8116084664666,762.488070438593,0.2521623657636806,162842.35595137777,0.8271497688215125,3214.2536173233693,710.7864749425024,0.22141985916241455,27182.731284651363,0.1472169160255837,3192.7938519577647,654.9199810278726,0.03890399351810797,27420.435633796817,0.1472169160255837,3524.3391390962634,1014.798435154252,0.041899052780780856
E3_E1_020_s20,near_boundary_2,max_hs,HA0100_0085,1.3304739088800233,0.05262799666403732,1.424262201762857,0.04146726008953478,0.9577653183727594,0.01702319681398623,0.6746805564495395,0.02017139534745173,25.0,7.4,12.95,8.0,1928444722.0,20,1928603102,0,10843.515258143001,True,13201,0.05000000000001137,190145.4391139834,0.9535311674422133,3509.936895444587,1011.8898319098209,0.25443870208826835,164175.94540858554,0.8309922889822081,3387.562166193114,838.8964314731918,0.22022182292972003,27104.452102581177,0.1456334603458283,3084.781539841056,711.0940985229225,0.03871662044934555,27596.665511991,0.1463168554500717,3681.46252611642,1175.7314736281257,0.04066211365418664
E3_E1_020_s21,near_boundary_2,max_hs,HA0100_0085,1.3304739088800233,0.05262799666403732,1.424262201762857,0.04146726008953478,0.9577653183727594,0.01702319681398623,0.6746805564495395,0.02017139534745173,25.0,7.4,12.95,8.0,1928444722.0,21,1928611021,0,11365.233257330001,True,13201,0.05000000000001137,189302.8586831158,0.9484780497228619,3652.425776114498,1120.7572356424857,0.2567716578837753,164622.9740371715,0.8329275247486917,3341.6135280896237,853.5834669427227,0.2217906883222536,27603.238138618544,0.1490568420048357,3211.4164411067877,759.7497736181615,0.03594087457821798,27603.238138618544,0.1490568420048357,3658.4920897982574,1116.1615109356926,0.04157300434751281
E3_E1_020_s22,near_boundary_2,max_hs,HA0100_0085,1.3304739088800233,0.05262799666403732,1.424262201762857,0.04146726008953478,0.9577653183727594,0.01702319681398623,0.6746805564495395,0.02017139534745173,25.0,7.4,12.95,8.0,1928444722.0,22,1928618940,0,6946.483167651,True,13201,0.05000000000001137,193313.9364842442,0.9741592705398233,3303.7202142271894,883.9634063681436,0.2556818720520995,162934.99726753292,0.8308103070997916,3159.7519050924157,883.9634063681436,0.22750705021372003,27200.353824192913,0.14749980609144872,2917.40666456714,515.4290016309809,0.03569817002179544,27736.001118963017,0.14825485406732686,3592.0559977573835,1067.5746311837584,0.0433448135833341
E3_E1_020_s23,near_boundary_2,max_hs,HA0100_0085,1.3304739088800233,0.05262799666403732,1.424262201762857,0.04146726008953478,0.9577653183727594,0.01702319681398623,0.6746805564495395,0.02017139534745173,25.0,7.4,12.95,8.0,1928444722.0,23,1928626859,0,8520.052473323001,True,13201,0.05000000000001137,191683.7268023537,0.9620801008460451,3246.150497935196,932.0479150384774,0.2540777914401328,163611.68167334844,0.830189257191771,3171.787118979797,932.0479150384774,0.22243837375112613,27511.084703473723,0.148892246945746,3278.4891031719103,943.1934125408376,0.03803197362778514,27511.084703473723,0.148892246945746,3603.5924116733167,1051.0780613848463,0.042014051368964474
E3_E1_020_s24,near_boundary_2,max_hs,HA0100_0085,1.3304739088800233,0.05262799666403732,1.424262201762857,0.04146726008953478,0.9577653183727594,0.01702319681398623,0.6746805564495395,0.02017139534745173,25.0,7.4,12.95,8.0,1928444722.0,24,1928634778,0,7047.865967078999,True,13201,0.05000000000001137,191893.80829787144,0.9632539702398769,3346.546347350159,763.8346813604929,0.2540165820128471,163539.6513423476,0.8299791726331908,3234.084572643516,700.303084799244,0.2226438698164956,27390.23638322208,0.1483090822159047,3024.5770763038818,666.9885674865784,0.03634854634821627,27746.06386060781,0.1483090822159047,3584.4803720525115,1091.437743249623,0.042821792873875476
E3_E1_020_s25,near_boundary_2,max_hs,HA0100_0085,1.3304739088800233,0.05262799666403732,1.424262201762857,0.04146726008953478,0.9577653183727594,0.01702319681398623,0.6746805564495395,0.02017139534745173,25.0,7.4,12.95,8.0,1928444722.0,25,1928642697,0,7043.904484327,True,13201,0.05000000000001137,190955.54802512805,0.9582831710048385,3446.451951913193,792.10735666671,0.25417327845446624,163542.85918346065,0.8292691479910366,3313.7531793304356,792.10735666671,0.22164913426615307,27534.95184867044,0.14946248088942293,3087.8742442651633,602.0841565850908,0.037754983591513844,27534.95184867044,0.14946248088942293,3386.33300251919,956.4098955629859,0.04101606024520653
E3_E1_020_s26,near_boundary_2,max_hs,HA0100_0085,1.3304739088800233,0.05262799666403732,1.424262201762857,0.04146726008953478,0.9577653183727594,0.01702319681398623,0.6746805564495395,0.02017139534745173,25.0,7.4,12.95,8.0,1928444722.0,26,1928650616,0,7815.679247993,True,13201,0.05000000000001137,190923.8178842918,0.9580589757311463,3326.00715756396,800.7593171163309,0.2543130175540713,163578.12006877834,0.8294183229639901,3208.3006774365836,800.7593171163309,0.22223412652051158,27136.3485517162,0.14546612468661554,3164.079630103125,740.1565764386494,0.037237969732874646,27189.02999256745,0.14546612468661554,3611.3614923840414,1065.4903272157517,0.04242674835628949
E3_E1_020_s27,near_boundary_2,max_hs,HA0100_0085,1.3304739088800233,0.05262799666403732,1.424262201762857,0.04146726008953478,0.9577653183727594,0.01702319681398623,0.6746805564495395,0.02017139534745173,25.0,7.4,12.95,8.0,1928444722.0,27,1928658535,0,7096.8433877610005,True,13201,0.05000000000001137,194035.51625193795,0.9787357764680867,3369.970710013891,949.1093620996894,0.258152259198853,163396.23450246663,0.8340128763998913,3207.675532867131,949.1093620996894,0.2296033231441557,27376.848614346425,0.1483522634544331,3113.9347287300493,786.076414862094,0.037122347656957884,27873.0134623031,0.14862977117040455,3708.0974044573736,1119.0246346212232,0.04019010613651965
E3_E1_020_s28,near_boundary_2,max_hs,HA0100_0085,1.3304739088800233,0.05262799666403732,1.424262201762857,0.04146726008953478,0.9577653183727594,0.01702319681398623,0.6746805564495395,0.02017139534745173,25.0,7.4,12.95,8.0,1928444722.0,28,1928666454,0,7250.877063535,True,13201,0.05000000000001137,191760.58137204446,0.9625232733330124,3386.0978840216844,814.6759069716387,0.25546387729929954,163523.96196591549,0.8302854778496906,3225.7127416885673,814.6759069716387,0.22460210026550695,27539.5511889753,0.14925634273834693,2955.0807851866725,640.3799606617216,0.037523096796699136,27539.5511889753,0.14925634273834693,3431.185448008899,964.6787134535148,0.0402983995518989
E3_E1_020_s29,near_boundary_2,max_hs,HA0100_0085,1.3304739088800233,0.05262799666403732,1.424262201762857,0.04146726008953478,0.9577653183727594,0.01702319681398623,0.6746805564495395,0.02017139534745173,25.0,7.4,12.95,8.0,1928444722.0,29,1928674373,0,7159.414529809,True,13201,0.05000000000001137,192767.48967837403,0.9697175992257736,3123.6625511855827,965.3813982131122,0.2520994627806567,162921.42800609843,0.8289679717936981,3123.6625511855827,965.3813982131122,0.22183718504997102,27300.14799624649,0.14837022797689867,3551.7136213433137,1028.8349891542352,0.03802301041478228,27343.12195398895,0.14837022797689867,3735.7410362640867,1168.5128942980773,0.04217000619142744
E3_E1_020_s3,near_boundary_2,max_hs,HA0100_0085,1.3304739088800233,0.05262799666403732,1.424262201762857,0.04146726008953478,0.9577653183727594,0.01702319681398623,0.6746805564495395,0.02017139534745173,25.0,7.4,12.95,8.0,1928444722.0,3,1928468479,0,5503.039364741,True,13201,0.05000000000001137,191368.40435489872,0.960184379694137,3393.268779061155,771.9016743739745,0.25492111476724005,163774.66384660036,0.830174868852699,3227.0385907457853,725.4718250704415,0.2227756685755917,27649.091110044777,0.15001298602269794,3142.7482491193605,744.9602284639291,0.03688420299267074,27649.091110044777,0.15001298602269794,3622.8286650062532,1063.6788724171004,0.044322946098270484
E3_E1_020_s30,near_boundary_2,max_hs,HA0100_0085,1.3304739088800233,0.05262799666403732,1.424262201762857,0.04146726008953478,0.9577653183727594,0.01702319681398623,0.6746805564495395,0.02017139534745173,25.0,7.4,12.95,8.0,1928444722.0,30,1928782292,0,6277.315696714,True,13201,0.05000000000001137,193871.97477433828,0.9778288848437268,3283.5392492892274,846.6706824560646,0.25281922362523523,162314.90596621163,0.827802741258997,3005.4757589977407,846.6706824560646,0.22436888491391127,28025.737305418217,0.1505683066365734,3068.091645800034,700.3132419189504,0.03624943098680532,28025.737305418217,0.1505683066365734,3710.3119828499775,1116.7313212985641,0.04170938947211627
E3_E1_020_s31,near_boundary_2,max_hs,HA0100_0085,1.3304739088800233,0.05262799666403732,1.424262201762857,0.04146726008953478,0.9577653183727594,0.01702319681398623,0.6746805564495395,0.02017139534745173,25.0,7.4,12.95,8.0,1928444722.0,31,1928790211,0,7171.428481968,True,13201,0.05000000000001137,191832.03046802868,0.963217057049729,3216.7911639173017,990.7516769684538,0.25380156632308326,163353.93614666368,0.8292359106143264,3157.046645147759,990.7516769684538,0.22301597458687702,27413.299041367525,0.148814986695721,3128.138502055984,671.5650539625539,0.03594744026917337,27595.324477175775,0.148814986695721,3603.447707054098,1068.9219734696144,0.040315806009818635
E3_E1_020_s32,near_boundary_2,max_hs,HA0100_0085,1.3304739088800233,0.05262799666403732,1.424262201762857,0.04146726008953478,0.9577653183727594,0.01702319681398623,0.6746805564495395,0.02017139534745173,25.0,7.4,12.95,8.0,1928444722.0,32,1928798130,0,11137.975415564,True,13201,0.05000000000001137,193458.22077376186,0.9712524433342687,3413.488883608804,806.1711928685008,0.2578941673947958,164717.79337645503,0.8370879954306676,3066.945550860796,806.1711928685008,0.22578010820072533,27391.235831019254,0.14849013910440625,3179.7766314504493,813.7868868673899,0.038555615133481595,27391.235831019254,0.14849013910440625,3433.984559675388,1035.6532646263015,0.041062641149285234
E3_E1_020_s33,near_boundary_2,max_hs,HA0100_0085,1.3304739088800233,0.05262799666403732,1.424262201762857,0.04146726008953478,0.9577653183727594,0.01702319681398623,0.6746805564495395,0.02017139534745173,25.0,7.4,12.95,8.0,1928444722.0,33,1928806049,0,6029.117058194,True,13201,0.05000000000001137,196499.8619049103,0.9941513729656875,3435.701832444047,1351.6607393945792,0.2578257975272103,162937.05935282845,0.8320712262673831,3290.9476200574845,1351.6607393945792,0.2277986476113783,27411.0313542824,0.1490528694954155,2901.7029178742428,516.1577755876895,0.03569015293340878,27411.0313542824,0.1490528694954155,3352.5621879925297,896.3028215214059,0.04122696037379468
E3_E1_020_s34,near_boundary_2,max_hs,HA0100_0085,1.3304739088800233,0.05262799666403732,1.424262201762857,0.04146726008953478,0.9577653183727594,0.01702319681398623,0.6746805564495395,0.02017139534745173,25.0,7.4,12.95,8.0,1928444722.0,34,1928813968,0,5949.7546347630005,True,13201,0.05000000000001137,193399.72850669775,0.9738026292219789,3215.40014468513,1056.6582317661996,0.2505481126221631,162684.20150780835,0.8275563625746589,3215.40014468513,1056.6582317661996,0.22061118829718596,27678.68289702165,0.14949695208890812,3084.5987910815215,643.7415311654196,0.03540435699698914,27678.68289702165,0.14949695208890812,3386.5471796862585,962.8233714663992,0.04149739556098997
E3_E1_020_s35,near_boundary_2,max_hs,HA0100_0085,1.3304739088800233,0.05262799666403732,1.424262201762857,0.04146726008953478,0.9577653183727594,0.01702319681398623,0.6746805564495395,0.02017139534745173,25.0,7.4,12.95,8.0,1928444722.0,35,1928821887,0,7771.088629762,True,13201,0.05000000000001137,193126.22708327603,0.9710669235656575,3493.394294590688,1070.1396869293471,0.25855323345311704,163998.6992280485,0.8355490130336983,3482.8091413634224,1070.1396869293471,0.22842183297790014,27804.13464486686,0.15064637241790318,3096.6656418136004,575.2934987424889,0.037425797376323434,27804.13464486686,0.15064637241790318,3382.94578038747,909.1287899159325,0.03927279428045332
E3_E1_020_s36,near_boundary_2,max_hs,HA0100_0085,1.3304739088800233,0.05262799666403732,1.424262201762857,0.04146726008953478,0.9577653183727594,0.01702319681398623,0.6746805564495395,0.02017139534745173,25.0,7.4,12.95,8.0,1928444722.0,36,1928829806,0,7078.219775916001,True,13201,0.05000000000001137,189142.97957837084,0.9487354256022243,3572.894280625341,1217.9018716960272,0.25285062058959223,163698.2190390965,0.8272320713711195,3455.2745540785604,960.5588442750828,0.2188306419484637,27546.848159984598,0.14853012947497485,3053.362194263849,710.1568597927615,0.03647060231503436,27878.242788385105,0.14853012947497485,3834.862858979862,1197.894458214461,0.04820641543647535
E3_E1_020_s37,near_boundary_2,max_hs,HA0100_0085,1.3304739088800233,0.05262799666403732,1.424262201762857,0.04146726008953478,0.9577653183727594,0.01702319681398623,0.6746805564495395,0.02017139534745173,25.0,7.4,12.95,8.0,1928444722.0,37,1928837725,0,9734.094117241,True,13201,0.05000000000001137,195999.0474922246,0.9918735488554623,3483.157884450545,1189.7269975255517,0.2577468215337831,162600.85606652204,0.8307957133115796,3320.4816332285127,1189.7269975255517,0.22855842697651113,27931.804676492815,0.15134608749908138,3088.1671370623253,629.4214892608724,0.0372146366953377,27931.804676492815,0.15134608749908138,3478.165311762104,1003.8294765016288,0.04035783944497866
E3_E1_020_s38,near_boundary_2,max_hs,HA0100_0085,1.3304739088800233,0.05262799666403732,1.424262201762857,0.04146726008953478,0.9577653183727594,0.01702319681398623,0.6746805564495395,0.02017139534745173,25.0,7.4,12.95,8.0,1928444722.0,38,1928845644,0,9797.867791847,True,13201,0.05000000000001137,193001.48647010076,0.9712363413135,3175.3110397608093,873.2336721408478,0.25230670652629805,162631.21273989193,0.8275736782169607,3090.5451960035175,873.2336721408478,0.22306432721995265,27705.707373592566,0.14864735336187299,3045.2015430256993,573.8267655845583,0.03737419759186224,27705.707373592566,0.14864735336187299,3398.0862353701787,924.7213102698286,0.04111117762891616
E3_E1_020_s39,near_boundary_2,max_hs,HA0100_0085,1.3304739088800233,0.05262799666403732,1.424262201762857,0.04146726008953478,0.9577653183727594,0.01702319681398623,0.6746805564495395,0.02017139534745173,25.0,7.4,12.95,8.0,1928444722.0,39,1928853563,0,5151.712318014,True,13201,0.05000000000001137,192853.88324725154,0.9707215953055264,3298.2971995338225,943.4831597985325,0.2545589188708962,162997.28368520088,0.830214466917445,3298.2971995338225,943.4831597985325,0.2252195125752075,27963.996344101313,0.14931842283152827,3121.7001047525882,671.621293100018,0.03827397717369642,27963.996344101313,0.14931842283152827,3317.1504534499977,896.6050888953191,0.04032007559768172
E3_E1_020_s4,near_boundary_2,max_hs,HA0100_0085,1.3304739088800233,0.05262799666403732,1.424262201762857,0.04146726008953478,0.9577653183727594,0.01702319681398623,0.6746805564495395,0.02017139534745173,25.0,7.4,12.95,8.0,1928444722.0,4,1928476398,0,7169.901902649,True,13201,0.05000000000001137,189953.6359023025,0.9520342925261598,3593.844239593951,989.011659239175,0.25671491723321177,164564.80287229485,0.833446638775521,3332.7300117285076,816.907275917188,0.22228302545217554,27584.675521192814,0.14818315262821125,3016.575594230096,595.438643204098,0.036562474921918504,27584.675521192814,0.14818315262821125,3618.9073371788672,1069.537620053441,0.04068164353336084
E3_E1_020_s40,near_boundary_2,max_hs,HA0100_0085,1.3304739088800233,0.05262799666403732,1.424262201762857,0.04146726008953478,0.9577653183727594,0.01702319681398623,0.6746805564495395,0.02017139534745173,25.0,7.4,12.95,8.0,1928444722.0,40,1928861482,0,5984.671508308,True,13201,0.05000000000001137,189761.60164911245,0.9518041237911884,3835.6810827272116,1375.8014899319307,0.25131141577792143,164204.71649494133,0.8295237592197091,3835.6810827272116,1375.8014899319307,0.21588317041676242,27671.144898061728,0.14826607625852084,3070.466667594988,754.0655890860955,0.03566644817725741,27671.144898061728,0.14826607625852084,3372.63312183555,996.0890888153426,0.040078661490474704
E3_E1_020_s41,near_boundary_2,max_hs,HA0100_0085,1.3304739088800233,0.05262799666403732,1.424262201762857,0.04146726008953478,0.9577653183727594,0.01702319681398623,0.6746805564495395,0.02017139534745173,25.0,7.4,12.95,8.0,1928444722.0,41,1928869401,0,5589.1696462439995,True,13201,0.05000000000001137,192933.53301391462,0.9707662265331902,3197.0574494117654,1028.752120447728,0.255071616156315,163233.51467632933,0.831124828270233,3197.0574494117654,1028.752120447728,0.22541419376600746,27737.091702606733,0.1492982073310517,3088.7281908094196,653.0648013301322,0.0381835169997077,27737.091702606733,0.1492982073310517,3417.0885506780046,939.8801424884464,0.04035167007417443
E3_E1_020_s42,near_boundary_2,max_hs,HA0100_0085,1.3304739088800233,0.05262799666403732,1.424262201762857,0.04146726008953478,0.9577653183727594,0.01702319681398623,0.6746805564495395,0.02017139534745173,25.0,7.4,12.95,8.0,1928444722.0,42,1928877320,0,7154.236186562999,True,13201,0.05000000000001137,193394.19718760822,0.9736775206583059,3232.078750768614,982.2931663328793,0.254317346521614,163180.65618955123,0.8314270390271471,3049.49826817188,982.2931663328793,0.22499350437662924,27931.82829373151,0.15164421951028956,3051.1859678795754,653.0808024629009,0.037249202966713586,27931.82829373151,0.15164421951028956,3651.6322389372185,1113.3461519255195,0.04063732011690498
E3_E1_020_s43,near_boundary_2,max_hs,HA0100_0085,1.3304739088800233,0.05262799666403732,1.424262201762857,0.04146726008953478,0.9577653183727594,0.01702319681398623,0.6746805564495395,0.02017139534745173,25.0,7.4,12.95,8.0,1928444722.0,43,1928885239,0,7672.28741661,True,13201,0.05000000000001137,193485.08563112337,0.9734837752874886,3489.814949924152,758.3242994147768,0.25803510937397883,163776.68295071714,0.8343352303466239,3144.405271330397,746.465730846551,0.22862077056832028,27047.692129928655,0.14581143431065144,2947.9643798039397,601.6837754797897,0.036368860746868,27437.448615153447,0.14661774888209445,3591.1334600242335,996.9042282498198,0.04490632043212741
E3_E1_020_s44,near_boundary_2,max_hs,HA0100_0085,1.3304739088800233,0.05262799666403732,1.424262201762857,0.04146726008953478,0.9577653183727594,0.01702319681398623,0.6746805564495395,0.02017139534745173,25.0,7.4,12.95,8.0,1928444722.0,44,1928893158,0,9060.528592514,True,13201,0.05000000000001137,194038.62284834846,0.9773977355872369,3150.1492289631115,972.265618136745,0.25267720160858037,163093.5002036437,0.8306154735764497,3091.419800016335,972.265618136745,0.22253838945561175,27535.051745880442,0.14788826512334116,3082.4668836860155,759.4650981178729,0.03615906618613999,27535.051745880442,0.14788826512334116,3794.35219749241,1195.2132215292968,0.04106514424393989
E3_E1_020_s45,near_boundary_2,max_hs,HA0100_0085,1.3304739088800233,0.05262799666403732,1.424262201762857,0.04146726008953478,0.9577653183727594,0.01702319681398623,0.6746805564495395,0.02017139534745173,25.0,7.4,12.95,8.0,1928444722.0,45,1928901077,0,7468.26735152,True,13201,0.05000000000001137,191371.9105328115,0.9584773509554975,3481.2616056040074,775.1084220569131,0.26029746644985285,165442.21273446293,0.8390835871370739,3197.947668681937,751.8247131297145,0.22669269941795478,27168.907328497604,0.14738586657331093,3168.930408258897,682.9032170970381,0.03841552157330333,27179.790615210546,0.14738586657331093,3503.8016853353306,1044.555883384397,0.04041981340786081
E3_E1_020_s46,near_boundary_2,max_hs,HA0100_0085,1.3304739088800233,0.05262799666403732,1.424262201762857,0.04146726008953478,0.9577653183727594,0.01702319681398623,0.6746805564495395,0.02017139534745173,25.0,7.4,12.95,8.0,1928444722.0,46,1928908996,0,7523.274412009,True,13201,0.05000000000001137,192275.047075395,0.965497381479671,3310.7221658186113,759.1700041731174,0.2541010177191088,163481.5938466602,0.8305971950654555,3203.171894976541,677.6929700503425,0.22283308397508,27245.743363456444,0.14681528198941746,3075.060090825928,623.43287668741,0.0347495538778147,27245.743363456444,0.14681528198941746,3511.666782825708,1055.4617519013782,0.041253898196744423
E3_E1_020_s47,near_boundary_2,max_hs,HA0100_0085,1.3304739088800233,0.05262799666403732,1.424262201762857,0.04146726008953478,0.9577653183727594,0.01702319681398623,0.6746805564495395,0.02017139534745173,25.0,7.4,12.95,8.0,1928444722.0,47,1928916915,0,8474.20497771,True,13201,0.05000000000001137,190701.60182265137,0.9560287326277086,3482.4866099811206,864.7356220185171,0.2561145054996008,164359.73522712348,0.8325744308913429,3257.7789055202757,823.7101350699751,0.2225556945668589,26890.77026368684,0.1461374860831575,3102.331866994142,733.250511504873,0.03768548416945514,27271.48953516113,0.14730819087292682,3648.875782944707,1099.5192221292614,0.040600925392280995
E3_E1_020_s48,near_boundary_2,max_hs,HA0100_0085,1.3304739088800233,0.05262799666403732,1.424262201762857,0.04146726008953478,0.9577653183727594,0.01702319681398623,0.6746805564495395,0.02017139534745173,25.0,7.4,12.95,8.0,1928444722.0,48,1928924834,0,7222.847952182,True,13201,0.05000000000001137,191620.79541757033,0.9624023878750264,3345.170606499888,795.8412651429801,0.2514049605808997,163092.1113326507,0.8269355072501712,3345.170606499888,789.5499467340135,0.21962573295385965,27321.420625431154,0.14644382056041955,3184.3784051003004,688.3489377319473,0.03776804829395659,27321.420625431154,0.14644382056041955,3427.5358577037487,961.6570734020675,0.04113757138954711
E3_E1_020_s49,near_boundary_2,max_hs,HA0100_0085,1.3304739088800233,0.05262799666403732,1.424262201762857,0.04146726008953478,0.9577653183727594,0.01702319681398623,0.6746805564495395,0.02017139534745173,25.0,7.4,12.95,8.0,1928444722.0,49,1928932753,0,10975.426727951,True,13201,0.05000000000001137,192289.92538596402,0.9658312971868432,3257.694514228848,761.1821425997732,0.2541497004528564,163230.7220375378,0.8294936649602261,3129.211698278519,739.8639934074589,0.2238040563054345,27197.313766449977,0.14750959405423272,2909.6863678713357,514.9325359881109,0.03478774019813309,27197.313766449977,0.14750959405423272,3857.71470286341,1219.428886740198,0.04042687833104088
E3_E1_020_s5,near_boundary_2,max_hs,HA0100_0085,1.3304739088800233,0.05262799666403732,1.424262201762857,0.04146726008953478,0.9577653183727594,0.01702319681398623,0.6746805564495395,0.02017139534745173,25.0,7.4,12.95,8.0,1928444722.0,5,1928484317,0,7199.28242874,True,13201,0.05000000000001137,194267.19190079803,0.9791373866245134,3311.954739810789,883.5342327847821,0.25614161732355695,163382.2888217508,0.8328273650827817,3192.4787261517836,883.5342327847821,0.2268956735935427,27382.607894573684,0.1475835600283344,3064.4657214299405,693.8667648644032,0.03542231887278118,27382.607894573684,0.1475835600283344,3657.937381224332,1113.5181320716488,0.043280834408551856
E3_E1_020_s50,near_boundary_2,max_hs,HA0100_0085,1.3304739088800233,0.05262799666403732,1.424262201762857,0.04146726008953478,0.9577653183727594,0.01702319681398623,0.6746805564495395,0.02017139534745173,25.0,7.4,12.95,8.0,1928444722.0,50,1928940672,0,6957.1750508000005,True,13201,0.05000000000001137,191996.05089210108,0.9636790917467704,3279.5956815247873,760.8725154674055,0.25515302958909736,163637.99391777185,0.8314862044430102,3129.699765400945,757.3751946979613,0.22397171546149663,27620.230578595158,0.14974366498113026,3043.3996095507355,577.6574821988213,0.03490635346633027,27620.230578595158,0.14974366498113026,3411.505743889378,1008.2457520199948,0.040596750181606696
E3_E1_020_s51,near_boundary_2,max_hs,HA0100_0085,1.3304739088800233,0.05262799666403732,1.424262201762857,0.04146726008953478,0.9577653183727594,0.01702319681398623,0.6746805564495395,0.02017139534745173,25.0,7.4,12.95,8.0,1928444722.0,51,1928948591,0,7331.443264222,True,13201,0.05000000000001137,191396.78788285985,0.9596628323204006,3378.384851861414,858.1870038281128,0.25637140632075384,164398.5752308769,0.8335993735982535,3187.7237994619477,858.1870038281128,0.2234844574077978,27251.34417136288,0.14599799416711218,3029.8205150138674,596.2454158377498,0.037693535266335766,27639.640909567832,0.14706333901390664,3442.460921780922,983.7898204857203,0.04066619002059916
E3_E1_020_s52,near_boundary_2,max_hs,HA0100_0085,1.3304739088800233,0.05262799666403732,1.424262201762857,0.04146726008953478,0.9577653183727594,0.01702319681398623,0.6746805564495395,0.02017139534745173,25.0,7.4,12.95,8.0,1928444722.0,52,1928956510,0,11175.524825605,True,13201,0.05000000000001137,190966.7840119988,0.9588637697984843,3403.29130684004,1175.6170173618398,0.2518014222951535,163433.5078979251,0.8285040424822827,3403.29130684004,1175.6170173618398,0.21928110234947476,27600.50935247957,0.1476972141858343,2942.3212259062525,505.7395146172694,0.035075166621533684,27610.67062480714,0.14834282419293238,3569.065786722064,1072.100928964551,0.041024636544780675
E3_E1_020_s53,near_boundary_2,max_hs,HA0100_0085,1.3304739088800233,0.05262799666403732,1.424262201762857,0.04146726008953478,0.9577653183727594,0.01702319681398623,0.6746805564495395,0.02017139534745173,25.0,7.4,12.95,8.0,1928444722.0,53,1928964429,0,11237.94430191,True,13201,0.05000000000001137,191705.06049098438,0.9625424484621112,3286.015558747182,764.3171786995263,0.2535500033101474,163256.84452898666,0.8286738721581561,3198.221249752605,729.465828772484,0.22238845941268162,27264.943165903187,0.1476242922732175,3062.186446007231,665.5967477309322,0.034959209321183404,27622.129467301096,0.1476242922732175,3680.395491969187,1143.0291414452304,0.04349962917564712
E3_E1_020_s54,near_boundary_2,max_hs,HA0100_0085,1.3304739088800233,0.05262799666403732,1.424262201762857,0.04146726008953478,0.9577653183727594,0.01702319681398623,0.6746805564495395,0.02017139534745173,25.0,7.4,12.95,8.0,1928444722.0,54,1928972348,0,7370.4602030060005,True,13201,0.05000000000001137,190749.8476099338,0.9568475122771378,3408.209230253856,954.6532046017481,0.2542111858194411,163931.11869728976,0.8300652359050921,3327.932593454242,954.6532046017481,0.22095977459106578,27067.588955306623,0.1456232158868268,3054.831485703029,652.4284926829781,0.03826306362832155,27308.495171733142,0.14604328987694787,3482.1796710852977,1046.0451627295513,0.04306420771149853
E3_E1_020_s55,near_boundary_2,max_hs,HA0100_0085,1.3304739088800233,0.05262799666403732,1.424262201762857,0.04146726008953478,0.9577653183727594,0.01702319681398623,0.6746805564495395,0.02017139534745173,25.0,7.4,12.95,8.0,1928444722.0,55,1928980267,0,7482.683455732,True,13201,0.05000000000001137,192887.1576637823,0.9705037444686587,3112.0170539363608,978.801370113637,0.25267977980237344,162879.12416600581,0.8289204782773981,3112.0170539363608,978.801370113637,0.22269783101590723,27357.809636295715,0.14848238981683923,3314.611794396506,711.2771416961009,0.04210110448596257,27357.809636295715,0.14848238981683923,3558.0846011257663,1019.8528864982741,0.04210110448596257
E3_E1_020_s56,near_boundary_2,max_hs,HA0100_0085,1.3304739088800233,0.05262799666403732,1.424262201762857,0.04146726008953478,0.9577653183727594,0.01702319681398623,0.6746805564495395,0.02017139534745173,25.0,7.4,12.95,8.0,1928444722.0,56,1928988186,0,7401.389440315999,True,13201,0.05000000000001137,190451.1948589807,0.9545894875358989,3631.129631728906,849.5757188128872,0.2575067619985482,164435.00960323497,0.8334503973037779,3392.6112125595696,791.9543810362226,0.22394696765855604,27585.81065496454,0.1493013802285638,3513.5352967132685,978.2313093352608,0.03894821257581886,27680.05797187182,0.1493013802285638,3575.8334419963808,1058.2194350637785,0.04188223228487595
E3_E1_020_s57,near_boundary_2,max_hs,HA0100_0085,1.3304739088800233,0.05262799666403732,1.424262201762857,0.04146726008953478,0.9577653183727594,0.01702319681398623,0.6746805564495395,0.02017139534745173,25.0,7.4,12.95,8.0,1928444722.0,57,1928996105,0,6207.341697939,True,13201,0.05000000000001137,192161.86636175113,0.9663365533679258,3159.220431293351,804.2144307049485,0.25366482619330216,162816.72787189906,0.8287409837807975,3078.7090929325636,804.2144307049485,0.22398011588232764,27921.232261772184,0.15046407437174922,3096.1872862185064,655.7824914799759,0.03814871128212518,27921.232261772184,0.15046407437174922,3887.3844927672453,1243.2781523492793,0.039658537065183366
E3_E1_020_s58,near_boundary_2,max_hs,HA0100_0085,1.3304739088800233,0.05262799666403732,1.424262201762857,0.04146726008953478,0.9577653183727594,0.01702319681398623,0.6746805564495395,0.02017139534745173,25.0,7.4,12.95,8.0,1928444722.0,58,1929004024,0,7414.358911830001,True,13201,0.05000000000001137,191110.63489363022,0.9593477790561901,3359.033021294395,763.5181799332647,0.253749088158905,163317.02872745006,0.8285483609442411,3236.2509839376025,704.1473204052637,0.22228593931449991,27562.25563486886,0.1480662473349188,2957.616863096718,550.7624027708785,0.03610810890225191,27812.846748750002,0.1480662473349188,4244.2393477669575,1478.4373076762856,0.04726866064436345
E3_E1_020_s59,near_boundary_2,max_hs,HA0100_0085,1.3304739088800233,0.05262799666403732,1.424262201762857,0.04146726008953478,0.9577653183727594,0.01702319681398623,0.6746805564495395,0.02017139534745173,25.0,7.4,12.95,8.0,1928444722.0,59,1929011943,0,10063.005657494,True,13201,0.05000000000001137,190317.60906384332,0.9539989884049859,3545.6835489406367,819.4139755728314,0.25792686179649726,164220.49429517848,0.8324428605578117,3331.8775589531415,676.6366332103053,0.2251363719479568,27793.188972660246,0.1497026214955858,2977.0394708923045,611.3495431025278,0.0352633262924937,27818.66862734605,0.1497026214955858,3572.2679267642716,1114.9796308793166,0.04094839695720104
E3_E1_020_s6,near_boundary_2,max_hs,HA0100_0085,1.3304739088800233,0.05262799666403732,1.424262201762857,0.04146726008953478,0.9577653183727594,0.01702319681398623,0.6746805564495395,0.02017139534745173,25.0,7.4,12.95,8.0,1928444722.0,6,1928492236,0,7085.375386897001,True,13201,0.05000000000001137,189793.57356445136,0.951315641838268,3583.5129780048696,858.8301355114156,0.25809986508527427,164223.4148769237,0.8329142034295871,3416.7358179126563,742.6488656050795,0.2251086138062736,27612.882204338966,0.14944780025726395,2992.926704579504,597.2685784475103,0.03714038939940915,27612.882204338966,0.14944780025726395,3429.9988792261784,992.6326913443944,0.04115283887928761
E3_E1_020_s7,near_boundary_2,max_hs,HA0100_0085,1.3304739088800233,0.05262799666403732,1.424262201762857,0.04146726008953478,0.9577653183727594,0.01702319681398623,0.6746805564495395,0.02017139534745173,25.0,7.4,12.95,8.0,1928444722.0,7,1928500155,0,6926.585494081,True,13201,0.05000000000001137,190318.27896926473,0.953756971542472,3549.5233157070966,958.1195903874896,0.25793991573832065,164639.36001599143,0.8345566087954503,3350.992778047456,958.1195903874896,0.2237252160318787,27610.126400682253,0.14932448783510835,3001.9187461275583,640.1526345171608,0.037244460827127776,27794.218671252558,0.14932448783510835,3505.1390034421297,1007.0293609158957,0.04117933298271615
E3_E1_020_s8,near_boundary_2,max_hs,HA0100_0085,1.3304739088800233,0.05262799666403732,1.424262201762857,0.04146726008953478,0.9577653183727594,0.01702319681398623,0.6746805564495395,0.02017139534745173,25.0,7.4,12.95,8.0,1928444722.0,8,1928508074,0,7371.174424250001,True,13201,0.05000000000001137,193430.37715490273,0.9757613919973988,3220.7835251403394,1042.8570339306611,0.24838222628826132,161571.93199134138,0.8228779330249006,3220.7835251403394,1042.8570339306611,0.2200853903953569,27637.10545889273,0.14944612559588832,3242.320020054459,867.5538388633796,0.037386254304213225,27637.10545889273,0.14944612559588832,3490.6449170878027,947.577779796072,0.04444775359548959
E3_E1_020_s9,near_boundary_2,max_hs,HA0100_0085,1.3304739088800233,0.05262799666403732,1.424262201762857,0.04146726008953478,0.9577653183727594,0.01702319681398623,0.6746805564495395,0.02017139534745173,25.0,7.4,12.95,8.0,1928444722.0,9,1928515993,0,6977.702693795,True,13201,0.05000000000001137,190982.09377674852,0.9584179420618469,3282.8206028881104,985.7160934369381,0.2537758896049687,163739.7947317286,0.8299251896137648,3266.599545919336,985.7160934369381,0.2210451647870076,27755.690871048468,0.1487480185695518,2946.584961720054,603.0445178133768,0.03465496983614825,27909.174116336733,0.1489307910500187,3694.6445779134497,1133.5985267326676,0.04144540483949502
