campaign,selected_candidate,method,run,seed,D_L1,t_L1,D_L2,t_L2,D_B1,t_B1,D_B2,t_B2,mass_kg,estimated_probability,estimated_lower,estimated_upper,meta_reference_probability,estimated_safe,cumulative_oracle_queries,cumulative_estimator_calls,unique_cached_designs,elapsed_seconds,temporal_test_probability,temporal_test_beta,temporal_test_system_ratio_quantile,temporal_test_feasible
v1_1500lhs,TRUE,original_oc4,-1,0,1.2,0.05,1.2,0.035,0.8,0.02,0.8,0.02,673882.7346821574,0.0021668910602261177,0.0021668910602261177,0.0021668910602261177,0.0021668910602261177,FALSE,0,1,1,0,0.0018918161434977579,2.895659058245924,1.0241316031281424,FALSE
v1_1500lhs,FALSE,meta_reference_abc,0,2354602333,1.268,0.036000000000000004,0.966,0.038,0.6400000000000001,0.014,0.652,0.014,522284.8165531445,0.001346614563312644,0.001346614563312644,0.001346614563312644,0.001346614563312644,TRUE,0,903,903,29.55060620000586,0.062476644245142,1.5343104809968109,1.1356959122399033,FALSE
v1_1500lhs,FALSE,meta_reference_abc,1,2809038303,1.288,0.036000000000000004,1.038,0.036000000000000004,0.6400000000000001,0.014,0.6400000000000001,0.014,526019.9480538507,0.0013482704178135823,0.0013482704178135823,0.0013482704178135823,0.0013482704178135823,TRUE,0,894,894,29.92953010002384,0.05054185351270553,1.6396223791146796,1.1037935071894904,FALSE
v1_1500lhs,FALSE,meta_reference_abc,2,1454264448,1.288,0.036000000000000004,1.038,0.036000000000000004,0.6400000000000001,0.014,0.6400000000000001,0.014,526019.9480538507,0.0013482704178135823,0.0013482704178135823,0.0013482704178135823,0.0013482704178135823,TRUE,0,650,650,21.221459999971557,0.05054185351270553,1.6396223791146796,1.1037935071894904,FALSE
v1_1500lhs,FALSE,meta_reference_abc,3,627444888,1.266,0.034999999999999996,0.96,0.04,0.6400000000000001,0.014,0.6400000000000001,0.014,524852.382355154,0.0009520329274098386,0.0009520329274098386,0.0009520329274098386,0.0009520329274098386,TRUE,0,883,883,29.66556599998148,0.04547365470852018,1.69042168445357,1.0890873739484084,FALSE
v1_1500lhs,FALSE,meta_reference_abc,4,4113981871,1.27,0.034999999999999996,0.996,0.038,0.6400000000000001,0.014,0.6400000000000001,0.014,523547.02904338937,0.001344089313768294,0.001344089313768294,0.001344089313768294,0.001344089313768294,TRUE,0,951,951,31.977186499978416,0.051592862481315394,1.629601605042466,1.1053608454170825,FALSE
v1_1500lhs,FALSE,meta_reference_abc,5,4212094172,1.282,0.036000000000000004,1.042,0.036000000000000004,0.6400000000000001,0.014,0.6400000000000001,0.014,526154.1265704073,0.0013301491383696676,0.0013301491383696676,0.0013301491383696676,0.0013301491383696676,TRUE,0,717,717,24.251822300022468,0.049467488789237665,1.6500389123853982,1.1010585050850137,FALSE
v1_1500lhs,FALSE,meta_reference_abc,6,2276805683,0.96,0.056,0.96,0.038,0.6400000000000001,0.014,0.6400000000000001,0.014,533300.3721359367,0.0009722073508348204,0.0009722073508348204,0.0009722073508348204,0.0009722073508348204,TRUE,0,454,454,16.160627699980978,0.05170964125560538,1.6284982381451734,1.1062801391171648,FALSE
v1_1500lhs,FALSE,meta_reference_abc,7,2858397835,1.272,0.036000000000000004,0.984,0.038,0.6400000000000001,0.014,0.6400000000000001,0.014,524332.8016051024,0.0013299937717717624,0.0013299937717717624,0.0013299937717717624,0.0013299937717717624,TRUE,0,923,923,33.49334630003432,0.053414611360239166,1.6126101923719716,1.1113749164175688,FALSE
v1_1500lhs,FALSE,meta_reference_abc,8,2412201501,1.4020000000000001,0.034999999999999996,1.034,0.036000000000000004,0.6400000000000001,0.014,0.6400000000000001,0.014,531159.5110227215,0.0013497120496817076,0.0013497120496817076,0.0013497120496817076,0.0013497120496817076,TRUE,0,708,708,25.90178209997248,0.038723841554559046,1.7656911216283535,1.0742425772969852,FALSE
v1_1500lhs,FALSE,meta_reference_abc,9,554434428,1.266,0.034999999999999996,0.96,0.04,0.6400000000000001,0.014,0.6400000000000001,0.014,524852.382355154,0.0009520329274098386,0.0009520329274098386,0.0009520329274098386,0.0009520329274098386,TRUE,0,612,612,22.585120300005656,0.04547365470852018,1.69042168445357,1.0890873739484084,FALSE
v1_1500lhs,FALSE,meta_reference_abc,10,2832573760,1.054,0.036000000000000004,1.056,0.04,0.646,0.014,0.652,0.016,536227.673355891,0.0013459382824712735,0.0013459382824712735,0.0013459382824712735,0.0013459382824712735,TRUE,0,838,838,30.773954499978572,0.024476831091180866,1.9689950267327736,1.0522171921680519,FALSE
v1_1500lhs,FALSE,meta_reference_abc,11,2546365690,0.96,0.056,0.96,0.038,0.6400000000000001,0.014,0.6400000000000001,0.014,533300.3721359367,0.0009722073508348204,0.0009722073508348204,0.0009722073508348204,0.0009722073508348204,TRUE,0,510,510,19.20129989995621,0.05170964125560538,1.6284982381451734,1.1062801391171648,FALSE
v1_1500lhs,FALSE,meta_reference_abc,12,55935964,1.266,0.034999999999999996,0.96,0.04,0.6400000000000001,0.014,0.6400000000000001,0.014,524852.382355154,0.0009520329274098386,0.0009520329274098386,0.0009520329274098386,0.0009520329274098386,TRUE,0,849,849,31.011534200049937,0.04547365470852018,1.69042168445357,1.0890873739484084,FALSE
v1_1500lhs,FALSE,meta_reference_abc,13,143401308,1.282,0.036000000000000004,1.034,0.036000000000000004,0.6400000000000001,0.018000000000000002,0.6400000000000001,0.014,547232.8708804733,0.0013470912634121746,0.0013470912634121746,0.0013470912634121746,0.0013470912634121746,TRUE,0,811,811,27.842086200020276,0.05007473841554559,1.6441293970490518,1.1023611040332622,FALSE
v1_1500lhs,FALSE,meta_reference_abc,14,3309679122,0.96,0.056,0.96,0.038,0.6400000000000001,0.014,0.6400000000000001,0.014,533300.3721359367,0.0009722073508348204,0.0009722073508348204,0.0009722073508348204,0.0009722073508348204,TRUE,0,624,624,21.594995799998287,0.05170964125560538,1.6284982381451734,1.1062801391171648,FALSE
v1_1500lhs,FALSE,meta_reference_abc,15,1403661893,1.266,0.034999999999999996,0.96,0.04,0.6400000000000001,0.014,0.6400000000000001,0.014,524852.382355154,0.0009520329274098386,0.0009520329274098386,0.0009520329274098386,0.0009520329274098386,TRUE,0,533,533,18.217326799989678,0.04547365470852018,1.69042168445357,1.0890873739484084,FALSE
v1_1500lhs,FALSE,meta_reference_abc,16,3089473317,0.96,0.056,0.96,0.038,0.6400000000000001,0.014,0.6400000000000001,0.014,533300.3721359367,0.0009722073508348204,0.0009722073508348204,0.0009722073508348204,0.0009722073508348204,TRUE,0,567,567,18.967865300015546,0.05170964125560538,1.6284982381451734,1.1062801391171648,FALSE
v1_1500lhs,FALSE,meta_reference_abc,17,2450749373,1.272,0.034999999999999996,0.998,0.038,0.6400000000000001,0.014,0.648,0.014,524665.6439776747,0.0013120773627308846,0.0013120773627308846,0.0013120773627308846,0.0013120773627308846,TRUE,0,722,722,23.803826999966986,0.05005138266068759,1.6443556262531145,1.1014486746187444,FALSE
v1_1500lhs,FALSE,meta_reference_abc,18,2025468229,1.282,0.036000000000000004,1.042,0.036000000000000004,0.644,0.014,0.6400000000000001,0.014,526666.1878382289,0.0013301491383696676,0.0013301491383696676,0.0013301491383696676,0.0013301491383696676,TRUE,0,942,942,30.937938800023403,0.04939742152466368,1.6507244984830263,1.1008926725387238,FALSE
v1_1500lhs,TRUE,meta_reference_abc,19,1138364709,1.268,0.036000000000000004,0.966,0.038,0.6400000000000001,0.014,0.652,0.014,522284.8165531445,0.001346614563312644,0.001346614563312644,0.001346614563312644,0.001346614563312644,TRUE,0,918,918,29.733503600000404,0.062476644245142,1.5343104809968109,1.1356959122399033,FALSE
v1_1500lhs,FALSE,meta_reference_abc,20,2047542432,1.282,0.036000000000000004,1.042,0.036000000000000004,0.6400000000000001,0.014,0.6400000000000001,0.014,526154.1265704073,0.0013301491383696676,0.0013301491383696676,0.0013301491383696676,0.0013301491383696676,TRUE,0,847,847,27.650789299979806,0.049467488789237665,1.6500389123853982,1.1010585050850137,FALSE
v1_1500lhs,FALSE,meta_reference_abc,21,1320218597,0.96,0.056,0.96,0.038,0.6400000000000001,0.014,0.6400000000000001,0.014,533300.3721359367,0.0009722073508348204,0.0009722073508348204,0.0009722073508348204,0.0009722073508348204,TRUE,0,488,488,15.651806799985934,0.05170964125560538,1.6284982381451734,1.1062801391171648,FALSE
v1_1500lhs,FALSE,meta_reference_abc,22,4258311112,1.3,0.036000000000000004,1.036,0.036000000000000004,0.6400000000000001,0.014,0.6400000000000001,0.014,526621.0997972456,0.00134515943076371,0.00134515943076371,0.00134515943076371,0.00134515943076371,TRUE,0,970,970,30.70925439998973,0.04984118086696562,1.6463954865239403,1.1017925672918858,FALSE
v1_1500lhs,FALSE,meta_reference_abc,23,3647640339,1.282,0.036000000000000004,1.042,0.036000000000000004,0.6400000000000001,0.014,0.6400000000000001,0.014,526154.1265704073,0.0013301491383696676,0.0013301491383696676,0.0013301491383696676,0.0013301491383696676,TRUE,0,507,507,16.60168399999384,0.049467488789237665,1.6500389123853982,1.1010585050850137,FALSE
v1_1500lhs,FALSE,meta_reference_abc,24,247198484,1.294,0.034999999999999996,1.32,0.03,0.6400000000000001,0.014,0.6400000000000001,0.014,534522.0619683907,0.0012788959142052104,0.0012788959142052104,0.0012788959142052104,0.0012788959142052104,TRUE,0,616,616,19.278907800035086,0.0015648355754857997,2.954706021073782,1.0029752103131173,FALSE
v1_1500lhs,FALSE,meta_reference_abc,25,3957858703,1.288,0.036000000000000004,1.038,0.036000000000000004,0.6400000000000001,0.014,0.6400000000000001,0.014,526019.9480538507,0.0013482704178135823,0.0013482704178135823,0.0013482704178135823,0.0013482704178135823,TRUE,0,820,820,25.530737499997485,0.05054185351270553,1.6396223791146796,1.1037935071894904,FALSE
v1_1500lhs,FALSE,meta_reference_abc,26,2204627553,1.288,0.036000000000000004,1.038,0.036000000000000004,0.6400000000000001,0.014,0.6400000000000001,0.014,526019.9480538507,0.0013482704178135823,0.0013482704178135823,0.0013482704178135823,0.0013482704178135823,TRUE,0,898,898,28.25150409998605,0.05054185351270553,1.6396223791146796,1.1037935071894904,FALSE
v1_1500lhs,FALSE,meta_reference_abc,27,159269519,1.266,0.034999999999999996,0.96,0.04,0.6400000000000001,0.014,0.6400000000000001,0.014,524852.382355154,0.0009520329274098386,0.0009520329274098386,0.0009520329274098386,0.0009520329274098386,TRUE,0,490,490,14.235582799999975,0.04547365470852018,1.69042168445357,1.0890873739484084,FALSE
v1_1500lhs,FALSE,meta_reference_abc,28,1603438866,1.288,0.036000000000000004,1.038,0.036000000000000004,0.6400000000000001,0.014,0.6400000000000001,0.014,526019.9480538507,0.0013482704178135823,0.0013482704178135823,0.0013482704178135823,0.0013482704178135823,TRUE,0,635,635,19.461620099958964,0.05054185351270553,1.6396223791146796,1.1037935071894904,FALSE
v1_1500lhs,FALSE,meta_reference_abc,29,2994618833,1.282,0.036000000000000004,1.042,0.036000000000000004,0.6400000000000001,0.014,0.6400000000000001,0.014,526154.1265704073,0.0013301491383696676,0.0013301491383696676,0.0013301491383696676,0.0013301491383696676,TRUE,0,651,651,21.209786399966106,0.049467488789237665,1.6500389123853982,1.1010585050850137,FALSE
v1_1500lhs,FALSE,mc_abc,0,2354602333,1.346,0.036000000000000004,1.04,0.036000000000000004,0.664,0.014,0.6400000000000001,0.014,533688.5939304017,0.0003662109375,7.552786749571874e-05,0.0010698470956636884,0.0012722772955325013,TRUE,8554496,1774,973,31.683342800009996,0.04007847533632287,1.7497761324877055,1.077921359153638,FALSE
v1_1500lhs,FALSE,mc_abc,1,2809038303,1.272,0.034999999999999996,0.968,0.04,0.668,0.014,0.644,0.014,530492.2433506182,0.0001220703125,3.090547956704087e-06,0.0006799425022620432,0.0004896189153325483,TRUE,8394752,1753,971,31.760195400041994,0.03881726457399103,1.7645791086042117,1.0743593644716074,FALSE
v1_1500lhs,FALSE,mc_abc,2,1454264448,1.278,0.034999999999999996,1.012,0.038,0.642,0.014,0.714,0.014,533009.8664343541,0.000488281,0.00013305572040454592,0.0012497177298180532,0.0011843636827969042,TRUE,9453568,1883,972,30.192803299985826,0.039564648729446934,1.7557605827824077,1.0764929560864833,FALSE
v1_1500lhs,FALSE,mc_abc,3,627444888,1.28,0.034999999999999996,1.18,0.034,0.6400000000000001,0.014,0.6400000000000001,0.014,534574.1835260371,0.000488281,0.00013305572040454592,0.0012497177298180532,0.00046521734539821613,TRUE,8192000,1678,904,27.931992099969648,0.0059557174887892375,2.5147573019910228,1.0126843516051347,FALSE
v1_1500lhs,FALSE,mc_abc,4,4113981871,1.278,0.036000000000000004,1.168,0.034,0.6400000000000001,0.014,0.6400000000000001,0.014,535276.8089818377,0.000488281,0.00013305572040454592,0.0012497177298180532,0.0011483057272367616,TRUE,8585216,1720,896,26.245510600041598,0.008548206278026906,2.3846277157218423,1.0179468334685329,FALSE
v1_1500lhs,FALSE,mc_abc,5,4212094172,1.268,0.036000000000000004,0.96,0.04,0.6400000000000001,0.014,0.642,0.014,527632.6105685416,0.0001220703125,3.090547956704087e-06,0.0006799425022620432,0.0005393312078183872,TRUE,7333888,1502,809,23.408721799962223,0.04038210014947683,1.7462691130363188,1.0789305104839557,FALSE
v1_1500lhs,FALSE,mc_abc,6,2276805683,1.336,0.036000000000000004,1.06,0.036000000000000004,0.6400000000000001,0.014,0.654,0.014,533941.6302189889,0.000488281,0.00013305572040454592,0.0012497177298180532,0.0011569261723283829,TRUE,8488960,1766,973,25.62103770003887,0.02961509715994021,1.8864807926533325,1.0564315039387442,FALSE
v1_1500lhs,FALSE,mc_abc,7,2858397835,1.324,0.036000000000000004,1.022,0.038,0.6400000000000001,0.014,0.642,0.014,534173.6527071609,0.000488281,0.00013305572040454592,0.0012497177298180532,0.0010014972051297574,TRUE,9404416,1871,964,25.51154899998801,0.021860986547085202,2.016746514640012,1.0426954932962644,FALSE
v1_1500lhs,FALSE,mc_abc,8,2412201501,1.288,0.034999999999999996,1.168,0.034,0.6400000000000001,0.014,0.6400000000000001,0.014,533509.2702829675,0.0001220703125,3.090547956704087e-06,0.0006799425022620432,0.0010962040520280838,TRUE,7440384,1515,809,21.94778479996603,0.011140695067264573,2.2855364762031534,1.0232658149542884,FALSE
v1_1500lhs,FALSE,mc_abc,9,554434428,1.27,0.034999999999999996,0.96,0.04,0.6400000000000001,0.014,0.6400000000000001,0.014,525141.1284669881,0.0001220703125,3.090547956704087e-06,0.0006799425022620432,0.0006080760092464248,TRUE,6850560,1389,737,19.58498469996266,0.0445394245142003,1.7002769232286843,1.087439304411523,FALSE
v1_1500lhs,TRUE,mc_abc,10,2832573760,1.27,0.034999999999999996,0.96,0.04,0.6400000000000001,0.014,0.6400000000000001,0.014,525141.1284669881,0.0001220703125,3.090547956704087e-06,0.0006799425022620432,0.0006080760092464248,TRUE,5558272,1112,578,14.748978800023906,0.0445394245142003,1.7002769232286843,1.087439304411523,FALSE
v1_1500lhs,FALSE,mc_abc,11,2546365690,1.28,0.036000000000000004,1.1400000000000001,0.034,0.642,0.014,0.644,0.014,532183.2099963073,0.000488281,0.00013305572040454592,0.0012497177298180532,0.0015007164927356772,TRUE,8654848,1733,902,24.30710919998819,0.025878176382660687,1.9451547774631224,1.0495004023756738,FALSE
v1_1500lhs,FALSE,mc_abc,12,55935964,1.272,0.034999999999999996,0.96,0.04,0.6400000000000001,0.014,0.6400000000000001,0.014,525285.5015229052,0.000488281,0.00013305572040454592,0.0012497177298180532,0.0005859892824795175,TRUE,5511168,1128,607,17.74106169998413,0.04418908819133034,1.7040155811285442,1.086616660323706,FALSE
v1_1500lhs,FALSE,mc_abc,13,143401308,1.27,0.036000000000000004,1.028,0.038,0.642,0.014,0.6400000000000001,0.014,531170.9762493904,0.0003662109375,7.552786749571874e-05,0.0010698470956636884,0.0007437159972809478,TRUE,8824832,1783,941,28.48777229996631,0.028727578475336323,1.899832099898702,1.0558181705340448,FALSE
v1_1500lhs,FALSE,mc_abc,14,3309679122,0.96,0.058,0.96,0.038,0.716,0.014,0.654,0.014,547688.7705423075,0.000488281,0.00013305572040454592,0.0012497177298180532,0.0008842561870162052,TRUE,8751104,1795,969,31.615395099972375,0.043488415545590436,1.7115651728467407,1.084139059497827,FALSE
v1_1500lhs,FALSE,mc_abc,15,1403661893,0.96,0.056,0.96,0.038,0.642,0.014,0.642,0.014,533723.4786711351,0.000488281,0.00013305572040454592,0.0012497177298180532,0.0009341835020292978,TRUE,8988672,1803,941,30.223767000017688,0.05149943946188341,1.6304857291387016,1.1057262095632296,FALSE
v1_1500lhs,FALSE,mc_abc,16,3089473317,0.964,0.06,0.96,0.038,0.6400000000000001,0.014,0.6400000000000001,0.014,540758.2717101667,0,0,0.000450201296708684,0.0008764401994085654,TRUE,8996864,1801,937,31.088594200031366,0.03816330343796712,1.772409494481556,1.0742879138744226,FALSE
v1_1500lhs,FALSE,mc_abc,17,2450749373,1.27,0.034999999999999996,0.96,0.04,0.6400000000000001,0.014,0.642,0.014,525308.2043682766,0.0003662109375,7.552786749571874e-05,0.0010698470956636884,0.000594553800454163,TRUE,7501824,1527,815,28.222388299996965,0.0445394245142003,1.7002769232286843,1.0872338041281868,FALSE
v1_1500lhs,FALSE,mc_abc,18,2025468229,1.268,0.034999999999999996,1.176,0.034,0.6400000000000001,0.014,0.6400000000000001,0.014,533160.476701622,0.0003662109375,7.552786749571874e-05,0.0010698470956636884,0.0007935535925076263,TRUE,6744064,1394,761,29.161784299998544,0.0101597533632287,2.3203952294448738,1.0211395181253993,FALSE
v1_1500lhs,FALSE,mc_abc,19,1138364709,1.274,0.036000000000000004,0.96,0.04,0.644,0.014,0.6400000000000001,0.014,528423.0899361899,0.000244141,2.956792995183472e-05,0.0008816386910191455,0.0005215492828087034,TRUE,8716288,1781,956,41.20354740001494,0.03937780269058296,1.7579524201573884,1.0764634253406566,FALSE
v1_1500lhs,FALSE,mc_abc,20,2047542432,1.27,0.034999999999999996,1.176,0.034,0.6400000000000001,0.014,0.6400000000000001,0.014,533304.849757539,0.000488281,0.00013305572040454592,0.0012497177298180532,0.000789675203234812,TRUE,8830976,1777,932,39.272458799998276,0.009902840059790733,2.330008911582984,1.0203728042989817,FALSE
v1_1500lhs,FALSE,mc_abc,21,1320218597,1.27,0.036000000000000004,1.174,0.034,0.6400000000000001,0.014,0.6400000000000001,0.014,535504.0197137193,0.0003662109375,7.552786749571874e-05,0.0010698470956636884,0.0007875117563862707,TRUE,5734400,1168,624,27.06400000001304,0.006889947683109118,2.4629504611873188,1.0140890983483106,FALSE
v1_1500lhs,FALSE,mc_abc,22,4258311112,1.29,0.034999999999999996,1.074,0.036000000000000004,0.6400000000000001,0.014,0.6920000000000001,0.014,533215.3185015795,0.0003662109375,7.552786749571874e-05,0.0010698470956636884,0.0009424424865939926,TRUE,8984576,1795,931,38.81118309998419,0.0328381913303438,1.840626015302891,1.0627371443718425,FALSE
v1_1500lhs,FALSE,mc_abc,23,3647640339,1.284,0.034999999999999996,1.094,0.036000000000000004,0.6400000000000001,0.014,0.6400000000000001,0.014,531336.5884886987,0.0003662109375,7.552786749571874e-05,0.0010698470956636884,0.0006931970457432556,TRUE,8804352,1800,967,39.81939690001309,0.022678437967115096,2.0013296552621758,1.0445242573742006,FALSE
v1_1500lhs,FALSE,mc_abc,24,247198484,1.274,0.034999999999999996,0.96,0.04,0.6400000000000001,0.014,0.6400000000000001,0.014,525429.8745788223,0.0003662109375,7.552786749571874e-05,0.0010698470956636884,0.0005722674421538038,TRUE,8081408,1672,914,36.46103290002793,0.04381539611360239,1.7080299129574064,1.0857949449435063,FALSE
v1_1500lhs,FALSE,mc_abc,25,3957858703,1.27,0.034999999999999996,0.96,0.042,0.6400000000000001,0.014,0.6400000000000001,0.014,532209.9127797137,0.0001220703125,3.090547956704087e-06,0.0006799425022620432,0.00035869445148252276,TRUE,6051840,1215,635,24.60834590002196,0.012869020926756352,2.2301416299763064,1.026312229335015,FALSE
v1_1500lhs,FALSE,mc_abc,26,2204627553,1.27,0.036000000000000004,0.96,0.04,0.6400000000000001,0.014,0.6400000000000001,0.014,527614.0326676248,0.000244141,2.956792995183472e-05,0.0008816386910191455,0.00055159815714316,TRUE,8077312,1688,936,35.79057130002184,0.040101831091180866,1.7495055969360314,1.0782946036380239,FALSE
v1_1500lhs,FALSE,mc_abc,27,159269519,1.266,0.036000000000000004,0.96,0.04,0.6400000000000001,0.014,0.642,0.014,527484.1125681697,0.000488281,0.00013305572040454592,0.0012497177298180532,0.0008072357634750276,TRUE,6924288,1407,749,28.64275619998807,0.040732436472346784,1.7422490588811954,1.0797363218366838,FALSE
v1_1500lhs,FALSE,mc_abc,28,1603438866,1.312,0.036000000000000004,0.96,0.04,0.6400000000000001,0.014,0.6400000000000001,0.014,530732.4906754335,0.000488281,0.00013305572040454592,0.0012497177298180532,0.000564718247148194,TRUE,8675328,1788,972,36.8847650999669,0.0320674514200299,1.8512409092169924,1.0615154121857044,FALSE
v1_1500lhs,FALSE,mc_abc,29,2994618833,1.28,0.036000000000000004,1.168,0.034,0.6400000000000001,0.014,0.6400000000000001,0.014,535425.3069822096,0.000488281,0.00013305572040454592,0.0012497177298180532,0.0010543086422964655,TRUE,6901760,1405,750,28.691370199958328,0.00819786995515695,2.3999850845461905,1.0179003395689667,FALSE
v1_1500lhs,FALSE,qmc_amplitude_abc,0,2354602333,1.27,0.036000000000000004,0.96,0.04,0.6400000000000001,0.014,0.6400000000000001,0.014,527614.0326676248,0.000488281,0.00013305572040454592,0.0012497177298180532,0.00055159815714316,TRUE,8419328,1729,935,36.24823479994666,0.040101831091180866,1.7495055969360314,1.0782946036380239,FALSE
v1_1500lhs,FALSE,qmc_amplitude_abc,1,2809038303,1.268,0.036000000000000004,0.96,0.04,0.6400000000000001,0.014,0.6400000000000001,0.014,527465.534667253,0.000488281,0.00013305572040454592,0.0012497177298180532,0.00055159815714316,TRUE,6608896,1346,719,27.688255199987907,0.04038210014947683,1.7462691130363188,1.0791039770409308,FALSE
v1_1500lhs,FALSE,qmc_amplitude_abc,2,1454264448,1.284,0.036000000000000004,1.084,0.036000000000000004,0.6400000000000001,0.014,0.6400000000000001,0.014,532389.1860063378,0.000488281,0.00013305572040454592,0.0012497177298180532,0.0005593413200184333,TRUE,6854656,1388,735,28.2967622000142,0.024406763826606875,1.9702168112589153,1.047819821244886,FALSE
v1_1500lhs,FALSE,qmc_amplitude_abc,3,627444888,1.282,0.036000000000000004,1.084,0.036000000000000004,0.6400000000000001,0.014,0.6400000000000001,0.014,532240.6880059659,0.000488281,0.00013305572040454592,0.0012497177298180532,0.000572924140302079,TRUE,7235584,1460,769,29.844643699994776,0.025014013452914798,1.9597242695159558,1.0486022985769177,FALSE
v1_1500lhs,FALSE,qmc_amplitude_abc,4,4113981871,1.282,0.036000000000000004,1.082,0.036000000000000004,0.6400000000000001,0.014,0.644,0.014,532285.0035497064,0.000488281,0.00013305572040454592,0.0012497177298180532,0.0006062148293227062,TRUE,7544832,1506,780,29.75797890004469,0.026041666666666668,1.9424443284238992,1.0507738804754876,FALSE
v1_1500lhs,FALSE,qmc_amplitude_abc,5,4212094172,1.268,0.036000000000000004,0.96,0.04,0.6400000000000001,0.014,0.6400000000000001,0.014,527465.534667253,0.000488281,0.00013305572040454592,0.0012497177298180532,0.00055159815714316,TRUE,6877184,1396,742,28.196892799984198,0.04038210014947683,1.7462691130363188,1.0791039770409308,FALSE
v1_1500lhs,FALSE,qmc_amplitude_abc,6,2276805683,1.276,0.034999999999999996,1.176,0.034,0.6400000000000001,0.014,0.6400000000000001,0.014,533737.9689252903,0.000488281,0.00013305572040454592,0.0012497177298180532,0.0005987596543715259,TRUE,4743168,960,508,19.60918159998255,0.00866498505231689,2.379631253236366,1.0186367959529665,FALSE
v1_1500lhs,FALSE,qmc_amplitude_abc,7,2858397835,1.268,0.034999999999999996,1.066,0.038,0.6400000000000001,0.014,0.6400000000000001,0.014,534110.4955500292,0.000488281,0.00013305572040454592,0.0012497177298180532,0.000595474918185958,TRUE,6846464,1363,703,26.562345200043637,0.008641629297458894,2.3806258005352876,1.0186792253661237,FALSE
v1_1500lhs,FALSE,qmc_amplitude_abc,8,2412201501,1.282,0.034999999999999996,1.174,0.034,0.6400000000000001,0.014,0.6400000000000001,0.014,533897.353848585,0.000488281,0.00013305572040454592,0.0012497177298180532,0.0004801822711058489,TRUE,6578176,1343,720,26.581254399963655,0.008711696562032885,2.3776491911903546,1.0188051950626147,FALSE
v1_1500lhs,FALSE,qmc_amplitude_abc,9,554434428,1.282,0.036000000000000004,1.084,0.036000000000000004,0.6400000000000001,0.014,0.6400000000000001,0.014,532240.6880059659,0.000488281,0.00013305572040454592,0.0012497177298180532,0.000572924140302079,TRUE,6526976,1306,679,25.092157499981113,0.025014013452914798,1.9597242695159558,1.0486022985769177,FALSE
v1_1500lhs,FALSE,qmc_amplitude_abc,10,2832573760,1.272,0.034999999999999996,0.964,0.04,0.6400000000000001,0.014,0.6400000000000001,0.014,525929.5820980965,0.000488281,0.00013305572040454592,0.0012497177298180532,0.0005623659790586323,TRUE,6643712,1345,712,26.810533999989275,0.04171337817638266,1.7311402313470476,1.0813594894923266,FALSE
v1_1500lhs,FALSE,qmc_amplitude_abc,11,2546365690,1.286,0.036000000000000004,1.082,0.036000000000000004,0.6400000000000001,0.014,0.6400000000000001,0.014,532247.8477478735,0.000488281,0.00013305572040454592,0.0012497177298180532,0.0005859139162427793,TRUE,6791168,1363,712,26.711539099982474,0.025387705530642752,1.9533730176674118,1.049489344714847,FALSE
v1_1500lhs,FALSE,qmc_amplitude_abc,12,55935964,1.272,0.034999999999999996,0.962,0.04,0.6400000000000001,0.014,0.6400000000000001,0.014,525607.5418105008,0.000488281,0.00013305572040454592,0.0012497177298180532,0.0005859892824795175,TRUE,7004160,1407,736,27.945706000027712,0.042997944693572494,1.7169085120483278,1.0839919999309018,FALSE
v1_1500lhs,FALSE,qmc_amplitude_abc,13,143401308,1.282,0.034999999999999996,1.174,0.034,0.6400000000000001,0.014,0.6400000000000001,0.014,533897.353848585,0.000488281,0.00013305572040454592,0.0012497177298180532,0.0004801822711058489,TRUE,5613568,1130,593,22.845632200012915,0.008711696562032885,2.3776491911903546,1.0188051950626147,FALSE
v1_1500lhs,FALSE,qmc_amplitude_abc,14,3309679122,1.276,0.034999999999999996,0.962,0.04,0.6400000000000001,0.014,0.6400000000000001,0.014,525896.2879223351,0.000488281,0.00013305572040454592,0.0012497177298180532,0.0005504112528313659,TRUE,8675328,1767,944,39.242072299995925,0.0421804932735426,1.7259245548256765,1.0823496119612315,FALSE
v1_1500lhs,FALSE,qmc_amplitude_abc,15,1403661893,1.32,0.034999999999999996,0.966,0.04,0.646,0.014,0.6400000000000001,0.014,530484.667629434,0.000488281,0.00013305572040454592,0.0012497177298180532,0.0005570588998405577,TRUE,8828928,1785,943,39.47856379998848,0.030829596412556053,1.868738586356939,1.0592759040571929,FALSE
v1_1500lhs,TRUE,qmc_amplitude_abc,16,3089473317,0.96,0.056,0.96,0.042,0.6400000000000001,0.014,0.6400000000000001,0.014,547470.1447901472,0.0003662109375,7.552786749571874e-05,0.0010698470956636884,0.0004471054101396447,TRUE,4694016,942,492,20.787670299992897,0.0002335575485799701,3.4989380500911955,0.9772494510391712,TRUE
v1_1500lhs,FALSE,qmc_amplitude_abc,17,2450749373,1.276,0.034999999999999996,0.96,0.04,0.6400000000000001,0.014,0.6400000000000001,0.014,525574.2476347394,0.000488281,0.00013305572040454592,0.0012497177298180532,0.0005504112528313659,TRUE,6885376,1400,746,31.559143400052562,0.043394992526158443,1.7125791866537117,1.0849741594624964,FALSE
v1_1500lhs,FALSE,qmc_amplitude_abc,18,2025468229,1.272,0.034999999999999996,0.96,0.04,0.6400000000000001,0.014,0.6400000000000001,0.014,525285.5015229052,0.000488281,0.00013305572040454592,0.0012497177298180532,0.0005859892824795175,TRUE,7671808,1541,806,33.71427890000632,0.04418908819133034,1.7040155811285442,1.086616660323706,FALSE
v1_1500lhs,FALSE,qmc_amplitude_abc,19,1138364709,1.282,0.036000000000000004,1.084,0.036000000000000004,0.6400000000000001,0.014,0.6400000000000001,0.014,532240.6880059659,0.000488281,0.00013305572040454592,0.0012497177298180532,0.000572924140302079,TRUE,7581696,1566,854,35.63835610001115,0.025014013452914798,1.9597242695159558,1.0486022985769177,FALSE
v1_1500lhs,FALSE,qmc_amplitude_abc,20,2047542432,1.272,0.034999999999999996,0.96,0.04,0.6400000000000001,0.014,0.6400000000000001,0.014,525285.5015229052,0.000488281,0.00013305572040454592,0.0012497177298180532,0.0005859892824795175,TRUE,8130560,1636,858,34.81707510002889,0.04418908819133034,1.7040155811285442,1.086616660323706,FALSE
v1_1500lhs,FALSE,qmc_amplitude_abc,21,1320218597,1.268,0.036000000000000004,0.96,0.04,0.6400000000000001,0.014,0.6400000000000001,0.014,527465.534667253,0.000488281,0.00013305572040454592,0.0012497177298180532,0.00055159815714316,TRUE,8591360,1762,951,36.94286660000216,0.04038210014947683,1.7462691130363188,1.0791039770409308,FALSE
v1_1500lhs,FALSE,qmc_amplitude_abc,22,4258311112,1.272,0.034999999999999996,0.96,0.04,0.6400000000000001,0.014,0.6400000000000001,0.014,525285.5015229052,0.000488281,0.00013305572040454592,0.0012497177298180532,0.0005859892824795175,TRUE,6809600,1369,717,27.824777200003155,0.04418908819133034,1.7040155811285442,1.086616660323706,FALSE
v1_1500lhs,FALSE,qmc_amplitude_abc,23,3647640339,1.28,0.034999999999999996,1.176,0.034,0.6400000000000001,0.014,0.6400000000000001,0.014,534026.7150371243,0.000488281,0.00013305572040454592,0.0012497177298180532,0.0005073499969908729,TRUE,5167104,1062,575,22.2881950000301,0.00805773542600897,2.4062898963999753,1.0172044722203872,FALSE
v1_1500lhs,FALSE,qmc_amplitude_abc,24,247198484,1.354,0.034999999999999996,1.362,0.03,0.6400000000000001,0.014,0.6400000000000001,0.014,543925.3881755348,0.000488281,0.00013305572040454592,0.0012497177298180532,0.000571473221722019,TRUE,8900608,1799,950,36.317063399998005,0.0014947683109118087,2.9688117694674405,1.0066574663216805,FALSE
v1_1500lhs,FALSE,qmc_amplitude_abc,25,3957858703,1.272,0.034999999999999996,0.96,0.04,0.6400000000000001,0.014,0.6400000000000001,0.014,525285.5015229052,0.000488281,0.00013305572040454592,0.0012497177298180532,0.0005859892824795175,TRUE,5275648,1073,572,21.969648199970834,0.04418908819133034,1.7040155811285442,1.086616660323706,FALSE
v1_1500lhs,FALSE,qmc_amplitude_abc,26,2204627553,1.27,0.034999999999999996,0.96,0.04,0.6920000000000001,0.014,0.6400000000000001,0.014,531797.9249486731,0.000488281,0.00013305572040454592,0.0012497177298180532,0.0005784400648130406,TRUE,5795840,1165,610,23.479561800020747,0.04365190582959641,1.7097948717636602,1.0847392401454052,FALSE
v1_1500lhs,FALSE,qmc_amplitude_abc,27,159269519,1.268,0.036000000000000004,0.96,0.04,0.6400000000000001,0.014,0.6400000000000001,0.014,527465.534667253,0.000488281,0.00013305572040454592,0.0012497177298180532,0.00055159815714316,TRUE,5156864,1066,582,22.21038259996567,0.04038210014947683,1.7462691130363188,1.0791039770409308,FALSE
v1_1500lhs,FALSE,qmc_amplitude_abc,28,1603438866,1.274,0.036000000000000004,1.176,0.034,0.6400000000000001,0.014,0.6400000000000001,0.014,536074.7499589192,0.000488281,0.00013305572040454592,0.0012497177298180532,0.0005782747940685226,TRUE,4382720,904,492,18.71608569996897,0.004974775784753363,2.5775776796823617,1.0108718623004511,FALSE
v1_1500lhs,FALSE,qmc_amplitude_abc,29,2994618833,1.274,0.034999999999999996,0.96,0.04,0.6400000000000001,0.014,0.6400000000000001,0.02,547125.8737603758,0.000488281,0.00013305572040454592,0.0012497177298180532,0.0005626023030539783,TRUE,5548032,1122,593,22.59677980002016,0.04383875186846039,1.7077782098911793,1.085915097694536,FALSE
v1_1500lhs,FALSE,na_qae_abc,0,2354602333,1.272,0.034999999999999996,0.998,0.038,0.6400000000000001,0.014,0.6400000000000001,0.014,523997.3403725223,0.0011281027788834256,0.0009465549622592998,0.001329282686007632,0.0013120773627308846,TRUE,4313088,1158,842,43.870269100007135,0.05023822869955157,1.6425481436901683,1.1019262777863823,FALSE
v1_1500lhs,FALSE,na_qae_abc,1,2809038303,1.282,0.034999999999999996,1.062,0.036000000000000004,0.6400000000000001,0.014,0.644,0.014,526888.9870939797,0.0009299577415645075,0.0006283770098204024,0.0012951634044778611,0.0014035824908313014,TRUE,4802560,1259,897,47.39121869998053,0.042974588938714496,1.717164182380898,1.084560870615906,FALSE
v1_1500lhs,FALSE,na_qae_abc,2,1454264448,1.292,0.036000000000000004,1.036,0.036000000000000004,0.6400000000000001,0.014,0.652,0.014,527029.5632034872,0.0009437412441990924,0.0006345470830589726,0.001320110540857112,0.0013550660433897543,TRUE,5632000,1415,970,52.84947880002437,0.05070534379671151,1.6380527632189357,1.1040099694511638,FALSE
v1_1500lhs,FALSE,na_qae_abc,3,627444888,1.284,0.036000000000000004,1.1340000000000001,0.034,0.6400000000000001,0.014,0.6400000000000001,0.014,531068.8208271955,0.00112120135568561,0.0009411308517242599,0.0013206944296785834,0.001314793272328558,TRUE,5558272,1343,886,47.811180100019556,0.02907791479820628,1.894521452886125,1.0554996525479385,FALSE
v1_1500lhs,FALSE,na_qae_abc,4,4113981871,1.268,0.036000000000000004,1,0.038,0.6400000000000001,0.014,0.6400000000000001,0.014,526483.311790086,0.0011319627125555788,0.0009499029795374928,0.001333826249833854,0.001220443959384176,TRUE,3796992,1176,950,48.68282360001467,0.046594730941704035,1.6788080363776887,1.0917908412445074,FALSE
v1_1500lhs,FALSE,na_qae_abc,5,4212094172,1.272,0.034999999999999996,1.004,0.038,0.6400000000000001,0.014,0.6400000000000001,0.014,524915.1551921701,0.0011145397955951474,0.0009374770957449668,0.0013104482194088952,0.0012606246921837813,TRUE,4055040,1167,896,47.763382800039835,0.04750560538116592,1.6695359558312113,1.0940938034277812,FALSE
v1_1500lhs,FALSE,na_qae_abc,6,2276805683,1.266,0.036000000000000004,0.96,0.04,0.6400000000000001,0.014,0.6400000000000001,0.014,527317.0366668812,0.0007371764856122761,0.0004762567232391221,0.0010525643986612338,0.0008255910994855016,TRUE,1304576,505,461,25.272322400007397,0.04077914798206278,1.741715174152811,1.079914289816572,FALSE
v1_1500lhs,FALSE,na_qae_abc,7,2858397835,0.96,0.056,0.96,0.038,0.646,0.014,0.6400000000000001,0.014,534068.4640376688,0.0009833264075874424,0.0008156255788368908,0.0011685549292053989,0.0009638474026006321,TRUE,5672960,1420,970,55.65877330000512,0.05138266068759342,1.6315926796411526,1.1049379387772507,FALSE
v1_1500lhs,FALSE,na_qae_abc,8,2412201501,1.274,0.036000000000000004,0.994,0.038,0.6400000000000001,0.014,0.646,0.014,526512.2186754184,0.0008982722430414847,0.0005975760133806362,0.0012659758785425466,0.0012129256964037442,TRUE,2224128,789,690,37.68518319999566,0.04839312406576981,1.660637622541521,1.0967432239155972,FALSE
v1_1500lhs,FALSE,na_qae_abc,9,554434428,1.266,0.034999999999999996,0.96,0.04,0.6400000000000001,0.014,0.6400000000000001,0.014,524852.382355154,0.0007714294218803166,0.0005028634518922112,0.001095453912438803,0.0009520329274098386,TRUE,2293760,844,752,40.846847800014075,0.04547365470852018,1.69042168445357,1.0890873739484084,FALSE
v1_1500lhs,FALSE,na_qae_abc,10,2832573760,0.96,0.056,0.96,0.038,0.6400000000000001,0.014,0.6400000000000001,0.014,533300.3721359367,0.000966066689045962,0.0008014353241599493,0.0011476711138441531,0.0009722073508348204,TRUE,1871872,581,470,26.900696600030642,0.05170964125560538,1.6284982381451734,1.1062801391171648,FALSE
v1_1500lhs,FALSE,na_qae_abc,11,2546365690,0.96,0.056,0.96,0.038,0.6400000000000001,0.014,0.6400000000000001,0.014,533300.3721359367,0.0009188595136796936,0.0007601170335477893,0.0010937521727294936,0.0009722073508348204,TRUE,2119680,603,459,25.86684889998287,0.05170964125560538,1.6284982381451734,1.1062801391171648,FALSE
v1_1500lhs,FALSE,na_qae_abc,12,55935964,0.96,0.056,0.96,0.038,0.6400000000000001,0.014,0.6400000000000001,0.014,533300.3721359367,0.0008383745807737286,0.0006871546931395431,0.0010053402093451581,0.0009722073508348204,TRUE,3788800,1082,826,44.62425330001861,0.05170964125560538,1.6284982381451734,1.1062801391171648,FALSE
v1_1500lhs,FALSE,na_qae_abc,13,143401308,1.292,0.036000000000000004,1.1260000000000001,0.034,0.6400000000000001,0.014,0.6400000000000001,0.014,530567.8758508577,0.0008812178056359174,0.000590058193647648,0.0012332887363228839,0.001559117648105544,TRUE,5679104,1393,933,50.554547299980186,0.032137518684603884,1.85026727129436,1.062058975656541,FALSE
v1_1500lhs,FALSE,na_qae_abc,14,3309679122,0.96,0.056,0.96,0.038,0.6400000000000001,0.014,0.6400000000000001,0.014,533300.3721359367,0.0009273527070713501,0.0006245916777206753,0.001295687251426881,0.0009722073508348204,TRUE,2572288,794,640,33.07438390003517,0.05170964125560538,1.6284982381451734,1.1062801391171648,FALSE
v1_1500lhs,FALSE,na_qae_abc,15,1403661893,1.266,0.034999999999999996,0.96,0.04,0.6400000000000001,0.014,0.6400000000000001,0.014,524852.382355154,0.000961974499274668,0.0007995286466374143,0.00114079500350898,0.0009520329274098386,TRUE,1251328,506,471,23.403564300038852,0.04547365470852018,1.69042168445357,1.0890873739484084,FALSE
v1_1500lhs,FALSE,na_qae_abc,16,3089473317,0.96,0.056,0.96,0.038,0.6400000000000001,0.014,0.6400000000000001,0.014,533300.3721359367,0.0007082297426665024,0.0004489858828381758,0.0010256615242584413,0.0009722073508348204,TRUE,2058240,600,465,24.224997699959204,0.05170964125560538,1.6284982381451734,1.1062801391171648,FALSE
v1_1500lhs,FALSE,na_qae_abc,17,2450749373,0.96,0.056,0.96,0.038,0.6400000000000001,0.014,0.6400000000000001,0.014,533300.3721359367,0.0008321152312812768,0.0005407295624586477,0.0011916613309785416,0.0009722073508348204,TRUE,2263040,730,605,30.319840700016357,0.05170964125560538,1.6284982381451734,1.1062801391171648,FALSE
v1_1500lhs,FALSE,na_qae_abc,18,2025468229,1.284,0.036000000000000004,1.06,0.036000000000000004,0.6400000000000001,0.014,0.642,0.014,529078.226801593,0.0008236178938385841,0.0005418182828139784,0.001165584729732955,0.0012061230824645416,TRUE,4399104,1266,972,49.82103699998697,0.03970478325859492,1.754122223064763,1.0774908105547385,FALSE
v1_1500lhs,FALSE,na_qae_abc,19,1138364709,0.96,0.056,0.96,0.038,0.6400000000000001,0.014,0.6400000000000001,0.014,533300.3721359367,0.0010044037786795463,0.0008361209468162657,0.0011901135041482976,0.0009722073508348204,TRUE,3325952,1015,812,41.17869799997425,0.05170964125560538,1.6284982381451734,1.1062801391171648,FALSE
v1_1500lhs,FALSE,na_qae_abc,20,2047542432,1.266,0.034999999999999996,0.96,0.04,0.6400000000000001,0.014,0.6400000000000001,0.014,524852.382355154,0.0009399028058024129,0.0007801453449013262,0.0011157499847419211,0.0009520329274098386,TRUE,2293760,841,748,36.915993999980856,0.04547365470852018,1.69042168445357,1.0890873739484084,FALSE
v1_1500lhs,FALSE,na_qae_abc,21,1320218597,0.96,0.056,0.96,0.038,0.6400000000000001,0.014,0.6400000000000001,0.014,533300.3721359367,0.0009540225388665636,0.0007913755528466647,0.0011333378849770548,0.0009722073508348204,TRUE,2037760,629,507,25.68870070000412,0.05170964125560538,1.6284982381451734,1.1062801391171648,FALSE
v1_1500lhs,FALSE,na_qae_abc,22,4258311112,1.288,0.036000000000000004,1.058,0.036000000000000004,0.644,0.014,0.644,0.014,529764.52371261,0.0008054787615329238,0.0005292917567147905,0.00114102324688193,0.0012675575447859445,TRUE,4126720,1226,963,48.919684100023005,0.03996169656203288,1.7511307349630263,1.0781204308364758,FALSE
v1_1500lhs,FALSE,na_qae_abc,23,3647640339,1.282,0.034999999999999996,1.066,0.036000000000000004,0.6400000000000001,0.014,0.642,0.014,527301.5837103641,0.0008883338345879536,0.0005922272839774579,0.0012497725167283313,0.0012478058388034493,TRUE,3108864,849,626,32.48820909997448,0.04077914798206278,1.741715174152811,1.079732026887896,FALSE
v1_1500lhs,FALSE,na_qae_abc,24,247198484,1.296,0.036000000000000004,0.96,0.04,0.6400000000000001,0.014,0.674,0.014,532384.7969943564,0.0007801195065025665,0.0004984208320166728,0.0011303171647910194,0.0005598420898803405,TRUE,4366336,1262,972,49.48929679999128,0.034005979073243646,1.8249275830849756,1.065150843487153,FALSE
v1_1500lhs,FALSE,na_qae_abc,25,3957858703,1.266,0.034999999999999996,0.96,0.04,0.6400000000000001,0.014,0.6400000000000001,0.014,524852.382355154,0.0007518005865226746,0.00048453266614290654,0.0010786174069983068,0.0009520329274098386,TRUE,1359872,589,564,27.424667300016154,0.04547365470852018,1.69042168445357,1.0890873739484084,FALSE
v1_1500lhs,TRUE,na_qae_abc,26,2204627553,1.27,0.036000000000000004,0.974,0.038,0.642,0.014,0.644,0.014,523244.7946751377,0.001086730861615078,0.0009107337887628204,0.0012813254438284415,0.0013953925788812765,TRUE,3528704,1102,895,44.8520484000328,0.05855287742899851,1.5670382345115326,1.1249189973576073,FALSE
v1_1500lhs,FALSE,na_qae_abc,27,159269519,1.276,0.034999999999999996,1.07,0.036000000000000004,0.6400000000000001,0.014,0.6400000000000001,0.014,527281.0611589964,0.0011432167713722708,0.0009598023743491684,0.0013467080727062185,0.0012505576276927869,TRUE,3565568,1006,761,38.99412879999727,0.03968142750373692,1.75439495613191,1.0771486664413064,FALSE
v1_1500lhs,FALSE,na_qae_abc,28,1603438866,1.274,0.036000000000000004,0.986,0.038,0.652,0.014,0.642,0.014,526490.4975834438,0.0010872988201047606,0.0009093322487985123,0.001284281187622685,0.0012603714548943504,TRUE,4255744,1247,970,49.12156619998859,0.05227017937219731,1.6232294770958153,1.1069745122215342,FALSE
v1_1500lhs,FALSE,na_qae_abc,29,2994618833,1.276,0.034999999999999996,1.07,0.036000000000000004,0.6400000000000001,0.014,0.6400000000000001,0.014,527281.0611589964,0.001110530212489315,0.0009307895638787366,0.0013095450531785313,0.0012505576276927869,TRUE,3332096,967,747,38.189801100001205,0.03968142750373692,1.75439495613191,1.0771486664413064,FALSE
v1_1500lhs,FALSE,na_qae_de,0,2354602333,1.292,0.036000000000000004,1.1440000000000001,0.034,0.65,0.014,0.64,0.014,534311.6372205188,0.001078786202199302,0.0009013837599953004,0.001275130342413243,0.001125604913948513,TRUE,3301376,1141,984,46.94204759999411,0.020996823617339313,2.033583099687289,1.0401690590203505,FALSE
v1_1500lhs,FALSE,na_qae_de,1,2809038303,1.288,0.036000000000000004,0.96,0.04,0.648,0.014,0.648,0.016,538018.1484543417,0.0008163656072466136,0.0005311548097338098,0.0011657075571148935,0.0005256898780706456,TRUE,3268608,1137,984,46.81572110002162,0.03601457399103139,1.798933832750711,1.0692224153038337,FALSE
v1_1500lhs,FALSE,na_qae_de,2,1454264448,1.268,0.036000000000000004,0.996,0.038,0.644,0.014,0.6940000000000001,0.014,530894.5458462544,0.0009495334013937102,0.0007883456080729095,0.0011270687706429802,0.0011705920563934715,TRUE,3465216,1161,984,47.50711459998274,0.047155269058295965,1.6730851315879844,1.0933597865520066,FALSE
v1_1500lhs,FALSE,na_qae_de,3,627444888,0.984,0.056,0.968,0.038,0.644,0.014,0.644,0.014,538142.3009728062,0.0009661139382375075,0.0008016356169237393,0.001147549767238742,0.000930148844184708,TRUE,3618816,1179,983,48.05325609998545,0.04288116591928251,1.718187987823701,1.0851877361266251,FALSE
v1_1500lhs,FALSE,na_qae_de,4,4113981871,1.286,0.038,0.97,0.04,0.64,0.014,0.664,0.014,537416.5616032205,0.0004055759693453264,0.00021056244275188016,0.0006572636301235287,0.0003656945231423769,TRUE,3104768,1117,984,46.78911179996794,0.020039237668161434,2.05293919221798,1.0392618994133234,FALSE
v1_1500lhs,FALSE,na_qae_de,5,4212094172,1.304,0.036000000000000004,1.02,0.038,0.656,0.014,0.65,0.014,535099.2831066663,0.0010712952800613527,0.0008969646168622372,0.001263941197999597,0.0010547803096235262,TRUE,4030464,1230,984,48.28758960001869,0.026695627802690584,1.9317428295595682,1.0517921468757616,FALSE
v1_1500lhs,FALSE,na_qae_de,6,2276805683,1.358,0.038,1.324,0.03,0.648,0.014,0.646,0.014,549101.2408652133,0.000810883100744484,0.0005302209674140789,0.0011545377513456942,0.0008712827457818009,TRUE,3145728,1122,984,48.46252190001542,0.0015181240657698057,2.9640440572825577,1.0070674764270218,FALSE
v1_1500lhs,FALSE,na_qae_de,7,2858397835,1.34,0.036000000000000004,1.034,0.036000000000000004,0.656,0.016,0.656,0.014,544134.3027437439,0.001124365645625415,0.0009418527129682634,0.0013267693422135847,0.0012472703915330388,TRUE,3375104,1150,984,48.81583189999219,0.04213378176382661,1.726444012428915,1.0824514151855542,FALSE
v1_1500lhs,FALSE,na_qae_de,8,2412201501,1.274,0.036000000000000004,1.014,0.038,0.668,0.014,0.684,0.014,536330.472406805,0.0008474058528930852,0.0005548052110971743,0.0012066534381759437,0.0009196104435380059,TRUE,2940928,1097,984,48.64316480001435,0.03508034379671151,1.8108718719058734,1.0679611254073664,FALSE
v1_1500lhs,FALSE,na_qae_de,9,554434428,1.27,0.038,0.964,0.04,0.644,0.014,0.714,0.014,539885.4164262054,0.0004023551611622868,0.00020758671568159076,0.0006564413592291551,0.00041791547648339103,TRUE,3168256,1124,983,48.449540700006764,0.025574551569506727,1.9502267137340916,1.048890532471288,FALSE
v1_1500lhs,FALSE,na_qae_de,10,2832573760,1.284,0.036000000000000004,0.962,0.04,0.644,0.014,0.648,0.014,530155.9238307971,0.0006602925556874552,0.00040670671220613007,0.0009754777341874735,0.0005473159565169887,TRUE,3268608,1137,984,48.756700000027195,0.035897795216741406,1.8004121076171042,1.069095882783627,FALSE
v1_1500lhs,FALSE,na_qae_de,11,2546365690,0.974,0.056,0.96,0.038,0.642,0.014,0.656,0.014,536509.9882064228,0.0008264744697621206,0.0005425618777383253,0.0011734199127252229,0.0008235693049926647,TRUE,3448832,1156,980,49.068958699994255,0.04895366218236173,1.6550846685243785,1.0981038298009071,FALSE
v1_1500lhs,FALSE,na_qae_de,12,55935964,1.29,0.036000000000000004,1.072,0.036000000000000004,0.644,0.014,0.684,0.014,535283.3935505968,0.0005807259542243538,0.0003481220046064202,0.0008690744492139734,0.0007669321921871436,TRUE,3448832,1159,984,48.87923750001937,0.029895366218236172,1.882333620263134,1.0566980954819583,FALSE
v1_1500lhs,FALSE,na_qae_de,13,143401308,1.284,0.042,0.966,0.038,0.646,0.014,0.646,0.014,538663.7137913567,0.0008980997888429605,0.0006026662181321804,0.0012565677661508347,0.0009585095406554328,TRUE,3481600,1163,984,48.922432799998205,0.03961136023916293,1.7552139392764288,1.077620269801179,FALSE
v1_1500lhs,FALSE,na_qae_de,14,3309679122,1.294,0.036000000000000004,1.11,0.036000000000000004,0.654,0.014,0.656,0.014,540028.3690207478,0.0005698425295789957,0.00033760784858334256,0.0008611337716000916,0.00045925057610153445,TRUE,3018752,1105,982,48.60501479997765,0.005325112107623318,2.553970621837336,1.0109394740798539,FALSE
v1_1500lhs,FALSE,na_qae_de,15,1403661893,1.3,0.036000000000000004,0.982,0.04,0.644,0.014,0.668,0.014,536235.0697226098,0.00048597099810271507,0.0002710284762098004,0.0007628470103443858,0.0004605782287127004,TRUE,4014080,1228,984,49.85164069995517,0.018451046337817637,2.0868456107799203,1.036007032441637,FALSE
v1_1500lhs,FALSE,na_qae_de,16,3089473317,1.3,0.036000000000000004,1.32,0.03,0.674,0.014,0.656,0.014,543179.0874903919,0.0010777065591314854,0.0009013257161301357,0.0012727987669268431,0.0011616669427555516,TRUE,3293184,1140,984,48.83204700000351,0.0013779895366218236,2.993720918783748,1.0014347631602571,FALSE
v1_1500lhs,FALSE,na_qae_de,17,2450749373,1.276,0.036000000000000004,0.962,0.04,0.642,0.014,0.654,0.014,529807.1288992625,0.0002843027166967767,0.00012005345339357207,0.0005068034923120709,0.0004946251533688149,TRUE,3233792,1132,983,48.74276809999719,0.03734585201793722,1.7823528822063335,1.0719235035933978,FALSE
v1_1500lhs,FALSE,na_qae_de,18,2025468229,1.28,0.036000000000000004,1.074,0.036000000000000004,0.644,0.014,0.6880000000000001,0.014,535164.8916101494,0.0008484220379608216,0.0005610164653846202,0.001198502261971851,0.0008547822865915903,TRUE,3299328,1140,983,48.89565170003334,0.030572683109118086,1.8724428159436606,1.0578110041386068,FALSE
v1_1500lhs,FALSE,na_qae_de,19,1138364709,1.274,0.036000000000000004,1.004,0.038,0.656,0.014,0.662,0.014,531426.7623230898,0.001010664010581002,0.0008428461895753871,0.0011957003376752318,0.0011020376657204303,TRUE,3258368,1135,983,48.90895339997951,0.042063714499252614,1.7272240734056963,1.0824960169243598,FALSE
v1_1500lhs,TRUE,na_qae_de,20,2047542432,1.296,0.036000000000000004,1.33,0.03,0.64,0.014,0.648,0.014,539068.9181864922,0.0010860303496431898,0.0009084864988286035,0.00128249184755806,0.0011245616114403934,TRUE,4259840,1255,980,50.64768950000871,0.0012845665171898357,3.0150778498452326,0.9971454677288506,TRUE
v1_1500lhs,FALSE,na_qae_de,21,1320218597,1.282,0.036000000000000004,1.01,0.038,0.648,0.014,0.648,0.014,530744.9152995638,0.0009235919126904895,0.0006154783237895664,0.001301905322406179,0.0012169001626812096,TRUE,3203072,1129,984,48.82430259999819,0.03792974588938715,1.7752325832340827,1.0732238629250168,FALSE
v1_1500lhs,FALSE,na_qae_de,22,4258311112,1.32,0.036000000000000004,1.048,0.036000000000000004,0.64,0.016,0.662,0.014,542838.5527456992,0.0009558233950270868,0.0006426235763853623,0.0013392475644252787,0.0012362216222436561,TRUE,4499456,1285,981,50.71742269996321,0.0374859865470852,1.7806357649288018,1.0727899154811371,FALSE
v1_1500lhs,FALSE,na_qae_de,23,3647640339,1.27,0.036000000000000004,1.082,0.036000000000000004,0.644,0.014,0.662,0.014,533409.7599268891,0.0007568576040967407,0.0006135493393832243,0.0009155364379729118,0.0008861388018959732,TRUE,3104768,1117,984,48.63355379999848,0.028143684603886398,1.9088040888645834,1.0539281292921863,FALSE
v1_1500lhs,FALSE,na_qae_de,24,247198484,1.272,0.036000000000000004,0.974,0.04,0.66,0.014,0.654,0.014,533746.6503292922,0.00043355847861672683,0.0002318045548932458,0.0006925847831610195,0.0004205621353507598,TRUE,4052992,1232,983,49.648788499995135,0.029474962630792228,1.8885666052844408,1.0570933920252545,FALSE
v1_1500lhs,FALSE,na_qae_de,25,3957858703,1.268,0.036000000000000004,1.006,0.038,0.648,0.014,0.674,0.014,531265.5394672746,0.0011220137627667068,0.0009425789065939272,0.0013207925913751046,0.0011123627242007243,TRUE,3211264,1130,984,48.598617399984505,0.04154988789237668,1.7329768936683887,1.0818167786161819,FALSE
v1_1500lhs,FALSE,na_qae_de,26,2204627553,1.304,0.036000000000000004,1.32,0.03,0.646,0.014,0.646,0.014,539056.2751099403,0.0010069566802868384,0.0008366492578884705,0.0011951590821361075,0.0011380585892139651,TRUE,3667968,1185,983,49.38172439998016,0.0013779895366218236,2.993720918783748,1.0005513627851157,FALSE
v1_1500lhs,FALSE,na_qae_de,27,159269519,1.268,0.036000000000000004,1.08,0.036000000000000004,0.642,0.014,0.642,0.014,531044.6360208893,0.00079827072910513,0.0005187328365222836,0.0011397644834785711,0.0009447357260455096,TRUE,3184640,1126,983,48.448011600004975,0.03031576980568012,1.8761729175525823,1.0586400469757316,FALSE
v1_1500lhs,FALSE,na_qae_de,28,1603438866,0.976,0.052000000000000005,0.976,0.042,0.642,0.014,0.6880000000000001,0.014,549128.2070130269,0.0010612227960233292,0.0008881169094313835,0.0012523385375446507,0.0011804034473396918,TRUE,4816896,1326,984,51.52935270004673,0.00035033632286995514,3.3893158048307583,0.9773731190862884,TRUE
v1_1500lhs,FALSE,na_qae_de,29,2994618833,1.29,0.038,1.02,0.038,0.648,0.014,0.676,0.014,540223.5937421684,0.0009237690235114913,0.0007629747917204425,0.0011012251208802387,0.0009430748904419315,TRUE,3080192,1114,984,48.06148029997712,0.019385276532137518,2.066613867328907,1.0377506428931809,FALSE
v2_4000lhs_dense,TRUE,original_oc4,-1,0,1.2,0.05,1.2,0.035,0.8,0.02,0.8,0.02,673882.7346821574,0.0018691291602594463,0.0018691291602594463,0.0018691291602594463,0.0018691291602594463,FALSE,0,1,1,0,0.0018918161434977579,2.895659058245924,1.0241316031281424,FALSE
v2_4000lhs_dense,FALSE,meta_reference_abc,0,2354602333,1.266,0.034999999999999996,0.96,0.04,0.6400000000000001,0.014,0.6400000000000001,0.014,524852.382355154,0.0004039575800009414,0.0004039575800009414,0.0004039575800009414,0.0004039575800009414,TRUE,0,631,631,14.722696899960283,0.04547365470852018,1.69042168445357,1.0890873739484084,FALSE
v2_4000lhs_dense,FALSE,meta_reference_abc,1,2809038303,0.968,0.046,0.978,0.04,0.6400000000000001,0.014,0.6400000000000001,0.014,526362.701134484,0.00133654836093822,0.00133654836093822,0.00133654836093822,0.00133654836093822,TRUE,0,675,675,15.825770600000396,0.04759902840059791,1.6685930519000565,1.0975075007725323,FALSE
v2_4000lhs_dense,FALSE,meta_reference_abc,2,1454264448,1.266,0.036000000000000004,1.02,0.038,0.6400000000000001,0.014,0.6400000000000001,0.014,529394.1965218731,0.0012426001916218906,0.0012426001916218906,0.0012426001916218906,0.0012426001916218906,TRUE,0,709,709,16.639415200043004,0.03465994020926756,1.8163292533528377,1.0668995057035868,FALSE
v2_4000lhs_dense,FALSE,meta_reference_abc,3,627444888,1.288,0.036000000000000004,0.96,0.04,0.6400000000000001,0.014,0.6400000000000001,0.014,528950.5146709714,0.00023982986014894298,0.00023982986014894298,0.00023982986014894298,0.00023982986014894298,TRUE,0,960,960,23.111161500040907,0.03659846786248132,1.7916007948554977,1.071088955556188,FALSE
v2_4000lhs_dense,FALSE,meta_reference_abc,4,4113981871,1.276,0.034999999999999996,1.1480000000000001,0.034,0.6400000000000001,0.014,0.6400000000000001,0.014,529905.6895029017,0.001316165743032403,0.001316165743032403,0.001316165743032403,0.001316165743032403,TRUE,0,808,808,19.12353570002597,0.026368647234678626,1.9370658496889692,1.0506891606098392,FALSE
v2_4000lhs_dense,FALSE,meta_reference_abc,5,4212094172,1.266,0.034999999999999996,0.96,0.04,0.6400000000000001,0.014,0.6400000000000001,0.014,524852.382355154,0.0004039575800009414,0.0004039575800009414,0.0004039575800009414,0.0004039575800009414,TRUE,0,783,783,19.235713800007943,0.04547365470852018,1.69042168445357,1.0890873739484084,FALSE
v2_4000lhs_dense,FALSE,meta_reference_abc,6,2276805683,0.972,0.038,1.006,0.042,0.6400000000000001,0.014,0.6400000000000001,0.014,524038.08799076825,0.0012806944966389823,0.0012806944966389823,0.0012806944966389823,0.0012806944966389823,TRUE,0,955,955,24.448891600011848,0.03608464125560538,1.798048751342731,1.0724165122890765,FALSE
v2_4000lhs_dense,FALSE,meta_reference_abc,7,2858397835,1.276,0.034999999999999996,1.1480000000000001,0.034,0.6400000000000001,0.014,0.6400000000000001,0.014,529905.6895029017,0.001316165743032403,0.001316165743032403,0.001316165743032403,0.001316165743032403,TRUE,0,720,720,18.43842229997972,0.026368647234678626,1.9370658496889692,1.0506891606098392,FALSE
v2_4000lhs_dense,FALSE,meta_reference_abc,8,2412201501,1.276,0.036000000000000004,1.1420000000000001,0.034,0.6400000000000001,0.014,0.6400000000000001,0.014,531569.7658035336,0.0013483210513085659,0.0013483210513085659,0.0013483210513085659,0.0013483210513085659,TRUE,0,560,560,14.05103799997596,0.025597907324364722,1.9498347803499454,1.0490208250809432,FALSE
v2_4000lhs_dense,FALSE,meta_reference_abc,9,554434428,0.97,0.038,1.006,0.042,0.6400000000000001,0.014,0.644,0.014,524215.4919040635,0.0012897545884760124,0.0012897545884760124,0.0012897545884760124,0.0012897545884760124,TRUE,0,839,839,21.541737899999134,0.03643497757847534,1.7936443362159724,1.0728674398032911,FALSE
v2_4000lhs_dense,FALSE,meta_reference_abc,10,2832573760,0.966,0.04,0.992,0.042,0.6400000000000001,0.014,0.6400000000000001,0.014,524863.7988849346,0.0013333333290104243,0.0013333333290104243,0.0013333333290104243,0.0013333333290104243,TRUE,0,722,722,18.431889200001024,0.03659846786248132,1.7916007948554977,1.0737665430774603,FALSE
v2_4000lhs_dense,FALSE,meta_reference_abc,11,2546365690,0.968,0.048,1.026,0.038,0.6400000000000001,0.014,0.642,0.014,530231.590575523,0.0013480553534932797,0.0013480553534932797,0.0013480553534932797,0.0013480553534932797,TRUE,0,839,839,21.47835320001468,0.04054559043348281,1.7443895792129647,1.08347840835195,FALSE
v2_4000lhs_dense,FALSE,meta_reference_abc,12,55935964,0.988,0.038,0.998,0.042,0.6400000000000001,0.014,0.6400000000000001,0.014,523939.50189711753,0.0013373872080882992,0.0013373872080882992,0.0013373872080882992,0.0013373872080882992,TRUE,0,847,847,21.195886500005145,0.037392563527653216,1.781779925915394,1.0747629286563503,FALSE
v2_4000lhs_dense,FALSE,meta_reference_abc,13,143401308,0.96,0.052000000000000005,0.992,0.038,0.6400000000000001,0.014,0.6400000000000001,0.014,531166.4791564578,0.0012827790685707935,0.0012827790685707935,0.0012827790685707935,0.0012827790685707935,TRUE,0,863,863,21.938029300014023,0.047715807174887895,1.667416504228517,1.0970743521379187,FALSE
v2_4000lhs_dense,FALSE,meta_reference_abc,14,3309679122,0.968,0.05,1.002,0.038,0.6400000000000001,0.014,0.6400000000000001,0.014,529981.9570712963,0.0013497373522935359,0.0013497373522935359,0.0013497373522935359,0.0013497373522935359,TRUE,0,719,719,18.29100649995962,0.0476223841554559,1.6683575575634446,1.0980461797341428,FALSE
v2_4000lhs_dense,FALSE,meta_reference_abc,15,1403661893,1.266,0.034999999999999996,0.96,0.04,0.6400000000000001,0.014,0.6400000000000001,0.014,524852.382355154,0.0004039575800009414,0.0004039575800009414,0.0004039575800009414,0.0004039575800009414,TRUE,0,845,845,21.63481740001589,0.04547365470852018,1.69042168445357,1.0890873739484084,FALSE
v2_4000lhs_dense,FALSE,meta_reference_abc,16,3089473317,0.968,0.046,0.978,0.04,0.6400000000000001,0.014,0.6400000000000001,0.014,526362.701134484,0.00133654836093822,0.00133654836093822,0.00133654836093822,0.00133654836093822,TRUE,0,643,643,16.480286600010004,0.04759902840059791,1.6685930519000565,1.0975075007725323,FALSE
v2_4000lhs_dense,FALSE,meta_reference_abc,17,2450749373,0.968,0.038,1.006,0.042,0.6400000000000001,0.014,0.6400000000000001,0.014,523724.5922122055,0.0012948859333285526,0.0012948859333285526,0.0012948859333285526,0.0012948859333285526,TRUE,0,924,924,23.719991299964022,0.03699551569506727,1.7866688201250642,1.074298813837809,FALSE
v2_4000lhs_dense,FALSE,meta_reference_abc,18,2025468229,1.266,0.034999999999999996,0.96,0.04,0.6400000000000001,0.014,0.6400000000000001,0.014,524852.382355154,0.0004039575800009414,0.0004039575800009414,0.0004039575800009414,0.0004039575800009414,TRUE,0,583,583,15.055416500021238,0.04547365470852018,1.69042168445357,1.0890873739484084,FALSE
v2_4000lhs_dense,FALSE,meta_reference_abc,19,1138364709,1.276,0.034999999999999996,1.1480000000000001,0.034,0.6400000000000001,0.014,0.6400000000000001,0.014,529905.6895029017,0.001316165743032403,0.001316165743032403,0.001316165743032403,0.001316165743032403,TRUE,0,697,697,17.86651660001371,0.026368647234678626,1.9370658496889692,1.0506891606098392,FALSE
v2_4000lhs_dense,FALSE,meta_reference_abc,20,2047542432,0.96,0.052000000000000005,0.998,0.038,0.6400000000000001,0.014,0.672,0.014,534757.5083967155,0.0012448083194472345,0.0012448083194472345,0.0012448083194472345,0.0012448083194472345,TRUE,0,802,802,20.574788099969737,0.04236733931240658,1.7238513677027756,1.0854744691505869,FALSE
v2_4000lhs_dense,FALSE,meta_reference_abc,21,1320218597,0.96,0.046,0.994,0.04,0.642,0.014,0.642,0.014,528603.1401907697,0.0013328719919551608,0.0013328719919551608,0.0013328719919551608,0.0013328719919551608,TRUE,0,875,875,22.310259599995334,0.039494581464872947,1.7565815330811707,1.0803255769877376,FALSE
v2_4000lhs_dense,FALSE,meta_reference_abc,22,4258311112,1.272,0.034999999999999996,1.088,0.036000000000000004,0.6400000000000001,0.014,0.6400000000000001,0.014,529600.8413766876,0.0013464668734441776,0.0013464668734441776,0.0013464668734441776,0.0013464668734441776,TRUE,0,625,625,15.961791600042488,0.02921804932735426,1.8924120733402714,1.0565518903872828,FALSE
v2_4000lhs_dense,FALSE,meta_reference_abc,23,3647640339,1.266,0.034999999999999996,0.96,0.04,0.6400000000000001,0.014,0.6400000000000001,0.014,524852.382355154,0.0004039575800009414,0.0004039575800009414,0.0004039575800009414,0.0004039575800009414,TRUE,0,865,865,22.19122049998259,0.04547365470852018,1.69042168445357,1.0890873739484084,FALSE
v2_4000lhs_dense,TRUE,meta_reference_abc,24,247198484,1.294,0.034999999999999996,1.368,0.03,0.6400000000000001,0.014,0.6400000000000001,0.014,540318.7871451131,0.0013207870127432723,0.0013207870127432723,0.0013207870127432723,0.0013207870127432723,TRUE,0,689,689,17.57595660001971,0.0011210762331838565,3.0561283588968724,0.9910650992765949,TRUE
v2_4000lhs_dense,FALSE,meta_reference_abc,25,3957858703,1.266,0.034999999999999996,0.96,0.04,0.6400000000000001,0.014,0.6400000000000001,0.014,524852.382355154,0.0004039575800009414,0.0004039575800009414,0.0004039575800009414,0.0004039575800009414,TRUE,0,768,768,19.582449699984863,0.04547365470852018,1.69042168445357,1.0890873739484084,FALSE
v2_4000lhs_dense,FALSE,meta_reference_abc,26,2204627553,1.266,0.034999999999999996,1.02,0.038,0.6400000000000001,0.014,0.6400000000000001,0.014,526929.5422101461,0.0013100247213672575,0.0013100247213672575,0.0013100247213672575,0.0013100247213672575,TRUE,0,658,658,16.889965299982578,0.03937780269058296,1.7579524201573884,1.0759389756813877,FALSE
v2_4000lhs_dense,FALSE,meta_reference_abc,27,159269519,1.266,0.034999999999999996,0.96,0.04,0.6400000000000001,0.014,0.6400000000000001,0.014,524852.382355154,0.0004039575800009414,0.0004039575800009414,0.0004039575800009414,0.0004039575800009414,TRUE,0,651,651,16.573573799978476,0.04547365470852018,1.69042168445357,1.0890873739484084,FALSE
v2_4000lhs_dense,FALSE,meta_reference_abc,28,1603438866,0.96,0.052000000000000005,0.998,0.038,0.6400000000000001,0.014,0.642,0.014,532251.3698773939,0.0012057260525460947,0.0012057260525460947,0.0012057260525460947,0.0012057260525460947,TRUE,0,969,969,24.48385140002938,0.04414237668161435,1.7045158721349176,1.0893139527176423,FALSE
v2_4000lhs_dense,FALSE,meta_reference_abc,29,2994618833,1.284,0.034999999999999996,1.1440000000000001,0.034,0.6400000000000001,0.014,0.6400000000000001,0.014,529935.7132376573,0.0013400673134064992,0.0013400673134064992,0.0013400673134064992,0.0013400673134064992,TRUE,0,775,775,19.7145633000182,0.027513079222720477,1.9186696213288843,1.0523536266110178,FALSE
v2_4000lhs_dense,FALSE,mc_abc,0,2354602333,1.266,0.034999999999999996,0.96,0.04,0.6400000000000001,0.014,0.6400000000000001,0.014,524852.382355154,0.000244141,2.956792995183472e-05,0.0008816386910191455,0.0004039575800009414,TRUE,8351744,1714,926,23.745184600003995,0.04547365470852018,1.69042168445357,1.0890873739484084,FALSE
v2_4000lhs_dense,FALSE,mc_abc,1,2809038303,1.272,0.036000000000000004,1.022,0.038,0.6400000000000001,0.014,0.6400000000000001,0.014,530145.6287962046,0.000488281,0.00013305572040454592,0.0012497177298180532,0.0009578896023629631,TRUE,7823360,1603,864,23.131377599958796,0.03237107623318386,1.847034416190213,1.0620907407882452,FALSE
v2_4000lhs_dense,FALSE,mc_abc,2,1454264448,1.266,0.034999999999999996,0.96,0.04,0.6400000000000001,0.014,0.6400000000000001,0.014,524852.382355154,0.0003662109375,7.552786749571874e-05,0.0010698470956636884,0.0004039575800009414,TRUE,4859904,987,525,13.28066220000619,0.04547365470852018,1.69042168445357,1.0890873739484084,FALSE
v2_4000lhs_dense,FALSE,mc_abc,3,627444888,1.266,0.036000000000000004,0.96,0.04,0.6400000000000001,0.014,0.6400000000000001,0.014,527317.0366668812,0.000488281,0.00013305572040454592,0.0012497177298180532,0.00038122756679465596,TRUE,7047168,1452,789,21.04980290000094,0.04077914798206278,1.741715174152811,1.079914289816572,FALSE
v2_4000lhs_dense,FALSE,mc_abc,4,4113981871,1.27,0.036000000000000004,1.094,0.036000000000000004,0.6400000000000001,0.014,0.6400000000000001,0.014,532798.8812979157,0.0003662109375,7.552786749571874e-05,0.0010698470956636884,0.0009748278790923412,TRUE,8228864,1663,878,23.332437800010666,0.020809977578475337,2.0373003264055725,1.0411166573127386,FALSE
v2_4000lhs_dense,FALSE,mc_abc,5,4212094172,1.266,0.034999999999999996,0.96,0.04,0.6400000000000001,0.014,0.6400000000000001,0.014,524852.382355154,0.000488281,0.00013305572040454592,0.0012497177298180532,0.0004039575800009414,TRUE,5337088,1109,610,16.431302600016352,0.04547365470852018,1.69042168445357,1.0890873739484084,FALSE
v2_4000lhs_dense,FALSE,mc_abc,6,2276805683,1.282,0.036000000000000004,0.96,0.04,0.642,0.014,0.642,0.014,528928.1272050543,0.0001220703125,3.090547956704087e-06,0.0006799425022620432,0.00023982986014894298,TRUE,8411136,1740,951,24.9073527000146,0.03792974588938715,1.7752325832340827,1.0731854652544215,FALSE
v2_4000lhs_dense,FALSE,mc_abc,7,2858397835,1.298,0.034999999999999996,1.09,0.036000000000000004,0.6400000000000001,0.014,0.6400000000000001,0.014,531767.5273624457,0.0003662109375,7.552786749571874e-05,0.0010698470956636884,0.0009214333337523597,TRUE,8609792,1720,892,22.947136299975682,0.022444880418535127,2.0056859905631526,1.0439209650698797,FALSE
v2_4000lhs_dense,FALSE,mc_abc,8,2412201501,1.272,0.036000000000000004,0.972,0.04,0.6400000000000001,0.014,0.646,0.014,530196.0000974354,0,0,0.000450201296708684,0.00027399837191985273,TRUE,8327168,1726,946,24.074153800029308,0.03195067264573991,1.852867549558415,1.06118303642062,FALSE
v2_4000lhs_dense,FALSE,mc_abc,9,554434428,1.274,0.034999999999999996,0.96,0.04,0.6400000000000001,0.014,0.6400000000000001,0.014,525429.8745788223,0.0001220703125,3.090547956704087e-06,0.0006799425022620432,0.00026133014060391875,TRUE,5965824,1245,689,17.280588900030125,0.04381539611360239,1.7080299129574064,1.0857949449435063,FALSE
v2_4000lhs_dense,FALSE,mc_abc,10,2832573760,1.266,0.034999999999999996,0.96,0.04,0.6400000000000001,0.014,0.6400000000000001,0.014,524852.382355154,0.0003662109375,7.552786749571874e-05,0.0010698470956636884,0.0004039575800009414,TRUE,6514688,1363,757,19.348601500038058,0.04547365470852018,1.69042168445357,1.0890873739484084,FALSE
v2_4000lhs_dense,FALSE,mc_abc,11,2546365690,1.28,0.034999999999999996,1.092,0.036000000000000004,0.6400000000000001,0.014,0.6400000000000001,0.014,530758.0061180283,0.000488281,0.00013305572040454592,0.0012497177298180532,0.0007507791937898537,TRUE,8280064,1646,847,21.78328130004229,0.024990657698056803,1.960123857148134,1.0485219499353278,FALSE
v2_4000lhs_dense,TRUE,mc_abc,12,55935964,1.266,0.034999999999999996,0.96,0.04,0.6400000000000001,0.014,0.6400000000000001,0.014,524852.382355154,0.0001220703125,3.090547956704087e-06,0.0006799425022620432,0.0004039575800009414,TRUE,5955584,1243,688,17.35432539996691,0.04547365470852018,1.69042168445357,1.0890873739484084,FALSE
v2_4000lhs_dense,FALSE,mc_abc,13,143401308,1.266,0.034999999999999996,0.96,0.04,0.6400000000000001,0.014,0.6400000000000001,0.014,524852.382355154,0.0003662109375,7.552786749571874e-05,0.0010698470956636884,0.0004039575800009414,TRUE,3987456,816,439,11.186183199984953,0.04547365470852018,1.69042168445357,1.0890873739484084,FALSE
v2_4000lhs_dense,FALSE,mc_abc,14,3309679122,1.29,0.034999999999999996,1.04,0.038,0.6400000000000001,0.014,0.642,0.014,531888.4775145988,0.0003662109375,7.552786749571874e-05,0.0010698470956636884,0.0006751084877432422,TRUE,8136704,1723,973,24.98559140000725,0.021510650224215246,2.023503137347535,1.0421489295041375,FALSE
v2_4000lhs_dense,FALSE,mc_abc,15,1403661893,1.266,0.034999999999999996,0.96,0.04,0.642,0.014,0.6400000000000001,0.014,525108.412989064,0.0001220703125,3.090547956704087e-06,0.0006799425022620432,0.0004039575800009414,TRUE,6373376,1306,704,18.348450699995738,0.045426943198804186,1.6909105585950548,1.0890005048439768,FALSE
v2_4000lhs_dense,FALSE,mc_abc,16,3089473317,0.96,0.05,0.982,0.04,0.644,0.014,0.648,0.014,534556.060820819,0.000488281,0.00013305572040454592,0.0012497177298180532,0.00108128950599634,TRUE,8955904,1796,937,24.43415729998378,0.02952167414050822,1.8878704215208642,1.0593841263114194,FALSE
v2_4000lhs_dense,FALSE,mc_abc,17,2450749373,1.266,0.034999999999999996,0.96,0.04,0.6400000000000001,0.014,0.6400000000000001,0.014,524852.382355154,0.0001220703125,3.090547956704087e-06,0.0006799425022620432,0.0004039575800009414,TRUE,4980736,1043,580,15.004313300014473,0.04547365470852018,1.69042168445357,1.0890873739484084,FALSE
v2_4000lhs_dense,FALSE,mc_abc,18,2025468229,1.266,0.034999999999999996,0.96,0.04,0.6400000000000001,0.014,0.6400000000000001,0.014,524852.382355154,0.0001220703125,3.090547956704087e-06,0.0006799425022620432,0.0004039575800009414,TRUE,5472256,1136,624,16.15436550002778,0.04547365470852018,1.69042168445357,1.0890873739484084,FALSE
v2_4000lhs_dense,FALSE,mc_abc,19,1138364709,1.27,0.034999999999999996,1.092,0.036000000000000004,0.6400000000000001,0.014,0.6400000000000001,0.014,530036.140838443,0.000244141,2.956792995183472e-05,0.0008816386910191455,0.0010218043202736664,TRUE,8611840,1748,929,24.044488699990325,0.027209454409566517,1.923487069820663,1.0524581524697756,FALSE
v2_4000lhs_dense,FALSE,mc_abc,20,2047542432,1.266,0.036000000000000004,0.96,0.04,0.6400000000000001,0.014,0.6400000000000001,0.014,527317.0366668812,0.0003662109375,7.552786749571874e-05,0.0010698470956636884,0.00038122756679465596,TRUE,4909056,1026,569,14.555362599960063,0.04077914798206278,1.741715174152811,1.079914289816572,FALSE
v2_4000lhs_dense,FALSE,mc_abc,21,1320218597,1.268,0.034999999999999996,0.96,0.04,0.6400000000000001,0.014,0.6400000000000001,0.014,524996.7554110711,0.000488281,0.00013305572040454592,0.0012497177298180532,0.00035762374063693243,TRUE,7043072,1453,791,20.363996500032954,0.04500653961136024,1.6953287214503523,1.0882628760163178,FALSE
v2_4000lhs_dense,FALSE,mc_abc,22,4258311112,1.268,0.034999999999999996,0.96,0.04,0.6400000000000001,0.014,0.6400000000000001,0.014,524996.7554110711,0.0003662109375,7.552786749571874e-05,0.0010698470956636884,0.00035762374063693243,TRUE,5253120,1086,593,14.907313000003342,0.04500653961136024,1.6953287214503523,1.0882628760163178,FALSE
v2_4000lhs_dense,FALSE,mc_abc,23,3647640339,1.282,0.036000000000000004,0.96,0.04,0.6400000000000001,0.014,0.6400000000000001,0.014,528505.0206698558,0.0001220703125,3.090547956704087e-06,0.0006799425022620432,0.00023982986014894298,TRUE,7960576,1679,943,24.231996999995317,0.03811659192825112,1.7729729825805614,1.0734820949773727,FALSE
v2_4000lhs_dense,FALSE,mc_abc,24,247198484,1.274,0.034999999999999996,0.96,0.04,0.6400000000000001,0.014,0.6400000000000001,0.014,525429.8745788223,0,0,0.000450201296708684,0.00026133014060391875,TRUE,7260160,1514,837,21.730323600000702,0.04381539611360239,1.7080299129574064,1.0857949449435063,FALSE
v2_4000lhs_dense,FALSE,mc_abc,25,3957858703,1.266,0.034999999999999996,0.96,0.04,0.6400000000000001,0.014,0.6400000000000001,0.014,524852.382355154,0,0,0.000450201296708684,0.0004039575800009414,TRUE,6774784,1385,744,20.054466800007503,0.04547365470852018,1.69042168445357,1.0890873739484084,FALSE
v2_4000lhs_dense,FALSE,mc_abc,26,2204627553,1.268,0.034999999999999996,0.96,0.04,0.6400000000000001,0.014,0.6400000000000001,0.014,524996.7554110711,0.0003662109375,7.552786749571874e-05,0.0010698470956636884,0.00035762374063693243,TRUE,7342080,1497,801,21.64936039998429,0.04500653961136024,1.6953287214503523,1.0882628760163178,FALSE
v2_4000lhs_dense,FALSE,mc_abc,27,159269519,1.27,0.034999999999999996,0.96,0.04,0.6400000000000001,0.014,0.6400000000000001,0.014,525141.1284669881,0.000488281,0.00013305572040454592,0.0012497177298180532,0.00031938723534565076,TRUE,5982208,1214,645,17.10633360000793,0.0445394245142003,1.7002769232286843,1.087439304411523,FALSE
v2_4000lhs_dense,FALSE,mc_abc,28,1603438866,1.268,0.034999999999999996,0.96,0.04,0.6400000000000001,0.014,0.6400000000000001,0.014,524996.7554110711,0.000244141,2.956792995183472e-05,0.0008816386910191455,0.00035762374063693243,TRUE,5025792,1047,578,15.820130300009623,0.04500653961136024,1.6953287214503523,1.0882628760163178,FALSE
v2_4000lhs_dense,FALSE,mc_abc,29,2994618833,1.274,0.034999999999999996,1.092,0.036000000000000004,0.6400000000000001,0.014,0.6400000000000001,0.014,530324.8869502771,0.000244141,2.956792995183472e-05,0.0008816386910191455,0.0007723857921264955,TRUE,8056832,1639,874,23.189421299961396,0.02601831091180867,1.9428306623734435,1.0508808345535303,FALSE
v2_4000lhs_dense,TRUE,qmc_amplitude_abc,0,2354602333,1.272,0.036000000000000004,1.188,0.034,0.6400000000000001,0.014,0.6400000000000001,0.014,537568.6574252858,0.000488281,0.00013305572040454592,0.0012497177298180532,0.0005240904658380237,TRUE,4392960,903,489,13.600244000030216,0.0010977204783258596,3.0624350750852183,0.9984412958177928,TRUE
v2_4000lhs_dense,FALSE,qmc_amplitude_abc,1,2809038303,1.274,0.034999999999999996,1.192,0.034,0.6400000000000001,0.014,0.6400000000000001,0.014,535783.4698250239,0.000488281,0.00013305572040454592,0.0012497177298180532,0.0005238196057005261,TRUE,5480448,1113,592,16.085153500025626,0.0017283258594917787,2.923909550694153,1.0017425277735081,FALSE
v2_4000lhs_dense,FALSE,qmc_amplitude_abc,2,1454264448,1.274,0.034999999999999996,1.108,0.036000000000000004,0.6400000000000001,0.014,0.6400000000000001,0.014,532643.5770209661,0.000488281,0.00013305572040454592,0.0012497177298180532,0.0005167080749815883,TRUE,5664768,1164,630,16.68488559999969,0.01569506726457399,2.1520916772373857,1.03149576710988,FALSE
v2_4000lhs_dense,FALSE,qmc_amplitude_abc,3,627444888,1.266,0.034999999999999996,0.96,0.04,0.6400000000000001,0.014,0.6400000000000001,0.014,524852.382355154,0.0003662109375,7.552786749571874e-05,0.0010698470956636884,0.0004039575800009414,TRUE,5945344,1244,691,18.301797100051772,0.04547365470852018,1.69042168445357,1.0890873739484084,FALSE
v2_4000lhs_dense,FALSE,qmc_amplitude_abc,4,4113981871,1.266,0.034999999999999996,0.96,0.04,0.6400000000000001,0.014,0.6400000000000001,0.014,524852.382355154,0.000488281,0.00013305572040454592,0.0012497177298180532,0.0004039575800009414,TRUE,6008832,1224,654,17.056129099975806,0.04547365470852018,1.69042168445357,1.0890873739484084,FALSE
v2_4000lhs_dense,FALSE,qmc_amplitude_abc,5,4212094172,1.266,0.034999999999999996,0.96,0.04,0.6400000000000001,0.014,0.6400000000000001,0.014,524852.382355154,0.0003662109375,7.552786749571874e-05,0.0010698470956636884,0.0004039575800009414,TRUE,4788224,979,526,14.111410500016063,0.04547365470852018,1.69042168445357,1.0890873739484084,FALSE
v2_4000lhs_dense,FALSE,qmc_amplitude_abc,6,2276805683,1.29,0.034999999999999996,1.106,0.036000000000000004,0.6400000000000001,0.014,0.6400000000000001,0.014,533508.7252094665,0.000488281,0.00013305572040454592,0.0012497177298180532,0.0005331053279306798,TRUE,7780352,1600,867,23.613733600010164,0.01366311659192825,2.2068257810014913,1.027657664629362,FALSE
v2_4000lhs_dense,FALSE,qmc_amplitude_abc,7,2858397835,1.276,0.034999999999999996,1.106,0.036000000000000004,0.6400000000000001,0.014,0.6400000000000001,0.014,532498.113818047,0.000488281,0.00013305572040454592,0.0012497177298180532,0.0005331278184700113,TRUE,8046592,1643,881,23.74951689998852,0.016652653213751867,2.128383423019451,1.033099893888395,FALSE
v2_4000lhs_dense,FALSE,qmc_amplitude_abc,8,2412201501,1.322,0.036000000000000004,0.96,0.04,0.642,0.014,0.65,0.014,532566.3908176434,0.000244141,2.956792995183472e-05,0.0008816386910191455,0.00024431644794235667,TRUE,8411136,1746,959,25.658654400031082,0.029404895366218237,1.8896126003037326,1.0570944194594432,FALSE
v2_4000lhs_dense,FALSE,qmc_amplitude_abc,9,554434428,1.266,0.034999999999999996,0.96,0.04,0.6400000000000001,0.014,0.6400000000000001,0.014,524852.382355154,0.0003662109375,7.552786749571874e-05,0.0010698470956636884,0.0004039575800009414,TRUE,5634048,1149,615,16.447610099974554,0.04547365470852018,1.69042168445357,1.0890873739484084,FALSE
v2_4000lhs_dense,FALSE,qmc_amplitude_abc,10,2832573760,1.266,0.034999999999999996,0.96,0.04,0.6400000000000001,0.014,0.6400000000000001,0.014,524852.382355154,0.0003662109375,7.552786749571874e-05,0.0010698470956636884,0.0004039575800009414,TRUE,4442112,888,461,12.420625999977347,0.04547365470852018,1.69042168445357,1.0890873739484084,FALSE
v2_4000lhs_dense,FALSE,qmc_amplitude_abc,11,2546365690,1.272,0.034999999999999996,1.188,0.034,0.6400000000000001,0.014,0.6400000000000001,0.014,535091.6282801944,0.000488281,0.00013305572040454592,0.0012497177298180532,0.0005951902735658104,TRUE,7665664,1529,791,21.431197600031737,0.0031997384155455903,2.7265782944112393,1.006582782187556,FALSE
v2_4000lhs_dense,FALSE,qmc_amplitude_abc,12,55935964,1.266,0.034999999999999996,0.96,0.04,0.6400000000000001,0.014,0.6400000000000001,0.014,524852.382355154,0.0003662109375,7.552786749571874e-05,0.0010698470956636884,0.0004039575800009414,TRUE,4745216,982,537,14.378013800014742,0.04547365470852018,1.69042168445357,1.0890873739484084,FALSE
v2_4000lhs_dense,FALSE,qmc_amplitude_abc,13,143401308,1.276,0.034999999999999996,1.188,0.034,0.6400000000000001,0.014,0.6400000000000001,0.014,535380.3743920285,0.000488281,0.00013305572040454592,0.0012497177298180532,0.0005451060043928736,TRUE,5810176,1172,617,16.540292399993632,0.002662556053811659,2.7866794751236705,1.0054961338507913,FALSE
v2_4000lhs_dense,FALSE,qmc_amplitude_abc,14,3309679122,1.274,0.034999999999999996,1.11,0.036000000000000004,0.642,0.014,0.6400000000000001,0.014,533189.4439137118,0.000488281,0.00013305572040454592,0.0012497177298180532,0.0005077299303945832,TRUE,7606272,1626,930,24.919314600003418,0.014363789237668161,2.187204774916922,1.029055950995133,FALSE
v2_4000lhs_dense,FALSE,qmc_amplitude_abc,15,1403661893,1.266,0.034999999999999996,0.96,0.04,0.6400000000000001,0.014,0.6400000000000001,0.014,524852.382355154,0.0003662109375,7.552786749571874e-05,0.0010698470956636884,0.0004039575800009414,TRUE,5838848,1195,643,17.092200099956244,0.04547365470852018,1.69042168445357,1.0890873739484084,FALSE
v2_4000lhs_dense,FALSE,qmc_amplitude_abc,16,3089473317,0.96,0.054,0.98,0.04,0.6400000000000001,0.014,0.642,0.014,540282.6364681099,0.000488281,0.00013305572040454592,0.0012497177298180532,0.000583593159867246,TRUE,5826560,1177,621,16.677113600017037,0.013406203288490284,2.2142380658374683,1.0296465876446468,FALSE
v2_4000lhs_dense,FALSE,qmc_amplitude_abc,17,2450749373,1.266,0.034999999999999996,0.96,0.04,0.6400000000000001,0.014,0.6400000000000001,0.014,524852.382355154,0.0003662109375,7.552786749571874e-05,0.0010698470956636884,0.0004039575800009414,TRUE,7051264,1481,827,22.114212100044824,0.04547365470852018,1.69042168445357,1.0890873739484084,FALSE
v2_4000lhs_dense,FALSE,qmc_amplitude_abc,18,2025468229,1.276,0.034999999999999996,1.106,0.036000000000000004,0.6400000000000001,0.014,0.6400000000000001,0.014,532498.113818047,0.000488281,0.00013305572040454592,0.0012497177298180532,0.0005331278184700113,TRUE,6422528,1330,728,19.396517499990296,0.016652653213751867,2.128383423019451,1.033099893888395,FALSE
v2_4000lhs_dense,FALSE,qmc_amplitude_abc,19,1138364709,1.276,0.034999999999999996,1.188,0.034,0.6400000000000001,0.014,0.6400000000000001,0.014,535380.3743920285,0.000488281,0.00013305572040454592,0.0012497177298180532,0.0005451060043928736,TRUE,5406720,1116,608,16.339257500017993,0.002662556053811659,2.7866794751236705,1.0054961338507913,FALSE
v2_4000lhs_dense,FALSE,qmc_amplitude_abc,20,2047542432,1.266,0.034999999999999996,0.96,0.04,0.6400000000000001,0.014,0.6400000000000001,0.014,524852.382355154,0.0003662109375,7.552786749571874e-05,0.0010698470956636884,0.0004039575800009414,TRUE,5998592,1234,669,17.79920970002422,0.04547365470852018,1.69042168445357,1.0890873739484084,FALSE
v2_4000lhs_dense,FALSE,qmc_amplitude_abc,21,1320218597,1.266,0.036000000000000004,0.96,0.04,0.6400000000000001,0.014,0.6400000000000001,0.014,527317.0366668812,0.0003662109375,7.552786749571874e-05,0.0010698470956636884,0.00038122756679465596,TRUE,6324224,1306,712,19.15710329997819,0.04077914798206278,1.741715174152811,1.079914289816572,FALSE
v2_4000lhs_dense,FALSE,qmc_amplitude_abc,22,4258311112,1.266,0.034999999999999996,0.96,0.04,0.6400000000000001,0.014,0.6400000000000001,0.014,524852.382355154,0.0003662109375,7.552786749571874e-05,0.0010698470956636884,0.0004039575800009414,TRUE,5711872,1184,649,17.86085890000686,0.04547365470852018,1.69042168445357,1.0890873739484084,FALSE
v2_4000lhs_dense,FALSE,qmc_amplitude_abc,23,3647640339,1.266,0.036000000000000004,0.96,0.04,0.6400000000000001,0.014,0.6400000000000001,0.014,527317.0366668812,0.0003662109375,7.552786749571874e-05,0.0010698470956636884,0.00038122756679465596,TRUE,7669760,1609,897,24.03113159997156,0.04077914798206278,1.741715174152811,1.079914289816572,FALSE
v2_4000lhs_dense,FALSE,qmc_amplitude_abc,24,247198484,1.27,0.036000000000000004,1.19,0.034,0.6400000000000001,0.014,0.6400000000000001,0.014,537693.8936693701,0.000488281,0.00013305572040454592,0.0012497177298180532,0.0005666140228910752,TRUE,8663040,1752,926,24.973450499994215,0.0008408071748878924,3.1413665319293194,0.9969299482630734,TRUE
v2_4000lhs_dense,FALSE,qmc_amplitude_abc,25,3957858703,1.266,0.036000000000000004,0.96,0.04,0.6400000000000001,0.014,0.6400000000000001,0.014,527317.0366668812,0.0003662109375,7.552786749571874e-05,0.0010698470956636884,0.00038122756679465596,TRUE,4773888,972,519,13.918687299999874,0.04077914798206278,1.741715174152811,1.079914289816572,FALSE
v2_4000lhs_dense,FALSE,qmc_amplitude_abc,26,2204627553,1.266,0.034999999999999996,0.96,0.04,0.6400000000000001,0.014,0.6400000000000001,0.014,524852.382355154,0.0003662109375,7.552786749571874e-05,0.0010698470956636884,0.0004039575800009414,TRUE,7088128,1463,797,21.16316969995387,0.04547365470852018,1.69042168445357,1.0890873739484084,FALSE
v2_4000lhs_dense,FALSE,qmc_amplitude_abc,27,159269519,1.266,0.034999999999999996,0.96,0.04,0.6400000000000001,0.014,0.6400000000000001,0.014,524852.382355154,0.0003662109375,7.552786749571874e-05,0.0010698470956636884,0.0004039575800009414,TRUE,6242304,1275,684,18.20468989998335,0.04547365470852018,1.69042168445357,1.0890873739484084,FALSE
v2_4000lhs_dense,FALSE,qmc_amplitude_abc,28,1603438866,1.272,0.036000000000000004,1.188,0.034,0.6400000000000001,0.014,0.6400000000000001,0.014,537568.6574252858,0.000488281,0.00013305572040454592,0.0012497177298180532,0.0005240904658380237,TRUE,7823360,1567,816,21.861836900003254,0.0010977204783258596,3.0624350750852183,0.9984412958177928,TRUE
v2_4000lhs_dense,FALSE,qmc_amplitude_abc,29,2994618833,1.266,0.034999999999999996,0.96,0.04,0.6400000000000001,0.014,0.6400000000000001,0.014,524852.382355154,0.000488281,0.00013305572040454592,0.0012497177298180532,0.0004039575800009414,TRUE,4532224,932,505,13.265471799997613,0.04547365470852018,1.69042168445357,1.0890873739484084,FALSE
v2_4000lhs_dense,FALSE,na_qae_abc,0,2354602333,1.266,0.034999999999999996,0.96,0.04,0.6400000000000001,0.014,0.6400000000000001,0.014,524852.382355154,0.0003016152724083751,0.00012982818188317594,0.0005324840959070376,0.0004039575800009414,TRUE,2019328,836,786,26.05216500000097,0.04547365470852018,1.69042168445357,1.0890873739484084,FALSE
v2_4000lhs_dense,FALSE,na_qae_abc,1,2809038303,1.272,0.036000000000000004,1.09,0.036000000000000004,0.6400000000000001,0.014,0.6400000000000001,0.016,539647.4424795965,0.0009228636244604289,0.0007634685474808548,0.001098551388629397,0.0009962100305469501,TRUE,1648640,574,497,17.012403299973812,0.022468236173393125,2.0052486415639694,1.044447875797008,FALSE
v2_4000lhs_dense,FALSE,na_qae_abc,2,1454264448,1.266,0.034999999999999996,0.96,0.04,0.6400000000000001,0.014,0.6400000000000001,0.014,524852.382355154,0.00040308609331496734,0.00020812561557250733,0.0006587157810052533,0.0004039575800009414,TRUE,2574336,969,873,29.10746750002727,0.04547365470852018,1.69042168445357,1.0890873739484084,FALSE
v2_4000lhs_dense,FALSE,na_qae_abc,3,627444888,1.286,0.036000000000000004,0.96,0.04,0.79,0.014,0.644,0.014,548338.4660164992,0.00016607785966073145,3.753990303934207e-05,0.00035546691921519265,0.0002446630940352236,TRUE,4136960,1222,956,32.81157239997992,0.03295497010463378,1.8390356669346417,1.0638127773206028,FALSE
v2_4000lhs_dense,FALSE,na_qae_abc,4,4113981871,1.266,0.034999999999999996,0.96,0.04,0.6400000000000001,0.014,0.6400000000000001,0.014,524852.382355154,0.0005640957677735535,0.00033644120199160545,0.0008481708397952218,0.0004039575800009414,TRUE,2428928,847,734,24.44993699999759,0.04547365470852018,1.69042168445357,1.0890873739484084,FALSE
v2_4000lhs_dense,FALSE,na_qae_abc,5,4212094172,1.266,0.036000000000000004,0.96,0.04,0.6400000000000001,0.014,0.6400000000000001,0.014,527317.0366668812,0.0004624598214731656,0.0002560532360683687,0.0007238161104346007,0.00038122756679465596,TRUE,1527808,644,610,20.060064199962653,0.04077914798206278,1.741715174152811,1.079914289816572,FALSE
v2_4000lhs_dense,FALSE,na_qae_abc,6,2276805683,1.266,0.034999999999999996,0.96,0.04,0.6400000000000001,0.014,0.6400000000000001,0.014,524852.382355154,0.00032638214336781925,0.00014899811157460333,0.0005639702022195221,0.0004039575800009414,TRUE,3325952,1075,892,30.293679299997166,0.04547365470852018,1.69042168445357,1.0890873739484084,FALSE
v2_4000lhs_dense,FALSE,na_qae_abc,7,2858397835,1.278,0.034999999999999996,1.1500000000000001,0.034,0.6400000000000001,0.014,0.6400000000000001,0.014,530323.796803275,0.0011464948173605083,0.0009647213158185256,0.0013481965314786411,0.0012315601550355647,TRUE,4216832,1207,923,32.50329039996723,0.024710388639760838,1.9649434997585487,1.04755054612341,FALSE
v2_4000lhs_dense,FALSE,na_qae_abc,8,2412201501,1.274,0.034999999999999996,1.1520000000000001,0.034,0.644,0.014,0.6400000000000001,0.014,530820.8462037188,0.001092207071668817,0.0009152006656349946,0.0012879426706319716,0.0013208607539116277,TRUE,4792320,1266,908,32.5065864000353,0.024196562032884904,1.973899918335332,1.0466785156574951,FALSE
v2_4000lhs_dense,FALSE,na_qae_abc,9,554434428,1.27,0.034999999999999996,1.09,0.036000000000000004,0.6400000000000001,0.014,0.6400000000000001,0.014,529746.3045796067,0.0011423736733206288,0.0009567451737906981,0.0013483724406915885,0.0012057517347772294,TRUE,3606528,1095,873,30.53002430003835,0.02835388639760837,1.9055564818968234,1.054897533587234,FALSE
v2_4000lhs_dense,FALSE,na_qae_abc,10,2832573760,0.966,0.046,0.976,0.04,0.642,0.014,0.6400000000000001,0.014,526106.9440358785,0.0009363495703852202,0.0006347035953247852,0.0013013985713871857,0.001379183774554535,TRUE,4816896,1203,820,29.823190600029193,0.04895366218236173,1.6550846685243785,1.1009372617492117,FALSE
v2_4000lhs_dense,FALSE,na_qae_abc,11,2546365690,0.96,0.054,0.98,0.038,0.6400000000000001,0.014,0.6400000000000001,0.014,532853.5520815386,0.0011323812664416968,0.000950732225573517,0.001333793792525631,0.0011266865010569713,TRUE,4511744,1186,847,30.507009599998128,0.047762518684603884,1.6669465307718125,1.0954504538016956,FALSE
v2_4000lhs_dense,FALSE,na_qae_abc,12,55935964,0.974,0.04,0.994,0.042,0.6400000000000001,0.014,0.6400000000000001,0.014,525861.9322996738,0.0009349783125276619,0.0006329843628006131,0.001301588383662708,0.0011637544732892389,TRUE,5195776,1349,953,33.76458090002416,0.03328195067264574,1.8346072657691668,1.0676103510533919,FALSE
v2_4000lhs_dense,FALSE,na_qae_abc,13,143401308,0.96,0.046,0.966,0.042,0.6400000000000001,0.014,0.6400000000000001,0.014,530788.5599850963,0.001096752258980687,0.0009167235611654161,0.0012961183393972128,0.0013164486827384394,TRUE,4274176,1091,759,27.323184600041714,0.026695627802690584,1.9317428295595682,1.054546729534988,FALSE
v2_4000lhs_dense,FALSE,na_qae_abc,14,3309679122,1.268,0.034999999999999996,1.024,0.038,0.6400000000000001,0.014,0.6400000000000001,0.014,527685.791812495,0.0008691941356124814,0.00057593931992,0.0012270213557397634,0.0010757909639900138,TRUE,3817472,1168,936,32.69659290002892,0.036505044843049325,1.7927676159261774,1.0700068337950777,FALSE
v2_4000lhs_dense,FALSE,na_qae_abc,15,1403661893,1.294,0.034999999999999996,0.96,0.04,0.642,0.014,0.6400000000000001,0.014,527129.6357719029,0.0003479177849559149,0.00016766407645855345,0.0005867682505804447,0.00024559784523708173,TRUE,2988032,1003,851,29.005773100012448,0.03996169656203288,1.7511307349630263,1.0775758958430754,FALSE
v2_4000lhs_dense,TRUE,na_qae_abc,16,3089473317,0.99,0.038,0.996,0.042,0.648,0.014,0.6400000000000001,0.014,524782.2300200666,0.0011445687294735494,0.0009630503145844057,0.0013460104579432616,0.001362521520654128,TRUE,4880384,1312,955,33.90826110000489,0.0382567264573991,1.7712842036207432,1.0759654727667625,FALSE
v2_4000lhs_dense,FALSE,na_qae_abc,17,2450749373,1.266,0.034999999999999996,0.96,0.04,0.6400000000000001,0.014,0.6400000000000001,0.014,524852.382355154,0.0006368715831523527,0.00038788828856794756,0.0009479851942364766,0.0004039575800009414,TRUE,2754560,976,853,28.681723800022155,0.04547365470852018,1.69042168445357,1.0890873739484084,FALSE
v2_4000lhs_dense,FALSE,na_qae_abc,18,2025468229,1.266,0.034999999999999996,0.96,0.04,0.6400000000000001,0.014,0.6400000000000001,0.014,524852.382355154,0.0004288707639587994,0.00022938032781886136,0.0006857025959305402,0.0004039575800009414,TRUE,1404928,620,598,19.936904400005005,0.04547365470852018,1.69042168445357,1.0890873739484084,FALSE
v2_4000lhs_dense,FALSE,na_qae_abc,19,1138364709,1.266,0.034999999999999996,0.96,0.04,0.6400000000000001,0.014,0.6400000000000001,0.014,524852.382355154,0.0002963652821511221,0.0001278489782605708,0.0005241455843343773,0.0004039575800009414,TRUE,1691648,709,670,22.45009239995852,0.04547365470852018,1.69042168445357,1.0890873739484084,FALSE
v2_4000lhs_dense,FALSE,na_qae_abc,20,2047542432,1.28,0.036000000000000004,1.1480000000000001,0.034,0.65,0.014,0.644,0.014,534302.2695097772,0.001109773415068278,0.000930260232563089,0.0013084972877326101,0.0011935179542386177,TRUE,4378624,1262,970,34.62341629998991,0.02078662182361734,2.0377669643125227,1.0397669590854786,FALSE
v2_4000lhs_dense,FALSE,na_qae_abc,21,1320218597,0.978,0.04,0.998,0.042,0.6940000000000001,0.014,0.646,0.014,534282.2672794674,0.001084913984309386,0.0009104002870209385,0.001277749646632644,0.001155546733269326,TRUE,5468160,1392,966,35.56782729999395,0.02821375186846039,1.907719316469589,1.0554980716304347,FALSE
v2_4000lhs_dense,FALSE,na_qae_abc,22,4258311112,1.266,0.034999999999999996,0.96,0.04,0.6400000000000001,0.014,0.6400000000000001,0.014,524852.382355154,0.0004542403483394971,0.00024664977542985253,0.0007206853393625039,0.0004039575800009414,TRUE,2682880,998,894,30.25275139999576,0.04547365470852018,1.69042168445357,1.0890873739484084,FALSE
v2_4000lhs_dense,FALSE,na_qae_abc,23,3647640339,1.266,0.034999999999999996,0.96,0.04,0.6400000000000001,0.014,0.6400000000000001,0.014,524852.382355154,0.000431134379651165,0.0002306845822134101,0.00069133006765745,0.0004039575800009414,TRUE,1626112,629,574,19.229591400013305,0.04547365470852018,1.69042168445357,1.0890873739484084,FALSE
v2_4000lhs_dense,FALSE,na_qae_abc,24,247198484,1.282,0.036000000000000004,1.1460000000000001,0.034,0.642,0.014,0.658,0.014,534322.4420390642,0.0009252245977831086,0.0006251708636258417,0.0012895596166213944,0.001238022881952879,TRUE,4009984,1217,970,33.22811059997184,0.021440582959641255,2.0248656082691032,1.0407747323204806,FALSE
v2_4000lhs_dense,FALSE,na_qae_abc,25,3957858703,1.266,0.036000000000000004,0.96,0.04,0.6400000000000001,0.014,0.6400000000000001,0.014,527317.0366668812,0.0002602898115152647,0.00010254919406589009,0.0004770437986692036,0.00038122756679465596,TRUE,1822720,692,626,20.919624699978158,0.04077914798206278,1.741715174152811,1.079914289816572,FALSE
v2_4000lhs_dense,FALSE,na_qae_abc,26,2204627553,0.968,0.04,0.994,0.042,0.654,0.014,0.648,0.014,527827.4570076298,0.0009083558491954554,0.0006138235219576548,0.0012646800458424672,0.0011650663081138625,TRUE,5074944,1347,970,30.572586700029206,0.034005979073243646,1.8249275830849756,1.068465386844445,FALSE
v2_4000lhs_dense,FALSE,na_qae_abc,27,159269519,1.266,0.036000000000000004,0.96,0.04,0.6400000000000001,0.014,0.6400000000000001,0.014,527317.0366668812,0.00035692460727489015,0.00017417475429005452,0.0005988812204813052,0.00038122756679465596,TRUE,1314816,552,522,15.274675599997863,0.04077914798206278,1.741715174152811,1.079914289816572,FALSE
v2_4000lhs_dense,FALSE,na_qae_abc,28,1603438866,1.266,0.034999999999999996,0.96,0.04,0.6400000000000001,0.014,0.6400000000000001,0.014,524852.382355154,0.0003664615586672173,0.00017758468043944044,0.000611256560225839,0.0004039575800009414,TRUE,2148352,830,757,20.56769279995933,0.04547365470852018,1.69042168445357,1.0890873739484084,FALSE
v2_4000lhs_dense,FALSE,na_qae_abc,29,2994618833,1.27,0.034999999999999996,1.02,0.038,0.6400000000000001,0.014,0.6400000000000001,0.014,527218.2883219802,0.0010361535396674758,0.000864871853800614,0.0012253436916127734,0.0011487446313774383,TRUE,2156544,669,541,15.693279800005257,0.03865377428998505,1.7665265665299916,1.0743122033388224,FALSE
v2_4000lhs_dense,FALSE,na_qae_de,0,2354602333,1.282,0.036000000000000004,0.982,0.04,0.68,0.014,0.674,0.014,540008.3668335249,0.0004690111548637142,0.00025946858216168876,0.0007375004050538758,0.00022720900698791426,TRUE,3203072,1129,984,32.87226529995678,0.02116031390134529,2.0303534200061413,1.0412161959948854,FALSE
v2_4000lhs_dense,FALSE,na_qae_de,1,2809038303,1.268,0.036000000000000004,0.968,0.04,0.65,0.014,0.642,0.014,530200.9248884786,0.0005902688140865198,0.00035380142945525407,0.0008853097073722414,0.00032973443291615224,TRUE,3332096,1144,983,32.7545056999661,0.03491685351270553,1.8129877739785947,1.0678932371013123,FALSE
v2_4000lhs_dense,FALSE,na_qae_de,2,1454264448,1.266,0.036000000000000004,0.962,0.04,0.644,0.014,0.652,0.014,529153.5936300273,0.00039295918431832467,0.0002014615581760283,0.0006437862272519156,0.00038122756679465596,TRUE,2965504,1100,984,32.540584600006696,0.03928437967115097,1.7590515133924343,1.0759616502861848,FALSE
v2_4000lhs_dense,FALSE,na_qae_de,3,627444888,1.284,0.036000000000000004,0.966,0.04,0.652,0.014,0.642,0.014,531322.8992377685,8.521038674287788e-05,1.0000000000000001e-20,0.0002501146693971407,0.0002340429007474911,TRUE,3158016,1122,982,33.21982969995588,0.03335201793721973,1.8336629883674849,1.0639548923075135,FALSE
v2_4000lhs_dense,FALSE,na_qae_de,4,4113981871,0.974,0.04,1.01,0.042,0.652,0.014,0.642,0.014,530270.3304202314,0.00101498037693151,0.0008444309003200013,0.0012034760220675789,0.001114892109725234,TRUE,4667392,1307,983,34.618860300048254,0.022538303437967117,2.003938890848752,1.0465226281660474,FALSE
v2_4000lhs_dense,FALSE,na_qae_de,5,4212094172,1.272,0.036000000000000004,0.962,0.04,0.64,0.014,0.644,0.014,528418.7227581686,0.00015319314298033106,2.944904680700682e-05,0.00033984763818125226,0.0002749605767122268,TRUE,2291712,1014,979,31.845352600037586,0.038583707025411064,1.767363246233774,1.0744929096063616,FALSE
v2_4000lhs_dense,FALSE,na_qae_de,6,2276805683,1.278,0.042,0.984,0.038,0.65,0.014,0.652,0.014,541910.7042206847,0.0010845786991869283,0.0009097009789871849,0.0012778788433865675,0.0011985429606301851,TRUE,4007936,1225,981,34.0759561000159,0.02851737668161435,1.9030443890695272,1.0559076712857018,FALSE
v2_4000lhs_dense,FALSE,na_qae_de,7,2858397835,1.282,0.036000000000000004,0.974,0.04,0.644,0.014,0.68,0.014,534612.881976609,0.00021364949018452941,6.733364270405388e-05,0.00041987849047535986,0.0002427888659766705,TRUE,2895872,1090,982,32.83477309998125,0.02727952167414051,1.922371386316258,1.0523011259151136,FALSE
v2_4000lhs_dense,FALSE,na_qae_de,8,2412201501,1.34,0.036000000000000004,1.024,0.038,0.648,0.014,0.66,0.014,538195.3806305868,0.0009496035863066476,0.0007859574951134873,0.0011302337658011079,0.0008654756157785728,TRUE,3039232,1109,984,33.50416439998662,0.01655923019431988,2.1306442595183746,1.0324916121835872,FALSE
v2_4000lhs_dense,FALSE,na_qae_de,9,554434428,0.976,0.048,1.042,0.038,0.644,0.014,0.666,0.014,535988.0581798456,0.0009425084970382457,0.0006340489220081707,0.0013197784110022019,0.0011868172138987316,TRUE,4872192,1332,983,35.29733780003153,0.02727952167414051,1.922371386316258,1.0572194018121148,FALSE
v2_4000lhs_dense,TRUE,na_qae_de,10,2832573760,1.286,0.036000000000000004,1.258,0.032,0.644,0.014,0.662,0.014,540941.9375954989,0.001105307977240189,0.0009269286584935208,0.0013027795899976178,0.0012155957801107732,TRUE,3594240,1176,983,34.04247659997782,0.0004671150971599402,3.3096190731678092,0.9857114288098499,TRUE
v2_4000lhs_dense,FALSE,na_qae_de,11,2546365690,1.274,0.036000000000000004,1.1420000000000001,0.036000000000000004,0.65,0.014,0.656,0.014,542668.7078905853,0.0002432308768286703,9.101092693963395e-05,0.000454901914739667,0.00019135371380681903,TRUE,2850816,1086,984,33.39413269999204,2.335575485799701e-05,4.071499265261455,0.9815770811960826,TRUE
v2_4000lhs_dense,FALSE,na_qae_de,12,55935964,1.294,0.036000000000000004,0.978,0.04,0.658,0.014,0.678,0.014,537773.08909012,0.00018064033451083297,4.357532429115653e-05,0.00037805042612120603,0.00023167151349870628,TRUE,2646016,1061,984,32.7042797000031,0.02181427503736921,2.0176420891755784,1.0422049890681284,FALSE
v2_4000lhs_dense,FALSE,na_qae_de,13,143401308,0.97,0.052000000000000005,1.012,0.038,0.652,0.014,0.646,0.014,537335.7589541876,0.0008442857850543747,0.000557335063194724,0.0011939766678941812,0.0009540658744265418,TRUE,4544512,1292,983,35.137129199982155,0.032301008968609865,1.848002245882345,1.0647993486860057,FALSE
v2_4000lhs_dense,FALSE,na_qae_de,14,3309679122,1.268,0.036000000000000004,0.978,0.04,0.646,0.014,0.642,0.014,531299.065058635,0.0003481727576204364,0.00016809599230022316,0.0005888395771096397,0.00032616829805199904,TRUE,2785280,1078,984,32.48738610005239,0.028423953662182363,1.9044783987996823,1.055234692853912,FALSE
v2_4000lhs_dense,FALSE,na_qae_de,15,1403661893,0.984,0.044,0.976,0.042,0.658,0.014,0.716,0.014,539721.7004455865,0.0010954873252766145,0.000919122503537726,0.0012905553590932192,0.001259224491258773,TRUE,4169728,1247,984,34.772285100014415,0.018871449925261585,2.0776359777868922,1.0380150507297297,FALSE
v2_4000lhs_dense,FALSE,na_qae_de,16,3089473317,1.278,0.036000000000000004,1.1460000000000001,0.034,0.67,0.014,0.656,0.014,537442.7990117877,0.0011401708700331686,0.0009574020041082974,0.0013429517011011437,0.0012418471347224406,TRUE,2875392,1089,984,33.299071400018875,0.021534005979073245,2.023049813951346,1.0419473255130527,FALSE
v2_4000lhs_dense,FALSE,na_qae_de,17,2450749373,0.99,0.04,1.016,0.042,0.646,0.014,0.644,0.014,532003.7235512403,0.0007780504683352602,0.0005051510012246545,0.0011099843045251484,0.0011073700492799025,TRUE,5242880,1378,984,34.86432669998612,0.014083520179372198,2.1949520104537767,1.0320201901804846,FALSE
v2_4000lhs_dense,FALSE,na_qae_de,18,2025468229,1.298,0.036000000000000004,1.27,0.032,0.644,0.014,0.64,0.014,541540.8840640202,0.0008992731442008753,0.0007399049871615311,0.0010754915144268644,0.0010409280153973021,TRUE,3448832,1156,980,33.34803960000863,0.0004671150971599402,3.3096190731678092,0.9717062553300513,TRUE
v2_4000lhs_dense,FALSE,na_qae_de,19,1138364709,0.974,0.046,0.99,0.04,0.644,0.014,0.65,0.014,530211.6259690792,0.0011377001798593656,0.0009543931454913069,0.0013411450018356657,0.0011601415795197902,TRUE,4743168,1317,984,34.95763119996991,0.03867713004484305,1.7662479479047621,1.078086612633218,FALSE
v2_4000lhs_dense,FALSE,na_qae_de,20,2047542432,1.266,0.036000000000000004,0.97,0.04,0.642,0.014,0.648,0.014,529851.5723439218,0.0003905672527557585,0.00019984050957315666,0.0006363189818155902,0.0003743770051282134,TRUE,2785280,1078,984,33.144353899988346,0.03405269058295964,1.8243089298077828,1.0658996876761704,FALSE
v2_4000lhs_dense,FALSE,na_qae_de,21,1320218597,1.274,0.036000000000000004,0.976,0.04,0.6880000000000001,0.014,0.642,0.014,536799.1620842855,0.00020815476468366808,6.580449300875564e-05,0.0004114457103269494,0.00025301268357728267,TRUE,3504128,1165,983,33.58001769997645,0.027933482810164424,1.9120719535933755,1.0537212383359864,FALSE
v2_4000lhs_dense,FALSE,na_qae_de,22,4258311112,1.096,0.04,0.998,0.042,0.65,0.014,0.666,0.014,540055.2212595718,0.0009643726921807271,0.0008012180633862709,0.0011441353257835242,0.0010305051258899147,TRUE,4134912,1242,983,35.014612999977544,0.0024523542600896862,2.813226530302247,1.0057876738109184,FALSE
v2_4000lhs_dense,FALSE,na_qae_de,23,3647640339,1.27,0.036000000000000004,0.964,0.04,0.644,0.016,0.668,0.014,542338.0092159098,0.00045907642053883877,0.00025214321487627885,0.0007233712340360925,0.00031169508976887345,TRUE,2916352,1094,984,33.112715299997944,0.03421618086696562,1.8221491237964282,1.065525968663484,FALSE
v2_4000lhs_dense,FALSE,na_qae_de,24,247198484,1.368,0.036000000000000004,1.032,0.038,0.658,0.014,0.642,0.014,541274.5757866187,0.0009339428814129431,0.000624745683348062,0.0013129280388913228,0.0006604861667754439,TRUE,4014080,1228,984,34.470089700014796,0.006002428998505231,2.5120014954154555,1.0127431069393364,FALSE
v2_4000lhs_dense,FALSE,na_qae_de,25,3957858703,1.278,0.036000000000000004,1.1520000000000001,0.034,0.642,0.014,0.642,0.014,533510.0415613854,0.0009706968513881816,0.0008077268017708027,0.0011500646617698266,0.0011237530686954156,TRUE,3641344,1178,978,33.587502799986396,0.018918161434977578,2.0766234928160023,1.0362125054174156,FALSE
v2_4000lhs_dense,FALSE,na_qae_de,26,2204627553,1.282,0.036000000000000004,0.964,0.04,0.64,0.014,0.642,0.014,529316.1771463352,0.0001217032022068397,6.218263715701673e-06,0.00030070155077606826,0.00023982986014894298,TRUE,2430976,1034,983,32.26298629998928,0.03484678624813154,1.8138970792544589,1.0680266137944685,FALSE
v2_4000lhs_dense,FALSE,na_qae_de,27,159269519,0.972,0.04,1.016,0.042,0.672,0.014,0.648,0.014,534181.2935909407,0.0009437092524208366,0.0007828017713918316,0.001120923266397329,0.0011330728960529718,TRUE,5337088,1388,982,34.384281800012104,0.018100710014947684,2.0946578347299285,1.039100524186792,FALSE
v2_4000lhs_dense,FALSE,na_qae_de,28,1603438866,0.992,0.04,1,0.042,0.64,0.014,0.682,0.014,531869.9331363685,0.0010434532355859483,0.0008724604635789681,0.001232162371908064,0.001146951545490021,TRUE,4923392,1339,984,33.34706050000386,0.02295870702541106,1.9961516903175947,1.047222135645286,FALSE
v2_4000lhs_dense,FALSE,na_qae_de,29,2994618833,1.268,0.036000000000000004,1.03,0.038,0.646,0.014,0.642,0.014,532007.553691345,0.000791011911500285,0.0005152290600393214,0.0011273182683677035,0.0008957157903784035,TRUE,2809856,1081,984,31.696923599985894,0.027863415545590433,1.913165793441879,1.0538839999367855,FALSE
v3_4137_active_learning_final,TRUE,original_oc4,-1,0,1.2,0.05,1.2,0.035,0.8,0.02,0.8,0.02,673882.7346821574,0.0019067966590311394,0.0019067966590311394,0.0019067966590311394,0.0019067966590311394,FALSE,0,1,1,0,0.0018918161434977579,2.895659058245924,1.0241316031281424,FALSE
v3_4137_active_learning_final,FALSE,meta_reference_abc,0,2354602333,0.96,0.054,0.96,0.044,0.684,0.014,0.686,0.014,560475.9419632232,0.00128235784447856,0.00128235784447856,0.00128235784447856,0.00128235784447856,TRUE,0,942,942,41.311140900012106,7.006726457399103e-05,3.8079307003776335,0.9288567837332316,TRUE
v3_4137_active_learning_final,FALSE,meta_reference_abc,1,2809038303,1.272,0.036000000000000004,1.236,0.032,0.6400000000000001,0.014,0.6400000000000001,0.014,534718.6008800636,0.0013206950844792088,0.0013206950844792088,0.0013206950844792088,0.0013206950844792088,TRUE,0,885,885,39.04584340000292,0.006633034379671151,2.476545573006661,1.015440334083021,FALSE
v3_4137_active_learning_final,FALSE,meta_reference_abc,2,1454264448,1.362,0.038,1.118,0.036000000000000004,0.654,0.014,0.666,0.014,552384.9540329234,0.0012936915051244596,0.0012936915051244596,0.0012936915051244596,0.0012936915051244596,TRUE,0,970,970,43.59996089997003,9.342301943198804e-05,3.7361677599549976,0.9613095324268911,TRUE
v3_4137_active_learning_final,FALSE,meta_reference_abc,3,627444888,1.296,0.034999999999999996,1.242,0.032,0.6400000000000001,0.014,0.6400000000000001,0.014,534746.9450962067,0.0013170476822972575,0.0013170476822972575,0.0013170476822972575,0.0013170476822972575,TRUE,0,928,928,40.962537099956535,0.003760276532137519,2.6728693650466964,1.0084629170153785,FALSE
v3_4137_active_learning_final,FALSE,meta_reference_abc,4,4113981871,1.268,0.036000000000000004,1.238,0.032,0.6400000000000001,0.014,0.6400000000000001,0.014,534679.2371093966,0.0013258197803427765,0.0013258197803427765,0.0013258197803427765,0.0013258197803427765,TRUE,0,746,746,32.297345700033475,0.006376121076233184,2.4906144371683765,1.0146488471142432,FALSE
v3_4137_active_learning_final,FALSE,meta_reference_abc,5,4212094172,1.414,0.034999999999999996,0.96,0.042,0.708,0.014,0.644,0.014,551643.9661612915,0.0012939662248720016,0.0012939662248720016,0.0012939662248720016,0.0012939662248720016,TRUE,0,903,903,40.13663110003108,2.335575485799701e-05,4.071499265261455,0.9679697418744982,TRUE
v3_4137_active_learning_final,FALSE,meta_reference_abc,6,2276805683,1.264,0.036000000000000004,1.242,0.032,0.6400000000000001,0.014,0.648,0.014,535565.8091739583,0.001342035688695919,0.001342035688695919,0.001342035688695919,0.001342035688695919,TRUE,0,948,948,44.292626200011,0.005395179372197309,2.5494157234756343,1.015104296438307,FALSE
v3_4137_active_learning_final,FALSE,meta_reference_abc,7,2858397835,1.256,0.036000000000000004,1.1380000000000001,0.036000000000000004,0.65,0.014,0.656,0.014,540752.5533695666,0.0013276039956143873,0.0013276039956143873,0.0013276039956143873,0.0013276039956143873,TRUE,0,941,941,43.9854306000052,0.0011911434977578475,3.0379054356141784,0.9985752291211819,TRUE
v3_4137_active_learning_final,FALSE,meta_reference_abc,8,2412201501,1.27,0.036000000000000004,1.236,0.032,0.6400000000000001,0.014,0.654,0.014,535739.6341887082,0.0013204112981584715,0.0013204112981584715,0.0013204112981584715,0.0013204112981584715,TRUE,0,969,969,45.0838104999857,0.006773168908819133,2.4690735350210478,1.0151748325570435,FALSE
v3_4137_active_learning_final,FALSE,meta_reference_abc,9,554434428,1.282,0.034999999999999996,1.246,0.032,0.6400000000000001,0.014,0.6400000000000001,0.014,534251.5981649404,0.001338114111723003,0.001338114111723003,0.001338114111723003,0.001338114111723003,TRUE,0,962,962,44.65888679999625,0.004040545590433483,2.6486628214160644,1.0092013252937986,FALSE
v3_4137_active_learning_final,FALSE,meta_reference_abc,10,2832573760,1.4000000000000001,0.034999999999999996,0.96,0.042,0.716,0.014,0.644,0.014,551657.4773055157,0.0012582608524451038,0.0012582608524451038,0.0012582608524451038,0.0012582608524451038,TRUE,0,977,977,45.83080029999837,2.335575485799701e-05,4.071499265261455,0.9727294413688522,TRUE
v3_4137_active_learning_final,FALSE,meta_reference_abc,11,2546365690,1.242,0.036000000000000004,1.1420000000000001,0.036000000000000004,0.65,0.014,0.658,0.014,540459.8157859237,0.0013371869593983895,0.0013371869593983895,0.0013371869593983895,0.0013371869593983895,TRUE,0,856,856,39.629008600022644,0.0011911434977578475,3.0379054356141784,0.998901944880271,TRUE
v3_4137_active_learning_final,FALSE,meta_reference_abc,12,55935964,0.96,0.044,0.96,0.044,0.754,0.014,0.664,0.016,557386.8201656261,0.0013354848381489546,0.0013354848381489546,0.0013354848381489546,0.0013354848381489546,TRUE,0,962,962,43.129188399994746,0.0036434977578475337,2.6834358432018623,1.0092369375703196,FALSE
v3_4137_active_learning_final,FALSE,meta_reference_abc,13,143401308,1.356,0.034999999999999996,0.96,0.042,0.684,0.016,0.6400000000000001,0.014,556010.9163143157,0.001339189503593205,0.001339189503593205,0.001339189503593205,0.001339189503593205,TRUE,0,895,895,39.8417070999858,0.00011677877428998505,3.6796464312202093,0.9861555955831485,TRUE
v3_4137_active_learning_final,FALSE,meta_reference_abc,14,3309679122,1.356,0.034999999999999996,0.96,0.042,0.684,0.014,0.6400000000000001,0.016,551330.3638291697,0.0013258619411279377,0.0013258619411279377,0.0013258619411279377,0.0013258619411279377,TRUE,0,952,952,43.31414600001881,0.0001868460388639761,3.557998056667551,0.9907068146150583,TRUE
v3_4137_active_learning_final,FALSE,meta_reference_abc,15,1403661893,1.356,0.034999999999999996,0.96,0.042,0.684,0.014,0.6400000000000001,0.016,551330.3638291697,0.0013258619411279377,0.0013258619411279377,0.0013258619411279377,0.0013258619411279377,TRUE,0,890,890,39.70829480001703,0.0001868460388639761,3.557998056667551,0.9907068146150583,TRUE
v3_4137_active_learning_final,FALSE,meta_reference_abc,16,3089473317,1.27,0.036000000000000004,1.238,0.032,0.6400000000000001,0.014,0.6400000000000001,0.014,534827.7351097683,0.0013054126763863056,0.0013054126763863056,0.0013054126763863056,0.0013054126763863056,TRUE,0,971,971,43.62111130001722,0.006049140508221226,2.509264635113169,1.0139868247611916,FALSE
v3_4137_active_learning_final,TRUE,meta_reference_abc,17,2450749373,1.242,0.036000000000000004,1.1420000000000001,0.036000000000000004,0.65,0.014,0.656,0.014,540292.7398846361,0.0013309425255502141,0.0013309425255502141,0.0013309425255502141,0.0013309425255502141,TRUE,0,785,785,35.25023710000096,0.0012144992526158444,3.0320489005689604,0.9990729220078972,TRUE
v3_4137_active_learning_final,FALSE,meta_reference_abc,18,2025468229,1.366,0.034999999999999996,0.96,0.042,0.722,0.014,0.648,0.014,550305.379059235,0.0013185862297061892,0.0013185862297061892,0.0013185862297061892,0.0013185862297061892,TRUE,0,961,961,43.8700528999907,9.342301943198804e-05,3.7361677599549976,0.984312239463217,TRUE
v3_4137_active_learning_final,FALSE,meta_reference_abc,19,1138364709,1.35,0.038,0.962,0.042,0.704,0.014,0.644,0.014,554751.4405092172,0.0013451590612381873,0.0013451590612381873,0.0013451590612381873,0.0013451590612381873,TRUE,0,970,970,44.208565999986604,2.335575485799701e-05,4.071499265261455,0.9632544910230576,TRUE
v3_4137_active_learning_final,FALSE,meta_reference_abc,20,2047542432,1.274,0.034999999999999996,1.252,0.032,0.6400000000000001,0.014,0.6400000000000001,0.014,534447.0026315018,0.0013038683100649962,0.0013038683100649962,0.0013038683100649962,0.0013038683100649962,TRUE,0,861,861,38.91987500002142,0.0027326233183856503,2.778250504061307,1.0056261590958553,FALSE
v3_4137_active_learning_final,FALSE,meta_reference_abc,21,1320218597,0.994,0.058,0.96,0.04,0.684,0.014,0.738,0.014,561777.6518277233,0.0012914173760399023,0.0012914173760399023,0.0012914173760399023,0.0012914173760399023,TRUE,0,949,949,43.8975436000037,0.0009575859491778774,3.103081038296362,0.9978560347352758,TRUE
v3_4137_active_learning_final,FALSE,meta_reference_abc,22,4258311112,1.268,0.036000000000000004,1.238,0.032,0.6400000000000001,0.014,0.6400000000000001,0.014,534679.2371093966,0.0013258197803427765,0.0013258197803427765,0.0013258197803427765,0.0013258197803427765,TRUE,0,868,868,39.538315600017086,0.006376121076233184,2.4906144371683765,1.0146488471142432,FALSE
v3_4137_active_learning_final,FALSE,meta_reference_abc,23,3647640339,1.374,0.036000000000000004,1.172,0.034,0.662,0.014,0.652,0.014,546770.9738693477,0.0013193336768886807,0.0013193336768886807,0.0013193336768886807,0.0013193336768886807,TRUE,0,967,967,43.95586029998958,0.0002335575485799701,3.4989380500911955,0.9800351489116969,TRUE
v3_4137_active_learning_final,FALSE,meta_reference_abc,24,247198484,1.284,0.034999999999999996,1.244,0.032,0.6400000000000001,0.014,0.6400000000000001,0.014,534138.338990781,0.0013172930012432082,0.0013172930012432082,0.0013172930012432082,0.0013172930012432082,TRUE,0,912,912,41.90350950002903,0.004694506726457399,2.597554810305082,1.0105812410085642,FALSE
v3_4137_active_learning_final,FALSE,meta_reference_abc,25,3957858703,1.366,0.034999999999999996,0.96,0.042,0.722,0.014,0.644,0.014,549971.2272566593,0.0013318717553322365,0.0013318717553322365,0.0013318717553322365,0.0013318717553322365,TRUE,0,958,958,44.01736850000452,0.00011677877428998505,3.6796464312202093,0.9846488967466885,TRUE
v3_4137_active_learning_final,FALSE,meta_reference_abc,26,2204627553,1.258,0.036000000000000004,1.188,0.034,0.6400000000000001,0.014,0.6400000000000001,0.014,536529.1714226829,0.0013427821494120125,0.0013427821494120125,0.0013427821494120125,0.0013427821494120125,TRUE,0,723,723,33.14481050003087,0.0027559790732436472,2.7754841765242713,1.0083894086021015,FALSE
v3_4137_active_learning_final,FALSE,meta_reference_abc,27,159269519,1.276,0.036000000000000004,1.236,0.032,0.6400000000000001,0.014,0.652,0.014,536018.0522885362,0.0012818655540518453,0.0012818655540518453,0.0012818655540518453,0.0012818655540518453,TRUE,0,972,972,44.973747099982575,0.005768871449925261,2.5259757988129854,1.0132511662638293,FALSE
v3_4137_active_learning_final,FALSE,meta_reference_abc,28,1603438866,1.268,0.036000000000000004,1.238,0.032,0.6400000000000001,0.014,0.6400000000000001,0.014,534679.2371093966,0.0013258197803427765,0.0013258197803427765,0.0013258197803427765,0.0013258197803427765,TRUE,0,528,528,23.967344100004993,0.006376121076233184,2.4906144371683765,1.0146488471142432,FALSE
v3_4137_active_learning_final,FALSE,meta_reference_abc,29,2994618833,1.238,0.036000000000000004,1.154,0.036000000000000004,0.652,0.014,0.656,0.014,541990.79207082,0.001323769588206392,0.001323769588206392,0.001323769588206392,0.001323769588206392,TRUE,0,974,974,44.21074640000006,0.0009108744394618834,3.1178509837228128,0.9870891549158177,TRUE
v3_4137_active_learning_final,FALSE,mc_abc,0,2354602333,1.36,0.036000000000000004,1.182,0.034,0.65,0.014,0.6400000000000001,0.014,544561.5198778315,0.000488281,0.00013305572040454592,0.0012497177298180532,0.0010097469227413286,TRUE,9095168,1840,973,45.405952300003264,0.0002335575485799701,3.4989380500911955,0.974690587079249,TRUE
v3_4137_active_learning_final,FALSE,mc_abc,1,2809038303,1.328,0.036000000000000004,1.246,0.032,0.652,0.014,0.666,0.014,543872.876561069,0.000488281,0.00013305572040454592,0.0012497177298180532,0.0009310416567931389,TRUE,8810496,1803,970,44.864304499991704,0.0005838938714499253,3.2466332334154067,0.9847834982130156,TRUE
v3_4137_active_learning_final,FALSE,mc_abc,2,1454264448,1.298,0.036000000000000004,1.166,0.036000000000000004,0.65,0.014,0.66,0.014,548262.8708036564,0.000244141,2.956792995183472e-05,0.0008816386910191455,0.0009711392971736159,TRUE,9445376,1882,972,44.8603402999579,9.342301943198804e-05,3.7361677599549976,0.9470091442181794,TRUE
v3_4137_active_learning_final,FALSE,mc_abc,3,627444888,1.3920000000000001,0.036000000000000004,0.998,0.04,0.794,0.014,0.6400000000000001,0.014,562505.5349657695,0.000488281,0.00013305572040454592,0.0012497177298180532,0.001017058630217557,TRUE,9281536,1862,972,45.01636810001219,2.335575485799701e-05,4.071499265261455,0.9762582168491784,TRUE
v3_4137_active_learning_final,TRUE,mc_abc,4,4113981871,1.272,0.036000000000000004,1.252,0.032,0.6400000000000001,0.014,0.648,0.014,537447.9623258283,0.0003662109375,7.552786749571874e-05,0.0010698470956636884,0.0010144327293463954,TRUE,9336832,1868,971,45.08092310000211,0.0009342301943198804,3.1103812006030394,0.9973934779061567,TRUE
v3_4137_active_learning_final,FALSE,mc_abc,5,4212094172,1.374,0.034999999999999996,1.1520000000000001,0.036000000000000004,0.682,0.014,0.6880000000000001,0.014,555625.0924542578,0.000244141,2.956792995183472e-05,0.0008816386910191455,0.0007582798160863828,TRUE,9023488,1832,974,44.9368153999676,9.342301943198804e-05,3.7361677599549976,0.9416669344240626,TRUE
v3_4137_active_learning_final,FALSE,mc_abc,6,2276805683,1.37,0.036000000000000004,0.96,0.042,0.67,0.016,0.67,0.014,560158.5725771445,0.0003662109375,7.552786749571874e-05,0.0010698470956636884,0.0013182775621931038,TRUE,9101312,1840,972,45.31942760001402,2.335575485799701e-05,4.071499265261455,0.9704659080591577,TRUE
v3_4137_active_learning_final,FALSE,mc_abc,7,2858397835,1.294,0.036000000000000004,1.19,0.034,0.656,0.014,0.666,0.014,543696.1014618655,0.000488281,0.00013305572040454592,0.0012497177298180532,0.0011211968073285864,TRUE,8902656,1818,975,45.18449540005531,0.00025691330343796713,3.473442939182251,0.9867568189943589,TRUE
v3_4137_active_learning_final,FALSE,mc_abc,8,2412201501,1.312,0.036000000000000004,1.242,0.032,0.6400000000000001,0.014,0.6400000000000001,0.014,538461.4575777301,0.0003662109375,7.552786749571874e-05,0.0010698470956636884,0.001058258180522248,TRUE,9007104,1821,962,44.28002360003302,0.0007473841554559044,3.1756973085177527,0.994402230022077,TRUE
v3_4137_active_learning_final,FALSE,mc_abc,9,554434428,1.34,0.036000000000000004,1.182,0.034,0.646,0.014,0.6940000000000001,0.014,547075.5279410692,0.0003662109375,7.552786749571874e-05,0.0010698470956636884,0.0008787623620297643,TRUE,8822784,1806,972,44.710771499958355,0.0001868460388639761,3.557998056667551,0.9791492418030394,TRUE
v3_4137_active_learning_final,FALSE,mc_abc,10,2832573760,1.306,0.036000000000000004,1.188,0.034,0.648,0.014,0.642,0.014,541284.3218685384,0.000488281,0.00013305572040454592,0.0012497177298180532,0.0011855449955405894,TRUE,9105408,1839,970,44.88030720001552,0.00025691330343796713,3.473442939182251,0.9863449700201999,TRUE
v3_4137_active_learning_final,FALSE,mc_abc,11,2546365690,1.316,0.036000000000000004,1.192,0.034,0.658,0.014,0.6400000000000001,0.014,543687.3576275763,0.0003662109375,7.552786749571874e-05,0.0010698470956636884,0.0009746152919722735,TRUE,9074688,1827,959,44.13521380000748,0.0001868460388639761,3.557998056667551,0.9787218804368851,TRUE
v3_4137_active_learning_final,FALSE,mc_abc,12,55935964,1.3900000000000001,0.034999999999999996,0.96,0.042,0.738,0.014,0.642,0.014,553584.8730976637,0.0003662109375,7.552786749571874e-05,0.0010698470956636884,0.000939943858938319,TRUE,9097216,1838,970,44.84571239998331,2.335575485799701e-05,4.071499265261455,0.976220636252752,TRUE
v3_4137_active_learning_final,FALSE,mc_abc,13,143401308,1.334,0.034999999999999996,1.036,0.042,0.6400000000000001,0.016,0.66,0.014,562505.6375345576,0.0003662109375,7.552786749571874e-05,0.0010698470956636884,0.0012483828938863453,TRUE,9617408,1903,972,44.73928830004297,0,7.941345326170998,0.9050361040750524,TRUE
v3_4137_active_learning_final,FALSE,mc_abc,14,3309679122,1.44,0.034999999999999996,1.07,0.038,0.748,0.014,0.6400000000000001,0.014,560964.1091365203,0.000244141,2.956792995183472e-05,0.0008816386910191455,0.001093786782931146,TRUE,7487488,1523,812,37.08040540001821,9.342301943198804e-05,3.7361677599549976,0.9479019468248873,TRUE
v3_4137_active_learning_final,FALSE,mc_abc,15,1403661893,1.3760000000000001,0.034999999999999996,1.1420000000000001,0.036000000000000004,0.656,0.014,0.656,0.014,548318.6715545428,0.000244141,2.956792995183472e-05,0.0008816386910191455,0.0009696171454538326,TRUE,9269248,1859,970,44.197360300051514,9.342301943198804e-05,3.7361677599549976,0.9543846244213204,TRUE
v3_4137_active_learning_final,FALSE,mc_abc,16,3089473317,0.96,0.056,0.96,0.042,0.684,0.014,0.68,0.016,564201.4321788963,0.000488281,0.00013305572040454592,0.0012497177298180532,0.0007989160550188493,TRUE,9068544,1836,972,44.825715799990576,0.00016349028400597908,3.59292990548163,0.9667273574115889,TRUE
v3_4137_active_learning_final,FALSE,mc_abc,17,2450749373,1.356,0.036000000000000004,1.12,0.038,0.662,0.014,0.65,0.014,555025.2366788622,0.0003662109375,7.552786749571874e-05,0.0010698470956636884,0.0010066933298262062,TRUE,9080832,1839,974,44.94819500000449,7.006726457399103e-05,3.8079307003776335,0.9148443842297453,TRUE
v3_4137_active_learning_final,FALSE,mc_abc,18,2025468229,1.29,0.038,1.274,0.032,0.66,0.014,0.6880000000000001,0.014,552536.1556818922,0.0003662109375,7.552786749571874e-05,0.0010698470956636884,0.0007827914352838212,TRUE,8964096,1824,973,45.33269319997635,0.0003736920777279522,3.3715796806796496,0.953380678145768,TRUE
v3_4137_active_learning_final,FALSE,mc_abc,19,1138364709,1.328,0.034999999999999996,1.1360000000000001,0.036000000000000004,0.662,0.014,0.6960000000000001,0.014,548093.8193635191,0.000244141,2.956792995183472e-05,0.0008816386910191455,0.0014113374164197122,TRUE,8904704,1816,972,44.9430030999938,4.671150971599402e-05,3.9070676087476404,0.9754557522540973,TRUE
v3_4137_active_learning_final,FALSE,mc_abc,20,2047542432,1.284,0.036000000000000004,1.25,0.032,0.6400000000000001,0.014,0.658,0.014,538916.6976044232,0.0003662109375,7.552786749571874e-05,0.0010698470956636884,0.0009058500330797289,TRUE,9451520,1879,967,45.21618149999995,0.0007473841554559044,3.1756973085177527,0.9947096873450086,TRUE
v3_4137_active_learning_final,FALSE,mc_abc,21,1320218597,1.298,0.036000000000000004,1.256,0.032,0.7000000000000001,0.014,0.642,0.014,547073.3921042809,0.000488281,0.00013305572040454592,0.0012497177298180532,0.0009295532860060788,TRUE,9103360,1841,973,45.54527280002367,0.0005371823617339312,3.270292126592986,0.9830619544051395,TRUE
v3_4137_active_learning_final,FALSE,mc_abc,22,4258311112,1.318,0.036000000000000004,1.168,0.036000000000000004,0.646,0.014,0.666,0.014,550026.8535022539,0.000488281,0.00013305572040454592,0.0012497177298180532,0.0009203231662192979,TRUE,9269248,1862,974,45.52197899995372,9.342301943198804e-05,3.7361677599549976,0.9373035554843415,TRUE
v3_4137_active_learning_final,FALSE,mc_abc,23,3647640339,1.37,0.034999999999999996,1.202,0.034,0.6400000000000001,0.014,0.6400000000000001,0.014,544082.0477313247,0.0003662109375,7.552786749571874e-05,0.0010698470956636884,0.0009501604494143656,TRUE,7976960,1648,899,41.6502160000382,0.0001868460388639761,3.557998056667551,0.958938830720441,TRUE
v3_4137_active_learning_final,FALSE,mc_abc,24,247198484,1.278,0.034999999999999996,1.29,0.032,0.6400000000000001,0.014,0.65,0.014,540466.1406212314,0.000488281,0.00013305572040454592,0.0012497177298180532,0.0009623060337410917,TRUE,9324544,1859,961,45.230025800003204,0.0004904708520179372,3.295936540903697,0.9663612402369357,TRUE
v3_4137_active_learning_final,FALSE,mc_abc,25,3957858703,1.436,0.034999999999999996,0.96,0.042,0.714,0.014,0.662,0.014,555503.8447897042,0.0003662109375,7.552786749571874e-05,0.0010698470956636884,0.0010559970269563134,TRUE,8663040,1746,918,42.244467100012116,2.335575485799701e-05,4.071499265261455,0.9602643471979171,TRUE
v3_4137_active_learning_final,FALSE,mc_abc,26,2204627553,1.31,0.036000000000000004,1.196,0.034,0.65,0.014,0.6920000000000001,0.014,547109.1830132208,0.000488281,0.00013305572040454592,0.0012497177298180532,0.0008452504045512463,TRUE,9226240,1856,973,44.800622599956114,0.00016349028400597908,3.59292990548163,0.9736946355053958,TRUE
v3_4137_active_learning_final,FALSE,mc_abc,27,159269519,1.3900000000000001,0.036000000000000004,1.186,0.034,0.648,0.014,0.646,0.014,547581.6554422751,0.000488281,0.00013305572040454592,0.0012497177298180532,0.0007994885843729483,TRUE,8134656,1722,972,44.760678399994504,0.00025691330343796713,3.473442939182251,0.9609391179991438,TRUE
v3_4137_active_learning_final,FALSE,mc_abc,28,1603438866,1.292,0.036000000000000004,1.252,0.032,0.642,0.014,0.68,0.014,541862.1873840659,0.0003662109375,7.552786749571874e-05,0.0010698470956636884,0.0008656787898862099,TRUE,8996864,1828,973,45.31651319999946,0.0004904708520179372,3.295936540903697,0.9888051714429361,TRUE
v3_4137_active_learning_final,FALSE,mc_abc,29,2994618833,1.306,0.036000000000000004,1.206,0.034,0.6400000000000001,0.014,0.6400000000000001,0.014,542556.7316317137,0.0003662109375,7.552786749571874e-05,0.0010698470956636884,0.0009703002623218395,TRUE,9168896,1849,973,44.99161919998005,0.00014013452914798206,3.632885819868153,0.9673308471874811,TRUE
v3_4137_active_learning_final,FALSE,qmc_amplitude_abc,0,2354602333,1.316,0.034999999999999996,1.3,0.032,0.642,0.014,0.654,0.014,545087.5722705235,0.000488281,0.00013305572040454592,0.0012497177298180532,0.0005856085526147686,TRUE,9064448,1804,930,43.36204279999947,0.0004671150971599402,3.3096190731678092,0.9483054188152883,TRUE
v3_4137_active_learning_final,FALSE,qmc_amplitude_abc,1,2809038303,1.314,0.04,1.1420000000000001,0.036000000000000004,0.658,0.014,0.672,0.014,558212.7601139896,0.000488281,0.00013305572040454592,0.0012497177298180532,0.0006019776405735306,TRUE,9250816,1841,949,44.911113400012255,9.342301943198804e-05,3.7361677599549976,0.9336734033389357,TRUE
v3_4137_active_learning_final,FALSE,qmc_amplitude_abc,2,1454264448,1.3800000000000001,0.036000000000000004,1.202,0.034,0.648,0.014,0.652,0.014,549530.2670999308,0.000488281,0.00013305572040454592,0.0012497177298180532,0.0005880935931831673,TRUE,8914944,1785,929,43.44058729999233,0.0002335575485799701,3.4989380500911955,0.9464300857523502,TRUE
v3_4137_active_learning_final,FALSE,qmc_amplitude_abc,3,627444888,1.3980000000000001,0.034999999999999996,0.96,0.042,0.756,0.014,0.6900000000000001,0.014,560476.4626574442,0.000488281,0.00013305572040454592,0.0012497177298180532,0.0005680312548890889,TRUE,9275392,1859,969,45.4958728000056,2.335575485799701e-05,4.071499265261455,0.969086009401758,TRUE
v3_4137_active_learning_final,FALSE,qmc_amplitude_abc,4,4113981871,1.314,0.034999999999999996,1.302,0.032,0.6400000000000001,0.014,0.642,0.014,543942.3454030454,0.000488281,0.00013305572040454592,0.0012497177298180532,0.000600175612485189,TRUE,8271872,1642,843,39.456972100015264,0.0004671150971599402,3.3096190731678092,0.9476785600692241,TRUE
v3_4137_active_learning_final,FALSE,qmc_amplitude_abc,5,4212094172,1.342,0.036000000000000004,1.232,0.034,0.6400000000000001,0.014,0.6400000000000001,0.014,548788.240816339,0.000488281,0.00013305572040454592,0.0012497177298180532,0.0005845130369691695,TRUE,8916992,1813,966,45.2196130999946,0.0002335575485799701,3.4989380500911955,0.9293321467175145,TRUE
v3_4137_active_learning_final,FALSE,qmc_amplitude_abc,6,2276805683,1.292,0.036000000000000004,1.306,0.032,0.6400000000000001,0.014,0.672,0.014,547893.9233570714,0.000488281,0.00013305572040454592,0.0012497177298180532,0.0005864664919498809,TRUE,9572352,1896,970,45.25298180000391,0.0004204035874439462,3.338999493934358,0.9443147835045399,TRUE
v3_4137_active_learning_final,FALSE,qmc_amplitude_abc,7,2858397835,1.356,0.034999999999999996,0.96,0.042,0.754,0.014,0.646,0.016,560864.267677613,0.000488281,0.00013305572040454592,0.0012497177298180532,0.0005678382214695846,TRUE,8826880,1808,974,45.822678499971516,0.00014013452914798206,3.632885819868153,0.986709057943044,TRUE
v3_4137_active_learning_final,FALSE,qmc_amplitude_abc,8,2412201501,1.356,0.036000000000000004,1.21,0.034,0.644,0.014,0.664,0.014,549333.6222132011,0.000488281,0.00013305572040454592,0.0012497177298180532,0.0005961226063002785,TRUE,9265152,1836,940,44.02305180003168,0.0002335575485799701,3.4989380500911955,0.9454974033543451,TRUE
v3_4137_active_learning_final,FALSE,qmc_amplitude_abc,9,554434428,1.364,0.036000000000000004,1.288,0.032,0.648,0.014,0.6400000000000001,0.014,549272.0694148014,0.000488281,0.00013305572040454592,0.0012497177298180532,0.0005283992869319146,TRUE,9224192,1855,972,46.00208639999619,0.0005838938714499253,3.2466332334154067,0.953334351410499,TRUE
v3_4137_active_learning_final,FALSE,qmc_amplitude_abc,10,2832573760,1.334,0.036000000000000004,1.29,0.032,0.6400000000000001,0.014,0.652,0.014,547280.5645113864,0.000488281,0.00013305572040454592,0.0012497177298180532,0.000554892179063135,TRUE,9453568,1883,972,45.481542699970305,0.0004671150971599402,3.3096190731678092,0.9476552154283807,TRUE
v3_4137_active_learning_final,FALSE,qmc_amplitude_abc,11,2546365690,1.362,0.036000000000000004,1.212,0.034,0.6400000000000001,0.014,0.652,0.014,548538.3337832233,0.000488281,0.00013305572040454592,0.0012497177298180532,0.0005980266285422013,TRUE,9517056,1881,959,44.92893880000338,0.0002335575485799701,3.4989380500911955,0.9420316879295451,TRUE
v3_4137_active_learning_final,FALSE,qmc_amplitude_abc,12,55935964,1.322,0.034999999999999996,1.302,0.032,0.6400000000000001,0.014,0.6400000000000001,0.014,544352.7617254251,0.000488281,0.00013305572040454592,0.0012497177298180532,0.00056917447962766,TRUE,8914944,1797,945,44.51429810002446,0.0004671150971599402,3.3096190731678092,0.9476741856782894,TRUE
v3_4137_active_learning_final,FALSE,qmc_amplitude_abc,13,143401308,1.33,0.036000000000000004,1.23,0.034,0.6400000000000001,0.014,0.654,0.014,548793.0498786682,0.000488281,0.00013305572040454592,0.0012497177298180532,0.0006006390386737607,TRUE,8370176,1669,863,40.90280460001668,0.0001868460388639761,3.557998056667551,0.9337142105868242,TRUE
v3_4137_active_learning_final,FALSE,qmc_amplitude_abc,14,3309679122,1.408,0.034999999999999996,0.96,0.042,0.762,0.014,0.648,0.014,558457.8259117127,0.000488281,0.00013305572040454592,0.0012497177298180532,0.0005817072754722253,TRUE,9232384,1856,972,45.571732899989,2.335575485799701e-05,4.071499265261455,0.9677998077228495,TRUE
v3_4137_active_learning_final,FALSE,qmc_amplitude_abc,15,1403661893,1.342,0.036000000000000004,1.302,0.032,0.66,0.014,0.6400000000000001,0.014,550978.2008247132,0.000488281,0.00013305572040454592,0.0012497177298180532,0.0004716593968263225,TRUE,8773632,1800,972,45.75065280002309,0.0004904708520179372,3.295936540903697,0.9459784479115861,TRUE
v3_4137_active_learning_final,FALSE,qmc_amplitude_abc,16,3089473317,1.358,0.034999999999999996,1.306,0.032,0.6400000000000001,0.014,0.642,0.014,547633.8170933737,0.000488281,0.00013305572040454592,0.0012497177298180532,0.0004506993682270796,TRUE,8972288,1825,973,45.52859090000857,0.0005138266068759343,3.282844537738973,0.9460179656277875,TRUE
v3_4137_active_learning_final,FALSE,qmc_amplitude_abc,17,2450749373,1.338,0.036000000000000004,1.228,0.034,0.6400000000000001,0.014,0.668,0.014,550282.838944716,0.000488281,0.00013305572040454592,0.0012497177298180532,0.0005627340259646634,TRUE,9156608,1843,967,45.60412760003237,0.0001868460388639761,3.557998056667551,0.9327997428604512,TRUE
v3_4137_active_learning_final,FALSE,qmc_amplitude_abc,18,2025468229,1.296,0.034999999999999996,1.308,0.032,0.6980000000000001,0.014,0.65,0.014,551509.0765785917,0.000488281,0.00013305572040454592,0.0012497177298180532,0.0005610122918168349,TRUE,8781824,1798,968,48.50387859996408,0.0004904708520179372,3.295936540903697,0.9488272513717663,TRUE
v3_4137_active_learning_final,FALSE,qmc_amplitude_abc,19,1138364709,1.332,0.036000000000000004,1.234,0.034,0.6400000000000001,0.014,0.6400000000000001,0.014,548319.4850589362,0.000488281,0.00013305572040454592,0.0012497177298180532,0.0005916637842360348,TRUE,8054784,1617,845,41.69427579996409,0.0002335575485799701,3.4989380500911955,0.9300944763799303,TRUE
v3_4137_active_learning_final,FALSE,qmc_amplitude_abc,20,2047542432,1.298,0.036000000000000004,1.328,0.032,0.6400000000000001,0.014,0.6400000000000001,0.02,570196.1566499722,0.000488281,0.00013305572040454592,0.0012497177298180532,0.0005918726311623918,TRUE,9336832,1865,967,48.49248279997846,0.0009342301943198804,3.1103812006030394,0.9725653231751563,TRUE
v3_4137_active_learning_final,FALSE,qmc_amplitude_abc,21,1320218597,1.326,0.036000000000000004,1.172,0.036000000000000004,0.686,0.014,0.682,0.014,557657.737909937,0.000488281,0.00013305572040454592,0.0012497177298180532,0.00058880591071861,TRUE,9713664,1917,975,49.94865330000175,9.342301943198804e-05,3.7361677599549976,0.928092389065759,TRUE
v3_4137_active_learning_final,FALSE,qmc_amplitude_abc,22,4258311112,1.342,0.036000000000000004,1.242,0.034,0.6400000000000001,0.014,0.6400000000000001,0.014,550156.9120386208,0.000488281,0.00013305572040454592,0.0012497177298180532,0.0005305308593202598,TRUE,9144320,1846,973,49.394496999972034,0.0002335575485799701,3.4989380500911955,0.9196585033775574,TRUE
v3_4137_active_learning_final,FALSE,qmc_amplitude_abc,23,3647640339,1.368,0.036000000000000004,1.204,0.034,0.65,0.014,0.654,0.014,549336.1198773548,0.000488281,0.00013305572040454592,0.0012497177298180532,0.0005924814959697853,TRUE,9265152,1842,948,47.98209519998636,0.00025691330343796713,3.473442939182251,0.9489440574399656,TRUE
v3_4137_active_learning_final,FALSE,qmc_amplitude_abc,24,247198484,1.324,0.036000000000000004,1.24,0.034,0.6400000000000001,0.014,0.644,0.014,548880.8475933945,0.000488281,0.00013305572040454592,0.0012497177298180532,0.0005925200605428215,TRUE,6823936,1367,712,36.211570299987216,0.0002335575485799701,3.4989380500911955,0.926298300211188,TRUE
v3_4137_active_learning_final,FALSE,qmc_amplitude_abc,25,3957858703,1.358,0.04,0.96,0.042,0.682,0.014,0.674,0.016,567695.5116720292,0.000488281,0.00013305572040454592,0.0012497177298180532,0.0005870544337107079,TRUE,8882176,1811,969,49.90894909994677,2.335575485799701e-05,4.071499265261455,0.9437312032214596,TRUE
v3_4137_active_learning_final,FALSE,qmc_amplitude_abc,26,2204627553,0.96,0.054,0.96,0.042,0.686,0.016,0.678,0.016,572757.1801280353,0.000488281,0.00013305572040454592,0.0012497177298180532,0.0005905171752542939,TRUE,9129984,1827,950,49.046542099968065,0.0002102017937219731,3.526932713146477,0.9806362010522311,TRUE
v3_4137_active_learning_final,FALSE,qmc_amplitude_abc,27,159269519,1.316,0.036000000000000004,1.03,0.042,0.7000000000000001,0.014,0.652,0.016,566039.5695974722,0.000488281,0.00013305572040454592,0.0012497177298180532,0.0005855237090091645,TRUE,9125888,1825,948,50.117389300023206,0,7.941345326170998,0.9119216228154902,TRUE
v3_4137_active_learning_final,TRUE,qmc_amplitude_abc,28,1603438866,1.316,0.034999999999999996,1.3,0.032,0.6400000000000001,0.014,0.6400000000000001,0.014,543662.0103275974,0.000488281,0.00013305572040454592,0.0012497177298180532,0.0006056785056462353,TRUE,6600704,1333,703,37.07730679999804,0.0004671150971599402,3.3096190731678092,0.9486804403417399,TRUE
v3_4137_active_learning_final,FALSE,qmc_amplitude_abc,29,2994618833,1.312,0.036000000000000004,1.294,0.032,0.6400000000000001,0.014,0.6400000000000001,0.014,545159.8955597203,0.000488281,0.00013305572040454592,0.0012497177298180532,0.0005886910827233758,TRUE,6547456,1313,685,35.92100140004186,0.0004904708520179372,3.295936540903697,0.9485994621463697,TRUE
v3_4137_active_learning_final,FALSE,na_qae_abc,0,2354602333,1.322,0.036000000000000004,1.236,0.032,0.6400000000000001,0.014,0.6400000000000001,0.014,538431.0508893596,0.0011375812163631953,0.0009562506107344011,0.0013387028918506595,0.0011526195859855128,TRUE,3784704,1182,960,62.5228920999798,0.0010042974588938714,3.0889585037554803,0.9974490107207625,TRUE
v3_4137_active_learning_final,FALSE,na_qae_abc,1,2809038303,1.33,0.036000000000000004,1.178,0.034,0.642,0.014,0.67,0.014,543268.5973670188,0.001069211265814125,0.000895928624181902,0.001260622371264559,0.0011849216397072798,TRUE,3909632,1207,973,63.26519330003066,0.0003036248131539611,3.428355536323075,0.9882442632138944,TRUE
v3_4137_active_learning_final,FALSE,na_qae_abc,2,1454264448,1.356,0.036000000000000004,1.1260000000000001,0.036000000000000004,0.652,0.014,0.67,0.014,547863.9977780696,0.0010640879444181407,0.0008876627985677736,0.0012591979293080828,0.0013103349163365312,TRUE,5048320,1346,973,63.95676650002133,9.342301943198804e-05,3.7361677599549976,0.9702230173202452,TRUE
v3_4137_active_learning_final,FALSE,na_qae_abc,3,627444888,1.302,0.034999999999999996,1.246,0.032,0.804,0.014,0.6400000000000001,0.014,556689.8407048112,0.0011334274276993946,0.0009527910025691099,0.0013337058996966107,0.0010698313387762593,TRUE,3635200,1115,895,57.7136279999977,0.0010042974588938714,3.0889585037554803,0.9956706021963289,TRUE
v3_4137_active_learning_final,FALSE,na_qae_abc,4,4113981871,1.286,0.034999999999999996,1.244,0.032,0.6400000000000001,0.014,0.6400000000000001,0.014,534282.712046698,0.0007613524651124392,0.0004912690407240573,0.0010927404572060328,0.0012815726022731122,TRUE,4433920,1142,801,52.76486659998773,0.004437593423019432,2.6168248521394704,1.0099346269699245,FALSE
v3_4137_active_learning_final,FALSE,na_qae_abc,5,4212094172,1.366,0.034999999999999996,0.96,0.042,0.644,0.016,0.642,0.016,558351.3324049605,0.001134257170311881,0.0009523784512946406,0.0013360890500910235,0.0012668237827917377,TRUE,4968448,1322,954,61.31522980000591,4.671150971599402e-05,3.9070676087476404,0.9829519029908,TRUE
v3_4137_active_learning_final,FALSE,na_qae_abc,6,2276805683,1.366,0.034999999999999996,0.96,0.042,0.6920000000000001,0.014,0.6400000000000001,0.016,553076.3516443989,0.0009656772518292992,0.0006537473195622625,0.001346583043930115,0.0010743498685837627,TRUE,4204544,1240,969,59.2097880000365,0.00011677877428998505,3.6796464312202093,0.9864385619315922,TRUE
v3_4137_active_learning_final,FALSE,na_qae_abc,7,2858397835,1.268,0.036000000000000004,1.188,0.034,0.646,0.014,0.646,0.014,538540.9810301387,0.0011402139214856978,0.0009584798625012323,0.001341747574671396,0.0012181575460961038,TRUE,5464064,1354,916,56.76090769999428,0.0011677877428998506,3.0438680590435663,0.9992755792507196,TRUE
v3_4137_active_learning_final,FALSE,na_qae_abc,8,2412201501,1.254,0.036000000000000004,1.192,0.034,0.644,0.014,0.6400000000000001,0.014,537291.7051786729,0.001105668815267995,0.000928710798813292,0.001301433362247652,0.0014102943676710857,TRUE,5089280,1225,805,50.48735829995712,0.002218796711509716,2.845254626817738,1.0054308485807686,FALSE
v3_4137_active_learning_final,FALSE,na_qae_abc,9,554434428,1.366,0.034999999999999996,0.96,0.042,0.728,0.014,0.6400000000000001,0.014,550405.1673558155,0.0011104910687131523,0.000931896233261316,0.0013081659942138048,0.0012662838263247298,TRUE,4757504,1282,935,56.56937730003847,9.342301943198804e-05,3.7361677599549976,0.9846344111997238,TRUE
v3_4137_active_learning_final,FALSE,na_qae_abc,10,2832573760,0.96,0.054,0.96,0.042,0.678,0.014,0.662,0.016,558208.6425059292,0.0011158954289475355,0.0009358985156647896,0.0013152713977910948,0.001239395850534694,TRUE,5249024,1366,967,59.15115119999973,0.0002335575485799701,3.4989380500911955,0.9848338802818436,TRUE
v3_4137_active_learning_final,FALSE,na_qae_abc,11,2546365690,1.322,0.034999999999999996,0.96,0.044,0.6880000000000001,0.014,0.6400000000000001,0.016,556424.6634303675,0.0010806156353380947,0.0009054179824525052,0.0012741777049070778,0.001274426963279592,TRUE,4960256,1333,970,59.3536767999758,2.335575485799701e-05,4.071499265261455,0.9466550370217037,TRUE
v3_4137_active_learning_final,FALSE,na_qae_abc,12,55935964,1.358,0.034999999999999996,0.96,0.042,0.732,0.014,0.642,0.014,550506.8123012579,0.0007662446686058165,0.0004925590330007301,0.0011004299542602422,0.0012394617670115978,TRUE,5085184,1322,935,57.061227400030475,0.00014013452914798206,3.632885819868153,0.9873350398007184,TRUE
v3_4137_active_learning_final,FALSE,na_qae_abc,13,143401308,1.272,0.04,0.96,0.042,0.6900000000000001,0.014,0.6400000000000001,0.016,558378.6836632947,0.0008276739914973584,0.0005408179206660904,0.0011788363772063804,0.0012726346393105473,TRUE,5304320,1351,938,57.87399569997797,2.335575485799701e-05,4.071499265261455,0.9773743088251763,TRUE
v3_4137_active_learning_final,FALSE,na_qae_abc,14,3309679122,1.316,0.036000000000000004,1.184,0.034,0.6400000000000001,0.014,0.6400000000000001,0.014,540288.1449445533,0.0007769404713425909,0.0005028840720169959,0.0011121653094783922,0.0012546827839113016,TRUE,4163584,1223,953,56.93405950005399,0.00025691330343796713,3.473442939182251,0.9876427810847458,TRUE
v3_4137_active_learning_final,FALSE,na_qae_abc,15,1403661893,1.352,0.034999999999999996,1.1460000000000001,0.036000000000000004,0.65,0.014,0.652,0.014,546063.6236969008,0.0011429184350330455,0.0009599825922591275,0.0013459295639586194,0.001260440544840937,TRUE,4804608,1245,878,53.485878099978436,9.342301943198804e-05,3.7361677599549976,0.9589223879836427,TRUE
v3_4137_active_learning_final,FALSE,na_qae_abc,16,3089473317,0.96,0.054,0.96,0.042,0.6880000000000001,0.014,0.654,0.016,558725.0201267388,0.0011315011467342906,0.000949602523227242,0.0013330615275680508,0.001210155837389023,TRUE,5087232,1344,964,58.97759289998794,0.0002335575485799701,3.4989380500911955,0.9853380194281531,TRUE
v3_4137_active_learning_final,FALSE,na_qae_abc,17,2450749373,1.314,0.036000000000000004,1.1380000000000001,0.036000000000000004,0.652,0.014,0.656,0.014,545315.0260142608,0.0009312572073075176,0.0006326380810124548,0.0012924901708743289,0.0012862654390592458,TRUE,4339712,1087,743,46.06267160002608,7.006726457399103e-05,3.8079307003776335,0.9724024126344493,TRUE
v3_4137_active_learning_final,FALSE,na_qae_abc,18,2025468229,1.292,0.036000000000000004,1.232,0.032,0.6400000000000001,0.014,0.6400000000000001,0.014,535688.3164236292,0.0009677413685096024,0.0006584066695637394,0.0013443431474756782,0.0012638341010259946,TRUE,3979264,1190,939,54.996306999993976,0.005418535127055307,2.5479091072851703,1.0126011311686645,FALSE
v3_4137_active_learning_final,FALSE,na_qae_abc,19,1138364709,1.37,0.034999999999999996,0.96,0.042,0.73,0.014,0.6400000000000001,0.014,550949.9441015602,0.0011244956249005808,0.0009439912996907015,0.0013244560495009796,0.0011939708937846794,TRUE,4546560,1272,956,56.06173299998045,4.671150971599402e-05,3.9070676087476404,0.9829672340982648,TRUE
v3_4137_active_learning_final,FALSE,na_qae_abc,20,2047542432,1.298,0.034999999999999996,1.352,0.03,0.6400000000000001,0.014,0.646,0.014,539176.519235238,0.001125386252440525,0.0009435393352646389,0.0013269805184877362,0.0013118752574653011,TRUE,6627328,1502,924,56.483179299975745,0.0013079222720478326,3.0096087031152727,0.9974268605357028,TRUE
v3_4137_active_learning_final,FALSE,na_qae_abc,21,1320218597,1.36,0.034999999999999996,0.96,0.042,0.728,0.014,0.642,0.014,550139.1240893528,0.0007874321713796873,0.0005099549643627673,0.00112750475891317,0.001339934831128286,TRUE,4493312,1273,966,55.64380080002593,0.00011677877428998505,3.6796464312202093,0.9867957183053894,TRUE
v3_4137_active_learning_final,FALSE,na_qae_abc,22,4258311112,1.266,0.036000000000000004,1.246,0.032,0.6400000000000001,0.014,0.6400000000000001,0.014,535561.268029331,0.001120992379738839,0.0009423876587107151,0.0013189002597876042,0.0011965419120664891,TRUE,4374528,1263,972,55.525416899996344,0.002919469357249626,2.7566916343385515,1.0066294803394857,FALSE
v3_4137_active_learning_final,FALSE,na_qae_abc,23,3647640339,1.318,0.036000000000000004,1.226,0.032,0.6400000000000001,0.014,0.642,0.014,537012.9696395217,0.0008904529785403811,0.0005898243373288317,0.0012574377506778857,0.0014306794706460187,TRUE,3991552,1193,941,52.8797307999921,0.004437593423019432,2.6168248521394704,1.0097906180393772,FALSE
v3_4137_active_learning_final,TRUE,na_qae_abc,24,247198484,1.31,0.034999999999999996,1.332,0.03,0.6400000000000001,0.014,0.6400000000000001,0.014,537126.2277099079,0.001139914233879077,0.0009582264083711607,0.001341460171544022,0.0013562416874787339,TRUE,5623808,1387,934,53.492765599978156,0.0013312780269058295,3.0002281233026147,0.9987871995160036,TRUE
v3_4137_active_learning_final,FALSE,na_qae_abc,25,3957858703,1.3840000000000001,0.034999999999999996,0.96,0.042,0.718,0.014,0.644,0.014,550758.5234920905,0.001140543178240384,0.0009582769958401229,0.001342817213357108,0.0013094577398387467,TRUE,5056512,1287,893,51.099908699980006,2.335575485799701e-05,4.071499265261455,0.9780382932677407,TRUE
v3_4137_active_learning_final,FALSE,na_qae_abc,26,2204627553,1.326,0.036000000000000004,1.1380000000000001,0.036000000000000004,0.65,0.014,0.656,0.014,545949.9833825807,0.0008488189979341802,0.0005593340159914962,0.001202806382863029,0.001205883457139971,TRUE,5183488,1334,935,53.26126070000464,9.342301943198804e-05,3.7361677599549976,0.9683130549777987,TRUE
v3_4137_active_learning_final,FALSE,na_qae_abc,27,159269519,1.428,0.036000000000000004,0.96,0.042,0.712,0.014,0.642,0.014,555798.3377318081,0.0011366404369891007,0.0009567311910537314,0.0013361251589121624,0.0011881680529839244,TRUE,4126720,1232,971,53.73661490000086,2.335575485799701e-05,4.071499265261455,0.9552585355938934,TRUE
v3_4137_active_learning_final,FALSE,na_qae_abc,28,1603438866,1.298,0.036000000000000004,1.188,0.034,0.6400000000000001,0.014,0.6400000000000001,0.014,539499.1314301197,0.0010810351552435352,0.0009060351683187809,0.0012744593286654344,0.0012657138871483757,TRUE,4081664,1132,845,47.28767330001574,0.00032698056801195815,3.408186784872044,0.9892746633413575,TRUE
v3_4137_active_learning_final,FALSE,na_qae_abc,29,2994618833,0.96,0.054,0.96,0.042,0.7000000000000001,0.014,0.736,0.014,559664.5042827476,0.0011390721800337029,0.0009604825743998482,0.001337084065228439,0.0013273944213283487,TRUE,5296128,1362,954,56.2433660000097,0.0002102017937219731,3.526932713146477,0.9794616754155205,TRUE
v3_4137_active_learning_final,FALSE,na_qae_de,0,2354602333,1.33,0.036000000000000004,1.254,0.032,0.76,0.014,0.676,0.016,567422.2966645298,0.0009924076251826696,0.000824797027553585,0.0011773434599406968,0.0009499146831896182,TRUE,3850240,1208,984,54.245161700004246,0.0007006726457399103,3.194373821158327,0.9751582537701369,TRUE
v3_4137_active_learning_final,FALSE,na_qae_de,1,2809038303,1.34,0.036000000000000004,1.188,0.034,0.646,0.014,0.772,0.014,554412.6908246733,0.00043390280314822377,0.00023364680599923562,0.0006912290227286434,0.0007488027089453037,TRUE,3203072,1129,984,53.81612380000297,0.0001868460388639761,3.557998056667551,0.9687055036246848,TRUE
v3_4137_active_learning_final,FALSE,na_qae_de,2,1454264448,1.268,0.036000000000000004,1.3960000000000001,0.03,0.7000000000000001,0.014,0.6940000000000001,0.014,556484.1080462354,0.0010793230264616184,0.0009033749939162509,0.0012739483742543818,0.0011805225222539806,TRUE,2859008,1087,984,52.63348270003917,0.0013312780269058295,3.0002281233026147,0.9971819186554151,TRUE
v3_4137_active_learning_final,FALSE,na_qae_de,3,627444888,1.118,0.038,0.982,0.044,0.732,0.014,0.6900000000000001,0.018000000000000002,570296.1201399342,0.0009608439886990668,0.0006471347031846499,0.0013448978392598973,0.001212726991223596,TRUE,5042176,1352,982,55.78042059997097,0.00025691330343796713,3.473442939182251,0.9696714629548634,TRUE
v3_4137_active_learning_final,FALSE,na_qae_de,4,4113981871,1.278,0.036000000000000004,1.216,0.034,0.648,0.014,0.6940000000000001,0.014,547381.6027192111,0.0010303696610122935,0.0008593824574605625,0.0012191328207752376,0.0009328321881334114,TRUE,3659776,1184,983,53.722114100004546,0.00016349028400597908,3.59292990548163,0.9634914360232761,TRUE
v3_4137_active_learning_final,FALSE,na_qae_de,5,4212094172,1.352,0.036000000000000004,0.968,0.042,0.732,0.014,0.654,0.014,555070.7446724186,0.0009295593398338365,0.0006260567151906251,0.0012995264979176631,0.0012240093526361545,TRUE,3350528,1147,984,53.54936949996045,2.335575485799701e-05,4.071499265261455,0.9698919462372009,TRUE
v3_4137_active_learning_final,FALSE,na_qae_de,6,2276805683,1.292,0.036000000000000004,1.23,0.032,0.654,0.014,0.682,0.014,540731.4925579788,0.0009099470054834163,0.0006036384058589417,0.0012848734138334909,0.001239711420305266,TRUE,3514368,1167,984,53.69891820003977,0.005325112107623318,2.553970621837336,1.0119312227690014,FALSE
v3_4137_active_learning_final,FALSE,na_qae_de,7,2858397835,1.296,0.036000000000000004,1.254,0.032,0.64,0.014,0.6900000000000001,0.014,542996.1644874165,0.0008553574842506692,0.0005668335618142738,0.001206866361726489,0.000851900030769343,TRUE,3051520,1109,982,52.7232984000002,0.0004904708520179372,3.295936540903697,0.9853214361663786,TRUE
v3_4137_active_learning_final,FALSE,na_qae_de,8,2412201501,1.334,0.036000000000000004,1.24,0.032,0.66,0.014,0.646,0.014,542898.8373947177,0.0010452149106396239,0.0008707559903804834,0.0012381675402384103,0.0010877099711133257,TRUE,3506176,1166,984,54.38470340002095,0.0006773168908819133,3.204146818537129,0.9895077284024993,TRUE
v3_4137_active_learning_final,FALSE,na_qae_de,9,554434428,1.27,0.036000000000000004,1.194,0.034,0.642,0.014,0.664,0.014,540502.3036076501,0.0009677413685096024,0.0006584066695637394,0.0013443431474756782,0.0010828990125093944,TRUE,3160064,1123,983,52.97602549998555,0.00035033632286995514,3.3893158048307583,0.9914988620742847,TRUE
v3_4137_active_learning_final,FALSE,na_qae_de,10,2832573760,1.248,0.036000000000000004,1.206,0.034,0.656,0.014,0.658,0.014,541802.2178038106,0.0009089796349406366,0.0006091433152317724,0.001274400354728378,0.0012258044340760564,TRUE,3512320,1166,983,53.86735360004241,0.0009809417040358745,3.0959425920475194,0.9911443352005045,TRUE
v3_4137_active_learning_final,FALSE,na_qae_de,11,2546365690,1.328,0.036000000000000004,1.2,0.034,0.656,0.014,0.66,0.014,547088.0109866033,0.0006145651559571339,0.0003722438983719129,0.0009179727640425506,0.0007206390761866801,TRUE,3160064,1123,983,53.1047719999915,0.00011677877428998505,3.6796464312202093,0.9646200476758084,TRUE
v3_4137_active_learning_final,FALSE,na_qae_de,12,55935964,1.308,0.036000000000000004,1.188,0.034,0.648,0.014,0.6960000000000001,0.014,545943.8692036882,0.0007232641676926848,0.0005838741497072322,0.0008775886666089135,0.0009940851446731376,TRUE,3522560,1168,984,53.68372600001749,0.0002335575485799701,3.4989380500911955,0.9830209606074236,TRUE
v3_4137_active_learning_final,FALSE,na_qae_de,13,143401308,1.358,0.036000000000000004,0.968,0.042,0.72,0.014,0.666,0.014,554982.510277797,0.0011215433632001078,0.000940010888505723,0.0013227866410349491,0.0012565268302554716,TRUE,3735552,1194,984,54.10534859995823,2.335575485799701e-05,4.071499265261455,0.9679499666606135,TRUE
v3_4137_active_learning_final,FALSE,na_qae_de,14,3309679122,1.282,0.036000000000000004,1.286,0.032,0.6960000000000001,0.014,0.642,0.014,549237.830284632,0.0007094133637346229,0.0004513050304282226,0.0010257431656573574,0.0007866667072784189,TRUE,3338240,1144,982,53.438146199972834,0.0003736920777279522,3.3715796806796496,0.96079298668375,TRUE
v3_4137_active_learning_final,FALSE,na_qae_de,15,1403661893,0.972,0.05,0.984,0.042,0.732,0.014,0.686,0.016,565646.0823213283,0.000922281795928118,0.0006200126415662322,0.0012905491226775305,0.0011986819154906926,TRUE,4868096,1330,981,55.95954850001726,0.0002335575485799701,3.4989380500911955,0.978067467907662,TRUE
v3_4137_active_learning_final,FALSE,na_qae_de,16,3089473317,1.348,0.036000000000000004,1.236,0.032,0.67,0.014,0.666,0.014,546373.9711196038,0.0011279108410639943,0.0009454925421405787,0.0013301133072701728,0.0012493424420380369,TRUE,3272704,1136,982,53.22442470001988,0.0007473841554559044,3.1756973085177527,0.9884739495764451,TRUE
v3_4137_active_learning_final,FALSE,na_qae_de,17,2450749373,1.286,0.036000000000000004,1.238,0.032,0.642,0.014,0.652,0.014,537274.2051543817,0.001142489676077033,0.0009568304969929442,0.001348444246368996,0.0010912531630659567,TRUE,4108288,1238,982,54.63661269994918,0.0033398729446935723,2.712402351101239,1.0074155272666088,FALSE
v3_4137_active_learning_final,FALSE,na_qae_de,18,2025468229,1.342,0.036000000000000004,0.992,0.042,0.732,0.014,0.66,0.014,558887.1899981293,0.0009715682326779117,0.0008061148267617756,0.0011541185366510693,0.0010558352397390855,TRUE,3219456,1131,984,53.17829850001726,2.335575485799701e-05,4.071499265261455,0.9447005492868432,TRUE
v3_4137_active_learning_final,FALSE,na_qae_de,19,1138364709,1.278,0.036000000000000004,1.194,0.034,0.65,0.014,0.8200000000000001,0.016,564580.1928750788,0.0009356461113335043,0.000633622744639243,0.0013023740602724674,0.0010992951307795247,TRUE,3432448,1157,984,53.637346800009254,0.00032698056801195815,3.408186784872044,0.9813197703144811,TRUE
v3_4137_active_learning_final,FALSE,na_qae_de,20,2047542432,1.3760000000000001,0.036000000000000004,0.964,0.042,0.684,0.014,0.67,0.016,559006.063556826,0.0010574390316561966,0.0008826726371774116,0.001250566234754914,0.0010736615292640183,TRUE,3618816,1179,983,53.5592517000041,2.335575485799701e-05,4.071499265261455,0.967114926696526,TRUE
v3_4137_active_learning_final,FALSE,na_qae_de,21,1320218597,1.29,0.036000000000000004,1.248,0.032,0.664,0.014,0.668,0.014,543012.3064888346,0.0009532341320560687,0.0006430955337877458,0.0013316591571655527,0.0009551657309587795,TRUE,3178496,1126,984,53.28950969997095,0.0007240284005979073,3.1848967159565307,0.99352494872385,TRUE
v3_4137_active_learning_final,FALSE,na_qae_de,22,4258311112,1.272,0.036000000000000004,1.194,0.034,0.65,0.014,0.708,0.014,545350.5939720036,0.0007991688341160069,0.0005201037013738092,0.0011410146802607619,0.001041022959237064,TRUE,3309568,1142,984,54.15048080001725,0.0002102017937219731,3.526932713146477,0.9880255056108458,TRUE
v3_4137_active_learning_final,TRUE,na_qae_de,23,3647640339,1.274,0.036000000000000004,1.262,0.032,0.642,0.014,0.648,0.014,539140.6521104926,0.0009581252516386296,0.000644141740722158,0.0013417312398180173,0.0009290345575654677,TRUE,3538944,1170,984,54.0856824000366,0.0004671150971599402,3.3096190731678092,0.9862908802663638,TRUE
v3_4137_active_learning_final,FALSE,na_qae_de,24,247198484,1.27,0.036000000000000004,1.186,0.034,0.67,0.014,0.67,0.014,543493.023208444,0.0011431813579771042,0.0009615337153936197,0.001344532571548818,0.001193297214793033,TRUE,3821568,1203,982,53.695107299950905,0.0011444319880418534,3.049940905305089,0.9987810620759483,TRUE
v3_4137_active_learning_final,FALSE,na_qae_de,25,3957858703,1.268,0.036000000000000004,1.266,0.032,0.656,0.014,0.642,0.014,540501.4093030443,0.00091352614982171,0.0007534627711569887,0.0010902435307000888,0.000976817832128444,TRUE,3602432,1177,983,53.81770630000392,0.0004437593423019432,3.3239507485951023,0.9843979331431117,TRUE
v3_4137_active_learning_final,FALSE,na_qae_de,26,2204627553,1.374,0.036000000000000004,1.178,0.034,0.65,0.014,0.672,0.014,547726.7518121317,0.000842088542511259,0.0005580841331753162,0.0011875644106383932,0.0009700472450608275,TRUE,3223552,1130,982,53.02177190000657,0.0002102017937219731,3.526932713146477,0.9729136682438845,TRUE
v3_4137_active_learning_final,FALSE,na_qae_de,27,159269519,1.288,0.036000000000000004,1.208,0.034,0.65,0.014,0.644,0.014,543108.2888449542,0.0011344167199055075,0.0009545626380752416,0.0013338449564436047,0.0010681328122913523,TRUE,3489792,1164,984,53.5816014999873,0.0001868460388639761,3.557998056667551,0.9710949664814427,TRUE
v3_4137_active_learning_final,FALSE,na_qae_de,28,1603438866,0.974,0.052000000000000005,0.972,0.042,0.728,0.014,0.66,0.016,564426.0954955313,0.0008855406677874909,0.0005890115685530885,0.0012468270456962535,0.0010603484639078896,TRUE,4694016,1311,984,56.004732100002,0.0002102017937219731,3.526932713146477,0.9785061435303686,TRUE
v3_4137_active_learning_final,FALSE,na_qae_de,29,2994618833,1.358,0.036000000000000004,0.966,0.042,0.728,0.014,0.658,0.014,555000.1869063127,0.0010757013069983064,0.0009006305565676504,0.0012692014401539178,0.0011635509525447204,TRUE,3373056,1149,983,53.4279203999904,2.335575485799701e-05,4.071499265261455,0.9705658385317936,TRUE
sf05_sensitivity,TRUE,original_oc4,-1,0,1.2,0.05,1.2,0.035,0.8,0.02,0.8,0.02,673882.7346821574,0.0018691291602594463,0.0018691291602594463,0.0018691291602594463,0.0018691291602594463,FALSE,0,1,1,0,0.0018918161434977579,2.895659058245924,1.0241316031281424,FALSE
sf05_sensitivity,FALSE,na_qae_abc,0,2354602333,1.266,0.036000000000000004,0.96,0.04,0.6400000000000001,0.014,0.6400000000000001,0.014,527317.0366668812,0.0004005656959229329,0.00020490350465619513,0.0006566403163857549,0.00038122756679465596,TRUE,3416064,1140,964,31.60489699995378,0.04077914798206278,1.741715174152811,1.079914289816572,FALSE
sf05_sensitivity,FALSE,na_qae_abc,1,2809038303,1.274,0.036000000000000004,1.106,0.036000000000000004,0.6400000000000001,0.014,0.6400000000000001,0.014,534834.894851676,0.00035415347325123985,0.0001723416505457697,0.0005956099482102226,0.0005371229030765022,TRUE,3215360,1015,830,27.305416400020476,0.011677877428998505,2.267564641034379,1.0250105542205596,FALSE
sf05_sensitivity,FALSE,na_qae_abc,2,1454264448,1.272,0.034999999999999996,1.106,0.036000000000000004,0.6400000000000001,0.014,0.6400000000000001,0.014,532209.3677062128,0.0005098523280908174,0.00039329087012473916,0.0006410954878682442,0.0006145129152328017,TRUE,2719744,731,532,17.479142799973488,0.01749346038863976,2.1085097443790515,1.0346789182790774,FALSE
sf05_sensitivity,FALSE,na_qae_abc,3,627444888,1.282,0.034999999999999996,1.104,0.036000000000000004,0.6400000000000001,0.014,0.6400000000000001,0.014,532641.396726962,0.00033202908634796986,0.0001555163617009084,0.0005676980547678098,0.0006545173723430243,TRUE,3215360,919,702,23.48993739997968,0.016722720478325858,2.126694907101827,1.0331484296289564,FALSE
sf05_sensitivity,FALSE,na_qae_abc,4,4113981871,1.278,0.034999999999999996,1.106,0.036000000000000004,0.6400000000000001,0.014,0.6400000000000001,0.014,532642.4868739641,0.0004634546658344475,0.0003518574007149165,0.0005898145970755144,0.0005332638852457227,TRUE,3489792,993,756,25.610719299991615,0.016208893871449925,2.139220832836132,1.0323097513280914,FALSE
sf05_sensitivity,FALSE,na_qae_abc,5,4212094172,1.266,0.034999999999999996,0.96,0.04,0.6400000000000001,0.014,0.6400000000000001,0.014,524852.382355154,0.0004067045382225371,0.000211620988272769,0.0006586657330204705,0.0004039575800009414,TRUE,1677312,699,659,20.173970900010318,0.04547365470852018,1.69042168445357,1.0890873739484084,FALSE
sf05_sensitivity,FALSE,na_qae_abc,6,2276805683,1.27,0.034999999999999996,0.96,0.04,0.6400000000000001,0.014,0.6400000000000001,0.014,525141.1284669881,0.00019049563988838484,5.0659328813078976e-05,0.00039041320379425913,0.00031938723534565076,TRUE,3520512,1122,923,31.470038800034672,0.0445394245142003,1.7002769232286843,1.087439304411523,FALSE
sf05_sensitivity,FALSE,na_qae_abc,7,2858397835,1.266,0.034999999999999996,0.96,0.04,0.6400000000000001,0.014,0.6400000000000001,0.014,524852.382355154,0.00041896315371737797,0.0003125120443156111,0.0005402421665998613,0.0004039575800009414,TRUE,1699840,641,578,19.118227099999785,0.04547365470852018,1.69042168445357,1.0890873739484084,FALSE
sf05_sensitivity,FALSE,na_qae_abc,8,2412201501,1.266,0.034999999999999996,0.96,0.04,0.6400000000000001,0.014,0.6400000000000001,0.014,524852.382355154,0.0003604499279092555,0.000261043907448372,0.00047510191189403057,0.0004039575800009414,TRUE,2304000,852,761,25.158643499948084,0.04547365470852018,1.69042168445357,1.0890873739484084,FALSE
sf05_sensitivity,FALSE,na_qae_abc,9,554434428,1.276,0.034999999999999996,1.106,0.036000000000000004,0.6400000000000001,0.014,0.6400000000000001,0.014,532498.113818047,0.0003276744485467505,0.00015179276862483363,0.0005618006590569168,0.0005331278184700113,TRUE,3420160,1067,866,29.357853800000157,0.016652653213751867,2.128383423019451,1.033099893888395,FALSE
sf05_sensitivity,FALSE,na_qae_abc,10,2832573760,1.266,0.034999999999999996,0.96,0.04,0.6400000000000001,0.014,0.6400000000000001,0.014,524852.382355154,0.0003904082327621082,0.00019845518266899896,0.0006406279009409237,0.0004039575800009414,TRUE,1529856,639,603,19.393102600006387,0.04547365470852018,1.69042168445357,1.0890873739484084,FALSE
sf05_sensitivity,FALSE,na_qae_abc,11,2546365690,1.274,0.034999999999999996,1.19,0.034,0.6400000000000001,0.014,0.6400000000000001,0.014,535509.7355805677,0.0005277206269466879,0.0004095567379740203,0.0006601317338475733,0.0005282297863516597,TRUE,4257792,1086,755,27.081377400027122,0.002148729446935725,2.8554596073661695,1.0040040991152233,FALSE
sf05_sensitivity,FALSE,na_qae_abc,12,55935964,1.266,0.034999999999999996,0.96,0.04,0.6400000000000001,0.014,0.6400000000000001,0.014,524852.382355154,0.00040608853690869034,0.00021042593213639957,0.0006587719055074305,0.0004039575800009414,TRUE,1404928,566,526,17.0974189999979,0.04547365470852018,1.69042168445357,1.0890873739484084,FALSE
sf05_sensitivity,FALSE,na_qae_abc,13,143401308,1.266,0.036000000000000004,0.96,0.04,0.6400000000000001,0.014,0.6400000000000001,0.014,527317.0366668812,0.0003613679911217128,0.00017632066326511662,0.0006038876698801738,0.00038122756679465596,TRUE,3006464,1078,948,31.77535379998153,0.04077914798206278,1.741715174152811,1.079914289816572,FALSE
sf05_sensitivity,FALSE,na_qae_abc,14,3309679122,1.272,0.034999999999999996,0.96,0.04,0.6400000000000001,0.014,0.6400000000000001,0.014,525285.5015229052,0.00021083856411323928,6.752972075000606e-05,0.00041367430344341736,0.00028392126984150447,TRUE,4085760,1227,971,34.2074610000127,0.04418908819133034,1.7040155811285442,1.086616660323706,FALSE
sf05_sensitivity,FALSE,na_qae_abc,15,1403661893,1.266,0.034999999999999996,0.96,0.04,0.6400000000000001,0.014,0.6400000000000001,0.014,524852.382355154,0.00022464996746101166,7.643857191014568e-05,0.0004334249365113269,0.0004039575800009414,TRUE,2252800,809,712,23.747597100038547,0.04547365470852018,1.69042168445357,1.0890873739484084,FALSE
sf05_sensitivity,FALSE,na_qae_abc,16,3089473317,1.288,0.036000000000000004,0.96,0.04,0.6400000000000001,0.014,0.6400000000000001,0.014,528950.5146709714,0.00033342854905388697,0.00015440076139356719,0.0005706911631982207,0.00023982986014894298,TRUE,3203072,1120,972,33.0425627999939,0.03659846786248132,1.7916007948554977,1.071088955556188,FALSE
sf05_sensitivity,FALSE,na_qae_abc,17,2450749373,1.276,0.034999999999999996,1.106,0.036000000000000004,0.6400000000000001,0.014,0.6400000000000001,0.014,532498.113818047,0.0003774575817255724,0.00018880298810576503,0.0006261278284800509,0.0005331278184700113,TRUE,4716544,1253,903,32.40844329999527,0.016652653213751867,2.128383423019451,1.033099893888395,FALSE
sf05_sensitivity,FALSE,na_qae_abc,18,2025468229,1.274,0.034999999999999996,1.106,0.036000000000000004,0.6400000000000001,0.014,0.6400000000000001,0.014,532353.7407621299,0.00041074695199831723,0.00030519452705669436,0.0005310488590121666,0.0005528397989431098,TRUE,3721216,1154,933,32.50494119996438,0.017119768310911807,2.1172393819262374,1.03389153502854,FALSE
sf05_sensitivity,FALSE,na_qae_abc,19,1138364709,1.27,0.034999999999999996,1.108,0.036000000000000004,0.6400000000000001,0.014,0.6400000000000001,0.014,532354.8309091319,0.00036172264968592873,0.00017669883487476097,0.0006062685869578359,0.0007209970005371349,TRUE,3559424,1060,834,29.33372930000769,0.01655923019431988,2.1306442595183746,1.0330640145772214,FALSE
sf05_sensitivity,FALSE,na_qae_abc,20,2047542432,1.266,0.034999999999999996,0.96,0.04,0.6400000000000001,0.014,0.6400000000000001,0.014,524852.382355154,0.0003257051731089349,0.00023042165280941711,0.0004358221233337373,0.0004039575800009414,TRUE,2252800,896,828,27.937284799991176,0.04547365470852018,1.69042168445357,1.0890873739484084,FALSE
sf05_sensitivity,FALSE,na_qae_abc,21,1320218597,1.278,0.034999999999999996,1.1,0.036000000000000004,0.6400000000000001,0.014,0.6400000000000001,0.014,531772.9780974557,0.0005324097993299707,0.00041275888314327254,0.000667028648819658,0.0007054147212299402,TRUE,3067904,856,642,22.9484268000233,0.02015601644245142,2.050537247589633,1.03957577417151,FALSE
sf05_sensitivity,FALSE,na_qae_abc,22,4258311112,1.274,0.034999999999999996,1.068,0.038,0.6400000000000001,0.014,0.6400000000000001,0.014,534849.5529909963,0.00030874634150337613,0.0001361297684937735,0.0005390039633464801,0.0004617142750781181,TRUE,3696640,1097,861,30.865187000017613,0.006633034379671151,2.476545573006661,1.014089243294101,FALSE
sf05_sensitivity,FALSE,na_qae_abc,23,3647640339,1.274,0.034999999999999996,1.104,0.036000000000000004,0.6400000000000001,0.014,0.6400000000000001,0.014,532063.9045032938,0.0004082852581133239,0.00021241587237683297,0.0006645145087994328,0.000672970255888845,TRUE,3117056,937,742,26.136868999979924,0.018404334828101644,2.0878799009204783,1.036291436868338,FALSE
sf05_sensitivity,FALSE,na_qae_abc,24,247198484,1.272,0.034999999999999996,1.188,0.034,0.6400000000000001,0.014,0.6400000000000001,0.014,535091.6282801944,0.00042566603908387443,0.0003189345492088867,0.0005468167887884346,0.0005951902735658104,TRUE,4812800,1177,786,29.82913200004259,0.0031997384155455903,2.7265782944112393,1.006582782187556,FALSE
sf05_sensitivity,FALSE,na_qae_abc,25,3957858703,1.266,0.036000000000000004,0.96,0.04,0.6400000000000001,0.014,0.6400000000000001,0.014,527317.0366668812,0.00014464090388421303,2.393884753203423e-05,0.00032673126744081805,0.00038122756679465596,TRUE,1357824,555,519,17.530098099960014,0.04077914798206278,1.741715174152811,1.079914289816572,FALSE
sf05_sensitivity,FALSE,na_qae_abc,26,2204627553,1.274,0.034999999999999996,1.106,0.036000000000000004,0.6400000000000001,0.014,0.6400000000000001,0.014,532353.7407621299,0.00046721978077171556,0.0003553129532259588,0.0005935541744817867,0.0005528397989431098,TRUE,3678208,1103,872,27.207130800001323,0.017119768310911807,2.1172393819262374,1.03389153502854,FALSE
sf05_sensitivity,FALSE,na_qae_abc,27,159269519,1.266,0.036000000000000004,0.96,0.04,0.6400000000000001,0.014,0.6400000000000001,0.014,527317.0366668812,0.0002487135367768766,9.485639733251505e-05,0.00046396815005644707,0.00038122756679465596,TRUE,1601536,650,606,19.20702629996231,0.04077914798206278,1.741715174152811,1.079914289816572,FALSE
sf05_sensitivity,TRUE,na_qae_abc,28,1603438866,1.272,0.036000000000000004,1.188,0.034,0.6400000000000001,0.014,0.6400000000000001,0.014,537568.6574252858,0.0005166299596666093,0.00039925721632524865,0.0006485153648231101,0.0005240904658380237,TRUE,3512320,908,639,19.236677000008058,0.0010977204783258596,3.0624350750852183,0.9984412958177928,TRUE
sf05_sensitivity,FALSE,na_qae_abc,29,2994618833,1.272,0.034999999999999996,1.104,0.036000000000000004,0.6400000000000001,0.014,0.6400000000000001,0.014,531919.5314473767,0.00041380292963156856,0.00021722061808818291,0.0006693052469416973,0.0007427175420719313,TRUE,3041280,885,685,18.670711899991147,0.01882473841554559,2.0786505970871194,1.0370822884641884,FALSE
sf05_sensitivity,FALSE,na_qae_de,0,2354602333,1.31,0.036000000000000004,0.968,0.04,0.664,0.014,0.652,0.014,535946.9768401047,0.00029521119247074505,0.00012962909505407163,0.0005217079560173912,0.00023075022745428975,TRUE,2514944,1045,984,32.041972500039265,0.026205156950672645,1.9397480749384013,1.0505792296318965,FALSE
sf05_sensitivity,FALSE,na_qae_de,1,2809038303,1.276,0.036000000000000004,0.962,0.04,0.658,0.014,0.654,0.014,531855.3739705507,0.0001820298668655416,4.85065525687589e-05,0.00037734446132739875,0.00023040551127654257,TRUE,2516992,1043,981,32.17506390000926,0.037065582959641255,1.785802968549536,1.0709018930227057,FALSE
sf05_sensitivity,FALSE,na_qae_de,2,1454264448,1.27,0.036000000000000004,0.962,0.04,0.644,0.014,0.642,0.014,528615.2101243305,0.00021105872159014863,6.525421039308591e-05,0.00041577299010472343,0.0003104969605521492,TRUE,2695168,1064,980,32.602940700016916,0.03893404334828102,1.7631921536387953,1.0752631706609295,FALSE
sf05_sensitivity,FALSE,na_qae_de,3,627444888,1.278,0.036000000000000004,1.108,0.036000000000000004,0.646,0.014,0.654,0.014,537359.3503220043,0.00029831524285329504,0.00013076195911770278,0.0005259396142425864,0.00048329957711958625,TRUE,3284992,1139,984,33.54992250003852,0.009342301943198805,2.35176442810521,1.0198684894293388,FALSE
sf05_sensitivity,FALSE,na_qae_de,4,4113981871,1.276,0.036000000000000004,0.962,0.04,0.64,0.014,0.644,0.014,528715.7187589123,0.00011654073293105697,4.92329104290983e-06,0.0002900769018899423,0.00024116012628265624,TRUE,2500608,1041,981,32.0882363000419,0.03771954409566517,1.7777855161526317,1.072890194341069,FALSE
sf05_sensitivity,FALSE,na_qae_de,5,4212094172,1.266,0.036000000000000004,0.96,0.04,0.648,0.014,0.644,0.014,528675.3110051008,0.0003228974389479749,0.0002278792126037983,0.0004328593110731125,0.0003789649474348616,TRUE,2433024,1032,980,32.24211569997715,0.040498878923766815,1.7449259600739748,1.0791053567846838,FALSE
sf05_sensitivity,FALSE,na_qae_de,6,2276805683,1.284,0.036000000000000004,0.966,0.04,0.658,0.014,0.658,0.014,533427.5983498055,0.00018132600687284373,4.682301493067733e-05,0.0003765138561978619,0.00022851494468304842,TRUE,2760704,1075,984,32.87034800002584,0.03276812406576981,1.8415824634299454,1.0624417754009186,FALSE
sf05_sensitivity,FALSE,na_qae_de,7,2858397835,1.288,0.036000000000000004,1,0.04,0.658,0.014,0.646,0.014,538196.8238319479,0.0001936658349417335,5.0556938238756586e-05,0.00039787685873043314,0.00020627427348764827,TRUE,2947072,1097,983,33.18610399996396,0.008758408071748878,2.375676426118363,1.0189941797492867,FALSE
sf05_sensitivity,FALSE,na_qae_de,8,2412201501,1.278,0.036000000000000004,0.96,0.042,0.648,0.014,0.644,0.014,536635.0833200573,0.00015432993042258295,2.688398352157585e-05,0.0003435369336476611,0.0001750598724574946,TRUE,2457600,1038,984,32.80487039999571,0.006025784753363229,2.5106307145629443,1.0132047019416046,FALSE
sf05_sensitivity,FALSE,na_qae_de,9,554434428,1.274,0.036000000000000004,0.966,0.04,0.644,0.014,0.642,0.014,529556.2867002655,0.00026890882030389024,0.00010710351548633983,0.0004908591073701801,0.00025410889759507196,TRUE,2519040,1044,982,32.78571029996965,0.03526718983557549,1.8084635834692047,1.0683718639026312,FALSE
sf05_sensitivity,FALSE,na_qae_de,10,2832573760,1.274,0.036000000000000004,0.962,0.04,0.642,0.014,0.704,0.014,533835.5284310929,0.0002428001095223541,0.00015874815130194887,0.00034192997757151737,0.0002563831242516924,TRUE,2605056,1056,984,32.99961410003016,0.03599121823617339,1.799229173291704,1.0689032224131418,FALSE
sf05_sensitivity,FALSE,na_qae_de,11,2546365690,1.278,0.036000000000000004,0.966,0.04,0.666,0.014,0.644,0.014,532836.6955753183,0.0002012842628173273,5.791089806192437e-05,0.0004055324601581497,0.00022998878496338746,TRUE,3620864,1180,984,34.27776279998943,0.03412275784753363,1.8233822570163873,1.0654755947946828,FALSE
sf05_sensitivity,FALSE,na_qae_de,12,55935964,1.3,0.036000000000000004,1.108,0.036000000000000004,0.644,0.014,0.6960000000000001,0.014,542245.3916192339,0.0004911291741969182,0.0003763374676128871,0.0006208207362829797,0.0005119347218747125,TRUE,3176448,1125,983,33.30873849999625,0.004437593423019432,2.6168248521394704,1.0094682237269519,FALSE
sf05_sensitivity,FALSE,na_qae_de,13,143401308,1.28,0.036000000000000004,1.116,0.036000000000000004,0.642,0.014,0.664,0.014,538990.5115963398,0.000366172294834088,0.00026634648154317896,0.00048083750338324846,0.0003220383497482196,TRUE,3301376,1141,984,33.40551279997453,0.004460949177877429,2.6150324311473545,1.0090901081174417,FALSE
sf05_sensitivity,FALSE,na_qae_de,14,3309679122,1.268,0.036000000000000004,0.962,0.04,0.646,0.014,0.674,0.014,531395.9571784786,0.0004597673175541311,0.0003484674924099883,0.0005862510879053154,0.0003439527986631371,TRUE,2572288,1052,984,32.51635890000034,0.0382567264573991,1.7712842036207432,1.0731561554543592,FALSE
sf05_sensitivity,FALSE,na_qae_de,15,1403661893,1.318,0.036000000000000004,0.964,0.04,0.65,0.014,0.648,0.014,533770.5220264466,0.00025548851901741076,9.855094092442069e-05,0.0004742368391171923,0.00023974585965441984,TRUE,3364864,1148,983,33.46142319997307,0.02772328101644245,1.9153603657343867,1.0534850363795256,FALSE
sf05_sensitivity,FALSE,na_qae_de,16,3089473317,1.272,0.036000000000000004,0.964,0.04,0.64,0.014,0.668,0.014,530745.6738612211,0.0002553064544602235,0.00010012490848360595,0.00047157634307259396,0.0002764513632994964,TRUE,2646016,1058,980,32.552395799953956,0.03641162182361734,1.7939368829169118,1.0698153314478054,FALSE
sf05_sensitivity,FALSE,na_qae_de,17,2450749373,1.28,0.036000000000000004,0.96,0.04,0.648,0.014,0.65,0.014,530216.024711568,0.0001551596781614781,2.5918259658646863e-05,0.00034469659663104955,0.00023872924182411027,TRUE,2551808,1048,982,32.765035499993246,0.03792974588938715,1.7752325832340827,1.0729189338780962,FALSE
sf05_sensitivity,TRUE,na_qae_de,18,2025468229,1.322,0.036000000000000004,1.182,0.034,0.644,0.014,0.656,0.014,542308.5731793388,0.0003481727576204364,0.00016809599230022316,0.0005888395771096397,0.0006056026304841604,TRUE,4763648,1318,982,36.18003650003811,0.00025691330343796713,3.473442939182251,0.987403077166912,TRUE
sf05_sensitivity,FALSE,na_qae_de,19,1138364709,1.268,0.036000000000000004,1.206,0.034,0.678,0.014,0.672,0.014,547273.066089567,0.00041156294381057627,0.00021528165317766636,0.0006634906635470849,0.0005802851159962928,TRUE,3350528,1147,984,34.543342799996026,0.00014013452914798206,3.632885819868153,0.9777184730821314,TRUE
sf05_sensitivity,FALSE,na_qae_de,20,2047542432,1.266,0.036000000000000004,1.1480000000000001,0.036000000000000004,0.652,0.014,0.6940000000000001,0.014,546374.6974239908,0.00019022647075481682,5.1308221072044606e-05,0.0003899948028614553,0.00034514647118381365,TRUE,2906112,1092,983,33.38013900001533,2.335575485799701e-05,4.071499265261455,0.9762239195722727,TRUE
sf05_sensitivity,FALSE,na_qae_de,21,1320218597,1.308,0.036000000000000004,0.962,0.04,0.64,0.014,0.65,0.016,538991.990097198,0.00022461608093229368,7.405467900615507e-05,0.00043731404253267287,0.0002360146095851643,TRUE,2965504,1100,984,33.49996710004052,0.03054932735426009,1.8727808408112872,1.0591578473518746,FALSE
sf05_sensitivity,FALSE,na_qae_de,22,4258311112,1.268,0.036000000000000004,0.966,0.04,0.64,0.014,0.646,0.014,528932.8832339044,0.00029235654067589036,0.000201650008766876,0.0003979987394901259,0.000333343890975538,TRUE,2523136,1046,984,32.87202820001403,0.03657511210762332,1.791892271464614,1.0706605038521666,FALSE
sf05_sensitivity,FALSE,na_qae_de,23,3647640339,1.272,0.036000000000000004,0.966,0.04,0.64,0.014,0.6980000000000001,0.014,533573.852668138,0.00039035998002754757,0.00020020327094804163,0.0006411999508268508,0.000277421370174915,TRUE,2576384,1051,982,32.91415319999214,0.033842488789237665,1.8270983880951335,1.0648172509894935,FALSE
sf05_sensitivity,FALSE,na_qae_de,24,247198484,0.994,0.054,1.002,0.04,0.684,0.014,0.73,0.014,560595.7922438608,0.00041380292963156856,0.00021722061808818291,0.0006693052469416973,0.0005183392603402603,TRUE,4251648,1257,984,33.71614249999402,0.00025691330343796713,3.473442939182251,0.9759005906550711,TRUE
sf05_sensitivity,FALSE,na_qae_de,25,3957858703,1.284,0.036000000000000004,0.97,0.04,0.656,0.014,0.654,0.014,533481.4964885102,0.0002553064544602235,0.00010012490848360595,0.00047157634307259396,0.00022851494468304842,TRUE,2482176,1041,984,31.69267650000984,0.02998878923766816,1.8809583961905052,1.0576851775210363,FALSE
sf05_sensitivity,FALSE,na_qae_de,26,2204627553,1.286,0.036000000000000004,0.966,0.04,0.656,0.014,0.642,0.014,531983.4585059626,0.0003080491229685354,0.00013812233200460706,0.0005388045280526689,0.00022851494468304842,TRUE,2693120,1066,983,31.753718699968886,0.0328381913303438,1.840626015302891,1.062935578070974,FALSE
sf05_sensitivity,FALSE,na_qae_de,27,159269519,1.282,0.036000000000000004,0.96,0.04,0.642,0.014,0.65,0.014,529596.4308102066,0.0002602898115152647,0.00010254919406589009,0.0004770437986692036,0.00023982986014894298,TRUE,2699264,1066,982,31.92260960000567,0.03757940956651719,1.7794939302423705,1.0725210792954474,FALSE
sf05_sensitivity,FALSE,na_qae_de,28,1603438866,0.97,0.054,0.984,0.04,0.658,0.014,0.652,0.014,545180.1072577285,0.000372828685598275,0.00018598501748450506,0.0006166815934958829,0.0004958289079328989,TRUE,5160960,1368,984,33.5949491999927,0.007310351270553064,2.4416403857867737,1.0187515780836576,FALSE
sf05_sensitivity,FALSE,na_qae_de,29,2994618833,1.266,0.036000000000000004,0.97,0.04,0.648,0.014,0.64,0.014,529951.3606405027,0.0004954907909988667,0.00037999518585361835,0.0006258664196673455,0.00037215502932129733,TRUE,2580480,1053,984,31.335127500002272,0.03416946935724963,1.8227653439403295,1.0664068012750136,FALSE
