station_id,site_label,iteration,best_mass_kg,best_probability_estimate,best_probability_lower,best_probability_upper,best_true_discrete_probability,cumulative_oracle_queries,cumulative_estimator_calls,method,run,seed
44025,Long Island,1,731163.32122077979,0.00042935486076204645,0.00022797817583767059,0.00068965189693937791,0.0004090862699340717,73728,36,na_qae_abc,0,2354602333
44025,Long Island,2,722126.33039611648,0.00040952239215906987,0.00021320662879052493,0.00066728724154596533,0.00059931135348930569,139264,62,na_qae_abc,0,2354602333
44025,Long Island,3,708677.01310854708,0.00018762996986616348,0.00011096831648696001,0.00027960724316131375,0.00024517104411192172,270336,96,na_qae_abc,0,2354602333
44025,Long Island,4,698793.0705600474,0.00013118761745707812,6.4668631271468948e-05,0.00021331886733687069,0.00016629225715427215,385024,128,na_qae_abc,0,2354602333
44025,Long Island,5,698793.0705600474,0.00013118761745707812,6.4668631271468948e-05,0.00021331886733687069,0.00016629225715427215,516096,162,na_qae_abc,0,2354602333
44025,Long Island,6,698793.0705600474,0.00013118761745707812,6.4668631271468948e-05,0.00021331886733687069,0.00016629225715427215,704512,203,na_qae_abc,0,2354602333
44025,Long Island,7,710337.19904231338,1.0236660314261892e-05,1.0000000000000001e-20,0.00014422817458711713,0.00017643329335350602,909312,246,na_qae_abc,0,2354602333
44025,Long Island,8,695185.88893758622,3.9175248791194938e-05,1.0000000000000001e-20,0.00019086754906052231,0.00015440478528023235,1089536,286,na_qae_abc,0,2354602333
44025,Long Island,9,691691.42621289031,9.7871632512524899e-05,3.7127348712493382e-05,0.00017420868462382068,0.00019466045044502049,1310720,331,na_qae_abc,0,2354602333
44025,Long Island,10,691691.42621289031,9.7871632512524899e-05,3.7127348712493382e-05,0.00017420868462382068,0.00019466045044502049,1531904,376,na_qae_abc,0,2354602333
44025,Long Island,11,691691.42621289031,9.7871632512524899e-05,3.7127348712493382e-05,0.00017420868462382068,0.00019466045044502049,1769472,423,na_qae_abc,0,2354602333
44025,Long Island,12,679727.40807245765,0.00011105216512214842,4.7171323985152555e-05,0.00019023904236430863,0.00018860003327519079,2007040,470,na_qae_abc,0,2354602333
44025,Long Island,13,679727.40807245765,0.00011105216512214842,4.7171323985152555e-05,0.00019023904236430863,0.00018860003327519079,2236416,516,na_qae_abc,0,2354602333
44025,Long Island,14,679727.40807245765,0.00011105216512214842,4.7171323985152555e-05,0.00019023904236430863,0.00018860003327519079,2449408,560,na_qae_abc,0,2354602333
44025,Long Island,15,679727.40807245765,0.00011105216512214842,4.7171323985152555e-05,0.00019023904236430863,0.00018860003327519079,2654208,603,na_qae_abc,0,2354602333
44025,Long Island,16,679727.40807245765,0.00011105216512214842,4.7171323985152555e-05,0.00019023904236430863,0.00018860003327519079,2899968,651,na_qae_abc,0,2354602333
44025,Long Island,17,677090.49322427646,0.00011190674228799158,4.864086620330841e-05,0.00019077306694134167,0.00019401602948240025,3129344,697,na_qae_abc,0,2354602333
44025,Long Island,18,663394.89739578997,5.1129279491781021e-20,1.0000000000000001e-20,9.8010464356280646e-05,0.00019596063197438245,3366912,744,na_qae_abc,0,2354602333
44025,Long Island,19,663394.89739578997,5.1129279491781021e-20,1.0000000000000001e-20,9.8010464356280646e-05,0.00019596063197438245,3612672,792,na_qae_abc,0,2354602333
44025,Long Island,20,663394.89739578997,5.1129279491781021e-20,1.0000000000000001e-20,9.8010464356280646e-05,0.00019596063197438245,3858432,840,na_qae_abc,0,2354602333
44025,Long Island,21,663394.89739578997,5.1129279491781021e-20,1.0000000000000001e-20,9.8010464356280646e-05,0.00019596063197438245,4096000,887,na_qae_abc,0,2354602333
44025,Long Island,22,663394.89739578997,5.1129279491781021e-20,1.0000000000000001e-20,9.8010464356280646e-05,0.00019596063197438245,4341760,935,na_qae_abc,0,2354602333
44025,Long Island,23,663394.89739578997,5.1129279491781021e-20,1.0000000000000001e-20,9.8010464356280646e-05,0.00019596063197438245,4587520,983,na_qae_abc,0,2354602333
44025,Long Island,24,663394.89739578997,5.1129279491781021e-20,1.0000000000000001e-20,9.8010464356280646e-05,0.00019596063197438245,4800512,1027,na_qae_abc,0,2354602333
44025,Long Island,25,663394.89739578997,5.1129279491781021e-20,1.0000000000000001e-20,9.8010464356280646e-05,0.00019596063197438245,5038080,1074,na_qae_abc,0,2354602333
44025,Long Island,26,663394.89739578997,5.1129279491781021e-20,1.0000000000000001e-20,9.8010464356280646e-05,0.00019596063197438245,5259264,1119,na_qae_abc,0,2354602333
44025,Long Island,27,663394.89739578997,5.1129279491781021e-20,1.0000000000000001e-20,9.8010464356280646e-05,0.00019596063197438245,5496832,1166,na_qae_abc,0,2354602333
44025,Long Island,28,663394.89739578997,5.1129279491781021e-20,1.0000000000000001e-20,9.8010464356280646e-05,0.00019596063197438245,5744640,1215,na_qae_abc,0,2354602333
44025,Long Island,29,663394.89739578997,5.1129279491781021e-20,1.0000000000000001e-20,9.8010464356280646e-05,0.00019596063197438245,5965824,1260,na_qae_abc,0,2354602333
44025,Long Island,30,663394.89739578997,5.1129279491781021e-20,1.0000000000000001e-20,9.8010464356280646e-05,0.00019596063197438245,6203392,1307,na_qae_abc,0,2354602333
44025,Long Island,31,663394.89739578997,5.1129279491781021e-20,1.0000000000000001e-20,9.8010464356280646e-05,0.00019596063197438245,6449152,1355,na_qae_abc,0,2354602333
44025,Long Island,32,663394.89739578997,5.1129279491781021e-20,1.0000000000000001e-20,9.8010464356280646e-05,0.00019596063197438245,6686720,1402,na_qae_abc,0,2354602333
44025,Long Island,33,663394.89739578997,5.1129279491781021e-20,1.0000000000000001e-20,9.8010464356280646e-05,0.00019596063197438245,6932480,1450,na_qae_abc,0,2354602333
44025,Long Island,34,663394.89739578997,5.1129279491781021e-20,1.0000000000000001e-20,9.8010464356280646e-05,0.00019596063197438245,7153664,1495,na_qae_abc,0,2354602333
44025,Long Island,35,663394.89739578997,5.1129279491781021e-20,1.0000000000000001e-20,9.8010464356280646e-05,0.00019596063197438245,7393280,1543,na_qae_abc,0,2354602333
44025,Long Island,36,663394.89739578997,5.1129279491781021e-20,1.0000000000000001e-20,9.8010464356280646e-05,0.00019596063197438245,7573504,1583,na_qae_abc,0,2354602333
44025,Long Island,37,663394.89739578997,5.1129279491781021e-20,1.0000000000000001e-20,9.8010464356280646e-05,0.00019596063197438245,7819264,1631,na_qae_abc,0,2354602333
44025,Long Island,38,663394.89739578997,5.1129279491781021e-20,1.0000000000000001e-20,9.8010464356280646e-05,0.00019596063197438245,8032256,1675,na_qae_abc,0,2354602333
44025,Long Island,39,661509.07919093536,4.3752423570445347e-06,1.0000000000000001e-20,0.00013861251754788211,0.00016858500930747454,8253440,1720,na_qae_abc,0,2354602333
44025,Long Island,40,659262.23540227138,3.1674360913241325e-05,1.0000000000000001e-20,0.0001759399078722807,0.00018774115771196689,8482816,1766,na_qae_abc,0,2354602333
44025,Long Island,1,646528.32239665638,0.00032962344372177387,0.0002337255747491407,0.00044041919649910838,0.00027475223362946556,81920,37,na_qae_abc,1,2809038303
44025,Long Island,2,638732.48248243751,0.00032217407594734839,0.00022759039426903401,0.00043196673155074819,0.00028275291065187936,147456,63,na_qae_abc,1,2809038303
44025,Long Island,3,686634.5790094753,0.00014908863635311142,7.8777334458628918e-05,0.00023482381176638057,0.00025559670709502009,221184,90,na_qae_abc,1,2809038303
44025,Long Island,4,646760.28872280102,4.3752423570445347e-06,1.0000000000000001e-20,0.00013861251754788211,0.00021797991505411959,335872,122,na_qae_abc,1,2809038303
44025,Long Island,5,646760.28872280102,4.3752423570445347e-06,1.0000000000000001e-20,0.00013861251754788211,0.00021797991505411959,499712,160,na_qae_abc,1,2809038303
44025,Long Island,6,646760.28872280102,4.3752423570445347e-06,1.0000000000000001e-20,0.00013861251754788211,0.00021797991505411959,729088,206,na_qae_abc,1,2809038303
44025,Long Island,7,646760.28872280102,4.3752423570445347e-06,1.0000000000000001e-20,0.00013861251754788211,0.00021797991505411959,933888,249,na_qae_abc,1,2809038303
44025,Long Island,8,646760.28872280102,4.3752423570445347e-06,1.0000000000000001e-20,0.00013861251754788211,0.00021797991505411959,1179648,297,na_qae_abc,1,2809038303
44025,Long Island,9,646760.28872280102,4.3752423570445347e-06,1.0000000000000001e-20,0.00013861251754788211,0.00021797991505411959,1409024,343,na_qae_abc,1,2809038303
44025,Long Island,10,646760.28872280102,4.3752423570445347e-06,1.0000000000000001e-20,0.00013861251754788211,0.00021797991505411959,1638400,389,na_qae_abc,1,2809038303
44025,Long Island,11,646760.28872280102,4.3752423570445347e-06,1.0000000000000001e-20,0.00013861251754788211,0.00021797991505411959,1867776,435,na_qae_abc,1,2809038303
44025,Long Island,12,646760.28872280102,4.3752423570445347e-06,1.0000000000000001e-20,0.00013861251754788211,0.00021797991505411959,2097152,481,na_qae_abc,1,2809038303
44025,Long Island,13,594577.30042116356,2.6926006735656133e-19,1.0000000000000001e-20,0.00011221592785190899,0.00023062632897374237,2318336,526,na_qae_abc,1,2809038303
44025,Long Island,14,594577.30042116356,2.6926006735656133e-19,1.0000000000000001e-20,0.00011221592785190899,0.00023062632897374237,2547712,572,na_qae_abc,1,2809038303
44025,Long Island,15,594577.30042116356,2.6926006735656133e-19,1.0000000000000001e-20,0.00011221592785190899,0.00023062632897374237,2777088,618,na_qae_abc,1,2809038303
44025,Long Island,16,594577.30042116356,2.6926006735656133e-19,1.0000000000000001e-20,0.00011221592785190899,0.00023062632897374237,3006464,664,na_qae_abc,1,2809038303
44025,Long Island,17,594577.30042116356,2.6926006735656133e-19,1.0000000000000001e-20,0.00011221592785190899,0.00023062632897374237,3244032,711,na_qae_abc,1,2809038303
44025,Long Island,18,594577.30042116356,2.6926006735656133e-19,1.0000000000000001e-20,0.00011221592785190899,0.00023062632897374237,3457024,755,na_qae_abc,1,2809038303
44025,Long Island,19,594577.30042116356,2.6926006735656133e-19,1.0000000000000001e-20,0.00011221592785190899,0.00023062632897374237,3694592,802,na_qae_abc,1,2809038303
44025,Long Island,20,594577.30042116356,2.6926006735656133e-19,1.0000000000000001e-20,0.00011221592785190899,0.00023062632897374237,3915776,847,na_qae_abc,1,2809038303
44025,Long Island,21,594577.30042116356,2.6926006735656133e-19,1.0000000000000001e-20,0.00011221592785190899,0.00023062632897374237,4128768,891,na_qae_abc,1,2809038303
44025,Long Island,22,580159.35360793641,4.0104422887173217e-05,1.0000000000000001e-20,0.00018750738894997079,0.00028694834146137234,4333568,934,na_qae_abc,1,2809038303
44025,Long Island,23,580159.35360793641,4.0104422887173217e-05,1.0000000000000001e-20,0.00018750738894997079,0.00028694834146137234,4558848,981,na_qae_abc,1,2809038303
44025,Long Island,24,580159.35360793641,4.0104422887173217e-05,1.0000000000000001e-20,0.00018750738894997079,0.00028694834146137234,4730880,1020,na_qae_abc,1,2809038303
44025,Long Island,25,580159.35360793641,4.0104422887173217e-05,1.0000000000000001e-20,0.00018750738894997079,0.00028694834146137234,4921344,1062,na_qae_abc,1,2809038303
44025,Long Island,26,580159.35360793641,4.0104422887173217e-05,1.0000000000000001e-20,0.00018750738894997079,0.00028694834146137234,5085184,1100,na_qae_abc,1,2809038303
44025,Long Island,27,580159.35360793641,4.0104422887173217e-05,1.0000000000000001e-20,0.00018750738894997079,0.00028694834146137234,5265408,1140,na_qae_abc,1,2809038303
44025,Long Island,28,580159.35360793641,4.0104422887173217e-05,1.0000000000000001e-20,0.00018750738894997079,0.00028694834146137234,5486592,1185,na_qae_abc,1,2809038303
44025,Long Island,29,580159.35360793641,4.0104422887173217e-05,1.0000000000000001e-20,0.00018750738894997079,0.00028694834146137234,5707776,1230,na_qae_abc,1,2809038303
44025,Long Island,30,580159.35360793641,4.0104422887173217e-05,1.0000000000000001e-20,0.00018750738894997079,0.00028694834146137234,5928960,1275,na_qae_abc,1,2809038303
44025,Long Island,31,580159.35360793641,4.0104422887173217e-05,1.0000000000000001e-20,0.00018750738894997079,0.00028694834146137234,6166528,1322,na_qae_abc,1,2809038303
44025,Long Island,32,580159.35360793641,4.0104422887173217e-05,1.0000000000000001e-20,0.00018750738894997079,0.00028694834146137234,6395904,1368,na_qae_abc,1,2809038303
44025,Long Island,33,580159.35360793641,4.0104422887173217e-05,1.0000000000000001e-20,0.00018750738894997079,0.00028694834146137234,6623232,1413,na_qae_abc,1,2809038303
44025,Long Island,34,580159.35360793641,4.0104422887173217e-05,1.0000000000000001e-20,0.00018750738894997079,0.00028694834146137234,6854656,1460,na_qae_abc,1,2809038303
44025,Long Island,35,580159.35360793641,4.0104422887173217e-05,1.0000000000000001e-20,0.00018750738894997079,0.00028694834146137234,7051264,1502,na_qae_abc,1,2809038303
44025,Long Island,36,580159.35360793641,4.0104422887173217e-05,1.0000000000000001e-20,0.00018750738894997079,0.00028694834146137234,7272448,1547,na_qae_abc,1,2809038303
44025,Long Island,37,580159.35360793641,4.0104422887173217e-05,1.0000000000000001e-20,0.00018750738894997079,0.00028694834146137234,7493632,1592,na_qae_abc,1,2809038303
44025,Long Island,38,580159.35360793641,4.0104422887173217e-05,1.0000000000000001e-20,0.00018750738894997079,0.00028694834146137234,7706624,1636,na_qae_abc,1,2809038303
44025,Long Island,39,580159.35360793641,4.0104422887173217e-05,1.0000000000000001e-20,0.00018750738894997079,0.00028694834146137234,7938048,1683,na_qae_abc,1,2809038303
44025,Long Island,40,580159.35360793641,4.0104422887173217e-05,1.0000000000000001e-20,0.00018750738894997079,0.00028694834146137234,8151040,1727,na_qae_abc,1,2809038303
44025,Long Island,1,689706.10369255289,0.00052957017443138724,0.00030644926969867212,0.00081131242070213818,0.00062171313572980693,73728,36,na_qae_abc,2,1454264448
44025,Long Island,2,689706.10369255289,0.00052957017443138724,0.00030644926969867212,0.00081131242070213818,0.00062171313572980693,131072,61,na_qae_abc,2,1454264448
44025,Long Island,3,708976.51667474967,0.00039740902977811562,0.00020410034949609344,0.00065103269562373891,0.00052479864754258296,180224,85,na_qae_abc,2,1454264448
44025,Long Island,4,691007.08256046823,0.00024187468954055226,0.00015823524019519021,0.0003405809459707845,0.00023876907130343124,270336,114,na_qae_abc,2,1454264448
44025,Long Island,5,709256.77080629219,0.00017696370291196684,0.00010249928938504515,0.0002668339648884388,0.00019538171944956316,401408,148,na_qae_abc,2,1454264448
44025,Long Island,6,684822.76829255046,2.5858705987337999e-05,1.0000000000000001e-20,0.00016507511898932801,0.00017056447960117982,524288,181,na_qae_abc,2,1454264448
44025,Long Island,7,684822.76829255046,2.5858705987337999e-05,1.0000000000000001e-20,0.00016507511898932801,0.00017056447960117982,663552,216,na_qae_abc,2,1454264448
44025,Long Island,8,684822.76829255046,2.5858705987337999e-05,1.0000000000000001e-20,0.00016507511898932801,0.00017056447960117982,860160,258,na_qae_abc,2,1454264448
44025,Long Island,9,684822.76829255046,2.5858705987337999e-05,1.0000000000000001e-20,0.00016507511898932801,0.00017056447960117982,1015808,295,na_qae_abc,2,1454264448
44025,Long Island,10,684822.76829255046,2.5858705987337999e-05,1.0000000000000001e-20,0.00016507511898932801,0.00017056447960117982,1212416,337,na_qae_abc,2,1454264448
44025,Long Island,11,684822.76829255046,2.5858705987337999e-05,1.0000000000000001e-20,0.00016507511898932801,0.00017056447960117982,1409024,379,na_qae_abc,2,1454264448
44025,Long Island,12,683735.05571779737,3.066040573551451e-05,1.0000000000000001e-20,0.00018061461156109436,0.00018766905917131255,1613824,422,na_qae_abc,2,1454264448
44025,Long Island,13,660985.7304832153,0.00011018911304489523,4.6797150852380886e-05,0.00018933802090497358,0.00013992712651505031,1835008,467,na_qae_abc,2,1454264448
44025,Long Island,14,660985.7304832153,0.00011018911304489523,4.6797150852380886e-05,0.00018933802090497358,0.00013992712651505031,2080768,515,na_qae_abc,2,1454264448
44025,Long Island,15,660985.7304832153,0.00011018911304489523,4.6797150852380886e-05,0.00018933802090497358,0.00013992712651505031,2318336,562,na_qae_abc,2,1454264448
44025,Long Island,16,650294.31363289675,4.8615908200491782e-05,1.0000000000000001e-20,0.00019240055091500075,0.00015274043649831287,2555904,609,na_qae_abc,2,1454264448
44025,Long Island,17,650294.31363289675,4.8615908200491782e-05,1.0000000000000001e-20,0.00019240055091500075,0.00015274043649831287,2785280,655,na_qae_abc,2,1454264448
44025,Long Island,18,635198.06100850785,2.8094312257981925e-19,1.0000000000000001e-20,0.00012220315273658747,0.0001568985205181606,3022848,702,na_qae_abc,2,1454264448
44025,Long Island,19,635198.06100850785,2.8094312257981925e-19,1.0000000000000001e-20,0.00012220315273658747,0.0001568985205181606,3235840,746,na_qae_abc,2,1454264448
44025,Long Island,20,631750.90841855807,4.8615908200491782e-05,1.0000000000000001e-20,0.00019240055091500075,0.0001467398733350834,3465216,792,na_qae_abc,2,1454264448
44025,Long Island,21,631750.90841855807,4.8615908200491782e-05,1.0000000000000001e-20,0.00019240055091500075,0.0001467398733350834,3694592,838,na_qae_abc,2,1454264448
44025,Long Island,22,630683.63627609983,8.3238220856748503e-05,2.5068061106421475e-05,0.00015745926705996928,0.0001548402881089023,3940352,886,na_qae_abc,2,1454264448
44025,Long Island,23,630683.63627609983,8.3238220856748503e-05,2.5068061106421475e-05,0.00015745926705996928,0.0001548402881089023,4186112,934,na_qae_abc,2,1454264448
44025,Long Island,24,630683.63627609983,8.3238220856748503e-05,2.5068061106421475e-05,0.00015745926705996928,0.0001548402881089023,4415488,980,na_qae_abc,2,1454264448
44025,Long Island,25,630683.63627609983,8.3238220856748503e-05,2.5068061106421475e-05,0.00015745926705996928,0.0001548402881089023,4653056,1027,na_qae_abc,2,1454264448
44025,Long Island,26,624536.10660819558,8.9229696361146557e-05,3.0802953867155734e-05,0.00016345008997196522,0.0001678734529847716,4882432,1073,na_qae_abc,2,1454264448
44025,Long Island,27,624536.10660819558,8.9229696361146557e-05,3.0802953867155734e-05,0.00016345008997196522,0.0001678734529847716,5128192,1121,na_qae_abc,2,1454264448
44025,Long Island,28,624536.10660819558,8.9229696361146557e-05,3.0802953867155734e-05,0.00016345008997196522,0.0001678734529847716,5341184,1165,na_qae_abc,2,1454264448
44025,Long Island,29,624536.10660819558,8.9229696361146557e-05,3.0802953867155734e-05,0.00016345008997196522,0.0001678734529847716,5562368,1210,na_qae_abc,2,1454264448
44025,Long Island,30,624536.10660819558,8.9229696361146557e-05,3.0802953867155734e-05,0.00016345008997196522,0.0001678734529847716,5799936,1257,na_qae_abc,2,1454264448
44025,Long Island,31,624536.10660819558,8.9229696361146557e-05,3.0802953867155734e-05,0.00016345008997196522,0.0001678734529847716,6037504,1304,na_qae_abc,2,1454264448
44025,Long Island,32,624536.10660819558,8.9229696361146557e-05,3.0802953867155734e-05,0.00016345008997196522,0.0001678734529847716,6275072,1351,na_qae_abc,2,1454264448
44025,Long Island,33,624536.10660819558,8.9229696361146557e-05,3.0802953867155734e-05,0.00016345008997196522,0.0001678734529847716,6520832,1399,na_qae_abc,2,1454264448
44025,Long Island,34,624536.10660819558,8.9229696361146557e-05,3.0802953867155734e-05,0.00016345008997196522,0.0001678734529847716,6742016,1444,na_qae_abc,2,1454264448
44025,Long Island,35,624102.72741706762,7.226412640300701e-05,1.5488649120806048e-05,0.00014514878817606486,0.00016814581854363538,6979584,1491,na_qae_abc,2,1454264448
44025,Long Island,36,621366.72635507199,2.8094312257981925e-19,1.0000000000000001e-20,0.00012220315273658747,0.00021052652712153671,7217152,1538,na_qae_abc,2,1454264448
44025,Long Island,37,621366.72635507199,2.8094312257981925e-19,1.0000000000000001e-20,0.00012220315273658747,0.00021052652712153671,7454720,1585,na_qae_abc,2,1454264448
44025,Long Island,38,613302.3153298893,7.4844484492270261e-20,1.0000000000000001e-20,9.9349145000002958e-05,0.00020846371870058886,7692288,1632,na_qae_abc,2,1454264448
44025,Long Island,39,613302.3153298893,7.4844484492270261e-20,1.0000000000000001e-20,9.9349145000002958e-05,0.00020846371870058886,7938048,1680,na_qae_abc,2,1454264448
44025,Long Island,40,613302.3153298893,7.4844484492270261e-20,1.0000000000000001e-20,9.9349145000002958e-05,0.00020846371870058886,8167424,1726,na_qae_abc,2,1454264448
44025,Long Island,1,650990.1966661131,0.00064979479289744104,0.00040224244377191069,0.00095600475415751887,0.000578556909815316,73728,36,na_qae_abc,3,627444888
44025,Long Island,2,641688.43394469516,0.00053117488025982763,0.00030785371191399474,0.00081245834962973603,0.0006349827341687582,122880,60,na_qae_abc,3,627444888
44025,Long Island,3,705994.25400559534,0.0002566616383260166,0.00017093661383947294,0.00035763852723743721,0.00027214222679017573,196608,87,na_qae_abc,3,627444888
44025,Long Island,4,666355.16463551112,0.00016503225777987355,9.3252767685558685e-05,0.00025232397570265603,0.00018825132196465376,311296,119,na_qae_abc,3,627444888
44025,Long Island,5,695156.57181637594,9.6440834020180522e-06,1.0000000000000001e-20,0.00013847105683743725,0.00017709642711613888,483328,158,na_qae_abc,3,627444888
44025,Long Island,6,695156.57181637594,9.6440834020180522e-06,1.0000000000000001e-20,0.00013847105683743725,0.00017709642711613888,630784,194,na_qae_abc,3,627444888
44025,Long Island,7,687005.57978090947,4.1379929819671099e-05,1.0000000000000001e-20,0.00018617580348364367,0.00019209088604414521,811008,234,na_qae_abc,3,627444888
44025,Long Island,8,687005.57978090947,4.1379929819671099e-05,1.0000000000000001e-20,0.00018617580348364367,0.00019209088604414521,991232,274,na_qae_abc,3,627444888
44025,Long Island,9,673764.78169715591,8.7987534945112644e-05,2.9807158127686846e-05,0.00016184511380121455,0.0001408062461078629,1220608,320,na_qae_abc,3,627444888
44025,Long Island,10,658461.58497561619,0.00010673778632618803,4.3641772926924054e-05,0.00018534988500346571,0.00015017137717408656,1449984,366,na_qae_abc,3,627444888
44025,Long Island,11,658461.58497561619,0.00010673778632618803,4.3641772926924054e-05,0.00018534988500346571,0.00015017137717408656,1679360,412,na_qae_abc,3,627444888
44025,Long Island,12,657714.1523008435,0.00010678016602169359,4.4218147001178919e-05,0.00018509728364464196,0.0001589649858178802,1900544,457,na_qae_abc,3,627444888
44025,Long Island,13,621630.74277774291,8.9299405338466188e-05,3.0594641767066815e-05,0.00016376278633102904,0.00019783793059564603,2146304,505,na_qae_abc,3,627444888
44025,Long Island,14,621630.74277774291,8.9299405338466188e-05,3.0594641767066815e-05,0.00016376278633102904,0.00019783793059564603,2375680,551,na_qae_abc,3,627444888
44025,Long Island,15,621630.74277774291,8.9299405338466188e-05,3.0594641767066815e-05,0.00016376278633102904,0.00019783793059564603,2613248,598,na_qae_abc,3,627444888
44025,Long Island,16,621630.74277774291,8.9299405338466188e-05,3.0594641767066815e-05,0.00016376278633102904,0.00019783793059564603,2834432,643,na_qae_abc,3,627444888
44025,Long Island,17,621630.74277774291,8.9299405338466188e-05,3.0594641767066815e-05,0.00016376278633102904,0.00019783793059564603,3063808,689,na_qae_abc,3,627444888
44025,Long Island,18,621630.74277774291,8.9299405338466188e-05,3.0594641767066815e-05,0.00016376278633102904,0.00019783793059564603,3309568,737,na_qae_abc,3,627444888
44025,Long Island,19,621630.74277774291,8.9299405338466188e-05,3.0594641767066815e-05,0.00016376278633102904,0.00019783793059564603,3547136,784,na_qae_abc,3,627444888
44025,Long Island,20,621630.74277774291,8.9299405338466188e-05,3.0594641767066815e-05,0.00016376278633102904,0.00019783793059564603,3776512,830,na_qae_abc,3,627444888
44025,Long Island,21,621630.74277774291,8.9299405338466188e-05,3.0594641767066815e-05,0.00016376278633102904,0.00019783793059564603,4014080,877,na_qae_abc,3,627444888
44025,Long Island,22,621630.74277774291,8.9299405338466188e-05,3.0594641767066815e-05,0.00016376278633102904,0.00019783793059564603,4243456,923,na_qae_abc,3,627444888
44025,Long Island,23,621630.74277774291,8.9299405338466188e-05,3.0594641767066815e-05,0.00016376278633102904,0.00019783793059564603,4489216,971,na_qae_abc,3,627444888
44025,Long Island,24,621630.74277774291,8.9299405338466188e-05,3.0594641767066815e-05,0.00016376278633102904,0.00019783793059564603,4718592,1017,na_qae_abc,3,627444888
44025,Long Island,25,621630.74277774291,8.9299405338466188e-05,3.0594641767066815e-05,0.00016376278633102904,0.00019783793059564603,4956160,1064,na_qae_abc,3,627444888
44025,Long Island,26,621630.74277774291,8.9299405338466188e-05,3.0594641767066815e-05,0.00016376278633102904,0.00019783793059564603,5171200,1109,na_qae_abc,3,627444888
44025,Long Island,27,621630.74277774291,8.9299405338466188e-05,3.0594641767066815e-05,0.00016376278633102904,0.00019783793059564603,5367808,1151,na_qae_abc,3,627444888
44025,Long Island,28,621630.74277774291,8.9299405338466188e-05,3.0594641767066815e-05,0.00016376278633102904,0.00019783793059564603,5597184,1197,na_qae_abc,3,627444888
44025,Long Island,29,621630.74277774291,8.9299405338466188e-05,3.0594641767066815e-05,0.00016376278633102904,0.00019783793059564603,5826560,1243,na_qae_abc,3,627444888
44025,Long Island,30,621630.74277774291,8.9299405338466188e-05,3.0594641767066815e-05,0.00016376278633102904,0.00019783793059564603,6055936,1289,na_qae_abc,3,627444888
44025,Long Island,31,621630.74277774291,8.9299405338466188e-05,3.0594641767066815e-05,0.00016376278633102904,0.00019783793059564603,6285312,1335,na_qae_abc,3,627444888
44025,Long Island,32,621630.74277774291,8.9299405338466188e-05,3.0594641767066815e-05,0.00016376278633102904,0.00019783793059564603,6522880,1382,na_qae_abc,3,627444888
44025,Long Island,33,621630.74277774291,8.9299405338466188e-05,3.0594641767066815e-05,0.00016376278633102904,0.00019783793059564603,6760448,1429,na_qae_abc,3,627444888
44025,Long Island,34,621630.74277774291,8.9299405338466188e-05,3.0594641767066815e-05,0.00016376278633102904,0.00019783793059564603,6981632,1474,na_qae_abc,3,627444888
44025,Long Island,35,621630.74277774291,8.9299405338466188e-05,3.0594641767066815e-05,0.00016376278633102904,0.00019783793059564603,7219200,1521,na_qae_abc,3,627444888
44025,Long Island,36,620459.81277242943,7.6556185242764355e-05,1.8322156231854793e-05,0.00015080321802439506,0.00021904759676660829,7432192,1565,na_qae_abc,3,627444888
44025,Long Island,37,620459.81277242943,7.6556185242764355e-05,1.8322156231854793e-05,0.00015080321802439506,0.00021904759676660829,7661568,1611,na_qae_abc,3,627444888
44025,Long Island,38,620459.81277242943,7.6556185242764355e-05,1.8322156231854793e-05,0.00015080321802439506,0.00021904759676660829,7890944,1657,na_qae_abc,3,627444888
44025,Long Island,39,620459.81277242943,7.6556185242764355e-05,1.8322156231854793e-05,0.00015080321802439506,0.00021904759676660829,8136704,1705,na_qae_abc,3,627444888
44025,Long Island,40,620459.81277242943,7.6556185242764355e-05,1.8322156231854793e-05,0.00015080321802439506,0.00021904759676660829,8357888,1750,na_qae_abc,3,627444888
44025,Long Island,1,659323.6167971571,0.000721139122549833,0.00046044123200969939,0.001039644876406077,0.00086640485794097952,73728,36,na_qae_abc,4,4113981871
44025,Long Island,2,654553.88528114499,0.00045922024883865469,0.00025170118374837433,0.00072817141299840924,0.0004521668521072946,122880,60,na_qae_abc,4,4113981871
44025,Long Island,3,649797.45805715199,0.00015161490361530316,8.09011626573882e-05,0.00023780606275467864,0.00020910908128442255,221184,90,na_qae_abc,4,4113981871
44025,Long Island,4,679880.08604144468,0.00014838932411287753,7.7878060221732253e-05,0.00023440242056050345,0.00018968442608262076,303104,118,na_qae_abc,4,4113981871
44025,Long Island,5,679842.37852940254,0.00012345595537378287,5.8700649105480565e-05,0.00020376846339671302,0.00016051281639198109,483328,158,na_qae_abc,4,4113981871
44025,Long Island,6,683896.55941695452,0.00012223855055138933,5.70131106726683e-05,0.00020305699315802225,0.00015920002411294864,704512,203,na_qae_abc,4,4113981871
44025,Long Island,7,683896.55941695452,0.00012223855055138933,5.70131106726683e-05,0.00020305699315802225,0.00015920002411294864,917504,247,na_qae_abc,4,4113981871
44025,Long Island,8,683896.55941695452,0.00012223855055138933,5.70131106726683e-05,0.00020305699315802225,0.00015920002411294864,1138688,292,na_qae_abc,4,4113981871
44025,Long Island,9,683896.55941695452,0.00012223855055138933,5.70131106726683e-05,0.00020305699315802225,0.00015920002411294864,1368064,338,na_qae_abc,4,4113981871
44025,Long Island,10,703817.89949617186,7.9984299365802599e-05,2.3242818159733364e-05,0.00015264068648525693,0.00014631726981324467,1605632,385,na_qae_abc,4,4113981871
44025,Long Island,11,666051.90200198523,3.0481540613570453e-19,1.0000000000000001e-20,8.960571999377675e-05,0.00013749379488713857,1818624,429,na_qae_abc,4,4113981871
44025,Long Island,12,666051.90200198523,3.0481540613570453e-19,1.0000000000000001e-20,8.960571999377675e-05,0.00013749379488713857,2039808,474,na_qae_abc,4,4113981871
44025,Long Island,13,642088.91121202172,4.3852850423810412e-05,1.0000000000000001e-20,0.00019275399695071154,0.0001530897396976124,2269184,520,na_qae_abc,4,4113981871
44025,Long Island,14,642088.91121202172,4.3852850423810412e-05,1.0000000000000001e-20,0.00019275399695071154,0.0001530897396976124,2514944,568,na_qae_abc,4,4113981871
44025,Long Island,15,641338.51043550065,2.5858705987337999e-05,1.0000000000000001e-20,0.00016507511898932801,0.00014985228480767906,2752512,615,na_qae_abc,4,4113981871
44025,Long Island,16,641338.51043550065,2.5858705987337999e-05,1.0000000000000001e-20,0.00016507511898932801,0.00014985228480767906,2990080,662,na_qae_abc,4,4113981871
44025,Long Island,17,631470.28032948729,2.8094312257981925e-19,1.0000000000000001e-20,0.00012220315273658747,0.00016113058296679896,3211264,707,na_qae_abc,4,4113981871
44025,Long Island,18,631470.28032948729,2.8094312257981925e-19,1.0000000000000001e-20,0.00012220315273658747,0.00016113058296679896,3440640,753,na_qae_abc,4,4113981871
44025,Long Island,19,629165.98379857384,4.8615908200491782e-05,1.0000000000000001e-20,0.00019240055091500075,0.00014961370102553373,3670016,799,na_qae_abc,4,4113981871
44025,Long Island,20,625510.41171742405,9.2549900221515358e-05,3.313434414483709e-05,0.00016787846437402415,0.0001542154782273278,3891200,844,na_qae_abc,4,4113981871
44025,Long Island,21,625200.43409982231,7.7556434865700484e-05,2.0433956716808134e-05,0.00015051635024669678,0.00014901193470697585,4120576,890,na_qae_abc,4,4113981871
44025,Long Island,22,625200.43409982231,7.7556434865700484e-05,2.0433956716808134e-05,0.00015051635024669678,0.00014901193470697585,4349952,936,na_qae_abc,4,4113981871
44025,Long Island,23,610977.98942696396,4.3752423570445347e-06,1.0000000000000001e-20,0.00013861251754788211,0.00018963670146621858,4554752,979,na_qae_abc,4,4113981871
44025,Long Island,24,610977.98942696396,4.3752423570445347e-06,1.0000000000000001e-20,0.00013861251754788211,0.00018963670146621858,4792320,1026,na_qae_abc,4,4113981871
44025,Long Island,25,608617.50907892163,0.00010470567516084343,4.2982013617711609e-05,0.00018221511147392783,0.00021659472081470398,5021696,1072,na_qae_abc,4,4113981871
44025,Long Island,26,608617.50907892163,0.00010470567516084343,4.2982013617711609e-05,0.00018221511147392783,0.00021659472081470398,5251072,1118,na_qae_abc,4,4113981871
44025,Long Island,27,608617.50907892163,0.00010470567516084343,4.2982013617711609e-05,0.00018221511147392783,0.00021659472081470398,5480448,1164,na_qae_abc,4,4113981871
44025,Long Island,28,608617.50907892163,0.00010470567516084343,4.2982013617711609e-05,0.00018221511147392783,0.00021659472081470398,5701632,1209,na_qae_abc,4,4113981871
44025,Long Island,29,608617.50907892163,0.00010470567516084343,4.2982013617711609e-05,0.00018221511147392783,0.00021659472081470398,5931008,1255,na_qae_abc,4,4113981871
44025,Long Island,30,608617.50907892163,0.00010470567516084343,4.2982013617711609e-05,0.00018221511147392783,0.00021659472081470398,6152192,1300,na_qae_abc,4,4113981871
44025,Long Island,31,608617.50907892163,0.00010470567516084343,4.2982013617711609e-05,0.00018221511147392783,0.00021659472081470398,6397952,1348,na_qae_abc,4,4113981871
44025,Long Island,32,608535.14105798968,0.00010889722143543489,4.7027601961458404e-05,0.00018650094947295464,0.00019675923773642564,6635520,1395,na_qae_abc,4,4113981871
44025,Long Island,33,608535.14105798968,0.00010889722143543489,4.7027601961458404e-05,0.00018650094947295464,0.00019675923773642564,6866944,1442,na_qae_abc,4,4113981871
44025,Long Island,34,608535.14105798968,0.00010889722143543489,4.7027601961458404e-05,0.00018650094947295464,0.00019675923773642564,7096320,1488,na_qae_abc,4,4113981871
44025,Long Island,35,608535.14105798968,0.00010889722143543489,4.7027601961458404e-05,0.00018650094947295464,0.00019675923773642564,7325696,1534,na_qae_abc,4,4113981871
44025,Long Island,36,608535.14105798968,0.00010889722143543489,4.7027601961458404e-05,0.00018650094947295464,0.00019675923773642564,7544832,1578,na_qae_abc,4,4113981871
44025,Long Island,37,608535.14105798968,0.00010889722143543489,4.7027601961458404e-05,0.00018650094947295464,0.00019675923773642564,7782400,1625,na_qae_abc,4,4113981871
44025,Long Island,38,608535.14105798968,0.00010889722143543489,4.7027601961458404e-05,0.00018650094947295464,0.00019675923773642564,7987200,1668,na_qae_abc,4,4113981871
44025,Long Island,39,608535.14105798968,0.00010889722143543489,4.7027601961458404e-05,0.00018650094947295464,0.00019675923773642564,8216576,1714,na_qae_abc,4,4113981871
44025,Long Island,40,608535.14105798968,0.00010889722143543489,4.7027601961458404e-05,0.00018650094947295464,0.00019675923773642564,8437760,1759,na_qae_abc,4,4113981871
44025,Long Island,1,654498.28961407964,0.00053443133773515216,0.00030963038019216353,0.00081893665119511902,0.00072787007077165095,73728,36,na_qae_abc,5,4212094172
44025,Long Island,2,694780.55136213929,0.00019788770907385017,0.00011925993674045386,0.00029181982800940672,0.00020046643958336114,155648,64,na_qae_abc,5,4212094172
44025,Long Island,3,694780.55136213929,0.00019788770907385017,0.00011925993674045386,0.00029181982800940672,0.00020046643958336114,262144,95,na_qae_abc,5,4212094172
44025,Long Island,4,650857.24666777055,8.5432123460605771e-05,2.8018568066647675e-05,0.00015860973153336796,0.00017599594482299816,417792,132,na_qae_abc,5,4212094172
44025,Long Island,5,650857.24666777055,8.5432123460605771e-05,2.8018568066647675e-05,0.00015860973153336796,0.00017599594482299816,598016,172,na_qae_abc,5,4212094172
44025,Long Island,6,650857.24666777055,8.5432123460605771e-05,2.8018568066647675e-05,0.00015860973153336796,0.00017599594482299816,794624,214,na_qae_abc,5,4212094172
44025,Long Island,7,643705.19247733266,7.2712861214558521e-05,1.7758634076562152e-05,0.00014341215987189978,0.00015372963004997871,1024000,260,na_qae_abc,5,4212094172
44025,Long Island,8,642113.91241949785,9.7628465495680441e-06,1.0000000000000001e-20,0.00014929383613849297,0.0001608189040485595,1253376,306,na_qae_abc,5,4212094172
44025,Long Island,9,638153.18459668709,8.3314458517943417e-05,2.4157298705264129e-05,0.00015856697146144524,0.00016725421608657207,1499136,354,na_qae_abc,5,4212094172
44025,Long Island,10,638153.18459668709,8.3314458517943417e-05,2.4157298705264129e-05,0.00015856697146144524,0.00016725421608657207,1744896,402,na_qae_abc,5,4212094172
44025,Long Island,11,638153.18459668709,8.3314458517943417e-05,2.4157298705264129e-05,0.00015856697146144524,0.00016725421608657207,1982464,449,na_qae_abc,5,4212094172
44025,Long Island,12,629259.84668756067,0.00010663603537278505,4.3980175353288546e-05,0.00018514758887430547,0.00015526051836199062,2211840,495,na_qae_abc,5,4212094172
44025,Long Island,13,629259.84668756067,0.00010663603537278505,4.3980175353288546e-05,0.00018514758887430547,0.00015526051836199062,2433024,540,na_qae_abc,5,4212094172
44025,Long Island,14,629259.84668756067,0.00010663603537278505,4.3980175353288546e-05,0.00018514758887430547,0.00015526051836199062,2662400,586,na_qae_abc,5,4212094172
44025,Long Island,15,629259.84668756067,0.00010663603537278505,4.3980175353288546e-05,0.00018514758887430547,0.00015526051836199062,2867200,629,na_qae_abc,5,4212094172
44025,Long Island,16,629259.84668756067,0.00010663603537278505,4.3980175353288546e-05,0.00018514758887430547,0.00015526051836199062,3080192,673,na_qae_abc,5,4212094172
44025,Long Island,17,628338.77946751041,5.1129279491781021e-20,1.0000000000000001e-20,9.8010464356280646e-05,0.00016174801687177795,3309568,719,na_qae_abc,5,4212094172
44025,Long Island,18,628338.77946751041,5.1129279491781021e-20,1.0000000000000001e-20,9.8010464356280646e-05,0.00016174801687177795,3555328,767,na_qae_abc,5,4212094172
44025,Long Island,19,628338.77946751041,5.1129279491781021e-20,1.0000000000000001e-20,9.8010464356280646e-05,0.00016174801687177795,3801088,815,na_qae_abc,5,4212094172
44025,Long Island,20,627623.52385520563,0.00011188504638295504,4.895330683945077e-05,0.00019044050730036808,0.00018011444042238836,4022272,860,na_qae_abc,5,4212094172
44025,Long Island,21,627623.52385520563,0.00011188504638295504,4.895330683945077e-05,0.00019044050730036808,0.00018011444042238836,4251648,906,na_qae_abc,5,4212094172
44025,Long Island,22,614755.50588844263,0.00011328957357668346,4.9642705896998599e-05,0.00019268168409051429,0.00019050100447443835,4489216,953,na_qae_abc,5,4212094172
44025,Long Island,23,614755.50588844263,0.00011328957357668346,4.9642705896998599e-05,0.00019268168409051429,0.00019050100447443835,4726784,1000,na_qae_abc,5,4212094172
44025,Long Island,24,614755.50588844263,0.00011328957357668346,4.9642705896998599e-05,0.00019268168409051429,0.00019050100447443835,4964352,1047,na_qae_abc,5,4212094172
44025,Long Island,25,614755.50588844263,0.00011328957357668346,4.9642705896998599e-05,0.00019268168409051429,0.00019050100447443835,5193728,1093,na_qae_abc,5,4212094172
44025,Long Island,26,614755.50588844263,0.00011328957357668346,4.9642705896998599e-05,0.00019268168409051429,0.00019050100447443835,5431296,1140,na_qae_abc,5,4212094172
44025,Long Island,27,614755.50588844263,0.00011328957357668346,4.9642705896998599e-05,0.00019268168409051429,0.00019050100447443835,5668864,1187,na_qae_abc,5,4212094172
44025,Long Island,28,614755.50588844263,0.00011328957357668346,4.9642705896998599e-05,0.00019268168409051429,0.00019050100447443835,5906432,1234,na_qae_abc,5,4212094172
44025,Long Island,29,611216.24711326452,1.4162466836779299e-05,1.0000000000000001e-20,0.00015092814528205702,0.00020707829841845875,6135808,1280,na_qae_abc,5,4212094172
44025,Long Island,30,611216.24711326452,1.4162466836779299e-05,1.0000000000000001e-20,0.00015092814528205702,0.00020707829841845875,6348800,1324,na_qae_abc,5,4212094172
44025,Long Island,31,611216.24711326452,1.4162466836779299e-05,1.0000000000000001e-20,0.00015092814528205702,0.00020707829841845875,6578176,1370,na_qae_abc,5,4212094172
44025,Long Island,32,611216.24711326452,1.4162466836779299e-05,1.0000000000000001e-20,0.00015092814528205702,0.00020707829841845875,6807552,1416,na_qae_abc,5,4212094172
44025,Long Island,33,605359.673874386,2.9374238854460777e-05,1.0000000000000001e-20,0.00017196550902800787,0.00022251269488495829,7028736,1461,na_qae_abc,5,4212094172
44025,Long Island,34,605359.673874386,2.9374238854460777e-05,1.0000000000000001e-20,0.00017196550902800787,0.00022251269488495829,7249920,1506,na_qae_abc,5,4212094172
44025,Long Island,35,605359.673874386,2.9374238854460777e-05,1.0000000000000001e-20,0.00017196550902800787,0.00022251269488495829,7487488,1553,na_qae_abc,5,4212094172
44025,Long Island,36,605359.673874386,2.9374238854460777e-05,1.0000000000000001e-20,0.00017196550902800787,0.00022251269488495829,7725056,1600,na_qae_abc,5,4212094172
44025,Long Island,37,605359.673874386,2.9374238854460777e-05,1.0000000000000001e-20,0.00017196550902800787,0.00022251269488495829,7970816,1648,na_qae_abc,5,4212094172
44025,Long Island,38,605359.673874386,2.9374238854460777e-05,1.0000000000000001e-20,0.00017196550902800787,0.00022251269488495829,8192000,1693,na_qae_abc,5,4212094172
44025,Long Island,39,605359.673874386,2.9374238854460777e-05,1.0000000000000001e-20,0.00017196550902800787,0.00022251269488495829,8429568,1740,na_qae_abc,5,4212094172
44025,Long Island,40,605359.673874386,2.9374238854460777e-05,1.0000000000000001e-20,0.00017196550902800787,0.00022251269488495829,8667136,1787,na_qae_abc,5,4212094172
44025,Long Island,1,659208.60982529284,0.00019305359412898236,0.00011637508088738704,0.0002851072911761085,0.00025607637033846003,106496,40,na_qae_abc,6,2276805683
44025,Long Island,2,675933.656426345,0.00016335677442300481,9.0402418342299868e-05,0.00025186561754125461,0.00024729069127488998,212992,71,na_qae_abc,6,2276805683
44025,Long Island,3,675933.656426345,0.00016335677442300481,9.0402418342299868e-05,0.00025186561754125461,0.00024729069127488998,335872,104,na_qae_abc,6,2276805683
44025,Long Island,4,675933.656426345,0.00016335677442300481,9.0402418342299868e-05,0.00025186561754125461,0.00024729069127488998,499712,142,na_qae_abc,6,2276805683
44025,Long Island,5,700519.60986255133,4.3697832977564446e-05,1.0000000000000001e-20,0.00019012018527407739,0.00033651726145848929,638976,177,na_qae_abc,6,2276805683
44025,Long Island,6,700519.60986255133,4.3697832977564446e-05,1.0000000000000001e-20,0.00019012018527407739,0.00033651726145848929,770048,211,na_qae_abc,6,2276805683
44025,Long Island,7,700519.60986255133,4.3697832977564446e-05,1.0000000000000001e-20,0.00019012018527407739,0.00033651726145848929,983040,255,na_qae_abc,6,2276805683
44025,Long Island,8,700519.60986255133,4.3697832977564446e-05,1.0000000000000001e-20,0.00019012018527407739,0.00033651726145848929,1171456,296,na_qae_abc,6,2276805683
44025,Long Island,9,646013.2359120996,1.2234825278137255e-05,1.0000000000000001e-20,0.00014806382487174508,0.00020229442754690494,1368064,338,na_qae_abc,6,2276805683
44025,Long Island,10,646013.2359120996,1.2234825278137255e-05,1.0000000000000001e-20,0.00014806382487174508,0.00020229442754690494,1581056,382,na_qae_abc,6,2276805683
44025,Long Island,11,646013.2359120996,1.2234825278137255e-05,1.0000000000000001e-20,0.00014806382487174508,0.00020229442754690494,1810432,428,na_qae_abc,6,2276805683
44025,Long Island,12,646013.2359120996,1.2234825278137255e-05,1.0000000000000001e-20,0.00014806382487174508,0.00020229442754690494,2007040,470,na_qae_abc,6,2276805683
44025,Long Island,13,646013.2359120996,1.2234825278137255e-05,1.0000000000000001e-20,0.00014806382487174508,0.00020229442754690494,2211840,513,na_qae_abc,6,2276805683
44025,Long Island,14,646013.2359120996,1.2234825278137255e-05,1.0000000000000001e-20,0.00014806382487174508,0.00020229442754690494,2441216,559,na_qae_abc,6,2276805683
44025,Long Island,15,646013.2359120996,1.2234825278137255e-05,1.0000000000000001e-20,0.00014806382487174508,0.00020229442754690494,2670592,605,na_qae_abc,6,2276805683
44025,Long Island,16,646013.2359120996,1.2234825278137255e-05,1.0000000000000001e-20,0.00014806382487174508,0.00020229442754690494,2908160,652,na_qae_abc,6,2276805683
44025,Long Island,17,646013.2359120996,1.2234825278137255e-05,1.0000000000000001e-20,0.00014806382487174508,0.00020229442754690494,3137536,698,na_qae_abc,6,2276805683
44025,Long Island,18,646013.2359120996,1.2234825278137255e-05,1.0000000000000001e-20,0.00014806382487174508,0.00020229442754690494,3342336,741,na_qae_abc,6,2276805683
44025,Long Island,19,646013.2359120996,1.2234825278137255e-05,1.0000000000000001e-20,0.00014806382487174508,0.00020229442754690494,3579904,788,na_qae_abc,6,2276805683
44025,Long Island,20,646013.2359120996,1.2234825278137255e-05,1.0000000000000001e-20,0.00014806382487174508,0.00020229442754690494,3792896,832,na_qae_abc,6,2276805683
44025,Long Island,21,646013.2359120996,1.2234825278137255e-05,1.0000000000000001e-20,0.00014806382487174508,0.00020229442754690494,4016128,878,na_qae_abc,6,2276805683
44025,Long Island,22,646013.2359120996,1.2234825278137255e-05,1.0000000000000001e-20,0.00014806382487174508,0.00020229442754690494,4147200,912,na_qae_abc,6,2276805683
44025,Long Island,23,646013.2359120996,1.2234825278137255e-05,1.0000000000000001e-20,0.00014806382487174508,0.00020229442754690494,4376576,958,na_qae_abc,6,2276805683
44025,Long Island,24,646013.2359120996,1.2234825278137255e-05,1.0000000000000001e-20,0.00014806382487174508,0.00020229442754690494,4605952,1004,na_qae_abc,6,2276805683
44025,Long Island,25,646013.2359120996,1.2234825278137255e-05,1.0000000000000001e-20,0.00014806382487174508,0.00020229442754690494,4843520,1051,na_qae_abc,6,2276805683
44025,Long Island,26,646013.2359120996,1.2234825278137255e-05,1.0000000000000001e-20,0.00014806382487174508,0.00020229442754690494,5040128,1093,na_qae_abc,6,2276805683
44025,Long Island,27,638270.17955283599,3.6377935006497853e-05,1.0000000000000001e-20,0.00018025857475923647,0.0002153495813794964,5253120,1137,na_qae_abc,6,2276805683
44025,Long Island,28,638270.17955283599,3.6377935006497853e-05,1.0000000000000001e-20,0.00018025857475923647,0.0002153495813794964,5457920,1180,na_qae_abc,6,2276805683
44025,Long Island,29,630549.37741431652,9.6266981741934793e-05,3.6812223577380878e-05,0.00017151445347993036,0.00017616301080754213,5670912,1224,na_qae_abc,6,2276805683
44025,Long Island,30,621598.88270245551,8.713171800119595e-05,2.7678778968043831e-05,0.0001623740769279722,0.00018960858367784924,5916672,1272,na_qae_abc,6,2276805683
44025,Long Island,31,621598.88270245551,8.713171800119595e-05,2.7678778968043831e-05,0.0001623740769279722,0.00018960858367784924,6129664,1316,na_qae_abc,6,2276805683
44025,Long Island,32,621598.88270245551,8.713171800119595e-05,2.7678778968043831e-05,0.0001623740769279722,0.00018960858367784924,6367232,1363,na_qae_abc,6,2276805683
44025,Long Island,33,621598.88270245551,8.713171800119595e-05,2.7678778968043831e-05,0.0001623740769279722,0.00018960858367784924,6604800,1410,na_qae_abc,6,2276805683
44025,Long Island,34,619014.8061797109,9.5994839484887586e-05,3.6306886119814042e-05,0.00017149515190999966,0.0001802522899150372,6825984,1455,na_qae_abc,6,2276805683
44025,Long Island,35,619014.8061797109,9.5994839484887586e-05,3.6306886119814042e-05,0.00017149515190999966,0.0001802522899150372,7038976,1499,na_qae_abc,6,2276805683
44025,Long Island,36,619014.8061797109,9.5994839484887586e-05,3.6306886119814042e-05,0.00017149515190999966,0.0001802522899150372,7260160,1544,na_qae_abc,6,2276805683
44025,Long Island,37,619014.8061797109,9.5994839484887586e-05,3.6306886119814042e-05,0.00017149515190999966,0.0001802522899150372,7481344,1589,na_qae_abc,6,2276805683
44025,Long Island,38,619014.8061797109,9.5994839484887586e-05,3.6306886119814042e-05,0.00017149515190999966,0.0001802522899150372,7710720,1635,na_qae_abc,6,2276805683
44025,Long Island,39,619014.8061797109,9.5994839484887586e-05,3.6306886119814042e-05,0.00017149515190999966,0.0001802522899150372,7931904,1680,na_qae_abc,6,2276805683
44025,Long Island,40,619014.8061797109,9.5994839484887586e-05,3.6306886119814042e-05,0.00017149515190999966,0.0001802522899150372,8144896,1724,na_qae_abc,6,2276805683
44025,Long Island,1,676722.07890106807,0.00038861845583423811,0.00019887158143865096,0.00063673974094766161,0.00031891212437512996,81920,37,na_qae_abc,7,2858397835
44025,Long Island,2,709347.10605958349,0.00024490403047036202,0.00016085834759870484,0.00034411909431224426,0.00020491303424136518,180224,67,na_qae_abc,7,2858397835
44025,Long Island,3,659355.31846400409,0.00014533203475285304,7.600721789257927e-05,0.00023005484521448194,0.00019699024951843962,311296,101,na_qae_abc,7,2858397835
44025,Long Island,4,659355.31846400409,0.00014533203475285304,7.600721789257927e-05,0.00023005484521448194,0.00019699024951843962,483328,140,na_qae_abc,7,2858397835
44025,Long Island,5,704422.74735692376,0.0001356099167233712,6.8717995193625208e-05,0.0002180026096475315,0.00018393349621321342,671744,181,na_qae_abc,7,2858397835
44025,Long Island,6,704422.74735692376,0.0001356099167233712,6.8717995193625208e-05,0.0002180026096475315,0.00018393349621321342,851968,221,na_qae_abc,7,2858397835
44025,Long Island,7,674827.46633103432,0.00012829905226483792,6.1750713120299651e-05,0.00021063831425361174,0.0001828047056540132,1073152,266,na_qae_abc,7,2858397835
44025,Long Island,8,674827.46633103432,0.00012829905226483792,6.1750713120299651e-05,0.00021063831425361174,0.0001828047056540132,1269760,308,na_qae_abc,7,2858397835
44025,Long Island,9,697589.7293362607,0.00010194666897131976,4.0760994658825061e-05,0.00017881531889450409,0.00016243147264677699,1466368,350,na_qae_abc,7,2858397835
44025,Long Island,10,697589.7293362607,0.00010194666897131976,4.0760994658825061e-05,0.00017881531889450409,0.00016243147264677699,1687552,395,na_qae_abc,7,2858397835
44025,Long Island,11,672738.94110577845,1.4508323472723148e-05,1.0000000000000001e-20,0.00014833134536564673,0.00020355789745405483,1892352,438,na_qae_abc,7,2858397835
44025,Long Island,12,672738.94110577845,1.4508323472723148e-05,1.0000000000000001e-20,0.00014833134536564673,0.00020355789745405483,2129920,485,na_qae_abc,7,2858397835
44025,Long Island,13,658611.00199972792,2.8261160721426913e-05,1.0000000000000001e-20,0.00017232542482976105,0.00017079496306503754,2351104,530,na_qae_abc,7,2858397835
44025,Long Island,14,658611.00199972792,2.8261160721426913e-05,1.0000000000000001e-20,0.00017232542482976105,0.00017079496306503754,2596864,578,na_qae_abc,7,2858397835
44025,Long Island,15,658611.00199972792,2.8261160721426913e-05,1.0000000000000001e-20,0.00017232542482976105,0.00017079496306503754,2801664,621,na_qae_abc,7,2858397835
44025,Long Island,16,617408.43077498372,1.8432207638558239e-05,1.0000000000000001e-20,0.0001548403175751849,0.00021847589931356167,3031040,667,na_qae_abc,7,2858397835
44025,Long Island,17,617408.43077498372,1.8432207638558239e-05,1.0000000000000001e-20,0.0001548403175751849,0.00021847589931356167,3260416,713,na_qae_abc,7,2858397835
44025,Long Island,18,617408.43077498372,1.8432207638558239e-05,1.0000000000000001e-20,0.0001548403175751849,0.00021847589931356167,3497984,760,na_qae_abc,7,2858397835
44025,Long Island,19,617408.43077498372,1.8432207638558239e-05,1.0000000000000001e-20,0.0001548403175751849,0.00021847589931356167,3719168,805,na_qae_abc,7,2858397835
44025,Long Island,20,617408.43077498372,1.8432207638558239e-05,1.0000000000000001e-20,0.0001548403175751849,0.00021847589931356167,3948544,851,na_qae_abc,7,2858397835
44025,Long Island,21,617408.43077498372,1.8432207638558239e-05,1.0000000000000001e-20,0.0001548403175751849,0.00021847589931356167,4177920,897,na_qae_abc,7,2858397835
44025,Long Island,22,617408.43077498372,1.8432207638558239e-05,1.0000000000000001e-20,0.0001548403175751849,0.00021847589931356167,4407296,943,na_qae_abc,7,2858397835
44025,Long Island,23,617408.43077498372,1.8432207638558239e-05,1.0000000000000001e-20,0.0001548403175751849,0.00021847589931356167,4655104,992,na_qae_abc,7,2858397835
44025,Long Island,24,617408.43077498372,1.8432207638558239e-05,1.0000000000000001e-20,0.0001548403175751849,0.00021847589931356167,4876288,1037,na_qae_abc,7,2858397835
44025,Long Island,25,617408.43077498372,1.8432207638558239e-05,1.0000000000000001e-20,0.0001548403175751849,0.00021847589931356167,5081088,1080,na_qae_abc,7,2858397835
44025,Long Island,26,617408.43077498372,1.8432207638558239e-05,1.0000000000000001e-20,0.0001548403175751849,0.00021847589931356167,5318656,1127,na_qae_abc,7,2858397835
44025,Long Island,27,617408.43077498372,1.8432207638558239e-05,1.0000000000000001e-20,0.0001548403175751849,0.00021847589931356167,5531648,1171,na_qae_abc,7,2858397835
44025,Long Island,28,617408.43077498372,1.8432207638558239e-05,1.0000000000000001e-20,0.0001548403175751849,0.00021847589931356167,5777408,1219,na_qae_abc,7,2858397835
44025,Long Island,29,617408.43077498372,1.8432207638558239e-05,1.0000000000000001e-20,0.0001548403175751849,0.00021847589931356167,6014976,1266,na_qae_abc,7,2858397835
44025,Long Island,30,617408.43077498372,1.8432207638558239e-05,1.0000000000000001e-20,0.0001548403175751849,0.00021847589931356167,6236160,1311,na_qae_abc,7,2858397835
44025,Long Island,31,617408.43077498372,1.8432207638558239e-05,1.0000000000000001e-20,0.0001548403175751849,0.00021847589931356167,6465536,1357,na_qae_abc,7,2858397835
44025,Long Island,32,617408.43077498372,1.8432207638558239e-05,1.0000000000000001e-20,0.0001548403175751849,0.00021847589931356167,6686720,1402,na_qae_abc,7,2858397835
44025,Long Island,33,615645.02077755332,0.00011255562220150013,4.764936879485766e-05,0.00019298212636334071,0.00020325685208151187,6924288,1449,na_qae_abc,7,2858397835
44025,Long Island,34,615645.02077755332,0.00011255562220150013,4.764936879485766e-05,0.00019298212636334071,0.00020325685208151187,7161856,1496,na_qae_abc,7,2858397835
44025,Long Island,35,615645.02077755332,0.00011255562220150013,4.764936879485766e-05,0.00019298212636334071,0.00020325685208151187,7391232,1542,na_qae_abc,7,2858397835
44025,Long Island,36,615645.02077755332,0.00011255562220150013,4.764936879485766e-05,0.00019298212636334071,0.00020325685208151187,7620608,1588,na_qae_abc,7,2858397835
44025,Long Island,37,615645.02077755332,0.00011255562220150013,4.764936879485766e-05,0.00019298212636334071,0.00020325685208151187,7849984,1634,na_qae_abc,7,2858397835
44025,Long Island,38,615645.02077755332,0.00011255562220150013,4.764936879485766e-05,0.00019298212636334071,0.00020325685208151187,8081408,1681,na_qae_abc,7,2858397835
44025,Long Island,39,615645.02077755332,0.00011255562220150013,4.764936879485766e-05,0.00019298212636334071,0.00020325685208151187,8245248,1719,na_qae_abc,7,2858397835
44025,Long Island,40,615645.02077755332,0.00011255562220150013,4.764936879485766e-05,0.00019298212636334071,0.00020325685208151187,8441856,1761,na_qae_abc,7,2858397835
44025,Long Island,1,641674.38667643175,0.00040235516116228682,0.00020758671568159076,0.00065644135922915512,0.00057360267518759549,73728,36,na_qae_abc,8,2412201501
44025,Long Island,2,641674.38667643175,0.00040235516116228682,0.00020758671568159076,0.00065644135922915512,0.00057360267518759549,131072,61,na_qae_abc,8,2412201501
44025,Long Island,3,645436.3708823662,0.00038986972356996289,0.00019870009126320455,0.00063990897443913486,0.00056531134407919611,188416,86,na_qae_abc,8,2412201501
44025,Long Island,4,710764.71172876039,0.00016658828622927394,9.4315324298031565e-05,0.00025451091961112201,0.00019881513310048368,311296,119,na_qae_abc,8,2412201501
44025,Long Island,5,702311.82207588095,8.9201727554577242e-05,2.9755171799802166e-05,0.00016443656581487616,0.00015627779662149815,499712,160,na_qae_abc,8,2412201501
44025,Long Island,6,679870.64649422362,0.00011295372136466829,4.9615715521996767e-05,0.00019194998936878914,0.00015122290276388281,679936,200,na_qae_abc,8,2412201501
44025,Long Island,7,670454.91522257554,2.3953781770251636e-05,1.0000000000000001e-20,0.00016552689206391703,0.00015541402602702121,884736,243,na_qae_abc,8,2412201501
44025,Long Island,8,668369.56894833385,0.00010231872869705829,3.9806325002912682e-05,0.0001805405185027897,0.00015584759534817443,1122304,290,na_qae_abc,8,2412201501
44025,Long Island,9,655883.38291404245,4.5024689538514816e-05,1.0000000000000001e-20,0.00019276509074529974,0.00013683232493875072,1351680,336,na_qae_abc,8,2412201501
44025,Long Island,10,655883.38291404245,4.5024689538514816e-05,1.0000000000000001e-20,0.00019276509074529974,0.00013683232493875072,1589248,383,na_qae_abc,8,2412201501
44025,Long Island,11,655883.38291404245,4.5024689538514816e-05,1.0000000000000001e-20,0.00019276509074529974,0.00013683232493875072,1802240,427,na_qae_abc,8,2412201501
44025,Long Island,12,643545.96440675412,0.00011194209460595349,4.961241186370903e-05,0.0001900626655387279,0.00013352183414056464,2039808,474,na_qae_abc,8,2412201501
44025,Long Island,13,630145.07213177718,0.00010105253597323623,3.8491734622759401e-05,0.00017942725669349311,0.00015361388547471835,2244608,517,na_qae_abc,8,2412201501
44025,Long Island,14,630145.07213177718,0.00010105253597323623,3.8491734622759401e-05,0.00017942725669349311,0.00015361388547471835,2457600,561,na_qae_abc,8,2412201501
44025,Long Island,15,630145.07213177718,0.00010105253597323623,3.8491734622759401e-05,0.00017942725669349311,0.00015361388547471835,2678784,606,na_qae_abc,8,2412201501
44025,Long Island,16,618146.69344220799,0.00010895104996301371,4.6142332216852708e-05,0.00018746420980087153,0.00018764359751208718,2924544,654,na_qae_abc,8,2412201501
44025,Long Island,17,618146.69344220799,0.00010895104996301371,4.6142332216852708e-05,0.00018746420980087153,0.00018764359751208718,3153920,700,na_qae_abc,8,2412201501
44025,Long Island,18,618146.69344220799,0.00010895104996301371,4.6142332216852708e-05,0.00018746420980087153,0.00018764359751208718,3399680,748,na_qae_abc,8,2412201501
44025,Long Island,19,618146.69344220799,0.00010895104996301371,4.6142332216852708e-05,0.00018746420980087153,0.00018764359751208718,3629056,794,na_qae_abc,8,2412201501
44025,Long Island,20,618146.69344220799,0.00010895104996301371,4.6142332216852708e-05,0.00018746420980087153,0.00018764359751208718,3858432,840,na_qae_abc,8,2412201501
44025,Long Island,21,618146.69344220799,0.00010895104996301371,4.6142332216852708e-05,0.00018746420980087153,0.00018764359751208718,4071424,884,na_qae_abc,8,2412201501
44025,Long Island,22,618146.69344220799,0.00010895104996301371,4.6142332216852708e-05,0.00018746420980087153,0.00018764359751208718,4284416,928,na_qae_abc,8,2412201501
44025,Long Island,23,618146.69344220799,0.00010895104996301371,4.6142332216852708e-05,0.00018746420980087153,0.00018764359751208718,4505600,973,na_qae_abc,8,2412201501
44025,Long Island,24,618146.69344220799,0.00010895104996301371,4.6142332216852708e-05,0.00018746420980087153,0.00018764359751208718,4737024,1020,na_qae_abc,8,2412201501
44025,Long Island,25,618146.69344220799,0.00010895104996301371,4.6142332216852708e-05,0.00018746420980087153,0.00018764359751208718,4917248,1060,na_qae_abc,8,2412201501
44025,Long Island,26,618146.69344220799,0.00010895104996301371,4.6142332216852708e-05,0.00018746420980087153,0.00018764359751208718,5154816,1107,na_qae_abc,8,2412201501
44025,Long Island,27,618146.69344220799,0.00010895104996301371,4.6142332216852708e-05,0.00018746420980087153,0.00018764359751208718,5392384,1154,na_qae_abc,8,2412201501
44025,Long Island,28,618146.69344220799,0.00010895104996301371,4.6142332216852708e-05,0.00018746420980087153,0.00018764359751208718,5638144,1202,na_qae_abc,8,2412201501
44025,Long Island,29,618146.69344220799,0.00010895104996301371,4.6142332216852708e-05,0.00018746420980087153,0.00018764359751208718,5875712,1249,na_qae_abc,8,2412201501
44025,Long Island,30,618146.69344220799,0.00010895104996301371,4.6142332216852708e-05,0.00018746420980087153,0.00018764359751208718,6096896,1294,na_qae_abc,8,2412201501
44025,Long Island,31,618146.69344220799,0.00010895104996301371,4.6142332216852708e-05,0.00018746420980087153,0.00018764359751208718,6326272,1340,na_qae_abc,8,2412201501
44025,Long Island,32,618146.69344220799,0.00010895104996301371,4.6142332216852708e-05,0.00018746420980087153,0.00018764359751208718,6555648,1386,na_qae_abc,8,2412201501
44025,Long Island,33,618146.69344220799,0.00010895104996301371,4.6142332216852708e-05,0.00018746420980087153,0.00018764359751208718,6776832,1431,na_qae_abc,8,2412201501
44025,Long Island,34,614896.18291993346,0.00010990032481630448,4.5355587447668867e-05,0.000190401560413937,0.0001780354831230616,6981632,1474,na_qae_abc,8,2412201501
44025,Long Island,35,614896.18291993346,0.00010990032481630448,4.5355587447668867e-05,0.000190401560413937,0.0001780354831230616,7211008,1520,na_qae_abc,8,2412201501
44025,Long Island,36,614896.18291993346,0.00010990032481630448,4.5355587447668867e-05,0.000190401560413937,0.0001780354831230616,7424000,1564,na_qae_abc,8,2412201501
44025,Long Island,37,614896.18291993346,0.00010990032481630448,4.5355587447668867e-05,0.000190401560413937,0.0001780354831230616,7653376,1610,na_qae_abc,8,2412201501
44025,Long Island,38,614896.18291993346,0.00010990032481630448,4.5355587447668867e-05,0.000190401560413937,0.0001780354831230616,7874560,1655,na_qae_abc,8,2412201501
44025,Long Island,39,614896.18291993346,0.00010990032481630448,4.5355587447668867e-05,0.000190401560413937,0.0001780354831230616,8103936,1701,na_qae_abc,8,2412201501
44025,Long Island,40,613495.31491629337,0.0001064120671938708,4.4540409917796149e-05,0.0001839441678660682,0.0001839972155353636,8333312,1747,na_qae_abc,8,2412201501
44025,Long Island,1,682921.14516163152,0.0022224288239006094,0.0015501096763263628,0.0030496025763953332,0.0018152642023866394,73728,36,na_qae_abc,9,554434428
44025,Long Island,2,716893.51494819392,0.0010360244633669615,0.00071228885134768326,0.0014317028264470627,0.0011021171982818019,122880,60,na_qae_abc,9,554434428
44025,Long Island,3,668677.80588958948,0.00054829338105899213,0.00032057402469768716,0.00083675191509532281,0.00058248967828108662,172032,84,na_qae_abc,9,554434428
44025,Long Island,4,700442.29972968251,0.00011940839137501549,5.5001214028281017e-05,0.00019947204169961231,0.00019733760244548077,237568,110,na_qae_abc,9,554434428
44025,Long Island,5,700442.29972968251,0.00011940839137501549,5.5001214028281017e-05,0.00019947204169961231,0.00019733760244548077,335872,140,na_qae_abc,9,554434428
44025,Long Island,6,700442.29972968251,0.00011940839137501549,5.5001214028281017e-05,0.00019947204169961231,0.00019733760244548077,491520,177,na_qae_abc,9,554434428
44025,Long Island,7,722216.35042966192,4.0625866576202057e-05,1.0000000000000001e-20,0.00018686691257382426,0.00021486852222157599,663552,216,na_qae_abc,9,554434428
44025,Long Island,8,722216.35042966192,4.0625866576202057e-05,1.0000000000000001e-20,0.00018686691257382426,0.00021486852222157599,835584,255,na_qae_abc,9,554434428
44025,Long Island,9,670640.83728125913,8.6517677704744074e-05,2.7416627108285168e-05,0.00016133059861878375,0.0001635844247607101,1032192,297,na_qae_abc,9,554434428
44025,Long Island,10,670640.83728125913,8.6517677704744074e-05,2.7416627108285168e-05,0.00016133059861878375,0.0001635844247607101,1179648,333,na_qae_abc,9,554434428
44025,Long Island,11,670640.83728125913,8.6517677704744074e-05,2.7416627108285168e-05,0.00016133059861878375,0.0001635844247607101,1417216,380,na_qae_abc,9,554434428
44025,Long Island,12,670640.83728125913,8.6517677704744074e-05,2.7416627108285168e-05,0.00016133059861878375,0.0001635844247607101,1630208,424,na_qae_abc,9,554434428
44025,Long Island,13,670640.83728125913,8.6517677704744074e-05,2.7416627108285168e-05,0.00016133059861878375,0.0001635844247607101,1851392,469,na_qae_abc,9,554434428
44025,Long Island,14,670640.83728125913,8.6517677704744074e-05,2.7416627108285168e-05,0.00016133059861878375,0.0001635844247607101,2072576,514,na_qae_abc,9,554434428
44025,Long Island,15,670640.83728125913,8.6517677704744074e-05,2.7416627108285168e-05,0.00016133059861878375,0.0001635844247607101,2285568,558,na_qae_abc,9,554434428
44025,Long Island,16,670640.83728125913,8.6517677704744074e-05,2.7416627108285168e-05,0.00016133059861878375,0.0001635844247607101,2490368,601,na_qae_abc,9,554434428
44025,Long Island,17,628031.77985089121,3.7753009176405101e-05,1.0000000000000001e-20,0.00017918765893225826,0.00023457258199302694,2711552,646,na_qae_abc,9,554434428
44025,Long Island,18,628031.77985089121,3.7753009176405101e-05,1.0000000000000001e-20,0.00017918765893225826,0.00023457258199302694,2932736,691,na_qae_abc,9,554434428
44025,Long Island,19,628031.77985089121,3.7753009176405101e-05,1.0000000000000001e-20,0.00017918765893225826,0.00023457258199302694,3153920,736,na_qae_abc,9,554434428
44025,Long Island,20,628031.77985089121,3.7753009176405101e-05,1.0000000000000001e-20,0.00017918765893225826,0.00023457258199302694,3391488,783,na_qae_abc,9,554434428
44025,Long Island,21,628031.77985089121,3.7753009176405101e-05,1.0000000000000001e-20,0.00017918765893225826,0.00023457258199302694,3612672,828,na_qae_abc,9,554434428
44025,Long Island,22,628031.77985089121,3.7753009176405101e-05,1.0000000000000001e-20,0.00017918765893225826,0.00023457258199302694,3850240,875,na_qae_abc,9,554434428
44025,Long Island,23,628031.77985089121,3.7753009176405101e-05,1.0000000000000001e-20,0.00017918765893225826,0.00023457258199302694,4055040,918,na_qae_abc,9,554434428
44025,Long Island,24,628031.77985089121,3.7753009176405101e-05,1.0000000000000001e-20,0.00017918765893225826,0.00023457258199302694,4259840,961,na_qae_abc,9,554434428
44025,Long Island,25,628031.77985089121,3.7753009176405101e-05,1.0000000000000001e-20,0.00017918765893225826,0.00023457258199302694,4466688,1005,na_qae_abc,9,554434428
44025,Long Island,26,628031.77985089121,3.7753009176405101e-05,1.0000000000000001e-20,0.00017918765893225826,0.00023457258199302694,4597760,1039,na_qae_abc,9,554434428
44025,Long Island,27,628031.77985089121,3.7753009176405101e-05,1.0000000000000001e-20,0.00017918765893225826,0.00023457258199302694,4810752,1083,na_qae_abc,9,554434428
44025,Long Island,28,628031.77985089121,3.7753009176405101e-05,1.0000000000000001e-20,0.00017918765893225826,0.00023457258199302694,5015552,1126,na_qae_abc,9,554434428
44025,Long Island,29,628031.77985089121,3.7753009176405101e-05,1.0000000000000001e-20,0.00017918765893225826,0.00023457258199302694,5261312,1174,na_qae_abc,9,554434428
44025,Long Island,30,628031.77985089121,3.7753009176405101e-05,1.0000000000000001e-20,0.00017918765893225826,0.00023457258199302694,5498880,1221,na_qae_abc,9,554434428
44025,Long Island,31,628031.77985089121,3.7753009176405101e-05,1.0000000000000001e-20,0.00017918765893225826,0.00023457258199302694,5728256,1267,na_qae_abc,9,554434428
44025,Long Island,32,628031.77985089121,3.7753009176405101e-05,1.0000000000000001e-20,0.00017918765893225826,0.00023457258199302694,5949440,1312,na_qae_abc,9,554434428
44025,Long Island,33,628031.77985089121,3.7753009176405101e-05,1.0000000000000001e-20,0.00017918765893225826,0.00023457258199302694,6187008,1359,na_qae_abc,9,554434428
44025,Long Island,34,628031.77985089121,3.7753009176405101e-05,1.0000000000000001e-20,0.00017918765893225826,0.00023457258199302694,6424576,1406,na_qae_abc,9,554434428
44025,Long Island,35,628031.77985089121,3.7753009176405101e-05,1.0000000000000001e-20,0.00017918765893225826,0.00023457258199302694,6621184,1448,na_qae_abc,9,554434428
44025,Long Island,36,628031.77985089121,3.7753009176405101e-05,1.0000000000000001e-20,0.00017918765893225826,0.00023457258199302694,6834176,1492,na_qae_abc,9,554434428
44025,Long Island,37,628031.77985089121,3.7753009176405101e-05,1.0000000000000001e-20,0.00017918765893225826,0.00023457258199302694,7063552,1538,na_qae_abc,9,554434428
44025,Long Island,38,628031.77985089121,3.7753009176405101e-05,1.0000000000000001e-20,0.00017918765893225826,0.00023457258199302694,7301120,1585,na_qae_abc,9,554434428
44025,Long Island,39,628031.77985089121,3.7753009176405101e-05,1.0000000000000001e-20,0.00017918765893225826,0.00023457258199302694,7514112,1629,na_qae_abc,9,554434428
44025,Long Island,40,628031.77985089121,3.7753009176405101e-05,1.0000000000000001e-20,0.00017918765893225826,0.00023457258199302694,7727104,1673,na_qae_abc,9,554434428
44025,Long Island,1,675283.899986231,0.00026053988996200725,0.00017424215870585685,0.00036190174635768592,0.00022790586841247369,106496,40,na_qae_abc,10,2832573760
44025,Long Island,2,701493.29741660855,0.00013722079408827069,6.9498312785280428e-05,0.00022060780444072323,0.0001626543090340663,212992,71,na_qae_abc,10,2832573760
44025,Long Island,3,726715.23868885345,4.3852850423810412e-05,1.0000000000000001e-20,0.00019275399695071154,0.00017314425986257752,344064,105,na_qae_abc,10,2832573760
44025,Long Island,4,726715.23868885345,4.3852850423810412e-05,1.0000000000000001e-20,0.00019275399695071154,0.00017314425986257752,532480,146,na_qae_abc,10,2832573760
44025,Long Island,5,689532.31975040969,0.00010470567516084343,4.2982013617711609e-05,0.00018221511147392783,0.00017571504004669443,720896,187,na_qae_abc,10,2832573760
44025,Long Island,6,679185.63768411207,0.000113211181873535,4.9114838691156811e-05,0.00019312579480976913,0.00018241794454311108,958464,234,na_qae_abc,10,2832573760
44025,Long Island,7,679034.05037682818,0.00010765766974573171,4.5025286625306717e-05,0.00018588465977071954,0.00017283243294698692,1187840,280,na_qae_abc,10,2832573760
44025,Long Island,8,673598.30148302624,1.4508323472723148e-05,1.0000000000000001e-20,0.00014833134536564673,0.00019289878485833367,1425408,327,na_qae_abc,10,2832573760
44025,Long Island,9,673177.07730132865,0.00011037442586432876,4.7738586420641168e-05,0.00018879432562626811,0.00018915890365531267,1662976,374,na_qae_abc,10,2832573760
44025,Long Island,10,673177.07730132865,0.00011037442586432876,4.7738586420641168e-05,0.00018879432562626811,0.00018915890365531267,1892352,420,na_qae_abc,10,2832573760
44025,Long Island,11,673177.07730132865,0.00011037442586432876,4.7738586420641168e-05,0.00018879432562626811,0.00018915890365531267,2138112,468,na_qae_abc,10,2832573760
44025,Long Island,12,673177.07730132865,0.00011037442586432876,4.7738586420641168e-05,0.00018879432562626811,0.00018915890365531267,2359296,513,na_qae_abc,10,2832573760
44025,Long Island,13,673177.07730132865,0.00011037442586432876,4.7738586420641168e-05,0.00018879432562626811,0.00018915890365531267,2605056,561,na_qae_abc,10,2832573760
44025,Long Island,14,673177.07730132865,0.00011037442586432876,4.7738586420641168e-05,0.00018879432562626811,0.00018915890365531267,2842624,608,na_qae_abc,10,2832573760
44025,Long Island,15,673177.07730132865,0.00011037442586432876,4.7738586420641168e-05,0.00018879432562626811,0.00018915890365531267,3088384,656,na_qae_abc,10,2832573760
44025,Long Island,16,667558.08910869912,0.00010351326056464329,4.0138999647777649e-05,0.00018267564668071241,0.00018951691364266007,3325952,703,na_qae_abc,10,2832573760
44025,Long Island,17,667558.08910869912,0.00010351326056464329,4.0138999647777649e-05,0.00018267564668071241,0.00018951691364266007,3538944,747,na_qae_abc,10,2832573760
44025,Long Island,18,667558.08910869912,0.00010351326056464329,4.0138999647777649e-05,0.00018267564668071241,0.00018951691364266007,3784704,795,na_qae_abc,10,2832573760
44025,Long Island,19,667558.08910869912,0.00010351326056464329,4.0138999647777649e-05,0.00018267564668071241,0.00018951691364266007,4014080,841,na_qae_abc,10,2832573760
44025,Long Island,20,667558.08910869912,0.00010351326056464329,4.0138999647777649e-05,0.00018267564668071241,0.00018951691364266007,4243456,887,na_qae_abc,10,2832573760
44025,Long Island,21,667558.08910869912,0.00010351326056464329,4.0138999647777649e-05,0.00018267564668071241,0.00018951691364266007,4481024,934,na_qae_abc,10,2832573760
44025,Long Island,22,667558.08910869912,0.00010351326056464329,4.0138999647777649e-05,0.00018267564668071241,0.00018951691364266007,4726784,982,na_qae_abc,10,2832573760
44025,Long Island,23,667558.08910869912,0.00010351326056464329,4.0138999647777649e-05,0.00018267564668071241,0.00018951691364266007,4956160,1028,na_qae_abc,10,2832573760
44025,Long Island,24,666983.42571743112,3.7753009176405101e-05,1.0000000000000001e-20,0.00017918765893225826,0.00019373501212240508,5185536,1074,na_qae_abc,10,2832573760
44025,Long Island,25,666983.42571743112,3.7753009176405101e-05,1.0000000000000001e-20,0.00017918765893225826,0.00019373501212240508,5431296,1122,na_qae_abc,10,2832573760
44025,Long Island,26,666983.42571743112,3.7753009176405101e-05,1.0000000000000001e-20,0.00017918765893225826,0.00019373501212240508,5660672,1168,na_qae_abc,10,2832573760
44025,Long Island,27,666983.42571743112,3.7753009176405101e-05,1.0000000000000001e-20,0.00017918765893225826,0.00019373501212240508,5898240,1215,na_qae_abc,10,2832573760
44025,Long Island,28,665600.96489457972,7.349756776888569e-05,1.7582572919727189e-05,0.00014537519002353447,0.00017699676491649978,6135808,1262,na_qae_abc,10,2832573760
44025,Long Island,29,665600.96489457972,7.349756776888569e-05,1.7582572919727189e-05,0.00014537519002353447,0.00017699676491649978,6373376,1309,na_qae_abc,10,2832573760
44025,Long Island,30,664419.86282688437,3.6377935006497853e-05,1.0000000000000001e-20,0.00018025857475923647,0.00018008049738375245,6610944,1356,na_qae_abc,10,2832573760
44025,Long Island,31,664419.86282688437,3.6377935006497853e-05,1.0000000000000001e-20,0.00018025857475923647,0.00018008049738375245,6856704,1404,na_qae_abc,10,2832573760
44025,Long Island,32,664419.86282688437,3.6377935006497853e-05,1.0000000000000001e-20,0.00018025857475923647,0.00018008049738375245,7102464,1452,na_qae_abc,10,2832573760
44025,Long Island,33,664419.86282688437,3.6377935006497853e-05,1.0000000000000001e-20,0.00018025857475923647,0.00018008049738375245,7340032,1499,na_qae_abc,10,2832573760
44025,Long Island,34,656893.01171758713,9.7961297041557373e-05,3.7779047180349476e-05,0.00017381249909011355,0.00019148365774987049,7577600,1546,na_qae_abc,10,2832573760
44025,Long Island,35,655479.30461105378,0.00010672464474355595,4.2730244234671047e-05,0.00018655108733083863,0.00018197489760597084,7806976,1592,na_qae_abc,10,2832573760
44025,Long Island,36,655479.30461105378,0.00010672464474355595,4.2730244234671047e-05,0.00018655108733083863,0.00018197489760597084,8044544,1639,na_qae_abc,10,2832573760
44025,Long Island,37,655479.30461105378,0.00010672464474355595,4.2730244234671047e-05,0.00018655108733083863,0.00018197489760597084,8257536,1683,na_qae_abc,10,2832573760
44025,Long Island,38,655479.30461105378,0.00010672464474355595,4.2730244234671047e-05,0.00018655108733083863,0.00018197489760597084,8470528,1727,na_qae_abc,10,2832573760
44025,Long Island,39,655479.30461105378,0.00010672464474355595,4.2730244234671047e-05,0.00018655108733083863,0.00018197489760597084,8716288,1775,na_qae_abc,10,2832573760
44025,Long Island,40,655479.30461105378,0.00010672464474355595,4.2730244234671047e-05,0.00018655108733083863,0.00018197489760597084,8962048,1823,na_qae_abc,10,2832573760
44025,Long Island,1,741122.17745949514,0.00071127291934000179,0.00045180267352098368,0.0010269394568676708,0.00085864026693320637,73728,36,na_qae_abc,11,2546365690
44025,Long Island,2,741122.17745949514,0.00071127291934000179,0.00045180267352098368,0.0010269394568676708,0.00085864026693320637,122880,60,na_qae_abc,11,2546365690
44025,Long Island,3,632791.32008828188,0.00043248010930419499,0.00023068550285408504,0.00069157865300678318,0.00045692660792070642,172032,84,na_qae_abc,11,2546365690
44025,Long Island,4,672554.57384245086,0.00021467865732849198,0.00013505052984204841,0.00030986733697937211,0.00024542016477202192,262144,113,na_qae_abc,11,2546365690
44025,Long Island,5,634108.3136039885,4.1379929819671099e-05,1.0000000000000001e-20,0.00018617580348364367,0.00025962151105724543,385024,146,na_qae_abc,11,2546365690
44025,Long Island,6,634108.3136039885,4.1379929819671099e-05,1.0000000000000001e-20,0.00018617580348364367,0.00025962151105724543,516096,180,na_qae_abc,11,2546365690
44025,Long Island,7,634108.3136039885,4.1379929819671099e-05,1.0000000000000001e-20,0.00018617580348364367,0.00025962151105724543,671744,217,na_qae_abc,11,2546365690
44025,Long Island,8,634108.3136039885,4.1379929819671099e-05,1.0000000000000001e-20,0.00018617580348364367,0.00025962151105724543,851968,257,na_qae_abc,11,2546365690
44025,Long Island,9,634108.3136039885,4.1379929819671099e-05,1.0000000000000001e-20,0.00018617580348364367,0.00025962151105724543,1073152,302,na_qae_abc,11,2546365690
44025,Long Island,10,634108.3136039885,4.1379929819671099e-05,1.0000000000000001e-20,0.00018617580348364367,0.00025962151105724543,1294336,347,na_qae_abc,11,2546365690
44025,Long Island,11,634108.3136039885,4.1379929819671099e-05,1.0000000000000001e-20,0.00018617580348364367,0.00025962151105724543,1540096,395,na_qae_abc,11,2546365690
44025,Long Island,12,634108.3136039885,4.1379929819671099e-05,1.0000000000000001e-20,0.00018617580348364367,0.00025962151105724543,1753088,439,na_qae_abc,11,2546365690
44025,Long Island,13,634108.3136039885,4.1379929819671099e-05,1.0000000000000001e-20,0.00018617580348364367,0.00025962151105724543,1998848,487,na_qae_abc,11,2546365690
44025,Long Island,14,634108.3136039885,4.1379929819671099e-05,1.0000000000000001e-20,0.00018617580348364367,0.00025962151105724543,2220032,532,na_qae_abc,11,2546365690
44025,Long Island,15,634108.3136039885,4.1379929819671099e-05,1.0000000000000001e-20,0.00018617580348364367,0.00025962151105724543,2457600,579,na_qae_abc,11,2546365690
44025,Long Island,16,634108.3136039885,4.1379929819671099e-05,1.0000000000000001e-20,0.00018617580348364367,0.00025962151105724543,2703360,627,na_qae_abc,11,2546365690
44025,Long Island,17,634108.3136039885,4.1379929819671099e-05,1.0000000000000001e-20,0.00018617580348364367,0.00025962151105724543,2908160,670,na_qae_abc,11,2546365690
44025,Long Island,18,634108.3136039885,4.1379929819671099e-05,1.0000000000000001e-20,0.00018617580348364367,0.00025962151105724543,3153920,718,na_qae_abc,11,2546365690
44025,Long Island,19,634108.3136039885,4.1379929819671099e-05,1.0000000000000001e-20,0.00018617580348364367,0.00025962151105724543,3391488,765,na_qae_abc,11,2546365690
44025,Long Island,20,634108.3136039885,4.1379929819671099e-05,1.0000000000000001e-20,0.00018617580348364367,0.00025962151105724543,3620864,811,na_qae_abc,11,2546365690
44025,Long Island,21,634108.3136039885,4.1379929819671099e-05,1.0000000000000001e-20,0.00018617580348364367,0.00025962151105724543,3860480,859,na_qae_abc,11,2546365690
44025,Long Island,22,634108.3136039885,4.1379929819671099e-05,1.0000000000000001e-20,0.00018617580348364367,0.00025962151105724543,4073472,903,na_qae_abc,11,2546365690
44025,Long Island,23,632358.22382354795,8.7994371117254967e-05,2.9114436121578666e-05,0.00016263818944069175,0.00019860669489617754,4294656,948,na_qae_abc,11,2546365690
44025,Long Island,24,632358.22382354795,8.7994371117254967e-05,2.9114436121578666e-05,0.00016263818944069175,0.00019860669489617754,4515840,993,na_qae_abc,11,2546365690
44025,Long Island,25,632358.22382354795,8.7994371117254967e-05,2.9114436121578666e-05,0.00016263818944069175,0.00019860669489617754,4745216,1039,na_qae_abc,11,2546365690
44025,Long Island,26,632088.28747476009,4.3852850423810412e-05,1.0000000000000001e-20,0.00019275399695071154,0.00021546636836378266,4966400,1084,na_qae_abc,11,2546365690
44025,Long Island,27,632088.28747476009,4.3852850423810412e-05,1.0000000000000001e-20,0.00019275399695071154,0.00021546636836378266,5177344,1127,na_qae_abc,11,2546365690
44025,Long Island,28,632088.28747476009,4.3852850423810412e-05,1.0000000000000001e-20,0.00019275399695071154,0.00021546636836378266,5414912,1174,na_qae_abc,11,2546365690
44025,Long Island,29,632088.28747476009,4.3852850423810412e-05,1.0000000000000001e-20,0.00019275399695071154,0.00021546636836378266,5652480,1221,na_qae_abc,11,2546365690
44025,Long Island,30,632088.28747476009,4.3852850423810412e-05,1.0000000000000001e-20,0.00019275399695071154,0.00021546636836378266,5898240,1269,na_qae_abc,11,2546365690
44025,Long Island,31,632088.28747476009,4.3852850423810412e-05,1.0000000000000001e-20,0.00019275399695071154,0.00021546636836378266,6127616,1315,na_qae_abc,11,2546365690
44025,Long Island,32,606626.59554048337,0.00010717831968869922,4.4866209683434062e-05,0.00018526733646164679,0.00022696538820822845,6356992,1361,na_qae_abc,11,2546365690
44025,Long Island,33,606626.59554048337,0.00010717831968869922,4.4866209683434062e-05,0.00018526733646164679,0.00022696538820822845,6604800,1410,na_qae_abc,11,2546365690
44025,Long Island,34,606626.59554048337,0.00010717831968869922,4.4866209683434062e-05,0.00018526733646164679,0.00022696538820822845,6809600,1453,na_qae_abc,11,2546365690
44025,Long Island,35,606626.59554048337,0.00010717831968869922,4.4866209683434062e-05,0.00018526733646164679,0.00022696538820822845,7047168,1500,na_qae_abc,11,2546365690
44025,Long Island,36,606626.59554048337,0.00010717831968869922,4.4866209683434062e-05,0.00018526733646164679,0.00022696538820822845,7268352,1545,na_qae_abc,11,2546365690
44025,Long Island,37,606626.59554048337,0.00010717831968869922,4.4866209683434062e-05,0.00018526733646164679,0.00022696538820822845,7514112,1593,na_qae_abc,11,2546365690
44025,Long Island,38,606626.59554048337,0.00010717831968869922,4.4866209683434062e-05,0.00018526733646164679,0.00022696538820822845,7735296,1638,na_qae_abc,11,2546365690
44025,Long Island,39,606626.59554048337,0.00010717831968869922,4.4866209683434062e-05,0.00018526733646164679,0.00022696538820822845,7964672,1684,na_qae_abc,11,2546365690
44025,Long Island,40,606626.59554048337,0.00010717831968869922,4.4866209683434062e-05,0.00018526733646164679,0.00022696538820822845,8179712,1729,na_qae_abc,11,2546365690
44025,Long Island,1,624346.39320575772,0.00067808775631620667,0.00042430994816041552,0.00099199573183126103,0.00087987824683684291,73728,36,na_qae_abc,12,55935964
44025,Long Island,2,624346.39320575772,0.00067808775631620667,0.00042430994816041552,0.00099199573183126103,0.00087987824683684291,122880,60,na_qae_abc,12,55935964
44025,Long Island,3,706694.90932520782,0.00023778513017807024,0.00015383491564052373,0.00033670003931050434,0.00034830754650678824,212992,89,na_qae_abc,12,55935964
44025,Long Island,4,706694.90932520782,0.00023778513017807024,0.00015383491564052373,0.00033670003931050434,0.00034830754650678824,327680,121,na_qae_abc,12,55935964
44025,Long Island,5,686523.45920700044,0.0002373973251477727,0.00015402990234566832,0.00033611692955583272,0.00024661759460699084,458752,155,na_qae_abc,12,55935964
44025,Long Island,6,705198.3107970563,0.00018413670892275264,0.00010881387762334828,0.00027486513676535268,0.0002402650829992577,630784,194,na_qae_abc,12,55935964
44025,Long Island,7,705198.3107970563,0.00018413670892275264,0.00010881387762334828,0.00027486513676535268,0.0002402650829992577,811008,234,na_qae_abc,12,55935964
44025,Long Island,8,705198.3107970563,0.00018413670892275264,0.00010881387762334828,0.00027486513676535268,0.0002402650829992577,991232,274,na_qae_abc,12,55935964
44025,Long Island,9,695862.8959802991,4.0104422887173217e-05,1.0000000000000001e-20,0.00018750738894997079,0.00026084456196826715,1155072,312,na_qae_abc,12,55935964
44025,Long Island,10,695862.8959802991,4.0104422887173217e-05,1.0000000000000001e-20,0.00018750738894997079,0.00026084456196826715,1376256,357,na_qae_abc,12,55935964
44025,Long Island,11,695862.8959802991,4.0104422887173217e-05,1.0000000000000001e-20,0.00018750738894997079,0.00026084456196826715,1556480,397,na_qae_abc,12,55935964
44025,Long Island,12,695862.8959802991,4.0104422887173217e-05,1.0000000000000001e-20,0.00018750738894997079,0.00026084456196826715,1753088,439,na_qae_abc,12,55935964
44025,Long Island,13,695862.8959802991,4.0104422887173217e-05,1.0000000000000001e-20,0.00018750738894997079,0.00026084456196826715,1982464,485,na_qae_abc,12,55935964
44025,Long Island,14,695862.8959802991,4.0104422887173217e-05,1.0000000000000001e-20,0.00018750738894997079,0.00026084456196826715,2179072,527,na_qae_abc,12,55935964
44025,Long Island,15,695862.8959802991,4.0104422887173217e-05,1.0000000000000001e-20,0.00018750738894997079,0.00026084456196826715,2408448,573,na_qae_abc,12,55935964
44025,Long Island,16,695862.8959802991,4.0104422887173217e-05,1.0000000000000001e-20,0.00018750738894997079,0.00026084456196826715,2637824,619,na_qae_abc,12,55935964
44025,Long Island,17,664153.27991849033,9.6440834020180522e-06,1.0000000000000001e-20,0.00013847105683743725,0.00020423679178328325,2840576,661,na_qae_abc,12,55935964
44025,Long Island,18,664153.27991849033,9.6440834020180522e-06,1.0000000000000001e-20,0.00013847105683743725,0.00020423679178328325,3053568,705,na_qae_abc,12,55935964
44025,Long Island,19,664153.27991849033,9.6440834020180522e-06,1.0000000000000001e-20,0.00013847105683743725,0.00020423679178328325,3258368,748,na_qae_abc,12,55935964
44025,Long Island,20,664153.27991849033,9.6440834020180522e-06,1.0000000000000001e-20,0.00013847105683743725,0.00020423679178328325,3471360,792,na_qae_abc,12,55935964
44025,Long Island,21,664153.27991849033,9.6440834020180522e-06,1.0000000000000001e-20,0.00013847105683743725,0.00020423679178328325,3676160,835,na_qae_abc,12,55935964
44025,Long Island,22,664153.27991849033,9.6440834020180522e-06,1.0000000000000001e-20,0.00013847105683743725,0.00020423679178328325,3897344,880,na_qae_abc,12,55935964
44025,Long Island,23,664153.27991849033,9.6440834020180522e-06,1.0000000000000001e-20,0.00013847105683743725,0.00020423679178328325,4126720,926,na_qae_abc,12,55935964
44025,Long Island,24,664153.27991849033,9.6440834020180522e-06,1.0000000000000001e-20,0.00013847105683743725,0.00020423679178328325,4364288,973,na_qae_abc,12,55935964
44025,Long Island,25,664153.27991849033,9.6440834020180522e-06,1.0000000000000001e-20,0.00013847105683743725,0.00020423679178328325,4585472,1018,na_qae_abc,12,55935964
44025,Long Island,26,664153.27991849033,9.6440834020180522e-06,1.0000000000000001e-20,0.00013847105683743725,0.00020423679178328325,4800512,1063,na_qae_abc,12,55935964
44025,Long Island,27,664153.27991849033,9.6440834020180522e-06,1.0000000000000001e-20,0.00013847105683743725,0.00020423679178328325,4980736,1103,na_qae_abc,12,55935964
44025,Long Island,28,651701.47559722711,0.00011271353754254137,5.04831247662474e-05,0.00019059669571748326,0.00020209540889536368,5210112,1149,na_qae_abc,12,55935964
44025,Long Island,29,651701.47559722711,0.00011271353754254137,5.04831247662474e-05,0.00019059669571748326,0.00020209540889536368,5455872,1197,na_qae_abc,12,55935964
44025,Long Island,30,651701.47559722711,0.00011271353754254137,5.04831247662474e-05,0.00019059669571748326,0.00020209540889536368,5677056,1242,na_qae_abc,12,55935964
44025,Long Island,31,651701.47559722711,0.00011271353754254137,5.04831247662474e-05,0.00019059669571748326,0.00020209540889536368,5906432,1288,na_qae_abc,12,55935964
44025,Long Island,32,651701.47559722711,0.00011271353754254137,5.04831247662474e-05,0.00019059669571748326,0.00020209540889536368,6119424,1332,na_qae_abc,12,55935964
44025,Long Island,33,651701.47559722711,0.00011271353754254137,5.04831247662474e-05,0.00019059669571748326,0.00020209540889536368,6359040,1380,na_qae_abc,12,55935964
44025,Long Island,34,651701.47559722711,0.00011271353754254137,5.04831247662474e-05,0.00019059669571748326,0.00020209540889536368,6588416,1426,na_qae_abc,12,55935964
44025,Long Island,35,651701.47559722711,0.00011271353754254137,5.04831247662474e-05,0.00019059669571748326,0.00020209540889536368,6811648,1472,na_qae_abc,12,55935964
44025,Long Island,36,651701.47559722711,0.00011271353754254137,5.04831247662474e-05,0.00019059669571748326,0.00020209540889536368,6991872,1512,na_qae_abc,12,55935964
44025,Long Island,37,651701.47559722711,0.00011271353754254137,5.04831247662474e-05,0.00019059669571748326,0.00020209540889536368,7213056,1557,na_qae_abc,12,55935964
44025,Long Island,38,651701.47559722711,0.00011271353754254137,5.04831247662474e-05,0.00019059669571748326,0.00020209540889536368,7442432,1603,na_qae_abc,12,55935964
44025,Long Island,39,651701.47559722711,0.00011271353754254137,5.04831247662474e-05,0.00019059669571748326,0.00020209540889536368,7680000,1650,na_qae_abc,12,55935964
44025,Long Island,40,651701.47559722711,0.00011271353754254137,5.04831247662474e-05,0.00019059669571748326,0.00020209540889536368,7925760,1698,na_qae_abc,12,55935964
44025,Long Island,1,703767.53982400685,0.00043633952252360408,0.00032777009462352078,0.0005596302060546114,0.00037486070086409508,90112,38,na_qae_abc,13,143401308
44025,Long Island,2,701670.25365490082,0.00039195285135656759,0.00019905912199835019,0.00064453676052653609,0.00055508745663726425,147456,63,na_qae_abc,13,143401308
44025,Long Island,3,701670.25365490082,0.00039195285135656759,0.00019905912199835019,0.00064453676052653609,0.00055508745663726425,204800,88,na_qae_abc,13,143401308
44025,Long Island,4,700530.78198169766,0.0002610118705201293,0.00017498511525887697,0.00036199640741391425,0.00025909175684498298,270336,114,na_qae_abc,13,143401308
44025,Long Island,5,706845.43783650047,0.00015911032920195255,8.6994295838357325e-05,0.00024663878626044556,0.00020608048657062481,417792,150,na_qae_abc,13,143401308
44025,Long Island,6,682879.25623608672,0.00012366627062612153,5.9225031914642854e-05,0.0002036466839739774,0.00018134033216497862,606208,191,na_qae_abc,13,143401308
44025,Long Island,7,682879.25623608672,0.00012366627062612153,5.9225031914642854e-05,0.0002036466839739774,0.00018134033216497862,778240,230,na_qae_abc,13,143401308
44025,Long Island,8,682879.25623608672,0.00012366627062612153,5.9225031914642854e-05,0.0002036466839739774,0.00018134033216497862,958464,270,na_qae_abc,13,143401308
44025,Long Island,9,682879.25623608672,0.00012366627062612153,5.9225031914642854e-05,0.0002036466839739774,0.00018134033216497862,1146880,311,na_qae_abc,13,143401308
44025,Long Island,10,681350.55329718406,8.0546337915119915e-05,2.1634524027308983e-05,0.00015556171430185413,0.00017094230197605572,1368064,356,na_qae_abc,13,143401308
44025,Long Island,11,661229.9746658795,4.0104422887173217e-05,1.0000000000000001e-20,0.00018750738894997079,0.00023120866342147322,1556480,397,na_qae_abc,13,143401308
44025,Long Island,12,661176.60112921835,0.00011096092483673012,4.7489485946300878e-05,0.00019038119956687192,0.0001972716148219513,1785856,443,na_qae_abc,13,143401308
44025,Long Island,13,661176.60112921835,0.00011096092483673012,4.7489485946300878e-05,0.00019038119956687192,0.0001972716148219513,2015232,489,na_qae_abc,13,143401308
44025,Long Island,14,661176.60112921835,0.00011096092483673012,4.7489485946300878e-05,0.00019038119956687192,0.0001972716148219513,2236416,534,na_qae_abc,13,143401308
44025,Long Island,15,661176.60112921835,0.00011096092483673012,4.7489485946300878e-05,0.00019038119956687192,0.0001972716148219513,2473984,581,na_qae_abc,13,143401308
44025,Long Island,16,658656.80859676062,2.5858705987337999e-05,1.0000000000000001e-20,0.00016507511898932801,0.00017087400827986914,2711552,628,na_qae_abc,13,143401308
44025,Long Island,17,658656.80859676062,2.5858705987337999e-05,1.0000000000000001e-20,0.00016507511898932801,0.00017087400827986914,2940928,674,na_qae_abc,13,143401308
44025,Long Island,18,658656.80859676062,2.5858705987337999e-05,1.0000000000000001e-20,0.00016507511898932801,0.00017087400827986914,3178496,721,na_qae_abc,13,143401308
44025,Long Island,19,632423.48240867024,4.3752423570445347e-06,1.0000000000000001e-20,0.00013861251754788211,0.00014908099250843151,3407872,767,na_qae_abc,13,143401308
44025,Long Island,20,632423.48240867024,4.3752423570445347e-06,1.0000000000000001e-20,0.00013861251754788211,0.00014908099250843151,3637248,813,na_qae_abc,13,143401308
44025,Long Island,21,632423.48240867024,4.3752423570445347e-06,1.0000000000000001e-20,0.00013861251754788211,0.00014908099250843151,3883008,861,na_qae_abc,13,143401308
44025,Long Island,22,632423.48240867024,4.3752423570445347e-06,1.0000000000000001e-20,0.00013861251754788211,0.00014908099250843151,4112384,907,na_qae_abc,13,143401308
44025,Long Island,23,632423.48240867024,4.3752423570445347e-06,1.0000000000000001e-20,0.00013861251754788211,0.00014908099250843151,4317184,950,na_qae_abc,13,143401308
44025,Long Island,24,632423.48240867024,4.3752423570445347e-06,1.0000000000000001e-20,0.00013861251754788211,0.00014908099250843151,4530176,994,na_qae_abc,13,143401308
44025,Long Island,25,632107.86457637488,2.3953781770251636e-05,1.0000000000000001e-20,0.00016552689206391703,0.00017785386348754731,4767744,1041,na_qae_abc,13,143401308
44025,Long Island,26,632107.86457637488,2.3953781770251636e-05,1.0000000000000001e-20,0.00016552689206391703,0.00017785386348754731,5005312,1088,na_qae_abc,13,143401308
44025,Long Island,27,620724.2636828752,3.4229048059690013e-20,1.0000000000000001e-20,0.00013098393132131704,0.00019506832715929126,5234688,1134,na_qae_abc,13,143401308
44025,Long Island,28,620724.2636828752,3.4229048059690013e-20,1.0000000000000001e-20,0.00013098393132131704,0.00019506832715929126,5455872,1179,na_qae_abc,13,143401308
44025,Long Island,29,620724.2636828752,3.4229048059690013e-20,1.0000000000000001e-20,0.00013098393132131704,0.00019506832715929126,5677056,1224,na_qae_abc,13,143401308
44025,Long Island,30,620724.2636828752,3.4229048059690013e-20,1.0000000000000001e-20,0.00013098393132131704,0.00019506832715929126,5914624,1271,na_qae_abc,13,143401308
44025,Long Island,31,620724.2636828752,3.4229048059690013e-20,1.0000000000000001e-20,0.00013098393132131704,0.00019506832715929126,6135808,1316,na_qae_abc,13,143401308
44025,Long Island,32,620724.2636828752,3.4229048059690013e-20,1.0000000000000001e-20,0.00013098393132131704,0.00019506832715929126,6340608,1359,na_qae_abc,13,143401308
44025,Long Island,33,618202.49845352198,9.8200109021032018e-05,3.7696678111825257e-05,0.00017442534372549067,0.00021692566676733118,6569984,1405,na_qae_abc,13,143401308
44025,Long Island,34,611941.33491096843,9.2056866382771068e-05,3.1928287921283213e-05,0.00016811000821563072,0.00019863161825468088,6799360,1451,na_qae_abc,13,143401308
44025,Long Island,35,611941.33491096843,9.2056866382771068e-05,3.1928287921283213e-05,0.00016811000821563072,0.00019863161825468088,7036928,1498,na_qae_abc,13,143401308
44025,Long Island,36,611941.33491096843,9.2056866382771068e-05,3.1928287921283213e-05,0.00016811000821563072,0.00019863161825468088,7282688,1546,na_qae_abc,13,143401308
44025,Long Island,37,611941.33491096843,9.2056866382771068e-05,3.1928287921283213e-05,0.00016811000821563072,0.00019863161825468088,7495680,1590,na_qae_abc,13,143401308
44025,Long Island,38,611624.465548084,9.7371842473295634e-05,3.7596423447091516e-05,0.00017282892240558774,0.00021848512193912512,7727104,1637,na_qae_abc,13,143401308
44025,Long Island,39,611624.465548084,9.7371842473295634e-05,3.7596423447091516e-05,0.00017282892240558774,0.00021848512193912512,7858176,1671,na_qae_abc,13,143401308
44025,Long Island,40,611624.465548084,9.7371842473295634e-05,3.7596423447091516e-05,0.00017282892240558774,0.00021848512193912512,8087552,1717,na_qae_abc,13,143401308
44025,Long Island,1,639602.77926461725,0.0004126663864870983,0.00021617867366582842,0.00066786631960041247,0.00032812026998176041,81920,37,na_qae_abc,14,3309679122
44025,Long Island,2,683081.70055548812,0.00024504214589080644,0.00016074544508605287,0.00034461870177167364,0.0002394831091581794,172032,66,na_qae_abc,14,3309679122
44025,Long Island,3,683081.70055548812,0.00024504214589080644,0.00016074544508605287,0.00034461870177167364,0.0002394831091581794,245760,93,na_qae_abc,14,3309679122
44025,Long Island,4,692980.93413356703,2.8261160721426913e-05,1.0000000000000001e-20,0.00017232542482976105,0.00016163995003915007,368640,126,na_qae_abc,14,3309679122
44025,Long Island,5,692980.93413356703,2.8261160721426913e-05,1.0000000000000001e-20,0.00017232542482976105,0.00016163995003915007,516096,162,na_qae_abc,14,3309679122
44025,Long Island,6,692980.93413356703,2.8261160721426913e-05,1.0000000000000001e-20,0.00017232542482976105,0.00016163995003915007,688128,201,na_qae_abc,14,3309679122
44025,Long Island,7,676447.06217787205,4.1379929819671099e-05,1.0000000000000001e-20,0.00018617580348364367,0.00025688265136941169,876544,242,na_qae_abc,14,3309679122
44025,Long Island,8,670208.12471776421,0.00011333795252663038,4.8929737864476637e-05,0.0001931702982440168,0.00013244770090966719,1122304,290,na_qae_abc,14,3309679122
44025,Long Island,9,668515.71823465719,4.3752423570445347e-06,1.0000000000000001e-20,0.00013861251754788211,0.00016636029061586782,1343488,335,na_qae_abc,14,3309679122
44025,Long Island,10,668515.71823465719,4.3752423570445347e-06,1.0000000000000001e-20,0.00013861251754788211,0.00016636029061586782,1589248,383,na_qae_abc,14,3309679122
44025,Long Island,11,663135.48622262198,0.00010556553501237816,4.2422143824995372e-05,0.0001845201525295597,0.00014837970043336503,1785856,425,na_qae_abc,14,3309679122
44025,Long Island,12,663135.48622262198,0.00010556553501237816,4.2422143824995372e-05,0.0001845201525295597,0.00014837970043336503,2023424,472,na_qae_abc,14,3309679122
44025,Long Island,13,663135.48622262198,0.00010556553501237816,4.2422143824995372e-05,0.0001845201525295597,0.00014837970043336503,2244608,517,na_qae_abc,14,3309679122
44025,Long Island,14,652860.97453788738,2.3953781770251636e-05,1.0000000000000001e-20,0.00016552689206391703,0.00016819425952092332,2482176,564,na_qae_abc,14,3309679122
44025,Long Island,15,652860.97453788738,2.3953781770251636e-05,1.0000000000000001e-20,0.00016552689206391703,0.00016819425952092332,2727936,612,na_qae_abc,14,3309679122
44025,Long Island,16,652860.97453788738,2.3953781770251636e-05,1.0000000000000001e-20,0.00016552689206391703,0.00016819425952092332,2957312,658,na_qae_abc,14,3309679122
44025,Long Island,17,652860.97453788738,2.3953781770251636e-05,1.0000000000000001e-20,0.00016552689206391703,0.00016819425952092332,3178496,703,na_qae_abc,14,3309679122
44025,Long Island,18,652860.97453788738,2.3953781770251636e-05,1.0000000000000001e-20,0.00016552689206391703,0.00016819425952092332,3399680,748,na_qae_abc,14,3309679122
44025,Long Island,19,640966.82245838607,5.0721551328149475e-20,1.0000000000000001e-20,9.1392257647119319e-05,0.00019517945724731664,3620864,793,na_qae_abc,14,3309679122
44025,Long Island,20,640966.82245838607,5.0721551328149475e-20,1.0000000000000001e-20,9.1392257647119319e-05,0.00019517945724731664,3858432,840,na_qae_abc,14,3309679122
44025,Long Island,21,637368.71203252056,4.8615908200491782e-05,1.0000000000000001e-20,0.00019240055091500075,0.00018399551033248116,4079616,885,na_qae_abc,14,3309679122
44025,Long Island,22,637368.71203252056,4.8615908200491782e-05,1.0000000000000001e-20,0.00019240055091500075,0.00018399551033248116,4300800,930,na_qae_abc,14,3309679122
44025,Long Island,23,637368.71203252056,4.8615908200491782e-05,1.0000000000000001e-20,0.00019240055091500075,0.00018399551033248116,4530176,976,na_qae_abc,14,3309679122
44025,Long Island,24,637368.71203252056,4.8615908200491782e-05,1.0000000000000001e-20,0.00019240055091500075,0.00018399551033248116,4775936,1024,na_qae_abc,14,3309679122
44025,Long Island,25,637368.71203252056,4.8615908200491782e-05,1.0000000000000001e-20,0.00019240055091500075,0.00018399551033248116,5005312,1070,na_qae_abc,14,3309679122
44025,Long Island,26,635231.05624011252,0.00010256946044768687,3.9751540214576671e-05,0.0001811893687445377,0.00018996821527029665,5226496,1115,na_qae_abc,14,3309679122
44025,Long Island,27,635231.05624011252,0.00010256946044768687,3.9751540214576671e-05,0.0001811893687445377,0.00018996821527029665,5464064,1162,na_qae_abc,14,3309679122
44025,Long Island,28,635231.05624011252,0.00010256946044768687,3.9751540214576671e-05,0.0001811893687445377,0.00018996821527029665,5685248,1207,na_qae_abc,14,3309679122
44025,Long Island,29,635231.05624011252,0.00010256946044768687,3.9751540214576671e-05,0.0001811893687445377,0.00018996821527029665,5922816,1254,na_qae_abc,14,3309679122
44025,Long Island,30,635231.05624011252,0.00010256946044768687,3.9751540214576671e-05,0.0001811893687445377,0.00018996821527029665,6168576,1302,na_qae_abc,14,3309679122
44025,Long Island,31,635231.05624011252,0.00010256946044768687,3.9751540214576671e-05,0.0001811893687445377,0.00018996821527029665,6406144,1349,na_qae_abc,14,3309679122
44025,Long Island,32,635231.05624011252,0.00010256946044768687,3.9751540214576671e-05,0.0001811893687445377,0.00018996821527029665,6651904,1397,na_qae_abc,14,3309679122
44025,Long Island,33,635231.05624011252,0.00010256946044768687,3.9751540214576671e-05,0.0001811893687445377,0.00018996821527029665,6873088,1442,na_qae_abc,14,3309679122
44025,Long Island,34,635231.05624011252,0.00010256946044768687,3.9751540214576671e-05,0.0001811893687445377,0.00018996821527029665,7096320,1488,na_qae_abc,14,3309679122
44025,Long Island,35,635231.05624011252,0.00010256946044768687,3.9751540214576671e-05,0.0001811893687445377,0.00018996821527029665,7268352,1527,na_qae_abc,14,3309679122
44025,Long Island,36,635231.05624011252,0.00010256946044768687,3.9751540214576671e-05,0.0001811893687445377,0.00018996821527029665,7505920,1574,na_qae_abc,14,3309679122
44025,Long Island,37,635231.05624011252,0.00010256946044768687,3.9751540214576671e-05,0.0001811893687445377,0.00018996821527029665,7727104,1619,na_qae_abc,14,3309679122
44025,Long Island,38,635231.05624011252,0.00010256946044768687,3.9751540214576671e-05,0.0001811893687445377,0.00018996821527029665,7956480,1665,na_qae_abc,14,3309679122
44025,Long Island,39,635231.05624011252,0.00010256946044768687,3.9751540214576671e-05,0.0001811893687445377,0.00018996821527029665,8198144,1714,na_qae_abc,14,3309679122
44025,Long Island,40,635231.05624011252,0.00010256946044768687,3.9751540214576671e-05,0.0001811893687445377,0.00018996821527029665,8361984,1752,na_qae_abc,14,3309679122
44025,Long Island,1,715576.4707737423,0.0003985573625183675,0.00020516434731042473,0.0006524736786781807,0.00039010758690600865,106496,40,na_qae_abc,15,1403661893
44025,Long Island,2,715576.4707737423,0.0003985573625183675,0.00020516434731042473,0.0006524736786781807,0.00039010758690600865,188416,68,na_qae_abc,15,1403661893
44025,Long Island,3,672613.27444391232,9.8312728371299232e-05,3.7469337806095308e-05,0.00017488624120503085,0.00018701718724737989,335872,104,na_qae_abc,15,1403661893
44025,Long Island,4,672613.27444391232,9.8312728371299232e-05,3.7469337806095308e-05,0.00017488624120503085,0.00018701718724737989,524288,145,na_qae_abc,15,1403661893
44025,Long Island,5,672613.27444391232,9.8312728371299232e-05,3.7469337806095308e-05,0.00017488624120503085,0.00018701718724737989,704512,185,na_qae_abc,15,1403661893
44025,Long Island,6,656079.43227776198,0.00010101494627148279,3.9358936414700262e-05,0.00017843605125261025,0.00016675069340668191,884736,225,na_qae_abc,15,1403661893
44025,Long Island,7,656079.43227776198,0.00010101494627148279,3.9358936414700262e-05,0.00017843605125261025,0.00016675069340668191,1089536,268,na_qae_abc,15,1403661893
44025,Long Island,8,653251.19089191849,8.7860283187466128e-05,2.7602998303906762e-05,0.00016422467690077852,0.00016088351419457801,1310720,313,na_qae_abc,15,1403661893
44025,Long Island,9,651283.33393806848,0.00010949286360775982,4.6839225869208302e-05,0.00018784380310662223,0.00013815294032513755,1548288,360,na_qae_abc,15,1403661893
44025,Long Island,10,651283.33393806848,0.00010949286360775982,4.6839225869208302e-05,0.00018784380310662223,0.00013815294032513755,1785856,407,na_qae_abc,15,1403661893
44025,Long Island,11,651283.33393806848,0.00010949286360775982,4.6839225869208302e-05,0.00018784380310662223,0.00013815294032513755,2031616,455,na_qae_abc,15,1403661893
44025,Long Island,12,651283.33393806848,0.00010949286360775982,4.6839225869208302e-05,0.00018784380310662223,0.00013815294032513755,2252800,500,na_qae_abc,15,1403661893
44025,Long Island,13,651283.33393806848,0.00010949286360775982,4.6839225869208302e-05,0.00018784380310662223,0.00013815294032513755,2498560,548,na_qae_abc,15,1403661893
44025,Long Island,14,651283.33393806848,0.00010949286360775982,4.6839225869208302e-05,0.00018784380310662223,0.00013815294032513755,2736128,595,na_qae_abc,15,1403661893
44025,Long Island,15,642794.16474419192,4.3752423570445347e-06,1.0000000000000001e-20,0.00013861251754788211,0.00014476336315298973,2965504,641,na_qae_abc,15,1403661893
44025,Long Island,16,642794.16474419192,4.3752423570445347e-06,1.0000000000000001e-20,0.00013861251754788211,0.00014476336315298973,3178496,685,na_qae_abc,15,1403661893
44025,Long Island,17,641306.88514314068,9.0029717237613487e-05,3.1368863215489982e-05,0.00016450738112115128,0.0001534953645175216,3416064,732,na_qae_abc,15,1403661893
44025,Long Island,18,641306.88514314068,9.0029717237613487e-05,3.1368863215489982e-05,0.00016450738112115128,0.0001534953645175216,3645440,778,na_qae_abc,15,1403661893
44025,Long Island,19,634357.49036677694,9.0175544531848834e-05,3.0204270979211716e-05,0.00016581669434591925,0.00016272650907441405,3874816,824,na_qae_abc,15,1403661893
44025,Long Island,20,634357.49036677694,9.0175544531848834e-05,3.0204270979211716e-05,0.00016581669434591925,0.00016272650907441405,4087808,868,na_qae_abc,15,1403661893
44025,Long Island,21,623587.59273989371,3.5090721989770701e-05,1.0000000000000001e-20,0.0001857544245477081,0.00018043687135558387,4317184,914,na_qae_abc,15,1403661893
44025,Long Island,22,623587.59273989371,3.5090721989770701e-05,1.0000000000000001e-20,0.0001857544245477081,0.00018043687135558387,4528128,957,na_qae_abc,15,1403661893
44025,Long Island,23,623587.59273989371,3.5090721989770701e-05,1.0000000000000001e-20,0.0001857544245477081,0.00018043687135558387,4749312,1002,na_qae_abc,15,1403661893
44025,Long Island,24,623587.59273989371,3.5090721989770701e-05,1.0000000000000001e-20,0.0001857544245477081,0.00018043687135558387,4968448,1046,na_qae_abc,15,1403661893
44025,Long Island,25,623587.59273989371,3.5090721989770701e-05,1.0000000000000001e-20,0.0001857544245477081,0.00018043687135558387,5197824,1092,na_qae_abc,15,1403661893
44025,Long Island,26,623587.59273989371,3.5090721989770701e-05,1.0000000000000001e-20,0.0001857544245477081,0.00018043687135558387,5419008,1137,na_qae_abc,15,1403661893
44025,Long Island,27,623587.59273989371,3.5090721989770701e-05,1.0000000000000001e-20,0.0001857544245477081,0.00018043687135558387,5664768,1185,na_qae_abc,15,1403661893
44025,Long Island,28,623587.59273989371,3.5090721989770701e-05,1.0000000000000001e-20,0.0001857544245477081,0.00018043687135558387,5894144,1231,na_qae_abc,15,1403661893
44025,Long Island,29,623587.59273989371,3.5090721989770701e-05,1.0000000000000001e-20,0.0001857544245477081,0.00018043687135558387,6098944,1274,na_qae_abc,15,1403661893
44025,Long Island,30,623587.59273989371,3.5090721989770701e-05,1.0000000000000001e-20,0.0001857544245477081,0.00018043687135558387,6336512,1321,na_qae_abc,15,1403661893
44025,Long Island,31,623587.59273989371,3.5090721989770701e-05,1.0000000000000001e-20,0.0001857544245477081,0.00018043687135558387,6565888,1367,na_qae_abc,15,1403661893
44025,Long Island,32,623587.59273989371,3.5090721989770701e-05,1.0000000000000001e-20,0.0001857544245477081,0.00018043687135558387,6813696,1416,na_qae_abc,15,1403661893
44025,Long Island,33,623587.59273989371,3.5090721989770701e-05,1.0000000000000001e-20,0.0001857544245477081,0.00018043687135558387,7018496,1459,na_qae_abc,15,1403661893
44025,Long Island,34,623587.59273989371,3.5090721989770701e-05,1.0000000000000001e-20,0.0001857544245477081,0.00018043687135558387,7264256,1507,na_qae_abc,15,1403661893
44025,Long Island,35,623587.59273989371,3.5090721989770701e-05,1.0000000000000001e-20,0.0001857544245477081,0.00018043687135558387,7485440,1552,na_qae_abc,15,1403661893
44025,Long Island,36,623587.59273989371,3.5090721989770701e-05,1.0000000000000001e-20,0.0001857544245477081,0.00018043687135558387,7723008,1599,na_qae_abc,15,1403661893
44025,Long Island,37,623587.59273989371,3.5090721989770701e-05,1.0000000000000001e-20,0.0001857544245477081,0.00018043687135558387,7952384,1645,na_qae_abc,15,1403661893
44025,Long Island,38,623587.59273989371,3.5090721989770701e-05,1.0000000000000001e-20,0.0001857544245477081,0.00018043687135558387,8173568,1690,na_qae_abc,15,1403661893
44025,Long Island,39,623587.59273989371,3.5090721989770701e-05,1.0000000000000001e-20,0.0001857544245477081,0.00018043687135558387,8402944,1736,na_qae_abc,15,1403661893
44025,Long Island,40,623587.59273989371,3.5090721989770701e-05,1.0000000000000001e-20,0.0001857544245477081,0.00018043687135558387,8638464,1782,na_qae_abc,15,1403661893
44025,Long Island,1,680856.60905594716,0.00018731394644817684,0.00011120515431896822,0.00027866587040375037,0.00025956764160729105,90112,38,na_qae_abc,16,3089473317
44025,Long Island,2,680856.60905594716,0.00018731394644817684,0.00011120515431896822,0.00027866587040375037,0.00025956764160729105,163840,65,na_qae_abc,16,3089473317
44025,Long Island,3,680856.60905594716,0.00018731394644817684,0.00011120515431896822,0.00027866587040375037,0.00025956764160729105,294912,99,na_qae_abc,16,3089473317
44025,Long Island,4,680856.60905594716,0.00018731394644817684,0.00011120515431896822,0.00027866587040375037,0.00025956764160729105,393216,129,na_qae_abc,16,3089473317
44025,Long Island,5,680856.60905594716,0.00018731394644817684,0.00011120515431896822,0.00027866587040375037,0.00025956764160729105,524288,163,na_qae_abc,16,3089473317
44025,Long Island,6,678372.37771098816,0.00017038413529621814,9.7212133461994471e-05,0.00025885472225064117,0.00022186573702835365,655360,197,na_qae_abc,16,3089473317
44025,Long Island,7,691321.55106685741,2.8094312257981925e-19,1.0000000000000001e-20,0.00012220315273658747,0.00024768718137763309,786432,231,na_qae_abc,16,3089473317
44025,Long Island,8,691321.55106685741,2.8094312257981925e-19,1.0000000000000001e-20,0.00012220315273658747,0.00024768718137763309,925696,266,na_qae_abc,16,3089473317
44025,Long Island,9,665907.57868781697,0.00010874363743230319,4.4629477156779565e-05,0.00018858273630706793,0.00023473808561757397,1138688,310,na_qae_abc,16,3089473317
44025,Long Island,10,665907.57868781697,0.00010874363743230319,4.4629477156779565e-05,0.00018858273630706793,0.00023473808561757397,1335296,352,na_qae_abc,16,3089473317
44025,Long Island,11,630370.87745482463,7.336235503565896e-05,1.4373327444345319e-05,0.00014840661911994445,0.00016847591964741791,1572864,399,na_qae_abc,16,3089473317
44025,Long Island,12,630370.87745482463,7.336235503565896e-05,1.4373327444345319e-05,0.00014840661911994445,0.00016847591964741791,1769472,441,na_qae_abc,16,3089473317
44025,Long Island,13,630370.87745482463,7.336235503565896e-05,1.4373327444345319e-05,0.00014840661911994445,0.00016847591964741791,1982464,485,na_qae_abc,16,3089473317
44025,Long Island,14,630370.87745482463,7.336235503565896e-05,1.4373327444345319e-05,0.00014840661911994445,0.00016847591964741791,2203648,530,na_qae_abc,16,3089473317
44025,Long Island,15,630370.87745482463,7.336235503565896e-05,1.4373327444345319e-05,0.00014840661911994445,0.00016847591964741791,2424832,575,na_qae_abc,16,3089473317
44025,Long Island,16,622960.53726672998,2.8027011966451117e-20,1.0000000000000001e-20,8.6671176488783112e-05,0.00020081297612882409,2646016,620,na_qae_abc,16,3089473317
44025,Long Island,17,622960.53726672998,2.8027011966451117e-20,1.0000000000000001e-20,8.6671176488783112e-05,0.00020081297612882409,2875392,666,na_qae_abc,16,3089473317
44025,Long Island,18,622960.53726672998,2.8027011966451117e-20,1.0000000000000001e-20,8.6671176488783112e-05,0.00020081297612882409,3121152,714,na_qae_abc,16,3089473317
44025,Long Island,19,622960.53726672998,2.8027011966451117e-20,1.0000000000000001e-20,8.6671176488783112e-05,0.00020081297612882409,3342336,759,na_qae_abc,16,3089473317
44025,Long Island,20,622960.53726672998,2.8027011966451117e-20,1.0000000000000001e-20,8.6671176488783112e-05,0.00020081297612882409,3571712,805,na_qae_abc,16,3089473317
44025,Long Island,21,622960.53726672998,2.8027011966451117e-20,1.0000000000000001e-20,8.6671176488783112e-05,0.00020081297612882409,3801088,851,na_qae_abc,16,3089473317
44025,Long Island,22,622960.53726672998,2.8027011966451117e-20,1.0000000000000001e-20,8.6671176488783112e-05,0.00020081297612882409,4038656,898,na_qae_abc,16,3089473317
44025,Long Island,23,622960.53726672998,2.8027011966451117e-20,1.0000000000000001e-20,8.6671176488783112e-05,0.00020081297612882409,4268032,944,na_qae_abc,16,3089473317
44025,Long Island,24,621667.44644863182,9.7492461471548834e-05,3.6133734172683051e-05,0.00017442454936185615,0.00018277441314879759,4507648,992,na_qae_abc,16,3089473317
44025,Long Island,25,621667.44644863182,9.7492461471548834e-05,3.6133734172683051e-05,0.00017442454936185615,0.00018277441314879759,4737024,1038,na_qae_abc,16,3089473317
44025,Long Island,26,621667.44644863182,9.7492461471548834e-05,3.6133734172683051e-05,0.00017442454936185615,0.00018277441314879759,4958208,1083,na_qae_abc,16,3089473317
44025,Long Island,27,621667.44644863182,9.7492461471548834e-05,3.6133734172683051e-05,0.00017442454936185615,0.00018277441314879759,5187584,1129,na_qae_abc,16,3089473317
44025,Long Island,28,621667.44644863182,9.7492461471548834e-05,3.6133734172683051e-05,0.00017442454936185615,0.00018277441314879759,5416960,1175,na_qae_abc,16,3089473317
44025,Long Island,29,608888.54916970292,9.6440834020180522e-06,1.0000000000000001e-20,0.00013847105683743725,0.00021530047453878208,5638144,1220,na_qae_abc,16,3089473317
44025,Long Island,30,608888.54916970292,9.6440834020180522e-06,1.0000000000000001e-20,0.00013847105683743725,0.00021530047453878208,5875712,1267,na_qae_abc,16,3089473317
44025,Long Island,31,608888.54916970292,9.6440834020180522e-06,1.0000000000000001e-20,0.00013847105683743725,0.00021530047453878208,6113280,1314,na_qae_abc,16,3089473317
44025,Long Island,32,608888.54916970292,9.6440834020180522e-06,1.0000000000000001e-20,0.00013847105683743725,0.00021530047453878208,6334464,1359,na_qae_abc,16,3089473317
44025,Long Island,33,608888.54916970292,9.6440834020180522e-06,1.0000000000000001e-20,0.00013847105683743725,0.00021530047453878208,6539264,1402,na_qae_abc,16,3089473317
44025,Long Island,34,608888.54916970292,9.6440834020180522e-06,1.0000000000000001e-20,0.00013847105683743725,0.00021530047453878208,6768640,1448,na_qae_abc,16,3089473317
44025,Long Island,35,608888.54916970292,9.6440834020180522e-06,1.0000000000000001e-20,0.00013847105683743725,0.00021530047453878208,6989824,1493,na_qae_abc,16,3089473317
44025,Long Island,36,608888.54916970292,9.6440834020180522e-06,1.0000000000000001e-20,0.00013847105683743725,0.00021530047453878208,7237632,1542,na_qae_abc,16,3089473317
44025,Long Island,37,608888.54916970292,9.6440834020180522e-06,1.0000000000000001e-20,0.00013847105683743725,0.00021530047453878208,7467008,1588,na_qae_abc,16,3089473317
44025,Long Island,38,608888.54916970292,9.6440834020180522e-06,1.0000000000000001e-20,0.00013847105683743725,0.00021530047453878208,7696384,1634,na_qae_abc,16,3089473317
44025,Long Island,39,608888.54916970292,9.6440834020180522e-06,1.0000000000000001e-20,0.00013847105683743725,0.00021530047453878208,7917568,1679,na_qae_abc,16,3089473317
44025,Long Island,40,608888.54916970292,9.6440834020180522e-06,1.0000000000000001e-20,0.00013847105683743725,0.00021530047453878208,8146944,1725,na_qae_abc,16,3089473317
44025,Long Island,1,651899.72847589548,0.00082337363533535645,0.00054362612297201491,0.0011620687151915052,0.00098749663613350853,73728,36,na_qae_abc,17,2450749373
44025,Long Island,2,680389.69165987195,0.00044240109282422865,0.00023887156161558773,0.00070167507750838656,0.00042698293078795909,131072,61,na_qae_abc,17,2450749373
44025,Long Island,3,659832.67937613698,0.00029034478275204005,0.00019910089146095997,0.0003964713633272477,0.00031631727644501753,204800,88,na_qae_abc,17,2450749373
44025,Long Island,4,682905.16056326777,0.00022487271742398487,0.00014330121113077817,0.00032170884223484657,0.00028012019309450617,319488,120,na_qae_abc,17,2450749373
44025,Long Island,5,693883.05068459781,0.00014542068774340847,7.51885198587508e-05,0.00023121800204959863,0.0002423736880545428,483328,158,na_qae_abc,17,2450749373
44025,Long Island,6,689433.06384044338,2.2644413877635599e-05,1.0000000000000001e-20,0.00016749998713304931,0.00023173379713591852,671744,199,na_qae_abc,17,2450749373
44025,Long Island,7,689433.06384044338,2.2644413877635599e-05,1.0000000000000001e-20,0.00016749998713304931,0.00023173379713591852,860160,240,na_qae_abc,17,2450749373
44025,Long Island,8,689433.06384044338,2.2644413877635599e-05,1.0000000000000001e-20,0.00016749998713304931,0.00023173379713591852,1040384,280,na_qae_abc,17,2450749373
44025,Long Island,9,689433.06384044338,2.2644413877635599e-05,1.0000000000000001e-20,0.00016749998713304931,0.00023173379713591852,1245184,323,na_qae_abc,17,2450749373
44025,Long Island,10,689433.06384044338,2.2644413877635599e-05,1.0000000000000001e-20,0.00016749998713304931,0.00023173379713591852,1474560,369,na_qae_abc,17,2450749373
44025,Long Island,11,663100.60282465408,1.6042428478254708e-05,1.0000000000000001e-20,0.00016222510619247948,0.00018608209910567442,1712128,416,na_qae_abc,17,2450749373
44025,Long Island,12,663100.60282465408,1.6042428478254708e-05,1.0000000000000001e-20,0.00016222510619247948,0.00018608209910567442,1941504,462,na_qae_abc,17,2450749373
44025,Long Island,13,644957.63488902326,9.2485854118817603e-05,3.2949725001006921e-05,0.00016779948114208014,0.00017792036306459291,2170880,508,na_qae_abc,17,2450749373
44025,Long Island,14,641143.55599731696,1.7436363144691425e-05,1.0000000000000001e-20,0.00015778024109337811,0.00020702216379443522,2375680,551,na_qae_abc,17,2450749373
44025,Long Island,15,641143.55599731696,1.7436363144691425e-05,1.0000000000000001e-20,0.00015778024109337811,0.00020702216379443522,2596864,596,na_qae_abc,17,2450749373
44025,Long Island,16,641143.55599731696,1.7436363144691425e-05,1.0000000000000001e-20,0.00015778024109337811,0.00020702216379443522,2842624,644,na_qae_abc,17,2450749373
44025,Long Island,17,641143.55599731696,1.7436363144691425e-05,1.0000000000000001e-20,0.00015778024109337811,0.00020702216379443522,3072000,690,na_qae_abc,17,2450749373
44025,Long Island,18,634294.30072614679,7.659904625508844e-05,2.0131684823233075e-05,0.00014908651336137903,0.00017292214195279177,3284992,734,na_qae_abc,17,2450749373
44025,Long Island,19,633311.65975237649,1.254428926119722e-05,1.0000000000000001e-20,0.00014463541670156475,0.00020656991519333578,3497984,778,na_qae_abc,17,2450749373
44025,Long Island,20,633311.65975237649,1.254428926119722e-05,1.0000000000000001e-20,0.00014463541670156475,0.00020656991519333578,3735552,825,na_qae_abc,17,2450749373
44025,Long Island,21,633311.65975237649,1.254428926119722e-05,1.0000000000000001e-20,0.00014463541670156475,0.00020656991519333578,3973120,872,na_qae_abc,17,2450749373
44025,Long Island,22,633311.65975237649,1.254428926119722e-05,1.0000000000000001e-20,0.00014463541670156475,0.00020656991519333578,4202496,918,na_qae_abc,17,2450749373
44025,Long Island,23,633311.65975237649,1.254428926119722e-05,1.0000000000000001e-20,0.00014463541670156475,0.00020656991519333578,4431872,964,na_qae_abc,17,2450749373
44025,Long Island,24,633311.65975237649,1.254428926119722e-05,1.0000000000000001e-20,0.00014463541670156475,0.00020656991519333578,4653056,1009,na_qae_abc,17,2450749373
44025,Long Island,25,633311.65975237649,1.254428926119722e-05,1.0000000000000001e-20,0.00014463541670156475,0.00020656991519333578,4882432,1055,na_qae_abc,17,2450749373
44025,Long Island,26,633311.65975237649,1.254428926119722e-05,1.0000000000000001e-20,0.00014463541670156475,0.00020656991519333578,5128192,1103,na_qae_abc,17,2450749373
44025,Long Island,27,633311.65975237649,1.254428926119722e-05,1.0000000000000001e-20,0.00014463541670156475,0.00020656991519333578,5373952,1151,na_qae_abc,17,2450749373
44025,Long Island,28,633311.65975237649,1.254428926119722e-05,1.0000000000000001e-20,0.00014463541670156475,0.00020656991519333578,5611520,1198,na_qae_abc,17,2450749373
44025,Long Island,29,633311.65975237649,1.254428926119722e-05,1.0000000000000001e-20,0.00014463541670156475,0.00020656991519333578,5857280,1246,na_qae_abc,17,2450749373
44025,Long Island,30,633311.65975237649,1.254428926119722e-05,1.0000000000000001e-20,0.00014463541670156475,0.00020656991519333578,6086656,1292,na_qae_abc,17,2450749373
44025,Long Island,31,633311.65975237649,1.254428926119722e-05,1.0000000000000001e-20,0.00014463541670156475,0.00020656991519333578,6318080,1339,na_qae_abc,17,2450749373
44025,Long Island,32,633311.65975237649,1.254428926119722e-05,1.0000000000000001e-20,0.00014463541670156475,0.00020656991519333578,6498304,1379,na_qae_abc,17,2450749373
44025,Long Island,33,633311.65975237649,1.254428926119722e-05,1.0000000000000001e-20,0.00014463541670156475,0.00020656991519333578,6737920,1427,na_qae_abc,17,2450749373
44025,Long Island,34,633199.31777303282,0.00011060742753688855,4.7030420492942124e-05,0.00018987475334155462,0.00016458341861327015,6893568,1464,na_qae_abc,17,2450749373
44025,Long Island,35,633199.31777303282,0.00011060742753688855,4.7030420492942124e-05,0.00018987475334155462,0.00016458341861327015,7106560,1508,na_qae_abc,17,2450749373
44025,Long Island,36,631986.82724213216,2.6796762022681554e-05,1.0000000000000001e-20,0.00016315642847656133,0.00019651345773664982,7344128,1555,na_qae_abc,17,2450749373
44025,Long Island,37,620109.17504708411,6.4663873032742632e-06,1.0000000000000001e-20,0.00013761354064265925,0.00017883115187251032,7565312,1600,na_qae_abc,17,2450749373
44025,Long Island,38,617771.34079236072,3.7753009176405101e-05,1.0000000000000001e-20,0.00017918765893225826,0.00018629498853770998,7794688,1646,na_qae_abc,17,2450749373
44025,Long Island,39,617771.34079236072,3.7753009176405101e-05,1.0000000000000001e-20,0.00017918765893225826,0.00018629498853770998,8024064,1692,na_qae_abc,17,2450749373
44025,Long Island,40,617771.34079236072,3.7753009176405101e-05,1.0000000000000001e-20,0.00017918765893225826,0.00018629498853770998,8261632,1739,na_qae_abc,17,2450749373
44025,Long Island,1,685288.61524393223,0.00039271820534437097,0.00020071949784169682,0.00064312946721277648,0.00049296555546711799,73728,36,na_qae_abc,18,2025468229
44025,Long Island,2,685288.61524393223,0.00039271820534437097,0.00020071949784169682,0.00064312946721277648,0.00049296555546711799,131072,61,na_qae_abc,18,2025468229
44025,Long Island,3,685288.61524393223,0.00039271820534437097,0.00020071949784169682,0.00064312946721277648,0.00049296555546711799,196608,87,na_qae_abc,18,2025468229
44025,Long Island,4,685288.61524393223,0.00039271820534437097,0.00020071949784169682,0.00064312946721277648,0.00049296555546711799,262144,113,na_qae_abc,18,2025468229
44025,Long Island,5,685288.61524393223,0.00039271820534437097,0.00020071949784169682,0.00064312946721277648,0.00049296555546711799,319488,138,na_qae_abc,18,2025468229
44025,Long Island,6,681917.08301058598,0.00023266121980212623,0.00014918331941731248,0.00033112831728965357,0.00035563129285071511,409600,167,na_qae_abc,18,2025468229
44025,Long Island,7,681917.08301058598,0.00023266121980212623,0.00014918331941731248,0.00033112831728965357,0.00035563129285071511,548864,202,na_qae_abc,18,2025468229
44025,Long Island,8,702143.39493586391,0.00020659300036266566,0.00012805470686527815,0.00030037869179674501,0.00019533554087429271,696320,238,na_qae_abc,18,2025468229
44025,Long Island,9,712925.18586658826,0.00014703597501599752,7.7082487079520616e-05,0.00023259736403112086,0.00017972139490179056,884736,279,na_qae_abc,18,2025468229
44025,Long Island,10,712925.18586658826,0.00014703597501599752,7.7082487079520616e-05,0.00023259736403112086,0.00017972139490179056,1105920,324,na_qae_abc,18,2025468229
44025,Long Island,11,694884.94497351383,0.00012901983115597062,6.2417085227804464e-05,0.00021126067061816908,0.00020420922063690993,1294336,365,na_qae_abc,18,2025468229
44025,Long Island,12,699125.05463176547,1.2374292059284853e-05,1.0000000000000001e-20,0.00014963459063054225,0.00019328481596815928,1474560,405,na_qae_abc,18,2025468229
44025,Long Island,13,699125.05463176547,1.2374292059284853e-05,1.0000000000000001e-20,0.00014963459063054225,0.00019328481596815928,1679360,448,na_qae_abc,18,2025468229
44025,Long Island,14,683828.83424951555,9.2292305397958268e-05,3.1034089624207302e-05,0.00016935851423407488,0.00015289849137361175,1884160,491,na_qae_abc,18,2025468229
44025,Long Island,15,683828.83424951555,9.2292305397958268e-05,3.1034089624207302e-05,0.00016935851423407488,0.00015289849137361175,2088960,534,na_qae_abc,18,2025468229
44025,Long Island,16,683828.83424951555,9.2292305397958268e-05,3.1034089624207302e-05,0.00016935851423407488,0.00015289849137361175,2318336,580,na_qae_abc,18,2025468229
44025,Long Island,17,668430.61585729336,8.7498517355139111e-05,2.9331660775209269e-05,0.00016154033188343548,0.00015402469563396569,2555904,627,na_qae_abc,18,2025468229
44025,Long Island,18,668430.61585729336,8.7498517355139111e-05,2.9331660775209269e-05,0.00016154033188343548,0.00015402469563396569,2777088,672,na_qae_abc,18,2025468229
44025,Long Island,19,668430.61585729336,8.7498517355139111e-05,2.9331660775209269e-05,0.00016154033188343548,0.00015402469563396569,3006464,718,na_qae_abc,18,2025468229
44025,Long Island,20,668430.61585729336,8.7498517355139111e-05,2.9331660775209269e-05,0.00016154033188343548,0.00015402469563396569,3244032,765,na_qae_abc,18,2025468229
44025,Long Island,21,668430.61585729336,8.7498517355139111e-05,2.9331660775209269e-05,0.00016154033188343548,0.00015402469563396569,3457024,809,na_qae_abc,18,2025468229
44025,Long Island,22,659081.64976843237,8.604560491626349e-05,2.74725056542839e-05,0.00016054121697718597,0.00014865849331120037,3670016,853,na_qae_abc,18,2025468229
44025,Long Island,23,647194.12336156657,0.00010746212776421428,4.4925892377265311e-05,0.00018581760063999676,0.00014366040449453521,3891200,898,na_qae_abc,18,2025468229
44025,Long Island,24,647194.12336156657,0.00010746212776421428,4.4925892377265311e-05,0.00018581760063999676,0.00014366040449453521,4128768,945,na_qae_abc,18,2025468229
44025,Long Island,25,644998.3930077171,0.00011147039746957818,4.8965329854223291e-05,0.00018972675873135935,0.00014388239442773425,4374528,993,na_qae_abc,18,2025468229
44025,Long Island,26,644998.3930077171,0.00011147039746957818,4.8965329854223291e-05,0.00018972675873135935,0.00014388239442773425,4595712,1038,na_qae_abc,18,2025468229
44025,Long Island,27,638928.36516315921,4.3752423570445347e-06,1.0000000000000001e-20,0.00013861251754788211,0.00016062884183026067,4833280,1085,na_qae_abc,18,2025468229
44025,Long Island,28,638928.36516315921,4.3752423570445347e-06,1.0000000000000001e-20,0.00013861251754788211,0.00016062884183026067,5070848,1132,na_qae_abc,18,2025468229
44025,Long Island,29,638454.28175459849,2.1752330630176376e-05,1.0000000000000001e-20,0.0001712141516879403,0.00015785443070795164,5300224,1178,na_qae_abc,18,2025468229
44025,Long Island,30,634012.79168016359,1.4186421494368516e-05,1.0000000000000001e-20,0.00015637599653358072,0.00014904992633211112,5529600,1224,na_qae_abc,18,2025468229
44025,Long Island,31,634012.79168016359,1.4186421494368516e-05,1.0000000000000001e-20,0.00015637599653358072,0.00014904992633211112,5758976,1270,na_qae_abc,18,2025468229
44025,Long Island,32,625099.97869940533,8.5939998249970538e-05,2.6231662811005774e-05,0.00016150679386146271,0.00016582230769713796,5980160,1315,na_qae_abc,18,2025468229
44025,Long Island,33,625099.97869940533,8.5939998249970538e-05,2.6231662811005774e-05,0.00016150679386146271,0.00016582230769713796,6193152,1359,na_qae_abc,18,2025468229
44025,Long Island,34,625099.97869940533,8.5939998249970538e-05,2.6231662811005774e-05,0.00016150679386146271,0.00016582230769713796,6430720,1406,na_qae_abc,18,2025468229
44025,Long Island,35,625099.97869940533,8.5939998249970538e-05,2.6231662811005774e-05,0.00016150679386146271,0.00016582230769713796,6668288,1453,na_qae_abc,18,2025468229
44025,Long Island,36,625099.97869940533,8.5939998249970538e-05,2.6231662811005774e-05,0.00016150679386146271,0.00016582230769713796,6905856,1500,na_qae_abc,18,2025468229
44025,Long Island,37,625099.97869940533,8.5939998249970538e-05,2.6231662811005774e-05,0.00016150679386146271,0.00016582230769713796,7135232,1546,na_qae_abc,18,2025468229
44025,Long Island,38,625099.97869940533,8.5939998249970538e-05,2.6231662811005774e-05,0.00016150679386146271,0.00016582230769713796,7372800,1593,na_qae_abc,18,2025468229
44025,Long Island,39,625099.97869940533,8.5939998249970538e-05,2.6231662811005774e-05,0.00016150679386146271,0.00016582230769713796,7593984,1638,na_qae_abc,18,2025468229
44025,Long Island,40,625099.97869940533,8.5939998249970538e-05,2.6231662811005774e-05,0.00016150679386146271,0.00016582230769713796,7815168,1683,na_qae_abc,18,2025468229
44025,Long Island,1,607916.36641853838,0.00053569457969852353,0.00031063019202536528,0.00082068919277691204,0.00068653707942980678,73728,36,na_qae_abc,19,1138364709
44025,Long Island,2,607916.36641853838,0.00053569457969852353,0.00031063019202536528,0.00082068919277691204,0.00068653707942980678,122880,60,na_qae_abc,19,1138364709
44025,Long Island,3,632004.19299312611,0.00039452713260313966,0.00020206625170620063,0.00064776252935050394,0.00036054357646294878,204800,88,na_qae_abc,19,1138364709
44025,Long Island,4,674236.06454458984,0.00026985878472250826,0.00018193428602517183,0.00037264456573068028,0.0003472070187373065,303104,118,na_qae_abc,19,1138364709
44025,Long Island,5,674236.06454458984,0.00026985878472250826,0.00018193428602517183,0.00037264456573068028,0.0003472070187373065,368640,144,na_qae_abc,19,1138364709
44025,Long Island,6,674236.06454458984,0.00026985878472250826,0.00018193428602517183,0.00037264456573068028,0.0003472070187373065,483328,176,na_qae_abc,19,1138364709
44025,Long Island,7,658821.0616754794,2.8094312257981925e-19,1.0000000000000001e-20,0.00012220315273658747,0.00025033761226080656,663552,216,na_qae_abc,19,1138364709
44025,Long Island,8,658821.0616754794,2.8094312257981925e-19,1.0000000000000001e-20,0.00012220315273658747,0.00025033761226080656,811008,252,na_qae_abc,19,1138364709
44025,Long Island,9,658821.0616754794,2.8094312257981925e-19,1.0000000000000001e-20,0.00012220315273658747,0.00025033761226080656,1007616,294,na_qae_abc,19,1138364709
44025,Long Island,10,658821.0616754794,2.8094312257981925e-19,1.0000000000000001e-20,0.00012220315273658747,0.00025033761226080656,1187840,334,na_qae_abc,19,1138364709
44025,Long Island,11,658821.0616754794,2.8094312257981925e-19,1.0000000000000001e-20,0.00012220315273658747,0.00025033761226080656,1343488,371,na_qae_abc,19,1138364709
44025,Long Island,12,658821.0616754794,2.8094312257981925e-19,1.0000000000000001e-20,0.00012220315273658747,0.00025033761226080656,1564672,416,na_qae_abc,19,1138364709
44025,Long Island,13,658821.0616754794,2.8094312257981925e-19,1.0000000000000001e-20,0.00012220315273658747,0.00025033761226080656,1753088,457,na_qae_abc,19,1138364709
44025,Long Island,14,624822.86388804647,2.8261160721426913e-05,1.0000000000000001e-20,0.00017232542482976105,0.00019353101537352327,1974272,502,na_qae_abc,19,1138364709
44025,Long Island,15,624822.86388804647,2.8261160721426913e-05,1.0000000000000001e-20,0.00017232542482976105,0.00019353101537352327,2170880,544,na_qae_abc,19,1138364709
44025,Long Island,16,624822.86388804647,2.8261160721426913e-05,1.0000000000000001e-20,0.00017232542482976105,0.00019353101537352327,2400256,590,na_qae_abc,19,1138364709
44025,Long Island,17,615432.56449758052,4.3697832977564446e-05,1.0000000000000001e-20,0.00019012018527407739,0.00021773754080500366,2613248,634,na_qae_abc,19,1138364709
44025,Long Island,18,615432.56449758052,4.3697832977564446e-05,1.0000000000000001e-20,0.00019012018527407739,0.00021773754080500366,2809856,676,na_qae_abc,19,1138364709
44025,Long Island,19,615432.56449758052,4.3697832977564446e-05,1.0000000000000001e-20,0.00019012018527407739,0.00021773754080500366,3014656,719,na_qae_abc,19,1138364709
44025,Long Island,20,615432.56449758052,4.3697832977564446e-05,1.0000000000000001e-20,0.00019012018527407739,0.00021773754080500366,3252224,766,na_qae_abc,19,1138364709
44025,Long Island,21,615432.56449758052,4.3697832977564446e-05,1.0000000000000001e-20,0.00019012018527407739,0.00021773754080500366,3489792,813,na_qae_abc,19,1138364709
44025,Long Island,22,615432.56449758052,4.3697832977564446e-05,1.0000000000000001e-20,0.00019012018527407739,0.00021773754080500366,3719168,859,na_qae_abc,19,1138364709
44025,Long Island,23,610371.95560686337,0.00011185321549353906,4.8781118838870093e-05,0.00019088751192063109,0.00019408588430711214,3964928,907,na_qae_abc,19,1138364709
44025,Long Island,24,610371.95560686337,0.00011185321549353906,4.8781118838870093e-05,0.00019088751192063109,0.00019408588430711214,4186112,952,na_qae_abc,19,1138364709
44025,Long Island,25,610371.95560686337,0.00011185321549353906,4.8781118838870093e-05,0.00019088751192063109,0.00019408588430711214,4407296,997,na_qae_abc,19,1138364709
44025,Long Island,26,610371.95560686337,0.00011185321549353906,4.8781118838870093e-05,0.00019088751192063109,0.00019408588430711214,4628480,1042,na_qae_abc,19,1138364709
44025,Long Island,27,610371.95560686337,0.00011185321549353906,4.8781118838870093e-05,0.00019088751192063109,0.00019408588430711214,4849664,1087,na_qae_abc,19,1138364709
44025,Long Island,28,610371.95560686337,0.00011185321549353906,4.8781118838870093e-05,0.00019088751192063109,0.00019408588430711214,5062656,1131,na_qae_abc,19,1138364709
44025,Long Island,29,610371.95560686337,0.00011185321549353906,4.8781118838870093e-05,0.00019088751192063109,0.00019408588430711214,5292032,1177,na_qae_abc,19,1138364709
44025,Long Island,30,610371.95560686337,0.00011185321549353906,4.8781118838870093e-05,0.00019088751192063109,0.00019408588430711214,5529600,1224,na_qae_abc,19,1138364709
44025,Long Island,31,610371.95560686337,0.00011185321549353906,4.8781118838870093e-05,0.00019088751192063109,0.00019408588430711214,5767168,1271,na_qae_abc,19,1138364709
44025,Long Island,32,610371.95560686337,0.00011185321549353906,4.8781118838870093e-05,0.00019088751192063109,0.00019408588430711214,6004736,1318,na_qae_abc,19,1138364709
44025,Long Island,33,610371.95560686337,0.00011185321549353906,4.8781118838870093e-05,0.00019088751192063109,0.00019408588430711214,6217728,1362,na_qae_abc,19,1138364709
44025,Long Island,34,610371.95560686337,0.00011185321549353906,4.8781118838870093e-05,0.00019088751192063109,0.00019408588430711214,6463488,1410,na_qae_abc,19,1138364709
44025,Long Island,35,610371.95560686337,0.00011185321549353906,4.8781118838870093e-05,0.00019088751192063109,0.00019408588430711214,6692864,1456,na_qae_abc,19,1138364709
44025,Long Island,36,610371.95560686337,0.00011185321549353906,4.8781118838870093e-05,0.00019088751192063109,0.00019408588430711214,6914048,1501,na_qae_abc,19,1138364709
44025,Long Island,37,610371.95560686337,0.00011185321549353906,4.8781118838870093e-05,0.00019088751192063109,0.00019408588430711214,7137280,1547,na_qae_abc,19,1138364709
44025,Long Island,38,610371.95560686337,0.00011185321549353906,4.8781118838870093e-05,0.00019088751192063109,0.00019408588430711214,7366656,1593,na_qae_abc,19,1138364709
44025,Long Island,39,610371.95560686337,0.00011185321549353906,4.8781118838870093e-05,0.00019088751192063109,0.00019408588430711214,7596032,1639,na_qae_abc,19,1138364709
44025,Long Island,40,610371.95560686337,0.00011185321549353906,4.8781118838870093e-05,0.00019088751192063109,0.00019408588430711214,7833600,1686,na_qae_abc,19,1138364709
44025,Long Island,1,740693.38721968781,0.00055670658529483475,0.00032586808314042731,0.0008496686780698258,0.00046028962401274952,73728,36,na_qae_abc,20,2047542432
44025,Long Island,2,744379.46031866479,0.00040782567767722923,0.00021277265950056087,0.00065971228054908983,0.00043301121685741063,131072,61,na_qae_abc,20,2047542432
44025,Long Island,3,727451.31185634306,0.00038406565709764968,0.00019494410767921649,0.00063397647315825624,0.00036659537165891458,204800,88,na_qae_abc,20,2047542432
44025,Long Island,4,652442.65771021193,0.00017037575785137026,9.6550548249047373e-05,0.0002597654783476065,0.00027642620727805515,344064,123,na_qae_abc,20,2047542432
44025,Long Island,5,722178.4950760901,1.6984812419340069e-20,1.0000000000000001e-20,0.00012051851903360895,0.00017562726376102277,491520,159,na_qae_abc,20,2047542432
44025,Long Island,6,722178.4950760901,1.6984812419340069e-20,1.0000000000000001e-20,0.00012051851903360895,0.00017562726376102277,671744,199,na_qae_abc,20,2047542432
44025,Long Island,7,684018.2505237821,2.7555869333202592e-05,1.0000000000000001e-20,0.00017267846741328839,0.00023723331942581091,843776,238,na_qae_abc,20,2047542432
44025,Long Island,8,684018.2505237821,2.7555869333202592e-05,1.0000000000000001e-20,0.00017267846741328839,0.00023723331942581091,1056768,282,na_qae_abc,20,2047542432
44025,Long Island,9,684018.2505237821,2.7555869333202592e-05,1.0000000000000001e-20,0.00017267846741328839,0.00023723331942581091,1277952,327,na_qae_abc,20,2047542432
44025,Long Island,10,684018.2505237821,2.7555869333202592e-05,1.0000000000000001e-20,0.00017267846741328839,0.00023723331942581091,1515520,374,na_qae_abc,20,2047542432
44025,Long Island,11,684018.2505237821,2.7555869333202592e-05,1.0000000000000001e-20,0.00017267846741328839,0.00023723331942581091,1736704,419,na_qae_abc,20,2047542432
44025,Long Island,12,684018.2505237821,2.7555869333202592e-05,1.0000000000000001e-20,0.00017267846741328839,0.00023723331942581091,1966080,465,na_qae_abc,20,2047542432
44025,Long Island,13,684018.2505237821,2.7555869333202592e-05,1.0000000000000001e-20,0.00017267846741328839,0.00023723331942581091,2203648,512,na_qae_abc,20,2047542432
44025,Long Island,14,684018.2505237821,2.7555869333202592e-05,1.0000000000000001e-20,0.00017267846741328839,0.00023723331942581091,2424832,557,na_qae_abc,20,2047542432
44025,Long Island,15,684018.2505237821,2.7555869333202592e-05,1.0000000000000001e-20,0.00017267846741328839,0.00023723331942581091,2646016,602,na_qae_abc,20,2047542432
44025,Long Island,16,684018.2505237821,2.7555869333202592e-05,1.0000000000000001e-20,0.00017267846741328839,0.00023723331942581091,2883584,649,na_qae_abc,20,2047542432
44025,Long Island,17,684018.2505237821,2.7555869333202592e-05,1.0000000000000001e-20,0.00017267846741328839,0.00023723331942581091,3088384,692,na_qae_abc,20,2047542432
44025,Long Island,18,684018.2505237821,2.7555869333202592e-05,1.0000000000000001e-20,0.00017267846741328839,0.00023723331942581091,3309568,737,na_qae_abc,20,2047542432
44025,Long Island,19,679037.78492437524,0.00010087058553069624,3.8832013285210195e-05,0.0001787562982317845,0.00020142564838225018,3547136,784,na_qae_abc,20,2047542432
44025,Long Island,20,668843.77272151364,4.1379929819671099e-05,1.0000000000000001e-20,0.00018617580348364367,0.00021407182444606895,3776512,830,na_qae_abc,20,2047542432
44025,Long Island,21,668843.77272151364,4.1379929819671099e-05,1.0000000000000001e-20,0.00018617580348364367,0.00021407182444606895,3989504,874,na_qae_abc,20,2047542432
44025,Long Island,22,668843.77272151364,4.1379929819671099e-05,1.0000000000000001e-20,0.00018617580348364367,0.00021407182444606895,4235264,922,na_qae_abc,20,2047542432
44025,Long Island,23,668843.77272151364,4.1379929819671099e-05,1.0000000000000001e-20,0.00018617580348364367,0.00021407182444606895,4464640,968,na_qae_abc,20,2047542432
44025,Long Island,24,668843.77272151364,4.1379929819671099e-05,1.0000000000000001e-20,0.00018617580348364367,0.00021407182444606895,4702208,1015,na_qae_abc,20,2047542432
44025,Long Island,25,668843.77272151364,4.1379929819671099e-05,1.0000000000000001e-20,0.00018617580348364367,0.00021407182444606895,4939776,1062,na_qae_abc,20,2047542432
44025,Long Island,26,666698.02340096934,0.00011223430663071737,4.8660077957445544e-05,0.00019149559457771345,0.00018925083587352834,5169152,1108,na_qae_abc,20,2047542432
44025,Long Island,27,666698.02340096934,0.00011223430663071737,4.8660077957445544e-05,0.00019149559457771345,0.00018925083587352834,5406720,1155,na_qae_abc,20,2047542432
44025,Long Island,28,666698.02340096934,0.00011223430663071737,4.8660077957445544e-05,0.00019149559457771345,0.00018925083587352834,5644288,1202,na_qae_abc,20,2047542432
44025,Long Island,29,666698.02340096934,0.00011223430663071737,4.8660077957445544e-05,0.00019149559457771345,0.00018925083587352834,5890048,1250,na_qae_abc,20,2047542432
44025,Long Island,30,666188.28081944003,2.5858705987337999e-05,1.0000000000000001e-20,0.00016507511898932801,0.00019608399875490636,6111232,1295,na_qae_abc,20,2047542432
44025,Long Island,31,666188.28081944003,2.5858705987337999e-05,1.0000000000000001e-20,0.00016507511898932801,0.00019608399875490636,6348800,1342,na_qae_abc,20,2047542432
44025,Long Island,32,666188.28081944003,2.5858705987337999e-05,1.0000000000000001e-20,0.00016507511898932801,0.00019608399875490636,6594560,1390,na_qae_abc,20,2047542432
44025,Long Island,33,661527.90689832834,3.3836837484989906e-05,1.0000000000000001e-20,0.00018439035543797033,0.00020240078509745874,6823936,1436,na_qae_abc,20,2047542432
44025,Long Island,34,661527.90689832834,3.3836837484989906e-05,1.0000000000000001e-20,0.00018439035543797033,0.00020240078509745874,7053312,1482,na_qae_abc,20,2047542432
44025,Long Island,35,661527.90689832834,3.3836837484989906e-05,1.0000000000000001e-20,0.00018439035543797033,0.00020240078509745874,7290880,1529,na_qae_abc,20,2047542432
44025,Long Island,36,655233.74256709975,2.1748325809148401e-05,1.0000000000000001e-20,0.00016157794549039449,0.0002133878427489231,7520256,1575,na_qae_abc,20,2047542432
44025,Long Island,37,655233.74256709975,2.1748325809148401e-05,1.0000000000000001e-20,0.00016157794549039449,0.0002133878427489231,7749632,1621,na_qae_abc,20,2047542432
44025,Long Island,38,655233.74256709975,2.1748325809148401e-05,1.0000000000000001e-20,0.00016157794549039449,0.0002133878427489231,7979008,1667,na_qae_abc,20,2047542432
44025,Long Island,39,655233.74256709975,2.1748325809148401e-05,1.0000000000000001e-20,0.00016157794549039449,0.0002133878427489231,8208384,1713,na_qae_abc,20,2047542432
44025,Long Island,40,655233.74256709975,2.1748325809148401e-05,1.0000000000000001e-20,0.00016157794549039449,0.0002133878427489231,8454144,1761,na_qae_abc,20,2047542432
44025,Long Island,1,700825.92168223788,0.0018001069470315423,0.0012716218678108112,0.0031017350705523318,0.0022789424867331967,73728,36,na_qae_abc,21,1320218597
44025,Long Island,2,688711.42804564792,0.00059701077233634129,0.00035870944309934581,0.00089676315299376855,0.00059066424934292019,122880,60,na_qae_abc,21,1320218597
44025,Long Island,3,653369.34569326125,0.00040836684902480452,0.00021215517504825807,0.00066581353786290495,0.00045041194552206739,172032,84,na_qae_abc,21,1320218597
44025,Long Island,4,698687.70388575667,0.00012766121039199489,6.087243263157209e-05,0.00021000532935319688,0.00019404875783501146,303104,118,na_qae_abc,21,1320218597
44025,Long Island,5,698687.70388575667,0.00012766121039199489,6.087243263157209e-05,0.00021000532935319688,0.00019404875783501146,475136,157,na_qae_abc,21,1320218597
44025,Long Island,6,704189.6036373782,8.0023277992803733e-05,2.3801284861672226e-05,0.00015230157642225748,0.00021208039476306825,671744,199,na_qae_abc,21,1320218597
44025,Long Island,7,704189.6036373782,8.0023277992803733e-05,2.3801284861672226e-05,0.00015230157642225748,0.00021208039476306825,868352,241,na_qae_abc,21,1320218597
44025,Long Island,8,704189.6036373782,8.0023277992803733e-05,2.3801284861672226e-05,0.00015230157642225748,0.00021208039476306825,1073152,284,na_qae_abc,21,1320218597
44025,Long Island,9,683646.05250609643,7.1625209450835751e-05,1.6525355870407126e-05,0.00014248634091282186,0.00014129720303250978,1269760,326,na_qae_abc,21,1320218597
44025,Long Island,10,670507.83048639202,3.0697483718714221e-05,1.0000000000000001e-20,0.00016949702226618925,0.00015409276181546684,1507328,373,na_qae_abc,21,1320218597
44025,Long Island,11,664532.38390555396,2.5858705987337999e-05,1.0000000000000001e-20,0.00016507511898932801,0.00022909677582278799,1736704,419,na_qae_abc,21,1320218597
44025,Long Island,12,664532.38390555396,2.5858705987337999e-05,1.0000000000000001e-20,0.00016507511898932801,0.00022909677582278799,1949696,463,na_qae_abc,21,1320218597
44025,Long Island,13,664532.38390555396,2.5858705987337999e-05,1.0000000000000001e-20,0.00016507511898932801,0.00022909677582278799,2162688,507,na_qae_abc,21,1320218597
44025,Long Island,14,664532.38390555396,2.5858705987337999e-05,1.0000000000000001e-20,0.00016507511898932801,0.00022909677582278799,2400256,554,na_qae_abc,21,1320218597
44025,Long Island,15,664532.38390555396,2.5858705987337999e-05,1.0000000000000001e-20,0.00016507511898932801,0.00022909677582278799,2637824,601,na_qae_abc,21,1320218597
44025,Long Island,16,664532.38390555396,2.5858705987337999e-05,1.0000000000000001e-20,0.00016507511898932801,0.00022909677582278799,2867200,647,na_qae_abc,21,1320218597
44025,Long Island,17,662339.83353220636,1.8432207638558239e-05,1.0000000000000001e-20,0.0001548403175751849,0.00019128067498475361,3088384,692,na_qae_abc,21,1320218597
44025,Long Island,18,662339.83353220636,1.8432207638558239e-05,1.0000000000000001e-20,0.0001548403175751849,0.00019128067498475361,3309568,737,na_qae_abc,21,1320218597
44025,Long Island,19,662339.83353220636,1.8432207638558239e-05,1.0000000000000001e-20,0.0001548403175751849,0.00019128067498475361,3538944,783,na_qae_abc,21,1320218597
44025,Long Island,20,662339.83353220636,1.8432207638558239e-05,1.0000000000000001e-20,0.0001548403175751849,0.00019128067498475361,3768320,829,na_qae_abc,21,1320218597
44025,Long Island,21,662339.83353220636,1.8432207638558239e-05,1.0000000000000001e-20,0.0001548403175751849,0.00019128067498475361,3973120,872,na_qae_abc,21,1320218597
44025,Long Island,22,662339.83353220636,1.8432207638558239e-05,1.0000000000000001e-20,0.0001548403175751849,0.00019128067498475361,4202496,918,na_qae_abc,21,1320218597
44025,Long Island,23,662339.83353220636,1.8432207638558239e-05,1.0000000000000001e-20,0.0001548403175751849,0.00019128067498475361,4431872,964,na_qae_abc,21,1320218597
44025,Long Island,24,662339.83353220636,1.8432207638558239e-05,1.0000000000000001e-20,0.0001548403175751849,0.00019128067498475361,4669440,1011,na_qae_abc,21,1320218597
44025,Long Island,25,662339.83353220636,1.8432207638558239e-05,1.0000000000000001e-20,0.0001548403175751849,0.00019128067498475361,4890624,1056,na_qae_abc,21,1320218597
44025,Long Island,26,646475.64629046118,0.00010136076211920996,3.9727063016725804e-05,0.00017876018512656339,0.00017202258344485024,5122048,1103,na_qae_abc,21,1320218597
44025,Long Island,27,646475.64629046118,0.00010136076211920996,3.9727063016725804e-05,0.00017876018512656339,0.00017202258344485024,5318656,1145,na_qae_abc,21,1320218597
44025,Long Island,28,646475.64629046118,0.00010136076211920996,3.9727063016725804e-05,0.00017876018512656339,0.00017202258344485024,5564416,1193,na_qae_abc,21,1320218597
44025,Long Island,29,646475.64629046118,0.00010136076211920996,3.9727063016725804e-05,0.00017876018512656339,0.00017202258344485024,5793792,1239,na_qae_abc,21,1320218597
44025,Long Island,30,646475.64629046118,0.00010136076211920996,3.9727063016725804e-05,0.00017876018512656339,0.00017202258344485024,6014976,1284,na_qae_abc,21,1320218597
44025,Long Island,31,646475.64629046118,0.00010136076211920996,3.9727063016725804e-05,0.00017876018512656339,0.00017202258344485024,6244352,1330,na_qae_abc,21,1320218597
44025,Long Island,32,641258.64136606175,0.00010357601765057192,4.1240151368036308e-05,0.00018178768351826885,0.00014612779334972095,6490112,1378,na_qae_abc,21,1320218597
44025,Long Island,33,635130.17307601916,7.1593365230956905e-05,1.4781267579049272e-05,0.00014443705098978195,0.00014967444119813782,6711296,1423,na_qae_abc,21,1320218597
44025,Long Island,34,635130.17307601916,7.1593365230956905e-05,1.4781267579049272e-05,0.00014443705098978195,0.00014967444119813782,6932480,1468,na_qae_abc,21,1320218597
44025,Long Island,35,635130.17307601916,7.1593365230956905e-05,1.4781267579049272e-05,0.00014443705098978195,0.00014967444119813782,7153664,1513,na_qae_abc,21,1320218597
44025,Long Island,36,635130.17307601916,7.1593365230956905e-05,1.4781267579049272e-05,0.00014443705098978195,0.00014967444119813782,7374848,1558,na_qae_abc,21,1320218597
44025,Long Island,37,635130.17307601916,7.1593365230956905e-05,1.4781267579049272e-05,0.00014443705098978195,0.00014967444119813782,7612416,1605,na_qae_abc,21,1320218597
44025,Long Island,38,635130.17307601916,7.1593365230956905e-05,1.4781267579049272e-05,0.00014443705098978195,0.00014967444119813782,7849984,1652,na_qae_abc,21,1320218597
44025,Long Island,39,635130.17307601916,7.1593365230956905e-05,1.4781267579049272e-05,0.00014443705098978195,0.00014967444119813782,8087552,1699,na_qae_abc,21,1320218597
44025,Long Island,40,635130.17307601916,7.1593365230956905e-05,1.4781267579049272e-05,0.00014443705098978195,0.00014967444119813782,8308736,1744,na_qae_abc,21,1320218597
44025,Long Island,1,629752.53177410015,0.00023413943190478428,0.00015104269061258494,0.00033245605933373114,0.00032969018452989245,90112,38,na_qae_abc,22,4258311112
44025,Long Island,2,687526.46230235999,0.00018912790746963902,0.00011306284665424774,0.00028065575692262293,0.0002250572014085324,180224,67,na_qae_abc,22,4258311112
44025,Long Island,3,687526.46230235999,0.00018912790746963902,0.00011306284665424774,0.00028065575692262293,0.0002250572014085324,327680,103,na_qae_abc,22,4258311112
44025,Long Island,4,695168.97126871918,0.00018427251766856638,0.00010834670143323484,0.0002755754673223468,0.00022776405080565844,507904,143,na_qae_abc,22,4258311112
44025,Long Island,5,693042.55673393758,0.00014596476545379388,7.5501693688682499e-05,0.00023179448978790171,0.00019705312402569224,712704,186,na_qae_abc,22,4258311112
44025,Long Island,6,662544.13505745458,8.879799561940881e-20,1.0000000000000001e-20,0.00011879820621800849,0.000213690684682046,892928,226,na_qae_abc,22,4258311112
44025,Long Island,7,662544.13505745458,8.879799561940881e-20,1.0000000000000001e-20,0.00011879820621800849,0.000213690684682046,1114112,271,na_qae_abc,22,4258311112
44025,Long Island,8,662544.13505745458,8.879799561940881e-20,1.0000000000000001e-20,0.00011879820621800849,0.000213690684682046,1335296,316,na_qae_abc,22,4258311112
44025,Long Island,9,662544.13505745458,8.879799561940881e-20,1.0000000000000001e-20,0.00011879820621800849,0.000213690684682046,1556480,361,na_qae_abc,22,4258311112
44025,Long Island,10,662544.13505745458,8.879799561940881e-20,1.0000000000000001e-20,0.00011879820621800849,0.000213690684682046,1769472,405,na_qae_abc,22,4258311112
44025,Long Island,11,662544.13505745458,8.879799561940881e-20,1.0000000000000001e-20,0.00011879820621800849,0.000213690684682046,2007040,452,na_qae_abc,22,4258311112
44025,Long Island,12,662544.13505745458,8.879799561940881e-20,1.0000000000000001e-20,0.00011879820621800849,0.000213690684682046,2236416,498,na_qae_abc,22,4258311112
44025,Long Island,13,662544.13505745458,8.879799561940881e-20,1.0000000000000001e-20,0.00011879820621800849,0.000213690684682046,2482176,546,na_qae_abc,22,4258311112
44025,Long Island,14,662544.13505745458,8.879799561940881e-20,1.0000000000000001e-20,0.00011879820621800849,0.000213690684682046,2703360,591,na_qae_abc,22,4258311112
44025,Long Island,15,662544.13505745458,8.879799561940881e-20,1.0000000000000001e-20,0.00011879820621800849,0.000213690684682046,2940928,638,na_qae_abc,22,4258311112
44025,Long Island,16,662544.13505745458,8.879799561940881e-20,1.0000000000000001e-20,0.00011879820621800849,0.000213690684682046,3170304,684,na_qae_abc,22,4258311112
44025,Long Island,17,662544.13505745458,8.879799561940881e-20,1.0000000000000001e-20,0.00011879820621800849,0.000213690684682046,3416064,732,na_qae_abc,22,4258311112
44025,Long Island,18,662156.19528649072,3.1674360913241325e-05,1.0000000000000001e-20,0.0001759399078722807,0.00020343146262646769,3645440,778,na_qae_abc,22,4258311112
44025,Long Island,19,645744.17695570667,2.0920660210232278e-05,1.0000000000000001e-20,0.00016122760153657791,0.00020438721446863105,3883008,825,na_qae_abc,22,4258311112
44025,Long Island,20,645744.17695570667,2.0920660210232278e-05,1.0000000000000001e-20,0.00016122760153657791,0.00020438721446863105,4104192,870,na_qae_abc,22,4258311112
44025,Long Island,21,643229.47070277005,2.7775704556657856e-06,1.0000000000000001e-20,0.00012824789690562901,0.00021525305829333294,4308992,913,na_qae_abc,22,4258311112
44025,Long Island,22,643229.47070277005,2.7775704556657856e-06,1.0000000000000001e-20,0.00012824789690562901,0.00021525305829333294,4556800,962,na_qae_abc,22,4258311112
44025,Long Island,23,641231.36721860396,7.8765147405636588e-05,2.1584912916262197e-05,0.00015207184070112429,0.00016056327911494563,4777984,1007,na_qae_abc,22,4258311112
44025,Long Island,24,641231.36721860396,7.8765147405636588e-05,2.1584912916262197e-05,0.00015207184070112429,0.00016056327911494563,5023744,1055,na_qae_abc,22,4258311112
44025,Long Island,25,640820.37227586191,0.00010463809222755386,4.3301305205968352e-05,0.00018175194858598861,0.00018336406255224888,5253120,1101,na_qae_abc,22,4258311112
44025,Long Island,26,640820.37227586191,0.00010463809222755386,4.3301305205968352e-05,0.00018175194858598861,0.00018336406255224888,5498880,1149,na_qae_abc,22,4258311112
44025,Long Island,27,640820.37227586191,0.00010463809222755386,4.3301305205968352e-05,0.00018175194858598861,0.00018336406255224888,5720064,1194,na_qae_abc,22,4258311112
44025,Long Island,28,640820.37227586191,0.00010463809222755386,4.3301305205968352e-05,0.00018175194858598861,0.00018336406255224888,5957632,1241,na_qae_abc,22,4258311112
44025,Long Island,29,640820.37227586191,0.00010463809222755386,4.3301305205968352e-05,0.00018175194858598861,0.00018336406255224888,6178816,1286,na_qae_abc,22,4258311112
44025,Long Island,30,640820.37227586191,0.00010463809222755386,4.3301305205968352e-05,0.00018175194858598861,0.00018336406255224888,6424576,1334,na_qae_abc,22,4258311112
44025,Long Island,31,638359.35189891141,1.2374292059284853e-05,1.0000000000000001e-20,0.00014963459063054225,0.00017481337806053915,6653952,1380,na_qae_abc,22,4258311112
44025,Long Island,32,638359.35189891141,1.2374292059284853e-05,1.0000000000000001e-20,0.00014963459063054225,0.00017481337806053915,6891520,1427,na_qae_abc,22,4258311112
44025,Long Island,33,638359.35189891141,1.2374292059284853e-05,1.0000000000000001e-20,0.00014963459063054225,0.00017481337806053915,7137280,1475,na_qae_abc,22,4258311112
44025,Long Island,34,630457.47395243985,9.1535344913869268e-20,1.0000000000000001e-20,9.4350483956826629e-05,0.00018295142566467613,7366656,1521,na_qae_abc,22,4258311112
44025,Long Island,35,630457.47395243985,9.1535344913869268e-20,1.0000000000000001e-20,9.4350483956826629e-05,0.00018295142566467613,7608320,1570,na_qae_abc,22,4258311112
44025,Long Island,36,630457.47395243985,9.1535344913869268e-20,1.0000000000000001e-20,9.4350483956826629e-05,0.00018295142566467613,7763968,1607,na_qae_abc,22,4258311112
44025,Long Island,37,624137.46283693553,4.8615908200491782e-05,1.0000000000000001e-20,0.00019240055091500075,0.00023202798466451653,7993344,1653,na_qae_abc,22,4258311112
44025,Long Island,38,624137.46283693553,4.8615908200491782e-05,1.0000000000000001e-20,0.00019240055091500075,0.00023202798466451653,8214528,1698,na_qae_abc,22,4258311112
44025,Long Island,39,624137.46283693553,4.8615908200491782e-05,1.0000000000000001e-20,0.00019240055091500075,0.00023202798466451653,8460288,1746,na_qae_abc,22,4258311112
44025,Long Island,40,624137.46283693553,4.8615908200491782e-05,1.0000000000000001e-20,0.00019240055091500075,0.00023202798466451653,8697856,1793,na_qae_abc,22,4258311112
44025,Long Island,1,689150.46372525766,0.00086533565304595906,0.00057177672121000152,0.0012233372261822907,0.001046135136486611,73728,36,na_qae_abc,23,3647640339
44025,Long Island,2,664690.640839183,0.00054542445589171964,0.00031815028693417478,0.00083389004449575907,0.00068329642146296155,122880,60,na_qae_abc,23,3647640339
44025,Long Island,3,689814.41192201816,0.00050824128081469809,0.00028819429009765382,0.00078860730331134054,0.00055029443289482003,172032,84,na_qae_abc,23,3647640339
44025,Long Island,4,712253.2690041106,0.00028017349184911237,0.00019117053720194997,0.00038432626109304122,0.00030479858151451667,253952,112,na_qae_abc,23,3647640339
44025,Long Island,5,734267.76919675211,0.00020124728295292736,0.00012413415851853806,0.00029378545917576389,0.00026017118033277683,401408,148,na_qae_abc,23,3647640339
44025,Long Island,6,707248.41014621127,3.7753009176405101e-05,1.0000000000000001e-20,0.00017918765893225826,0.00018479641959175052,540672,183,na_qae_abc,23,3647640339
44025,Long Island,7,683823.91121657111,0.00011099207467255755,4.8306549346013714e-05,0.00018938717609681241,0.00019089265653519482,671744,217,na_qae_abc,23,3647640339
44025,Long Island,8,683823.91121657111,0.00011099207467255755,4.8306549346013714e-05,0.00018938717609681241,0.00019089265653519482,811008,252,na_qae_abc,23,3647640339
44025,Long Island,9,683823.91121657111,0.00011099207467255755,4.8306549346013714e-05,0.00018938717609681241,0.00019089265653519482,958464,288,na_qae_abc,23,3647640339
44025,Long Island,10,683368.912910274,1.8432207638558239e-05,1.0000000000000001e-20,0.0001548403175751849,0.00012506681887291312,1155072,330,na_qae_abc,23,3647640339
44025,Long Island,11,683368.912910274,1.8432207638558239e-05,1.0000000000000001e-20,0.0001548403175751849,0.00012506681887291312,1343488,371,na_qae_abc,23,3647640339
44025,Long Island,12,649758.08630514948,0.00011145502985939542,4.780960955840057e-05,0.00019082441631660969,0.0001753951852016303,1589248,419,na_qae_abc,23,3647640339
44025,Long Island,13,649758.08630514948,0.00011145502985939542,4.780960955840057e-05,0.00019082441631660969,0.0001753951852016303,1835008,467,na_qae_abc,23,3647640339
44025,Long Island,14,649758.08630514948,0.00011145502985939542,4.780960955840057e-05,0.00019082441631660969,0.0001753951852016303,2072576,514,na_qae_abc,23,3647640339
44025,Long Island,15,639539.32700636925,0.00010465798366975113,4.2593938391316234e-05,0.00018249095626830176,0.00014248561412896223,2310144,561,na_qae_abc,23,3647640339
44025,Long Island,16,630482.12969511433,0.00010011516837613398,3.8743749479317887e-05,0.00017728345937279493,0.00015638053861459167,2531328,606,na_qae_abc,23,3647640339
44025,Long Island,17,630482.12969511433,0.00010011516837613398,3.8743749479317887e-05,0.00017728345937279493,0.00015638053861459167,2768896,653,na_qae_abc,23,3647640339
44025,Long Island,18,619547.69130441884,8.8750460072825149e-05,2.8896251728807628e-05,0.00016456450264062462,0.00019112923263690256,3006464,700,na_qae_abc,23,3647640339
44025,Long Island,19,619547.69130441884,8.8750460072825149e-05,2.8896251728807628e-05,0.00016456450264062462,0.00019112923263690256,3235840,746,na_qae_abc,23,3647640339
44025,Long Island,20,619547.69130441884,8.8750460072825149e-05,2.8896251728807628e-05,0.00016456450264062462,0.00019112923263690256,3465216,792,na_qae_abc,23,3647640339
44025,Long Island,21,619547.69130441884,8.8750460072825149e-05,2.8896251728807628e-05,0.00016456450264062462,0.00019112923263690256,3694592,838,na_qae_abc,23,3647640339
44025,Long Island,22,619547.69130441884,8.8750460072825149e-05,2.8896251728807628e-05,0.00016456450264062462,0.00019112923263690256,3940352,886,na_qae_abc,23,3647640339
44025,Long Island,23,619547.69130441884,8.8750460072825149e-05,2.8896251728807628e-05,0.00016456450264062462,0.00019112923263690256,4186112,934,na_qae_abc,23,3647640339
44025,Long Island,24,619547.69130441884,8.8750460072825149e-05,2.8896251728807628e-05,0.00016456450264062462,0.00019112923263690256,4415488,980,na_qae_abc,23,3647640339
44025,Long Island,25,619547.69130441884,8.8750460072825149e-05,2.8896251728807628e-05,0.00016456450264062462,0.00019112923263690256,4663296,1029,na_qae_abc,23,3647640339
44025,Long Island,26,619547.69130441884,8.8750460072825149e-05,2.8896251728807628e-05,0.00016456450264062462,0.00019112923263690256,4827136,1067,na_qae_abc,23,3647640339
44025,Long Island,27,619547.69130441884,8.8750460072825149e-05,2.8896251728807628e-05,0.00016456450264062462,0.00019112923263690256,5056512,1113,na_qae_abc,23,3647640339
44025,Long Island,28,619547.69130441884,8.8750460072825149e-05,2.8896251728807628e-05,0.00016456450264062462,0.00019112923263690256,5294080,1160,na_qae_abc,23,3647640339
44025,Long Island,29,619547.69130441884,8.8750460072825149e-05,2.8896251728807628e-05,0.00016456450264062462,0.00019112923263690256,5531648,1207,na_qae_abc,23,3647640339
44025,Long Island,30,619547.69130441884,8.8750460072825149e-05,2.8896251728807628e-05,0.00016456450264062462,0.00019112923263690256,5769216,1254,na_qae_abc,23,3647640339
44025,Long Island,31,619547.69130441884,8.8750460072825149e-05,2.8896251728807628e-05,0.00016456450264062462,0.00019112923263690256,5982208,1298,na_qae_abc,23,3647640339
44025,Long Island,32,619547.69130441884,8.8750460072825149e-05,2.8896251728807628e-05,0.00016456450264062462,0.00019112923263690256,6219776,1345,na_qae_abc,23,3647640339
44025,Long Island,33,619547.69130441884,8.8750460072825149e-05,2.8896251728807628e-05,0.00016456450264062462,0.00019112923263690256,6457344,1392,na_qae_abc,23,3647640339
44025,Long Island,34,619547.69130441884,8.8750460072825149e-05,2.8896251728807628e-05,0.00016456450264062462,0.00019112923263690256,6686720,1438,na_qae_abc,23,3647640339
44025,Long Island,35,619547.69130441884,8.8750460072825149e-05,2.8896251728807628e-05,0.00016456450264062462,0.00019112923263690256,6926336,1486,na_qae_abc,23,3647640339
44025,Long Island,36,619547.69130441884,8.8750460072825149e-05,2.8896251728807628e-05,0.00016456450264062462,0.00019112923263690256,7106560,1526,na_qae_abc,23,3647640339
44025,Long Island,37,619547.69130441884,8.8750460072825149e-05,2.8896251728807628e-05,0.00016456450264062462,0.00019112923263690256,7344128,1573,na_qae_abc,23,3647640339
44025,Long Island,38,619547.69130441884,8.8750460072825149e-05,2.8896251728807628e-05,0.00016456450264062462,0.00019112923263690256,7573504,1619,na_qae_abc,23,3647640339
44025,Long Island,39,619547.69130441884,8.8750460072825149e-05,2.8896251728807628e-05,0.00016456450264062462,0.00019112923263690256,7819264,1667,na_qae_abc,23,3647640339
44025,Long Island,40,619547.69130441884,8.8750460072825149e-05,2.8896251728807628e-05,0.00016456450264062462,0.00019112923263690256,8056832,1714,na_qae_abc,23,3647640339
44025,Long Island,1,624063.26843994996,0.00087810534730178608,0.00058507019053321467,0.0012338047329210863,0.00080342591269548882,73728,36,na_qae_abc,24,247198484
44025,Long Island,2,624063.26843994996,0.00087810534730178608,0.00058507019053321467,0.0012338047329210863,0.00080342591269548882,122880,60,na_qae_abc,24,247198484
44025,Long Island,3,688179.56784698379,0.00048691399756399805,0.00027352546531175229,0.00075750063006714227,0.0004461707518747026,172032,84,na_qae_abc,24,247198484
44025,Long Island,4,684600.93120607035,0.00021417006020330804,0.00013453581077038917,0.00030914596181371123,0.00026810959064026862,270336,114,na_qae_abc,24,247198484
44025,Long Island,5,684600.93120607035,0.00021417006020330804,0.00013453581077038917,0.00030914596181371123,0.00026810959064026862,393216,147,na_qae_abc,24,247198484
44025,Long Island,6,646241.24263594463,0.00010408638484274122,4.1588942014554519e-05,0.00018254519203120696,0.00026664177149328112,540672,183,na_qae_abc,24,247198484
44025,Long Island,7,646241.24263594463,0.00010408638484274122,4.1588942014554519e-05,0.00018254519203120696,0.00026664177149328112,671744,217,na_qae_abc,24,247198484
44025,Long Island,8,646241.24263594463,0.00010408638484274122,4.1588942014554519e-05,0.00018254519203120696,0.00026664177149328112,860160,258,na_qae_abc,24,247198484
44025,Long Island,9,646241.24263594463,0.00010408638484274122,4.1588942014554519e-05,0.00018254519203120696,0.00026664177149328112,1089536,304,na_qae_abc,24,247198484
44025,Long Island,10,646241.24263594463,0.00010408638484274122,4.1588942014554519e-05,0.00018254519203120696,0.00026664177149328112,1302528,348,na_qae_abc,24,247198484
44025,Long Island,11,640876.88892411615,3.6083352900808389e-05,1.0000000000000001e-20,0.0001826805920819137,0.0003141053734402128,1531904,394,na_qae_abc,24,247198484
44025,Long Island,12,640876.88892411615,3.6083352900808389e-05,1.0000000000000001e-20,0.0001826805920819137,0.0003141053734402128,1736704,437,na_qae_abc,24,247198484
44025,Long Island,13,640876.88892411615,3.6083352900808389e-05,1.0000000000000001e-20,0.0001826805920819137,0.0003141053734402128,1957888,482,na_qae_abc,24,247198484
44025,Long Island,14,640876.88892411615,3.6083352900808389e-05,1.0000000000000001e-20,0.0001826805920819137,0.0003141053734402128,2195456,529,na_qae_abc,24,247198484
44025,Long Island,15,640876.88892411615,3.6083352900808389e-05,1.0000000000000001e-20,0.0001826805920819137,0.0003141053734402128,2424832,575,na_qae_abc,24,247198484
44025,Long Island,16,640876.88892411615,3.6083352900808389e-05,1.0000000000000001e-20,0.0001826805920819137,0.0003141053734402128,2621440,617,na_qae_abc,24,247198484
44025,Long Island,17,640876.88892411615,3.6083352900808389e-05,1.0000000000000001e-20,0.0001826805920819137,0.0003141053734402128,2826240,660,na_qae_abc,24,247198484
44025,Long Island,18,611886.28045529139,3.9175248791194938e-05,1.0000000000000001e-20,0.00019086754906052231,0.00022814018893321295,3031040,703,na_qae_abc,24,247198484
44025,Long Island,19,611886.28045529139,3.9175248791194938e-05,1.0000000000000001e-20,0.00019086754906052231,0.00022814018893321295,3244032,747,na_qae_abc,24,247198484
44025,Long Island,20,611886.28045529139,3.9175248791194938e-05,1.0000000000000001e-20,0.00019086754906052231,0.00022814018893321295,3465216,792,na_qae_abc,24,247198484
44025,Long Island,21,611886.28045529139,3.9175248791194938e-05,1.0000000000000001e-20,0.00019086754906052231,0.00022814018893321295,3678208,836,na_qae_abc,24,247198484
44025,Long Island,22,611886.28045529139,3.9175248791194938e-05,1.0000000000000001e-20,0.00019086754906052231,0.00022814018893321295,3891200,880,na_qae_abc,24,247198484
44025,Long Island,23,611886.28045529139,3.9175248791194938e-05,1.0000000000000001e-20,0.00019086754906052231,0.00022814018893321295,4079616,921,na_qae_abc,24,247198484
44025,Long Island,24,611886.28045529139,3.9175248791194938e-05,1.0000000000000001e-20,0.00019086754906052231,0.00022814018893321295,4292608,965,na_qae_abc,24,247198484
44025,Long Island,25,611886.28045529139,3.9175248791194938e-05,1.0000000000000001e-20,0.00019086754906052231,0.00022814018893321295,4532224,1013,na_qae_abc,24,247198484
44025,Long Island,26,611886.28045529139,3.9175248791194938e-05,1.0000000000000001e-20,0.00019086754906052231,0.00022814018893321295,4745216,1057,na_qae_abc,24,247198484
44025,Long Island,27,611886.28045529139,3.9175248791194938e-05,1.0000000000000001e-20,0.00019086754906052231,0.00022814018893321295,4974592,1103,na_qae_abc,24,247198484
44025,Long Island,28,611886.28045529139,3.9175248791194938e-05,1.0000000000000001e-20,0.00019086754906052231,0.00022814018893321295,5203968,1149,na_qae_abc,24,247198484
44025,Long Island,29,611886.28045529139,3.9175248791194938e-05,1.0000000000000001e-20,0.00019086754906052231,0.00022814018893321295,5433344,1195,na_qae_abc,24,247198484
44025,Long Island,30,611886.28045529139,3.9175248791194938e-05,1.0000000000000001e-20,0.00019086754906052231,0.00022814018893321295,5662720,1241,na_qae_abc,24,247198484
44025,Long Island,31,611886.28045529139,3.9175248791194938e-05,1.0000000000000001e-20,0.00019086754906052231,0.00022814018893321295,5900288,1288,na_qae_abc,24,247198484
44025,Long Island,32,611886.28045529139,3.9175248791194938e-05,1.0000000000000001e-20,0.00019086754906052231,0.00022814018893321295,6105088,1331,na_qae_abc,24,247198484
44025,Long Island,33,611886.28045529139,3.9175248791194938e-05,1.0000000000000001e-20,0.00019086754906052231,0.00022814018893321295,6334464,1377,na_qae_abc,24,247198484
44025,Long Island,34,611886.28045529139,3.9175248791194938e-05,1.0000000000000001e-20,0.00019086754906052231,0.00022814018893321295,6572032,1424,na_qae_abc,24,247198484
44025,Long Island,35,611886.28045529139,3.9175248791194938e-05,1.0000000000000001e-20,0.00019086754906052231,0.00022814018893321295,6801408,1470,na_qae_abc,24,247198484
44025,Long Island,36,611886.28045529139,3.9175248791194938e-05,1.0000000000000001e-20,0.00019086754906052231,0.00022814018893321295,7022592,1515,na_qae_abc,24,247198484
44025,Long Island,37,611886.28045529139,3.9175248791194938e-05,1.0000000000000001e-20,0.00019086754906052231,0.00022814018893321295,7260160,1562,na_qae_abc,24,247198484
44025,Long Island,38,611886.28045529139,3.9175248791194938e-05,1.0000000000000001e-20,0.00019086754906052231,0.00022814018893321295,7499776,1610,na_qae_abc,24,247198484
44025,Long Island,39,611886.28045529139,3.9175248791194938e-05,1.0000000000000001e-20,0.00019086754906052231,0.00022814018893321295,7671808,1649,na_qae_abc,24,247198484
44025,Long Island,40,611886.28045529139,3.9175248791194938e-05,1.0000000000000001e-20,0.00019086754906052231,0.00022814018893321295,7901184,1695,na_qae_abc,24,247198484
44025,Long Island,1,668108.43246664468,0.0002076328860069099,0.0001283754188091381,0.00030229234701720237,0.00024924092127033917,90112,38,na_qae_abc,25,3957858703
44025,Long Island,2,668108.43246664468,0.0002076328860069099,0.0001283754188091381,0.00030229234701720237,0.00024924092127033917,155648,64,na_qae_abc,25,3957858703
44025,Long Island,3,661395.57528796536,0.00020567948762852996,0.00012644861828435024,0.000300017872493218,0.00021019352771394214,253952,94,na_qae_abc,25,3957858703
44025,Long Island,4,640802.86161214614,0.0001264907730296475,6.0635597073599002e-05,0.00020794778400182876,0.00023426149129027171,385024,128,na_qae_abc,25,3957858703
44025,Long Island,5,640802.86161214614,0.0001264907730296475,6.0635597073599002e-05,0.00020794778400182876,0.00023426149129027171,507904,161,na_qae_abc,25,3957858703
44025,Long Island,6,640802.86161214614,0.0001264907730296475,6.0635597073599002e-05,0.00020794778400182876,0.00023426149129027171,655360,197,na_qae_abc,25,3957858703
44025,Long Island,7,640802.86161214614,0.0001264907730296475,6.0635597073599002e-05,0.00020794778400182876,0.00023426149129027171,843776,238,na_qae_abc,25,3957858703
44025,Long Island,8,640802.86161214614,0.0001264907730296475,6.0635597073599002e-05,0.00020794778400182876,0.00023426149129027171,1015808,277,na_qae_abc,25,3957858703
44025,Long Island,9,640802.86161214614,0.0001264907730296475,6.0635597073599002e-05,0.00020794778400182876,0.00023426149129027171,1179648,315,na_qae_abc,25,3957858703
44025,Long Island,10,640802.86161214614,0.0001264907730296475,6.0635597073599002e-05,0.00020794778400182876,0.00023426149129027171,1400832,360,na_qae_abc,25,3957858703
44025,Long Island,11,662268.91532252589,2.9925307359885951e-05,1.0000000000000001e-20,0.00017681093176736054,0.00022652225604189569,1605632,403,na_qae_abc,25,3957858703
44025,Long Island,12,662268.91532252589,2.9925307359885951e-05,1.0000000000000001e-20,0.00017681093176736054,0.00022652225604189569,1777664,442,na_qae_abc,25,3957858703
44025,Long Island,13,662268.91532252589,2.9925307359885951e-05,1.0000000000000001e-20,0.00017681093176736054,0.00022652225604189569,1982464,485,na_qae_abc,25,3957858703
44025,Long Island,14,662268.91532252589,2.9925307359885951e-05,1.0000000000000001e-20,0.00017681093176736054,0.00022652225604189569,2179072,527,na_qae_abc,25,3957858703
44025,Long Island,15,651634.01926375565,8.9313553082645021e-05,3.0063575891650882e-05,0.00016444500132174655,0.00015989820758370549,2400256,572,na_qae_abc,25,3957858703
44025,Long Island,16,651634.01926375565,8.9313553082645021e-05,3.0063575891650882e-05,0.00016444500132174655,0.00015989820758370549,2637824,619,na_qae_abc,25,3957858703
44025,Long Island,17,651634.01926375565,8.9313553082645021e-05,3.0063575891650882e-05,0.00016444500132174655,0.00015989820758370549,2859008,664,na_qae_abc,25,3957858703
44025,Long Island,18,651634.01926375565,8.9313553082645021e-05,3.0063575891650882e-05,0.00016444500132174655,0.00015989820758370549,3055616,706,na_qae_abc,25,3957858703
44025,Long Island,19,644204.41277649964,9.959335196964842e-05,3.7853768763953841e-05,0.0001769647505032435,0.00017156677190420251,3260416,749,na_qae_abc,25,3957858703
44025,Long Island,20,644204.41277649964,9.959335196964842e-05,3.7853768763953841e-05,0.0001769647505032435,0.00017156677190420251,3506176,797,na_qae_abc,25,3957858703
44025,Long Island,21,644204.41277649964,9.959335196964842e-05,3.7853768763953841e-05,0.0001769647505032435,0.00017156677190420251,3743744,844,na_qae_abc,25,3957858703
44025,Long Island,22,644204.41277649964,9.959335196964842e-05,3.7853768763953841e-05,0.0001769647505032435,0.00017156677190420251,3981312,891,na_qae_abc,25,3957858703
44025,Long Island,23,635857.33129586326,9.4505077069839758e-05,3.4170489594016505e-05,0.00017059555424477716,0.00016089524143061192,4218880,938,na_qae_abc,25,3957858703
44025,Long Island,24,626875.50412274676,0.00010328163615607869,4.1224073769508402e-05,0.00018092752361331975,0.00017909499640645797,4456448,985,na_qae_abc,25,3957858703
44025,Long Island,25,626875.50412274676,0.00010328163615607869,4.1224073769508402e-05,0.00018092752361331975,0.00017909499640645797,4661248,1028,na_qae_abc,25,3957858703
44025,Long Island,26,626875.50412274676,0.00010328163615607869,4.1224073769508402e-05,0.00018092752361331975,0.00017909499640645797,4882432,1073,na_qae_abc,25,3957858703
44025,Long Island,27,626875.50412274676,0.00010328163615607869,4.1224073769508402e-05,0.00018092752361331975,0.00017909499640645797,5111808,1119,na_qae_abc,25,3957858703
44025,Long Island,28,626875.50412274676,0.00010328163615607869,4.1224073769508402e-05,0.00018092752361331975,0.00017909499640645797,5324800,1163,na_qae_abc,25,3957858703
44025,Long Island,29,626875.50412274676,0.00010328163615607869,4.1224073769508402e-05,0.00018092752361331975,0.00017909499640645797,5570560,1211,na_qae_abc,25,3957858703
44025,Long Island,30,626875.50412274676,0.00010328163615607869,4.1224073769508402e-05,0.00018092752361331975,0.00017909499640645797,5799936,1257,na_qae_abc,25,3957858703
44025,Long Island,31,626875.50412274676,0.00010328163615607869,4.1224073769508402e-05,0.00018092752361331975,0.00017909499640645797,6037504,1304,na_qae_abc,25,3957858703
44025,Long Island,32,626875.50412274676,0.00010328163615607869,4.1224073769508402e-05,0.00018092752361331975,0.00017909499640645797,6283264,1352,na_qae_abc,25,3957858703
44025,Long Island,33,626875.50412274676,0.00010328163615607869,4.1224073769508402e-05,0.00018092752361331975,0.00017909499640645797,6522880,1400,na_qae_abc,25,3957858703
44025,Long Island,34,626875.50412274676,0.00010328163615607869,4.1224073769508402e-05,0.00018092752361331975,0.00017909499640645797,6703104,1440,na_qae_abc,25,3957858703
44025,Long Island,35,626875.50412274676,0.00010328163615607869,4.1224073769508402e-05,0.00018092752361331975,0.00017909499640645797,6891520,1481,na_qae_abc,25,3957858703
44025,Long Island,36,626875.50412274676,0.00010328163615607869,4.1224073769508402e-05,0.00018092752361331975,0.00017909499640645797,7129088,1528,na_qae_abc,25,3957858703
44025,Long Island,37,626875.50412274676,0.00010328163615607869,4.1224073769508402e-05,0.00018092752361331975,0.00017909499640645797,7366656,1575,na_qae_abc,25,3957858703
44025,Long Island,38,626875.50412274676,0.00010328163615607869,4.1224073769508402e-05,0.00018092752361331975,0.00017909499640645797,7612416,1623,na_qae_abc,25,3957858703
44025,Long Island,39,626875.50412274676,0.00010328163615607869,4.1224073769508402e-05,0.00018092752361331975,0.00017909499640645797,7841792,1669,na_qae_abc,25,3957858703
44025,Long Island,40,626875.50412274676,0.00010328163615607869,4.1224073769508402e-05,0.00018092752361331975,0.00017909499640645797,8079360,1716,na_qae_abc,25,3957858703
44025,Long Island,1,686732.47783494287,0.00026312932302486073,0.00017600395671767306,0.00036542013460654285,0.00029197086923765588,114688,41,na_qae_abc,26,2204627553
44025,Long Island,2,622679.202560429,0.00018195628785155272,0.00010685208049006242,0.00027251687291267372,0.00021556098258059092,221184,72,na_qae_abc,26,2204627553
44025,Long Island,3,699382.1042593281,2.6796762022681554e-05,1.0000000000000001e-20,0.00016315642847656133,0.00021701325035910913,344064,105,na_qae_abc,26,2204627553
44025,Long Island,4,699382.1042593281,2.6796762022681554e-05,1.0000000000000001e-20,0.00016315642847656133,0.00021701325035910913,499712,142,na_qae_abc,26,2204627553
44025,Long Island,5,663830.18743435072,0.00010712475151472609,4.3295715959322717e-05,0.00018654311835194682,0.00019098272367100013,671744,181,na_qae_abc,26,2204627553
44025,Long Island,6,663830.18743435072,0.00010712475151472609,4.3295715959322717e-05,0.00018654311835194682,0.00019098272367100013,868352,223,na_qae_abc,26,2204627553
44025,Long Island,7,663830.18743435072,0.00010712475151472609,4.3295715959322717e-05,0.00018654311835194682,0.00019098272367100013,1064960,265,na_qae_abc,26,2204627553
44025,Long Island,8,658681.10219749063,1.5602897409560455e-05,1.0000000000000001e-20,0.0001510676492082659,0.00018455345034730901,1294336,311,na_qae_abc,26,2204627553
44025,Long Island,9,658681.10219749063,1.5602897409560455e-05,1.0000000000000001e-20,0.0001510676492082659,0.00018455345034730901,1515520,356,na_qae_abc,26,2204627553
44025,Long Island,10,644879.03708019026,7.1863436087724782e-05,1.5740785022500884e-05,0.00014403771493979128,0.00017380530304062986,1744896,402,na_qae_abc,26,2204627553
44025,Long Island,11,644879.03708019026,7.1863436087724782e-05,1.5740785022500884e-05,0.00014403771493979128,0.00017380530304062986,1974272,448,na_qae_abc,26,2204627553
44025,Long Island,12,644879.03708019026,7.1863436087724782e-05,1.5740785022500884e-05,0.00014403771493979128,0.00017380530304062986,2211840,495,na_qae_abc,26,2204627553
44025,Long Island,13,644879.03708019026,7.1863436087724782e-05,1.5740785022500884e-05,0.00014403771493979128,0.00017380530304062986,2433024,540,na_qae_abc,26,2204627553
44025,Long Island,14,644879.03708019026,7.1863436087724782e-05,1.5740785022500884e-05,0.00014403771493979128,0.00017380530304062986,2662400,586,na_qae_abc,26,2204627553
44025,Long Island,15,643393.04490259418,8.105048051267169e-05,2.3932177018938804e-05,0.0001539656171691959,0.00015707640463529448,2899968,633,na_qae_abc,26,2204627553
44025,Long Island,16,643393.04490259418,8.105048051267169e-05,2.3932177018938804e-05,0.0001539656171691959,0.00015707640463529448,3137536,680,na_qae_abc,26,2204627553
44025,Long Island,17,643393.04490259418,8.105048051267169e-05,2.3932177018938804e-05,0.0001539656171691959,0.00015707640463529448,3377152,728,na_qae_abc,26,2204627553
44025,Long Island,18,627327.18127298146,0.00010970322948516408,4.6446056129995321e-05,0.00018858585766264496,0.00018388426871974835,3590144,772,na_qae_abc,26,2204627553
44025,Long Island,19,627327.18127298146,0.00010970322948516408,4.6446056129995321e-05,0.00018858585766264496,0.00018388426871974835,3827712,819,na_qae_abc,26,2204627553
44025,Long Island,20,627327.18127298146,0.00010970322948516408,4.6446056129995321e-05,0.00018858585766264496,0.00018388426871974835,4048896,864,na_qae_abc,26,2204627553
44025,Long Island,21,627327.18127298146,0.00010970322948516408,4.6446056129995321e-05,0.00018858585766264496,0.00018388426871974835,4286464,911,na_qae_abc,26,2204627553
44025,Long Island,22,627327.18127298146,0.00010970322948516408,4.6446056129995321e-05,0.00018858585766264496,0.00018388426871974835,4524032,958,na_qae_abc,26,2204627553
44025,Long Island,23,627327.18127298146,0.00010970322948516408,4.6446056129995321e-05,0.00018858585766264496,0.00018388426871974835,4761600,1005,na_qae_abc,26,2204627553
44025,Long Island,24,627327.18127298146,0.00010970322948516408,4.6446056129995321e-05,0.00018858585766264496,0.00018388426871974835,4990976,1051,na_qae_abc,26,2204627553
44025,Long Island,25,627327.18127298146,0.00010970322948516408,4.6446056129995321e-05,0.00018858585766264496,0.00018388426871974835,5212160,1096,na_qae_abc,26,2204627553
44025,Long Island,26,623793.08620068652,0.0001064208356315151,4.3610123679536242e-05,0.00018515710195516502,0.00017865305949767735,5441536,1142,na_qae_abc,26,2204627553
44025,Long Island,27,623793.08620068652,0.0001064208356315151,4.3610123679536242e-05,0.00018515710195516502,0.00017865305949767735,5679104,1189,na_qae_abc,26,2204627553
44025,Long Island,28,622224.03167772677,7.7674479975560235e-05,2.0202546971015095e-05,0.0001510865281768886,0.00018454538394675651,5916672,1236,na_qae_abc,26,2204627553
44025,Long Island,29,622224.03167772677,7.7674479975560235e-05,2.0202546971015095e-05,0.0001510865281768886,0.00018454538394675651,6154240,1283,na_qae_abc,26,2204627553
44025,Long Island,30,614711.8732199237,2.0156054816499308e-18,1.0000000000000001e-20,0.00011534357496389247,0.00019212460073658031,6367232,1327,na_qae_abc,26,2204627553
44025,Long Island,31,614711.8732199237,2.0156054816499308e-18,1.0000000000000001e-20,0.00011534357496389247,0.00019212460073658031,6596608,1373,na_qae_abc,26,2204627553
44025,Long Island,32,614711.8732199237,2.0156054816499308e-18,1.0000000000000001e-20,0.00011534357496389247,0.00019212460073658031,6825984,1419,na_qae_abc,26,2204627553
44025,Long Island,33,614711.8732199237,2.0156054816499308e-18,1.0000000000000001e-20,0.00011534357496389247,0.00019212460073658031,7047168,1464,na_qae_abc,26,2204627553
44025,Long Island,34,614711.8732199237,2.0156054816499308e-18,1.0000000000000001e-20,0.00011534357496389247,0.00019212460073658031,7292928,1512,na_qae_abc,26,2204627553
44025,Long Island,35,614711.8732199237,2.0156054816499308e-18,1.0000000000000001e-20,0.00011534357496389247,0.00019212460073658031,7497728,1555,na_qae_abc,26,2204627553
44025,Long Island,36,614711.8732199237,2.0156054816499308e-18,1.0000000000000001e-20,0.00011534357496389247,0.00019212460073658031,7718912,1600,na_qae_abc,26,2204627553
44025,Long Island,37,614711.8732199237,2.0156054816499308e-18,1.0000000000000001e-20,0.00011534357496389247,0.00019212460073658031,7915520,1642,na_qae_abc,26,2204627553
44025,Long Island,38,614711.8732199237,2.0156054816499308e-18,1.0000000000000001e-20,0.00011534357496389247,0.00019212460073658031,8153088,1689,na_qae_abc,26,2204627553
44025,Long Island,39,614711.8732199237,2.0156054816499308e-18,1.0000000000000001e-20,0.00011534357496389247,0.00019212460073658031,8374272,1734,na_qae_abc,26,2204627553
44025,Long Island,40,614711.8732199237,2.0156054816499308e-18,1.0000000000000001e-20,0.00011534357496389247,0.00019212460073658031,8603648,1780,na_qae_abc,26,2204627553
44025,Long Island,1,651464.78437179571,0.0024146240332244451,0.0016731376137500422,0.0031877393202817328,0.0024635743231850968,73728,36,na_qae_abc,27,159269519
44025,Long Island,2,654933.74788403779,0.00087966609859206635,0.00058374543291524596,0.0012407312026257429,0.0011098643379161357,122880,60,na_qae_abc,27,159269519
44025,Long Island,3,666825.73148659943,0.00041449677438214455,0.00021687075208622818,0.0006722764353922474,0.0003674007611654269,180224,85,na_qae_abc,27,159269519
44025,Long Island,4,668743.68690555287,0.00026548566055020572,0.00017862259023805626,0.00036742316029572604,0.00026510487640525089,286720,116,na_qae_abc,27,159269519
44025,Long Island,5,665188.69566365832,0.00014626629383950759,7.6542038948986736e-05,0.00023155876942976606,0.00018407936397956659,409600,149,na_qae_abc,27,159269519
44025,Long Island,6,678684.43454234756,0.00012258035611776099,5.7354611700020545e-05,0.00020335377770090262,0.00019318557604400662,589824,189,na_qae_abc,27,159269519
44025,Long Island,7,678684.43454234756,0.00012258035611776099,5.7354611700020545e-05,0.00020335377770090262,0.00019318557604400662,770048,229,na_qae_abc,27,159269519
44025,Long Island,8,678684.43454234756,0.00012258035611776099,5.7354611700020545e-05,0.00020335377770090262,0.00019318557604400662,999424,275,na_qae_abc,27,159269519
44025,Long Island,9,674893.90440683346,0.00011276880782924104,4.8963447933167133e-05,0.00019232472168160557,0.00020341515858883933,1228800,321,na_qae_abc,27,159269519
44025,Long Island,10,674893.90440683346,0.00011276880782924104,4.8963447933167133e-05,0.00019232472168160557,0.00020341515858883933,1449984,366,na_qae_abc,27,159269519
44025,Long Island,11,674893.90440683346,0.00011276880782924104,4.8963447933167133e-05,0.00019232472168160557,0.00020341515858883933,1687552,413,na_qae_abc,27,159269519
44025,Long Island,12,656388.33044751175,2.6036864761169332e-18,1.0000000000000001e-20,0.00014203301512939173,0.000230819174301324,1900544,457,na_qae_abc,27,159269519
44025,Long Island,13,650167.00556846918,9.8966904318670932e-05,3.6188054819380873e-05,0.00017736018804610088,0.00015465560664611701,2138112,504,na_qae_abc,27,159269519
44025,Long Island,14,646168.69228311849,0.00010853681939478292,4.5666762158436975e-05,0.00018701828592025885,0.00014807142436424665,2375680,551,na_qae_abc,27,159269519
44025,Long Island,15,645428.94018186931,9.6646651228217236e-05,3.5157168951326259e-05,0.00017396020930203026,0.00014968489473260964,2605056,597,na_qae_abc,27,159269519
44025,Long Island,16,645428.94018186931,9.6646651228217236e-05,3.5157168951326259e-05,0.00017396020930203026,0.00014968489473260964,2842624,644,na_qae_abc,27,159269519
44025,Long Island,17,645428.94018186931,9.6646651228217236e-05,3.5157168951326259e-05,0.00017396020930203026,0.00014968489473260964,3072000,690,na_qae_abc,27,159269519
44025,Long Island,18,645428.94018186931,9.6646651228217236e-05,3.5157168951326259e-05,0.00017396020930203026,0.00014968489473260964,3309568,737,na_qae_abc,27,159269519
44025,Long Island,19,645428.94018186931,9.6646651228217236e-05,3.5157168951326259e-05,0.00017396020930203026,0.00014968489473260964,3547136,784,na_qae_abc,27,159269519
44025,Long Island,20,643785.90261244937,6.9625005804502087e-05,1.4346732876222867e-05,0.00014082867065113311,0.00015638327013176663,3768320,829,na_qae_abc,27,159269519
44025,Long Island,21,643785.90261244937,6.9625005804502087e-05,1.4346732876222867e-05,0.00014082867065113311,0.00015638327013176663,4014080,877,na_qae_abc,27,159269519
44025,Long Island,22,643785.90261244937,6.9625005804502087e-05,1.4346732876222867e-05,0.00014082867065113311,0.00015638327013176663,4243456,923,na_qae_abc,27,159269519
44025,Long Island,23,643785.90261244937,6.9625005804502087e-05,1.4346732876222867e-05,0.00014082867065113311,0.00015638327013176663,4489216,971,na_qae_abc,27,159269519
44025,Long Island,24,643785.90261244937,6.9625005804502087e-05,1.4346732876222867e-05,0.00014082867065113311,0.00015638327013176663,4726784,1018,na_qae_abc,27,159269519
44025,Long Island,25,643785.90261244937,6.9625005804502087e-05,1.4346732876222867e-05,0.00014082867065113311,0.00015638327013176663,4972544,1066,na_qae_abc,27,159269519
44025,Long Island,26,642726.48498081684,0.00010737537413817137,4.4259614639766103e-05,0.00018626713387021374,0.00013920926406594197,5210112,1113,na_qae_abc,27,159269519
44025,Long Island,27,642234.51622677431,6.3686050466595116e-20,1.0000000000000001e-20,0.00012210932060284957,0.00014336565758481866,5423104,1157,na_qae_abc,27,159269519
44025,Long Island,28,642234.51622677431,6.3686050466595116e-20,1.0000000000000001e-20,0.00012210932060284957,0.00014336565758481866,5660672,1204,na_qae_abc,27,159269519
44025,Long Island,29,641112.30986083916,0.00010499387748261862,4.2488413089677459e-05,0.00018324102986901774,0.00014944958263036215,5890048,1250,na_qae_abc,27,159269519
44025,Long Island,30,635416.20419820026,0.00011279684496884249,4.9846638192452989e-05,0.00019140600457113696,0.00016621264735205499,6127616,1297,na_qae_abc,27,159269519
44025,Long Island,31,635416.20419820026,0.00011279684496884249,4.9846638192452989e-05,0.00019140600457113696,0.00016621264735205499,6373376,1345,na_qae_abc,27,159269519
44025,Long Island,32,635416.20419820026,0.00011279684496884249,4.9846638192452989e-05,0.00019140600457113696,0.00016621264735205499,6610944,1392,na_qae_abc,27,159269519
44025,Long Island,33,632962.63565855275,4.0625866576202057e-05,1.0000000000000001e-20,0.00018686691257382426,0.00016329120752643175,6832128,1437,na_qae_abc,27,159269519
44025,Long Island,34,632962.63565855275,4.0625866576202057e-05,1.0000000000000001e-20,0.00018686691257382426,0.00016329120752643175,7069696,1484,na_qae_abc,27,159269519
44025,Long Island,35,632962.63565855275,4.0625866576202057e-05,1.0000000000000001e-20,0.00018686691257382426,0.00016329120752643175,7299072,1530,na_qae_abc,27,159269519
44025,Long Island,36,632962.63565855275,4.0625866576202057e-05,1.0000000000000001e-20,0.00018686691257382426,0.00016329120752643175,7518208,1574,na_qae_abc,27,159269519
44025,Long Island,37,632962.63565855275,4.0625866576202057e-05,1.0000000000000001e-20,0.00018686691257382426,0.00016329120752643175,7731200,1618,na_qae_abc,27,159269519
44025,Long Island,38,628763.40215055784,1.2374292059284853e-05,1.0000000000000001e-20,0.00014963459063054225,0.00018574977552363164,7960576,1664,na_qae_abc,27,159269519
44025,Long Island,39,628763.40215055784,1.2374292059284853e-05,1.0000000000000001e-20,0.00014963459063054225,0.00018574977552363164,8189952,1710,na_qae_abc,27,159269519
44025,Long Island,40,625057.36223736568,9.4619459499180496e-05,3.3830307338134373e-05,0.00017134352010803581,0.00019458789453432105,8419328,1756,na_qae_abc,27,159269519
44025,Long Island,1,596901.87717428955,0.00048036665112776426,0.00036644370881988846,0.00060932444712546714,0.0004781780154160229,81920,37,na_qae_abc,28,1603438866
44025,Long Island,2,644118.75601575419,0.00030920900605624645,0.00021626317252354944,0.00041695268012741733,0.00041780472214762552,163840,65,na_qae_abc,28,1603438866
44025,Long Island,3,660743.15977862047,0.00019882306013604265,0.00012103186644340128,0.00029216447705948255,0.00022546426624982051,245760,93,na_qae_abc,28,1603438866
44025,Long Island,4,660743.15977862047,0.00019882306013604265,0.00012103186644340128,0.00029216447705948255,0.00022546426624982051,368640,126,na_qae_abc,28,1603438866
44025,Long Island,5,650035.41602152085,0.00010580587527733159,4.2470580127782867e-05,0.00018504743856692597,0.00022473639811164579,516096,162,na_qae_abc,28,1603438866
44025,Long Island,6,650035.41602152085,0.00010580587527733159,4.2470580127782867e-05,0.00018504743856692597,0.00022473639811164579,696320,202,na_qae_abc,28,1603438866
44025,Long Island,7,650035.41602152085,0.00010580587527733159,4.2470580127782867e-05,0.00018504743856692597,0.00022473639811164579,868352,241,na_qae_abc,28,1603438866
44025,Long Island,8,650035.41602152085,0.00010580587527733159,4.2470580127782867e-05,0.00018504743856692597,0.00022473639811164579,1081344,285,na_qae_abc,28,1603438866
44025,Long Island,9,650035.41602152085,0.00010580587527733159,4.2470580127782867e-05,0.00018504743856692597,0.00022473639811164579,1310720,331,na_qae_abc,28,1603438866
44025,Long Island,10,646023.99381558201,9.76955587479941e-05,3.6873456313299345e-05,0.00017427614976163136,0.0001745610074916634,1548288,378,na_qae_abc,28,1603438866
44025,Long Island,11,624023.74835372285,0.00010716240773233539,4.413740777856735e-05,0.0001858005303009325,0.00019792467452499617,1769472,423,na_qae_abc,28,1603438866
44025,Long Island,12,605875.76258254098,2.6796762022681554e-05,1.0000000000000001e-20,0.00016315642847656133,0.00024464313622086592,1982464,467,na_qae_abc,28,1603438866
44025,Long Island,13,605875.76258254098,2.6796762022681554e-05,1.0000000000000001e-20,0.00016315642847656133,0.00024464313622086592,2220032,514,na_qae_abc,28,1603438866
44025,Long Island,14,605875.76258254098,2.6796762022681554e-05,1.0000000000000001e-20,0.00016315642847656133,0.00024464313622086592,2441216,559,na_qae_abc,28,1603438866
44025,Long Island,15,605875.76258254098,2.6796762022681554e-05,1.0000000000000001e-20,0.00016315642847656133,0.00024464313622086592,2678784,606,na_qae_abc,28,1603438866
44025,Long Island,16,605875.76258254098,2.6796762022681554e-05,1.0000000000000001e-20,0.00016315642847656133,0.00024464313622086592,2924544,654,na_qae_abc,28,1603438866
44025,Long Island,17,605875.76258254098,2.6796762022681554e-05,1.0000000000000001e-20,0.00016315642847656133,0.00024464313622086592,3162112,701,na_qae_abc,28,1603438866
44025,Long Island,18,605875.76258254098,2.6796762022681554e-05,1.0000000000000001e-20,0.00016315642847656133,0.00024464313622086592,3407872,749,na_qae_abc,28,1603438866
44025,Long Island,19,605875.76258254098,2.6796762022681554e-05,1.0000000000000001e-20,0.00016315642847656133,0.00024464313622086592,3645440,796,na_qae_abc,28,1603438866
44025,Long Island,20,605875.76258254098,2.6796762022681554e-05,1.0000000000000001e-20,0.00016315642847656133,0.00024464313622086592,3874816,842,na_qae_abc,28,1603438866
44025,Long Island,21,605875.76258254098,2.6796762022681554e-05,1.0000000000000001e-20,0.00016315642847656133,0.00024464313622086592,4104192,888,na_qae_abc,28,1603438866
44025,Long Island,22,605875.76258254098,2.6796762022681554e-05,1.0000000000000001e-20,0.00016315642847656133,0.00024464313622086592,4349952,936,na_qae_abc,28,1603438866
44025,Long Island,23,605875.76258254098,2.6796762022681554e-05,1.0000000000000001e-20,0.00016315642847656133,0.00024464313622086592,4579328,982,na_qae_abc,28,1603438866
44025,Long Island,24,605875.76258254098,2.6796762022681554e-05,1.0000000000000001e-20,0.00016315642847656133,0.00024464313622086592,4825088,1030,na_qae_abc,28,1603438866
44025,Long Island,25,605875.76258254098,2.6796762022681554e-05,1.0000000000000001e-20,0.00016315642847656133,0.00024464313622086592,5021696,1072,na_qae_abc,28,1603438866
44025,Long Island,26,605875.76258254098,2.6796762022681554e-05,1.0000000000000001e-20,0.00016315642847656133,0.00024464313622086592,5244928,1118,na_qae_abc,28,1603438866
44025,Long Island,27,605875.76258254098,2.6796762022681554e-05,1.0000000000000001e-20,0.00016315642847656133,0.00024464313622086592,5449728,1161,na_qae_abc,28,1603438866
44025,Long Island,28,605875.76258254098,2.6796762022681554e-05,1.0000000000000001e-20,0.00016315642847656133,0.00024464313622086592,5662720,1205,na_qae_abc,28,1603438866
44025,Long Island,29,605875.76258254098,2.6796762022681554e-05,1.0000000000000001e-20,0.00016315642847656133,0.00024464313622086592,5908480,1253,na_qae_abc,28,1603438866
44025,Long Island,30,605875.76258254098,2.6796762022681554e-05,1.0000000000000001e-20,0.00016315642847656133,0.00024464313622086592,6146048,1300,na_qae_abc,28,1603438866
44025,Long Island,31,605875.76258254098,2.6796762022681554e-05,1.0000000000000001e-20,0.00016315642847656133,0.00024464313622086592,6367232,1345,na_qae_abc,28,1603438866
44025,Long Island,32,605875.76258254098,2.6796762022681554e-05,1.0000000000000001e-20,0.00016315642847656133,0.00024464313622086592,6604800,1392,na_qae_abc,28,1603438866
44025,Long Island,33,605875.76258254098,2.6796762022681554e-05,1.0000000000000001e-20,0.00016315642847656133,0.00024464313622086592,6850560,1440,na_qae_abc,28,1603438866
44025,Long Island,34,605875.76258254098,2.6796762022681554e-05,1.0000000000000001e-20,0.00016315642847656133,0.00024464313622086592,7088128,1487,na_qae_abc,28,1603438866
44025,Long Island,35,605875.76258254098,2.6796762022681554e-05,1.0000000000000001e-20,0.00016315642847656133,0.00024464313622086592,7317504,1533,na_qae_abc,28,1603438866
44025,Long Island,36,605875.76258254098,2.6796762022681554e-05,1.0000000000000001e-20,0.00016315642847656133,0.00024464313622086592,7563264,1581,na_qae_abc,28,1603438866
44025,Long Island,37,605875.76258254098,2.6796762022681554e-05,1.0000000000000001e-20,0.00016315642847656133,0.00024464313622086592,7800832,1628,na_qae_abc,28,1603438866
44025,Long Island,38,605875.76258254098,2.6796762022681554e-05,1.0000000000000001e-20,0.00016315642847656133,0.00024464313622086592,8032256,1675,na_qae_abc,28,1603438866
44025,Long Island,39,605875.76258254098,2.6796762022681554e-05,1.0000000000000001e-20,0.00016315642847656133,0.00024464313622086592,8245248,1719,na_qae_abc,28,1603438866
44025,Long Island,40,605875.76258254098,2.6796762022681554e-05,1.0000000000000001e-20,0.00016315642847656133,0.00024464313622086592,8474624,1765,na_qae_abc,28,1603438866
44025,Long Island,1,706154.74228552484,0.00034777028451137172,0.00025008913773269542,0.00046017628358901736,0.00033422707040223258,81920,37,na_qae_abc,29,2994618833
44025,Long Island,2,706154.74228552484,0.00034777028451137172,0.00025008913773269542,0.00046017628358901736,0.00033422707040223258,131072,61,na_qae_abc,29,2994618833
44025,Long Island,3,652637.62213186861,0.00029273089369469062,0.00020228741048993991,0.0003986033160861022,0.00029300950378370659,221184,90,na_qae_abc,29,2994618833
44025,Long Island,4,703268.15876013541,0.00018648598681157092,0.00011025136989218322,0.00027804834139995792,0.0002872848616342196,327680,121,na_qae_abc,29,2994618833
44025,Long Island,5,703268.15876013541,0.00018648598681157092,0.00011025136989218322,0.00027804834139995792,0.0002872848616342196,442368,153,na_qae_abc,29,2994618833
44025,Long Island,6,703268.15876013541,0.00018648598681157092,0.00011025136989218322,0.00027804834139995792,0.0002872848616342196,589824,189,na_qae_abc,29,2994618833
44025,Long Island,7,708512.88508818531,0.00017793501361244716,0.00010250278558475018,0.00026873291853670209,0.00025927133652516049,778240,230,na_qae_abc,29,2994618833
44025,Long Island,8,650131.55390573235,0.00016797861527216177,9.4569907454052773e-05,0.0002566261325859274,0.00023730338616909471,974848,272,na_qae_abc,29,2994618833
44025,Long Island,9,677736.41194510646,0.00015779538521725722,8.6358271536320422e-05,0.00024467540658001539,0.00020914495023928177,1204224,318,na_qae_abc,29,2994618833
44025,Long Island,10,677736.41194510646,0.00015779538521725722,8.6358271536320422e-05,0.00024467540658001539,0.00020914495023928177,1417216,362,na_qae_abc,29,2994618833
44025,Long Island,11,682018.10428916116,0.00012511689809553163,5.9175254817893032e-05,0.00020678615243481407,0.00020819190876518925,1613824,404,na_qae_abc,29,2994618833
44025,Long Island,12,682018.10428916116,0.00012511689809553163,5.9175254817893032e-05,0.00020678615243481407,0.00020819190876518925,1843200,450,na_qae_abc,29,2994618833
44025,Long Island,13,682018.10428916116,0.00012511689809553163,5.9175254817893032e-05,0.00020678615243481407,0.00020819190876518925,2080768,497,na_qae_abc,29,2994618833
44025,Long Island,14,663203.59685845638,2.1745353095744398e-05,1.0000000000000001e-20,0.00015318942751706325,0.00020119341011000215,2293760,541,na_qae_abc,29,2994618833
44025,Long Island,15,663203.59685845638,2.1745353095744398e-05,1.0000000000000001e-20,0.00015318942751706325,0.00020119341011000215,2531328,588,na_qae_abc,29,2994618833
44025,Long Island,16,637348.76454508945,4.2495355108441268e-05,1.0000000000000001e-20,0.00019160182293308603,0.00020447554333816189,2736128,631,na_qae_abc,29,2994618833
44025,Long Island,17,637348.76454508945,4.2495355108441268e-05,1.0000000000000001e-20,0.00019160182293308603,0.00020447554333816189,2957312,676,na_qae_abc,29,2994618833
44025,Long Island,18,637348.76454508945,4.2495355108441268e-05,1.0000000000000001e-20,0.00019160182293308603,0.00020447554333816189,3203072,724,na_qae_abc,29,2994618833
44025,Long Island,19,637348.76454508945,4.2495355108441268e-05,1.0000000000000001e-20,0.00019160182293308603,0.00020447554333816189,3432448,770,na_qae_abc,29,2994618833
44025,Long Island,20,637348.76454508945,4.2495355108441268e-05,1.0000000000000001e-20,0.00019160182293308603,0.00020447554333816189,3670016,817,na_qae_abc,29,2994618833
44025,Long Island,21,637348.76454508945,4.2495355108441268e-05,1.0000000000000001e-20,0.00019160182293308603,0.00020447554333816189,3907584,864,na_qae_abc,29,2994618833
44025,Long Island,22,626776.97388780082,9.6360735853371691e-05,3.4235968198722625e-05,0.00017425658121678113,0.00020898616773264516,4145152,911,na_qae_abc,29,2994618833
44025,Long Island,23,626776.97388780082,9.6360735853371691e-05,3.4235968198722625e-05,0.00017425658121678113,0.00020898616773264516,4374528,957,na_qae_abc,29,2994618833
44025,Long Island,24,626776.97388780082,9.6360735853371691e-05,3.4235968198722625e-05,0.00017425658121678113,0.00020898616773264516,4620288,1005,na_qae_abc,29,2994618833
44025,Long Island,25,626776.97388780082,9.6360735853371691e-05,3.4235968198722625e-05,0.00017425658121678113,0.00020898616773264516,4857856,1052,na_qae_abc,29,2994618833
44025,Long Island,26,626776.97388780082,9.6360735853371691e-05,3.4235968198722625e-05,0.00017425658121678113,0.00020898616773264516,5087232,1098,na_qae_abc,29,2994618833
44025,Long Island,27,626776.97388780082,9.6360735853371691e-05,3.4235968198722625e-05,0.00017425658121678113,0.00020898616773264516,5324800,1145,na_qae_abc,29,2994618833
44025,Long Island,28,626776.97388780082,9.6360735853371691e-05,3.4235968198722625e-05,0.00017425658121678113,0.00020898616773264516,5562368,1192,na_qae_abc,29,2994618833
44025,Long Island,29,626776.97388780082,9.6360735853371691e-05,3.4235968198722625e-05,0.00017425658121678113,0.00020898616773264516,5799936,1239,na_qae_abc,29,2994618833
44025,Long Island,30,626776.97388780082,9.6360735853371691e-05,3.4235968198722625e-05,0.00017425658121678113,0.00020898616773264516,6029312,1285,na_qae_abc,29,2994618833
44025,Long Island,31,626776.97388780082,9.6360735853371691e-05,3.4235968198722625e-05,0.00017425658121678113,0.00020898616773264516,6258688,1331,na_qae_abc,29,2994618833
44025,Long Island,32,626776.97388780082,9.6360735853371691e-05,3.4235968198722625e-05,0.00017425658121678113,0.00020898616773264516,6488064,1377,na_qae_abc,29,2994618833
44025,Long Island,33,626776.97388780082,9.6360735853371691e-05,3.4235968198722625e-05,0.00017425658121678113,0.00020898616773264516,6717440,1423,na_qae_abc,29,2994618833
44025,Long Island,34,626776.97388780082,9.6360735853371691e-05,3.4235968198722625e-05,0.00017425658121678113,0.00020898616773264516,6965248,1472,na_qae_abc,29,2994618833
44025,Long Island,35,626776.97388780082,9.6360735853371691e-05,3.4235968198722625e-05,0.00017425658121678113,0.00020898616773264516,7137280,1511,na_qae_abc,29,2994618833
44025,Long Island,36,626776.97388780082,9.6360735853371691e-05,3.4235968198722625e-05,0.00017425658121678113,0.00020898616773264516,7366656,1557,na_qae_abc,29,2994618833
44025,Long Island,37,626776.97388780082,9.6360735853371691e-05,3.4235968198722625e-05,0.00017425658121678113,0.00020898616773264516,7612416,1605,na_qae_abc,29,2994618833
44025,Long Island,38,626776.97388780082,9.6360735853371691e-05,3.4235968198722625e-05,0.00017425658121678113,0.00020898616773264516,7858176,1653,na_qae_abc,29,2994618833
44025,Long Island,39,626776.97388780082,9.6360735853371691e-05,3.4235968198722625e-05,0.00017425658121678113,0.00020898616773264516,8095744,1700,na_qae_abc,29,2994618833
44025,Long Island,40,626776.97388780082,9.6360735853371691e-05,3.4235968198722625e-05,0.00017425658121678113,0.00020898616773264516,8325120,1746,na_qae_abc,29,2994618833
41025,Diamond Shoals,1,735188.27067592402,0.00088493130598746154,0.00059325239238602965,0.0012387807581561608,0.001116544813430431,73728,36,na_qae_abc,0,2354602333
41025,Diamond Shoals,2,688588.33909402497,0.0007081347899541968,0.00044788040397107193,0.0010277749838991206,0.0010960476277214145,122880,60,na_qae_abc,0,2354602333
41025,Diamond Shoals,3,688588.33909402497,0.0007081347899541968,0.00044788040397107193,0.0010277749838991206,0.0010960476277214145,172032,84,na_qae_abc,0,2354602333
41025,Diamond Shoals,4,688588.33909402497,0.0007081347899541968,0.00044788040397107193,0.0010277749838991206,0.0010960476277214145,221184,108,na_qae_abc,0,2354602333
41025,Diamond Shoals,5,729246.69674646005,0.00065032551290831184,0.00040014097205312522,0.00096084678704925976,0.0010112229741015518,270336,132,na_qae_abc,0,2354602333
41025,Diamond Shoals,6,729246.69674646005,0.00065032551290831184,0.00040014097205312522,0.00096084678704925976,0.0010112229741015518,319488,156,na_qae_abc,0,2354602333
41025,Diamond Shoals,7,729246.69674646005,0.00065032551290831184,0.00040014097205312522,0.00096084678704925976,0.0010112229741015518,368640,180,na_qae_abc,0,2354602333
41025,Diamond Shoals,8,729246.69674646005,0.00065032551290831184,0.00040014097205312522,0.00096084678704925976,0.0010112229741015518,417792,204,na_qae_abc,0,2354602333
41025,Diamond Shoals,9,729246.69674646005,0.00065032551290831184,0.00040014097205312522,0.00096084678704925976,0.0010112229741015518,466944,228,na_qae_abc,0,2354602333
41025,Diamond Shoals,10,729246.69674646005,0.00065032551290831184,0.00040014097205312522,0.00096084678704925976,0.0010112229741015518,516096,252,na_qae_abc,0,2354602333
41025,Diamond Shoals,11,729246.69674646005,0.00065032551290831184,0.00040014097205312522,0.00096084678704925976,0.0010112229741015518,565248,276,na_qae_abc,0,2354602333
41025,Diamond Shoals,12,729246.69674646005,0.00065032551290831184,0.00040014097205312522,0.00096084678704925976,0.0010112229741015518,614400,300,na_qae_abc,0,2354602333
41025,Diamond Shoals,13,729246.69674646005,0.00065032551290831184,0.00040014097205312522,0.00096084678704925976,0.0010112229741015518,663552,324,na_qae_abc,0,2354602333
41025,Diamond Shoals,14,729246.69674646005,0.00065032551290831184,0.00040014097205312522,0.00096084678704925976,0.0010112229741015518,712704,348,na_qae_abc,0,2354602333
41025,Diamond Shoals,15,729246.69674646005,0.00065032551290831184,0.00040014097205312522,0.00096084678704925976,0.0010112229741015518,761856,372,na_qae_abc,0,2354602333
41025,Diamond Shoals,16,729246.69674646005,0.00065032551290831184,0.00040014097205312522,0.00096084678704925976,0.0010112229741015518,811008,396,na_qae_abc,0,2354602333
41025,Diamond Shoals,17,729246.69674646005,0.00065032551290831184,0.00040014097205312522,0.00096084678704925976,0.0010112229741015518,860160,420,na_qae_abc,0,2354602333
41025,Diamond Shoals,18,729246.69674646005,0.00065032551290831184,0.00040014097205312522,0.00096084678704925976,0.0010112229741015518,909312,444,na_qae_abc,0,2354602333
41025,Diamond Shoals,19,729246.69674646005,0.00065032551290831184,0.00040014097205312522,0.00096084678704925976,0.0010112229741015518,960512,469,na_qae_abc,0,2354602333
41025,Diamond Shoals,20,729246.69674646005,0.00065032551290831184,0.00040014097205312522,0.00096084678704925976,0.0010112229741015518,1009664,493,na_qae_abc,0,2354602333
41025,Diamond Shoals,21,729246.69674646005,0.00065032551290831184,0.00040014097205312522,0.00096084678704925976,0.0010112229741015518,1058816,517,na_qae_abc,0,2354602333
41025,Diamond Shoals,22,700366.96317214763,0.00056095196738140389,0.00033128785183874542,0.00085140866288888246,0.0010086031721163286,1107968,541,na_qae_abc,0,2354602333
41025,Diamond Shoals,23,700366.96317214763,0.00056095196738140389,0.00033128785183874542,0.00085140866288888246,0.0010086031721163286,1157120,565,na_qae_abc,0,2354602333
41025,Diamond Shoals,24,700366.96317214763,0.00056095196738140389,0.00033128785183874542,0.00085140866288888246,0.0010086031721163286,1206272,589,na_qae_abc,0,2354602333
41025,Diamond Shoals,25,700366.96317214763,0.00056095196738140389,0.00033128785183874542,0.00085140866288888246,0.0010086031721163286,1255424,613,na_qae_abc,0,2354602333
41025,Diamond Shoals,26,700366.96317214763,0.00056095196738140389,0.00033128785183874542,0.00085140866288888246,0.0010086031721163286,1304576,637,na_qae_abc,0,2354602333
41025,Diamond Shoals,27,700366.96317214763,0.00056095196738140389,0.00033128785183874542,0.00085140866288888246,0.0010086031721163286,1353728,661,na_qae_abc,0,2354602333
41025,Diamond Shoals,28,700366.96317214763,0.00056095196738140389,0.00033128785183874542,0.00085140866288888246,0.0010086031721163286,1404928,686,na_qae_abc,0,2354602333
41025,Diamond Shoals,29,700366.96317214763,0.00056095196738140389,0.00033128785183874542,0.00085140866288888246,0.0010086031721163286,1454080,710,na_qae_abc,0,2354602333
41025,Diamond Shoals,30,700366.96317214763,0.00056095196738140389,0.00033128785183874542,0.00085140866288888246,0.0010086031721163286,1503232,734,na_qae_abc,0,2354602333
41025,Diamond Shoals,31,700366.96317214763,0.00056095196738140389,0.00033128785183874542,0.00085140866288888246,0.0010086031721163286,1552384,758,na_qae_abc,0,2354602333
41025,Diamond Shoals,32,700366.96317214763,0.00056095196738140389,0.00033128785183874542,0.00085140866288888246,0.0010086031721163286,1603584,783,na_qae_abc,0,2354602333
41025,Diamond Shoals,33,700366.96317214763,0.00056095196738140389,0.00033128785183874542,0.00085140866288888246,0.0010086031721163286,1652736,807,na_qae_abc,0,2354602333
41025,Diamond Shoals,34,700366.96317214763,0.00056095196738140389,0.00033128785183874542,0.00085140866288888246,0.0010086031721163286,1701888,831,na_qae_abc,0,2354602333
41025,Diamond Shoals,35,700366.96317214763,0.00056095196738140389,0.00033128785183874542,0.00085140866288888246,0.0010086031721163286,1753088,856,na_qae_abc,0,2354602333
41025,Diamond Shoals,36,700366.96317214763,0.00056095196738140389,0.00033128785183874542,0.00085140866288888246,0.0010086031721163286,1802240,880,na_qae_abc,0,2354602333
41025,Diamond Shoals,37,700366.96317214763,0.00056095196738140389,0.00033128785183874542,0.00085140866288888246,0.0010086031721163286,1851392,904,na_qae_abc,0,2354602333
41025,Diamond Shoals,38,700366.96317214763,0.00056095196738140389,0.00033128785183874542,0.00085140866288888246,0.0010086031721163286,1900544,928,na_qae_abc,0,2354602333
41025,Diamond Shoals,39,700366.96317214763,0.00056095196738140389,0.00033128785183874542,0.00085140866288888246,0.0010086031721163286,1949696,952,na_qae_abc,0,2354602333
41025,Diamond Shoals,40,700366.96317214763,0.00056095196738140389,0.00033128785183874542,0.00085140866288888246,0.0010086031721163286,1998848,976,na_qae_abc,0,2354602333
41025,Diamond Shoals,1,641935.82417940942,0.001284552416613843,0.00090645876614511357,0.0017755327719708731,0.0015531326211543537,73728,36,na_qae_abc,1,2809038303
41025,Diamond Shoals,2,673002.84949920757,0.0011587124151334781,0.00080770000775512636,0.001596033821119996,0.0015454742684441116,122880,60,na_qae_abc,1,2809038303
41025,Diamond Shoals,3,673002.84949920757,0.0011587124151334781,0.00080770000775512636,0.001596033821119996,0.0015454742684441116,172032,84,na_qae_abc,1,2809038303
41025,Diamond Shoals,4,673002.84949920757,0.0011587124151334781,0.00080770000775512636,0.001596033821119996,0.0015454742684441116,221184,108,na_qae_abc,1,2809038303
41025,Diamond Shoals,5,710127.39934540272,0.00096517120103235322,0.00065664187836903399,0.0013405508471026966,0.0012317146690384001,270336,132,na_qae_abc,1,2809038303
41025,Diamond Shoals,6,676960.6452000729,0.00090282307170890268,0.0006004695735206502,0.0012719777086945281,0.0011732741426281974,319488,156,na_qae_abc,1,2809038303
41025,Diamond Shoals,7,714716.7268244914,0.00081533500101191444,0.00053038827510963366,0.0011648309563386187,0.0010887407598607034,368640,180,na_qae_abc,1,2809038303
41025,Diamond Shoals,8,714716.7268244914,0.00081533500101191444,0.00053038827510963366,0.0011648309563386187,0.0010887407598607034,417792,204,na_qae_abc,1,2809038303
41025,Diamond Shoals,9,669360.75727135688,0.00062242547104564337,0.00037972981076144521,0.00092444128904844438,0.0010329123004958931,466944,228,na_qae_abc,1,2809038303
41025,Diamond Shoals,10,669360.75727135688,0.00062242547104564337,0.00037972981076144521,0.00092444128904844438,0.0010329123004958931,516096,252,na_qae_abc,1,2809038303
41025,Diamond Shoals,11,657669.05806225725,0.00061912049304652854,0.00037894671184440364,0.00091735188806016149,0.00092180298838600541,565248,276,na_qae_abc,1,2809038303
41025,Diamond Shoals,12,657669.05806225725,0.00061912049304652854,0.00037894671184440364,0.00091735188806016149,0.00092180298838600541,614400,300,na_qae_abc,1,2809038303
41025,Diamond Shoals,13,657669.05806225725,0.00061912049304652854,0.00037894671184440364,0.00091735188806016149,0.00092180298838600541,663552,324,na_qae_abc,1,2809038303
41025,Diamond Shoals,14,657669.05806225725,0.00061912049304652854,0.00037894671184440364,0.00091735188806016149,0.00092180298838600541,712704,348,na_qae_abc,1,2809038303
41025,Diamond Shoals,15,657669.05806225725,0.00061912049304652854,0.00037894671184440364,0.00091735188806016149,0.00092180298838600541,761856,372,na_qae_abc,1,2809038303
41025,Diamond Shoals,16,657669.05806225725,0.00061912049304652854,0.00037894671184440364,0.00091735188806016149,0.00092180298838600541,811008,396,na_qae_abc,1,2809038303
41025,Diamond Shoals,17,657669.05806225725,0.00061912049304652854,0.00037894671184440364,0.00091735188806016149,0.00092180298838600541,860160,420,na_qae_abc,1,2809038303
41025,Diamond Shoals,18,657669.05806225725,0.00061912049304652854,0.00037894671184440364,0.00091735188806016149,0.00092180298838600541,909312,444,na_qae_abc,1,2809038303
41025,Diamond Shoals,19,657669.05806225725,0.00061912049304652854,0.00037894671184440364,0.00091735188806016149,0.00092180298838600541,958464,468,na_qae_abc,1,2809038303
41025,Diamond Shoals,20,657669.05806225725,0.00061912049304652854,0.00037894671184440364,0.00091735188806016149,0.00092180298838600541,1009664,493,na_qae_abc,1,2809038303
41025,Diamond Shoals,21,657669.05806225725,0.00061912049304652854,0.00037894671184440364,0.00091735188806016149,0.00092180298838600541,1058816,517,na_qae_abc,1,2809038303
41025,Diamond Shoals,22,657669.05806225725,0.00061912049304652854,0.00037894671184440364,0.00091735188806016149,0.00092180298838600541,1107968,541,na_qae_abc,1,2809038303
41025,Diamond Shoals,23,657669.05806225725,0.00061912049304652854,0.00037894671184440364,0.00091735188806016149,0.00092180298838600541,1157120,565,na_qae_abc,1,2809038303
41025,Diamond Shoals,24,657669.05806225725,0.00061912049304652854,0.00037894671184440364,0.00091735188806016149,0.00092180298838600541,1206272,589,na_qae_abc,1,2809038303
41025,Diamond Shoals,25,657669.05806225725,0.00061912049304652854,0.00037894671184440364,0.00091735188806016149,0.00092180298838600541,1255424,613,na_qae_abc,1,2809038303
41025,Diamond Shoals,26,657669.05806225725,0.00061912049304652854,0.00037894671184440364,0.00091735188806016149,0.00092180298838600541,1304576,637,na_qae_abc,1,2809038303
41025,Diamond Shoals,27,685128.54073170864,0.00052188831148298207,0.00030153140312905917,0.00079965190019168288,0.0009076887597021248,1355776,662,na_qae_abc,1,2809038303
41025,Diamond Shoals,28,685128.54073170864,0.00052188831148298207,0.00030153140312905917,0.00079965190019168288,0.0009076887597021248,1404928,686,na_qae_abc,1,2809038303
41025,Diamond Shoals,29,685128.54073170864,0.00052188831148298207,0.00030153140312905917,0.00079965190019168288,0.0009076887597021248,1454080,710,na_qae_abc,1,2809038303
41025,Diamond Shoals,30,685128.54073170864,0.00052188831148298207,0.00030153140312905917,0.00079965190019168288,0.0009076887597021248,1505280,735,na_qae_abc,1,2809038303
41025,Diamond Shoals,31,685128.54073170864,0.00052188831148298207,0.00030153140312905917,0.00079965190019168288,0.0009076887597021248,1556480,760,na_qae_abc,1,2809038303
41025,Diamond Shoals,32,685128.54073170864,0.00052188831148298207,0.00030153140312905917,0.00079965190019168288,0.0009076887597021248,1605632,784,na_qae_abc,1,2809038303
41025,Diamond Shoals,33,685128.54073170864,0.00052188831148298207,0.00030153140312905917,0.00079965190019168288,0.0009076887597021248,1654784,808,na_qae_abc,1,2809038303
41025,Diamond Shoals,34,685128.54073170864,0.00052188831148298207,0.00030153140312905917,0.00079965190019168288,0.0009076887597021248,1703936,832,na_qae_abc,1,2809038303
41025,Diamond Shoals,35,685128.54073170864,0.00052188831148298207,0.00030153140312905917,0.00079965190019168288,0.0009076887597021248,1753088,856,na_qae_abc,1,2809038303
41025,Diamond Shoals,36,685128.54073170864,0.00052188831148298207,0.00030153140312905917,0.00079965190019168288,0.0009076887597021248,1802240,880,na_qae_abc,1,2809038303
41025,Diamond Shoals,37,685128.54073170864,0.00052188831148298207,0.00030153140312905917,0.00079965190019168288,0.0009076887597021248,1851392,904,na_qae_abc,1,2809038303
41025,Diamond Shoals,38,685128.54073170864,0.00052188831148298207,0.00030153140312905917,0.00079965190019168288,0.0009076887597021248,1900544,928,na_qae_abc,1,2809038303
41025,Diamond Shoals,39,685128.54073170864,0.00052188831148298207,0.00030153140312905917,0.00079965190019168288,0.0009076887597021248,1951744,953,na_qae_abc,1,2809038303
41025,Diamond Shoals,40,685128.54073170864,0.00052188831148298207,0.00030153140312905917,0.00079965190019168288,0.0009076887597021248,2000896,977,na_qae_abc,1,2809038303
41025,Diamond Shoals,1,689706.10369255289,0.0012617117479298203,0.0008919875671576157,0.0017385420719082745,0.0013646734427186591,73728,36,na_qae_abc,2,1454264448
41025,Diamond Shoals,2,721481.73618488642,0.0010301775862818336,0.00071049902105547146,0.0014206634696408977,0.0012618940680236995,122880,60,na_qae_abc,2,1454264448
41025,Diamond Shoals,3,736221.61223797069,0.0009332371976045323,0.0006319610456581048,0.0012988506397808709,0.0013762633075746404,172032,84,na_qae_abc,2,1454264448
41025,Diamond Shoals,4,747617.98245015508,0.00083968090203307246,0.00055117156129537719,0.0011927708598431389,0.0012798341419364364,221184,108,na_qae_abc,2,1454264448
41025,Diamond Shoals,5,747617.98245015508,0.00083968090203307246,0.00055117156129537719,0.0011927708598431389,0.0012798341419364364,270336,132,na_qae_abc,2,1454264448
41025,Diamond Shoals,6,699510.54902158992,0.0008003863746946432,0.00052221273002040272,0.0011394800143042757,0.00093925255715009539,319488,156,na_qae_abc,2,1454264448
41025,Diamond Shoals,7,699510.54902158992,0.0008003863746946432,0.00052221273002040272,0.0011394800143042757,0.00093925255715009539,368640,180,na_qae_abc,2,1454264448
41025,Diamond Shoals,8,699510.54902158992,0.0008003863746946432,0.00052221273002040272,0.0011394800143042757,0.00093925255715009539,417792,204,na_qae_abc,2,1454264448
41025,Diamond Shoals,9,699510.54902158992,0.0008003863746946432,0.00052221273002040272,0.0011394800143042757,0.00093925255715009539,466944,228,na_qae_abc,2,1454264448
41025,Diamond Shoals,10,699510.54902158992,0.0008003863746946432,0.00052221273002040272,0.0011394800143042757,0.00093925255715009539,516096,252,na_qae_abc,2,1454264448
41025,Diamond Shoals,11,685263.12738967082,0.00064378782141092945,0.00039594256939439967,0.00095227334543790225,0.00105125184126276,565248,276,na_qae_abc,2,1454264448
41025,Diamond Shoals,12,717818.10997929657,0.00059160427195568553,0.00035151779931347443,0.00089644111240956808,0.00097494286822848478,614400,300,na_qae_abc,2,1454264448
41025,Diamond Shoals,13,717818.10997929657,0.00059160427195568553,0.00035151779931347443,0.00089644111240956808,0.00097494286822848478,663552,324,na_qae_abc,2,1454264448
41025,Diamond Shoals,14,717818.10997929657,0.00059160427195568553,0.00035151779931347443,0.00089644111240956808,0.00097494286822848478,712704,348,na_qae_abc,2,1454264448
41025,Diamond Shoals,15,717818.10997929657,0.00059160427195568553,0.00035151779931347443,0.00089644111240956808,0.00097494286822848478,761856,372,na_qae_abc,2,1454264448
41025,Diamond Shoals,16,717818.10997929657,0.00059160427195568553,0.00035151779931347443,0.00089644111240956808,0.00097494286822848478,811008,396,na_qae_abc,2,1454264448
41025,Diamond Shoals,17,717818.10997929657,0.00059160427195568553,0.00035151779931347443,0.00089644111240956808,0.00097494286822848478,860160,420,na_qae_abc,2,1454264448
41025,Diamond Shoals,18,717818.10997929657,0.00059160427195568553,0.00035151779931347443,0.00089644111240956808,0.00097494286822848478,909312,444,na_qae_abc,2,1454264448
41025,Diamond Shoals,19,720261.90647082205,0.00046303401443600824,0.00025454071395125802,0.0007316160203078223,0.00099519853451539016,958464,468,na_qae_abc,2,1454264448
41025,Diamond Shoals,20,720261.90647082205,0.00046303401443600824,0.00025454071395125802,0.0007316160203078223,0.00099519853451539016,1007616,492,na_qae_abc,2,1454264448
41025,Diamond Shoals,21,720261.90647082205,0.00046303401443600824,0.00025454071395125802,0.0007316160203078223,0.00099519853451539016,1056768,516,na_qae_abc,2,1454264448
41025,Diamond Shoals,22,720261.90647082205,0.00046303401443600824,0.00025454071395125802,0.0007316160203078223,0.00099519853451539016,1105920,540,na_qae_abc,2,1454264448
41025,Diamond Shoals,23,720261.90647082205,0.00046303401443600824,0.00025454071395125802,0.0007316160203078223,0.00099519853451539016,1155072,564,na_qae_abc,2,1454264448
41025,Diamond Shoals,24,720261.90647082205,0.00046303401443600824,0.00025454071395125802,0.0007316160203078223,0.00099519853451539016,1204224,588,na_qae_abc,2,1454264448
41025,Diamond Shoals,25,720261.90647082205,0.00046303401443600824,0.00025454071395125802,0.0007316160203078223,0.00099519853451539016,1253376,612,na_qae_abc,2,1454264448
41025,Diamond Shoals,26,720261.90647082205,0.00046303401443600824,0.00025454071395125802,0.0007316160203078223,0.00099519853451539016,1302528,636,na_qae_abc,2,1454264448
41025,Diamond Shoals,27,720261.90647082205,0.00046303401443600824,0.00025454071395125802,0.0007316160203078223,0.00099519853451539016,1353728,661,na_qae_abc,2,1454264448
41025,Diamond Shoals,28,720261.90647082205,0.00046303401443600824,0.00025454071395125802,0.0007316160203078223,0.00099519853451539016,1402880,685,na_qae_abc,2,1454264448
41025,Diamond Shoals,29,720261.90647082205,0.00046303401443600824,0.00025454071395125802,0.0007316160203078223,0.00099519853451539016,1452032,709,na_qae_abc,2,1454264448
41025,Diamond Shoals,30,720261.90647082205,0.00046303401443600824,0.00025454071395125802,0.0007316160203078223,0.00099519853451539016,1501184,733,na_qae_abc,2,1454264448
41025,Diamond Shoals,31,720261.90647082205,0.00046303401443600824,0.00025454071395125802,0.0007316160203078223,0.00099519853451539016,1550336,757,na_qae_abc,2,1454264448
41025,Diamond Shoals,32,720261.90647082205,0.00046303401443600824,0.00025454071395125802,0.0007316160203078223,0.00099519853451539016,1599488,781,na_qae_abc,2,1454264448
41025,Diamond Shoals,33,720261.90647082205,0.00046303401443600824,0.00025454071395125802,0.0007316160203078223,0.00099519853451539016,1652736,807,na_qae_abc,2,1454264448
41025,Diamond Shoals,34,720261.90647082205,0.00046303401443600824,0.00025454071395125802,0.0007316160203078223,0.00099519853451539016,1705984,833,na_qae_abc,2,1454264448
41025,Diamond Shoals,35,720261.90647082205,0.00046303401443600824,0.00025454071395125802,0.0007316160203078223,0.00099519853451539016,1755136,857,na_qae_abc,2,1454264448
41025,Diamond Shoals,36,720261.90647082205,0.00046303401443600824,0.00025454071395125802,0.0007316160203078223,0.00099519853451539016,1804288,881,na_qae_abc,2,1454264448
41025,Diamond Shoals,37,720261.90647082205,0.00046303401443600824,0.00025454071395125802,0.0007316160203078223,0.00099519853451539016,1853440,905,na_qae_abc,2,1454264448
41025,Diamond Shoals,38,720261.90647082205,0.00046303401443600824,0.00025454071395125802,0.0007316160203078223,0.00099519853451539016,1902592,929,na_qae_abc,2,1454264448
41025,Diamond Shoals,39,720261.90647082205,0.00046303401443600824,0.00025454071395125802,0.0007316160203078223,0.00099519853451539016,1951744,953,na_qae_abc,2,1454264448
41025,Diamond Shoals,40,720261.90647082205,0.00046303401443600824,0.00025454071395125802,0.0007316160203078223,0.00099519853451539016,2000896,977,na_qae_abc,2,1454264448
41025,Diamond Shoals,1,698464.65516355308,0.0015043449416588719,0.0010747443420093046,0.0021288478128157827,0.0014415992043709828,73728,36,na_qae_abc,3,627444888
41025,Diamond Shoals,2,716331.20140344126,0.00087631720194067614,0.0005818820130631656,0.0012356755222114827,0.0011760001147753222,122880,60,na_qae_abc,3,627444888
41025,Diamond Shoals,3,716331.20140344126,0.00087631720194067614,0.0005818820130631656,0.0012356755222114827,0.0011760001147753222,172032,84,na_qae_abc,3,627444888
41025,Diamond Shoals,4,637376.02301525744,0.00083201516517694717,0.00054266754573224362,0.0011875039933750451,0.0011514285789644295,221184,108,na_qae_abc,3,627444888
41025,Diamond Shoals,5,637376.02301525744,0.00083201516517694717,0.00054266754573224362,0.0011875039933750451,0.0011514285789644295,270336,132,na_qae_abc,3,627444888
41025,Diamond Shoals,6,637376.02301525744,0.00083201516517694717,0.00054266754573224362,0.0011875039933750451,0.0011514285789644295,319488,156,na_qae_abc,3,627444888
41025,Diamond Shoals,7,667396.30463291856,0.00068012163920710858,0.00042347323345037758,0.00099869367541339789,0.00096190331766517157,368640,180,na_qae_abc,3,627444888
41025,Diamond Shoals,8,667396.30463291856,0.00068012163920710858,0.00042347323345037758,0.00099869367541339789,0.00096190331766517157,417792,204,na_qae_abc,3,627444888
41025,Diamond Shoals,9,667396.30463291856,0.00068012163920710858,0.00042347323345037758,0.00099869367541339789,0.00096190331766517157,466944,228,na_qae_abc,3,627444888
41025,Diamond Shoals,10,667396.30463291856,0.00068012163920710858,0.00042347323345037758,0.00099869367541339789,0.00096190331766517157,516096,252,na_qae_abc,3,627444888
41025,Diamond Shoals,11,686733.07318718475,0.00060504278963447638,0.00036619425314774129,0.00090358421202755515,0.0010353331427938916,565248,276,na_qae_abc,3,627444888
41025,Diamond Shoals,12,686733.07318718475,0.00060504278963447638,0.00036619425314774129,0.00090358421202755515,0.0010353331427938916,614400,300,na_qae_abc,3,627444888
41025,Diamond Shoals,13,686733.07318718475,0.00060504278963447638,0.00036619425314774129,0.00090358421202755515,0.0010353331427938916,663552,324,na_qae_abc,3,627444888
41025,Diamond Shoals,14,686733.07318718475,0.00060504278963447638,0.00036619425314774129,0.00090358421202755515,0.0010353331427938916,712704,348,na_qae_abc,3,627444888
41025,Diamond Shoals,15,686733.07318718475,0.00060504278963447638,0.00036619425314774129,0.00090358421202755515,0.0010353331427938916,761856,372,na_qae_abc,3,627444888
41025,Diamond Shoals,16,686733.07318718475,0.00060504278963447638,0.00036619425314774129,0.00090358421202755515,0.0010353331427938916,811008,396,na_qae_abc,3,627444888
41025,Diamond Shoals,17,686733.07318718475,0.00060504278963447638,0.00036619425314774129,0.00090358421202755515,0.0010353331427938916,860160,420,na_qae_abc,3,627444888
41025,Diamond Shoals,18,686733.07318718475,0.00060504278963447638,0.00036619425314774129,0.00090358421202755515,0.0010353331427938916,909312,444,na_qae_abc,3,627444888
41025,Diamond Shoals,19,686733.07318718475,0.00060504278963447638,0.00036619425314774129,0.00090358421202755515,0.0010353331427938916,958464,468,na_qae_abc,3,627444888
41025,Diamond Shoals,20,686733.07318718475,0.00060504278963447638,0.00036619425314774129,0.00090358421202755515,0.0010353331427938916,1007616,492,na_qae_abc,3,627444888
41025,Diamond Shoals,21,686733.07318718475,0.00060504278963447638,0.00036619425314774129,0.00090358421202755515,0.0010353331427938916,1056768,516,na_qae_abc,3,627444888
41025,Diamond Shoals,22,675207.32017933403,0.00058783477365225833,0.00035379035946209202,0.00087889881171717842,0.00091710835700624111,1105920,540,na_qae_abc,3,627444888
41025,Diamond Shoals,23,675207.32017933403,0.00058783477365225833,0.00035379035946209202,0.00087889881171717842,0.00091710835700624111,1157120,565,na_qae_abc,3,627444888
41025,Diamond Shoals,24,683303.47070998361,0.0005683930396597175,0.00033443604512939156,0.00086406942927782636,0.00095019191444343403,1206272,589,na_qae_abc,3,627444888
41025,Diamond Shoals,25,683303.47070998361,0.0005683930396597175,0.00033443604512939156,0.00086406942927782636,0.00095019191444343403,1255424,613,na_qae_abc,3,627444888
41025,Diamond Shoals,26,683303.47070998361,0.0005683930396597175,0.00033443604512939156,0.00086406942927782636,0.00095019191444343403,1304576,637,na_qae_abc,3,627444888
41025,Diamond Shoals,27,683303.47070998361,0.0005683930396597175,0.00033443604512939156,0.00086406942927782636,0.00095019191444343403,1353728,661,na_qae_abc,3,627444888
41025,Diamond Shoals,28,683303.47070998361,0.0005683930396597175,0.00033443604512939156,0.00086406942927782636,0.00095019191444343403,1404928,686,na_qae_abc,3,627444888
41025,Diamond Shoals,29,683303.47070998361,0.0005683930396597175,0.00033443604512939156,0.00086406942927782636,0.00095019191444343403,1454080,710,na_qae_abc,3,627444888
41025,Diamond Shoals,30,683303.47070998361,0.0005683930396597175,0.00033443604512939156,0.00086406942927782636,0.00095019191444343403,1503232,734,na_qae_abc,3,627444888
41025,Diamond Shoals,31,683303.47070998361,0.0005683930396597175,0.00033443604512939156,0.00086406942927782636,0.00095019191444343403,1552384,758,na_qae_abc,3,627444888
41025,Diamond Shoals,32,683303.47070998361,0.0005683930396597175,0.00033443604512939156,0.00086406942927782636,0.00095019191444343403,1601536,782,na_qae_abc,3,627444888
41025,Diamond Shoals,33,683303.47070998361,0.0005683930396597175,0.00033443604512939156,0.00086406942927782636,0.00095019191444343403,1650688,806,na_qae_abc,3,627444888
41025,Diamond Shoals,34,683303.47070998361,0.0005683930396597175,0.00033443604512939156,0.00086406942927782636,0.00095019191444343403,1701888,831,na_qae_abc,3,627444888
41025,Diamond Shoals,35,683303.47070998361,0.0005683930396597175,0.00033443604512939156,0.00086406942927782636,0.00095019191444343403,1751040,855,na_qae_abc,3,627444888
41025,Diamond Shoals,36,683303.47070998361,0.0005683930396597175,0.00033443604512939156,0.00086406942927782636,0.00095019191444343403,1800192,879,na_qae_abc,3,627444888
41025,Diamond Shoals,37,683303.47070998361,0.0005683930396597175,0.00033443604512939156,0.00086406942927782636,0.00095019191444343403,1849344,903,na_qae_abc,3,627444888
41025,Diamond Shoals,38,683303.47070998361,0.0005683930396597175,0.00033443604512939156,0.00086406942927782636,0.00095019191444343403,1898496,927,na_qae_abc,3,627444888
41025,Diamond Shoals,39,683303.47070998361,0.0005683930396597175,0.00033443604512939156,0.00086406942927782636,0.00095019191444343403,1947648,951,na_qae_abc,3,627444888
41025,Diamond Shoals,40,683303.47070998361,0.0005683930396597175,0.00033443604512939156,0.00086406942927782636,0.00095019191444343403,2000896,977,na_qae_abc,3,627444888
41025,Diamond Shoals,1,704727.37573516578,0.0016450838559637498,0.0011773195034924225,0.0025445755295918785,0.0016008427312477298,73728,36,na_qae_abc,4,4113981871
41025,Diamond Shoals,2,742937.37290145445,0.00099567858001757092,0.00067610742688369626,0.0013870172962063638,0.0011724665103682963,122880,60,na_qae_abc,4,4113981871
41025,Diamond Shoals,3,701463.44586564216,0.00066333509362389534,0.00041488813437442839,0.00096885423828795979,0.0010714136954539607,172032,84,na_qae_abc,4,4113981871
41025,Diamond Shoals,4,701463.44586564216,0.00066333509362389534,0.00041488813437442839,0.00096885423828795979,0.0010714136954539607,221184,108,na_qae_abc,4,4113981871
41025,Diamond Shoals,5,701463.44586564216,0.00066333509362389534,0.00041488813437442839,0.00096885423828795979,0.0010714136954539607,270336,132,na_qae_abc,4,4113981871
41025,Diamond Shoals,6,701463.44586564216,0.00066333509362389534,0.00041488813437442839,0.00096885423828795979,0.0010714136954539607,319488,156,na_qae_abc,4,4113981871
41025,Diamond Shoals,7,701463.44586564216,0.00066333509362389534,0.00041488813437442839,0.00096885423828795979,0.0010714136954539607,368640,180,na_qae_abc,4,4113981871
41025,Diamond Shoals,8,701463.44586564216,0.00066333509362389534,0.00041488813437442839,0.00096885423828795979,0.0010714136954539607,417792,204,na_qae_abc,4,4113981871
41025,Diamond Shoals,9,704527.23696411995,0.00060800086946165364,0.00036928514531034374,0.00090487404185401435,0.00095853583997204,466944,228,na_qae_abc,4,4113981871
41025,Diamond Shoals,10,704527.23696411995,0.00060800086946165364,0.00036928514531034374,0.00090487404185401435,0.00095853583997204,516096,252,na_qae_abc,4,4113981871
41025,Diamond Shoals,11,704527.23696411995,0.00060800086946165364,0.00036928514531034374,0.00090487404185401435,0.00095853583997204,565248,276,na_qae_abc,4,4113981871
41025,Diamond Shoals,12,704527.23696411995,0.00060800086946165364,0.00036928514531034374,0.00090487404185401435,0.00095853583997204,614400,300,na_qae_abc,4,4113981871
41025,Diamond Shoals,13,704527.23696411995,0.00060800086946165364,0.00036928514531034374,0.00090487404185401435,0.00095853583997204,665600,325,na_qae_abc,4,4113981871
41025,Diamond Shoals,14,704527.23696411995,0.00060800086946165364,0.00036928514531034374,0.00090487404185401435,0.00095853583997204,714752,349,na_qae_abc,4,4113981871
41025,Diamond Shoals,15,704527.23696411995,0.00060800086946165364,0.00036928514531034374,0.00090487404185401435,0.00095853583997204,763904,373,na_qae_abc,4,4113981871
41025,Diamond Shoals,16,704527.23696411995,0.00060800086946165364,0.00036928514531034374,0.00090487404185401435,0.00095853583997204,813056,397,na_qae_abc,4,4113981871
41025,Diamond Shoals,17,704527.23696411995,0.00060800086946165364,0.00036928514531034374,0.00090487404185401435,0.00095853583997204,862208,421,na_qae_abc,4,4113981871
41025,Diamond Shoals,18,704527.23696411995,0.00060800086946165364,0.00036928514531034374,0.00090487404185401435,0.00095853583997204,911360,445,na_qae_abc,4,4113981871
41025,Diamond Shoals,19,704527.23696411995,0.00060800086946165364,0.00036928514531034374,0.00090487404185401435,0.00095853583997204,960512,469,na_qae_abc,4,4113981871
41025,Diamond Shoals,20,704527.23696411995,0.00060800086946165364,0.00036928514531034374,0.00090487404185401435,0.00095853583997204,1009664,493,na_qae_abc,4,4113981871
41025,Diamond Shoals,21,675261.35971018905,0.0005809845016737003,0.00034556653301184213,0.00087612815595126535,0.0010265924943800371,1058816,517,na_qae_abc,4,4113981871
41025,Diamond Shoals,22,675261.35971018905,0.0005809845016737003,0.00034556653301184213,0.00087612815595126535,0.0010265924943800371,1107968,541,na_qae_abc,4,4113981871
41025,Diamond Shoals,23,675261.35971018905,0.0005809845016737003,0.00034556653301184213,0.00087612815595126535,0.0010265924943800371,1159168,566,na_qae_abc,4,4113981871
41025,Diamond Shoals,24,675261.35971018905,0.0005809845016737003,0.00034556653301184213,0.00087612815595126535,0.0010265924943800371,1208320,590,na_qae_abc,4,4113981871
41025,Diamond Shoals,25,675261.35971018905,0.0005809845016737003,0.00034556653301184213,0.00087612815595126535,0.0010265924943800371,1257472,614,na_qae_abc,4,4113981871
41025,Diamond Shoals,26,675261.35971018905,0.0005809845016737003,0.00034556653301184213,0.00087612815595126535,0.0010265924943800371,1306624,638,na_qae_abc,4,4113981871
41025,Diamond Shoals,27,675261.35971018905,0.0005809845016737003,0.00034556653301184213,0.00087612815595126535,0.0010265924943800371,1355776,662,na_qae_abc,4,4113981871
41025,Diamond Shoals,28,675261.35971018905,0.0005809845016737003,0.00034556653301184213,0.00087612815595126535,0.0010265924943800371,1404928,686,na_qae_abc,4,4113981871
41025,Diamond Shoals,29,675261.35971018905,0.0005809845016737003,0.00034556653301184213,0.00087612815595126535,0.0010265924943800371,1454080,710,na_qae_abc,4,4113981871
41025,Diamond Shoals,30,675261.35971018905,0.0005809845016737003,0.00034556653301184213,0.00087612815595126535,0.0010265924943800371,1505280,735,na_qae_abc,4,4113981871
41025,Diamond Shoals,31,675261.35971018905,0.0005809845016737003,0.00034556653301184213,0.00087612815595126535,0.0010265924943800371,1554432,759,na_qae_abc,4,4113981871
41025,Diamond Shoals,32,675261.35971018905,0.0005809845016737003,0.00034556653301184213,0.00087612815595126535,0.0010265924943800371,1603584,783,na_qae_abc,4,4113981871
41025,Diamond Shoals,33,675261.35971018905,0.0005809845016737003,0.00034556653301184213,0.00087612815595126535,0.0010265924943800371,1656832,809,na_qae_abc,4,4113981871
41025,Diamond Shoals,34,675261.35971018905,0.0005809845016737003,0.00034556653301184213,0.00087612815595126535,0.0010265924943800371,1705984,833,na_qae_abc,4,4113981871
41025,Diamond Shoals,35,675261.35971018905,0.0005809845016737003,0.00034556653301184213,0.00087612815595126535,0.0010265924943800371,1755136,857,na_qae_abc,4,4113981871
41025,Diamond Shoals,36,675261.35971018905,0.0005809845016737003,0.00034556653301184213,0.00087612815595126535,0.0010265924943800371,1804288,881,na_qae_abc,4,4113981871
41025,Diamond Shoals,37,675261.35971018905,0.0005809845016737003,0.00034556653301184213,0.00087612815595126535,0.0010265924943800371,1853440,905,na_qae_abc,4,4113981871
41025,Diamond Shoals,38,675261.35971018905,0.0005809845016737003,0.00034556653301184213,0.00087612815595126535,0.0010265924943800371,1902592,929,na_qae_abc,4,4113981871
41025,Diamond Shoals,39,675261.35971018905,0.0005809845016737003,0.00034556653301184213,0.00087612815595126535,0.0010265924943800371,1951744,953,na_qae_abc,4,4113981871
41025,Diamond Shoals,40,675261.35971018905,0.0005809845016737003,0.00034556653301184213,0.00087612815595126535,0.0010265924943800371,2004992,979,na_qae_abc,4,4113981871
41025,Diamond Shoals,1,672218.42610606726,0.00095529461019608559,0.000644366521162551,0.0013344934716487925,0.0011638565860108833,73728,36,na_qae_abc,5,4212094172
41025,Diamond Shoals,2,672218.42610606726,0.00095529461019608559,0.000644366521162551,0.0013344934716487925,0.0011638565860108833,122880,60,na_qae_abc,5,4212094172
41025,Diamond Shoals,3,668757.37685229466,0.00081672416012423127,0.0005351863780838703,0.0011587931421909634,0.0012241003060926069,172032,84,na_qae_abc,5,4212094172
41025,Diamond Shoals,4,668757.37685229466,0.00081672416012423127,0.0005351863780838703,0.0011587931421909634,0.0012241003060926069,221184,108,na_qae_abc,5,4212094172
41025,Diamond Shoals,5,668757.37685229466,0.00081672416012423127,0.0005351863780838703,0.0011587931421909634,0.0012241003060926069,270336,132,na_qae_abc,5,4212094172
41025,Diamond Shoals,6,668757.37685229466,0.00081672416012423127,0.0005351863780838703,0.0011587931421909634,0.0012241003060926069,319488,156,na_qae_abc,5,4212094172
41025,Diamond Shoals,7,668757.37685229466,0.00081672416012423127,0.0005351863780838703,0.0011587931421909634,0.0012241003060926069,368640,180,na_qae_abc,5,4212094172
41025,Diamond Shoals,8,668757.37685229466,0.00081672416012423127,0.0005351863780838703,0.0011587931421909634,0.0012241003060926069,417792,204,na_qae_abc,5,4212094172
41025,Diamond Shoals,9,668757.37685229466,0.00081672416012423127,0.0005351863780838703,0.0011587931421909634,0.0012241003060926069,466944,228,na_qae_abc,5,4212094172
41025,Diamond Shoals,10,668757.37685229466,0.00081672416012423127,0.0005351863780838703,0.0011587931421909634,0.0012241003060926069,516096,252,na_qae_abc,5,4212094172
41025,Diamond Shoals,11,668757.37685229466,0.00081672416012423127,0.0005351863780838703,0.0011587931421909634,0.0012241003060926069,565248,276,na_qae_abc,5,4212094172
41025,Diamond Shoals,12,688074.01144472102,0.00067351322585852279,0.00041789245560222468,0.00099094384003560443,0.0010076323389581344,614400,300,na_qae_abc,5,4212094172
41025,Diamond Shoals,13,688074.01144472102,0.00067351322585852279,0.00041789245560222468,0.00099094384003560443,0.0010076323389581344,663552,324,na_qae_abc,5,4212094172
41025,Diamond Shoals,14,701837.04158829711,0.00063854525554503047,0.00039245158358825805,0.00094335694291815448,0.0009598917045965051,712704,348,na_qae_abc,5,4212094172
41025,Diamond Shoals,15,701837.04158829711,0.00063854525554503047,0.00039245158358825805,0.00094335694291815448,0.0009598917045965051,761856,372,na_qae_abc,5,4212094172
41025,Diamond Shoals,16,701837.04158829711,0.00063854525554503047,0.00039245158358825805,0.00094335694291815448,0.0009598917045965051,811008,396,na_qae_abc,5,4212094172
41025,Diamond Shoals,17,701837.04158829711,0.00063854525554503047,0.00039245158358825805,0.00094335694291815448,0.0009598917045965051,860160,420,na_qae_abc,5,4212094172
41025,Diamond Shoals,18,709150.80480131507,0.00063368207794469464,0.00038948259246204467,0.00093711948704498468,0.00096949339281096809,909312,444,na_qae_abc,5,4212094172
41025,Diamond Shoals,19,709150.80480131507,0.00063368207794469464,0.00038948259246204467,0.00093711948704498468,0.00096949339281096809,958464,468,na_qae_abc,5,4212094172
41025,Diamond Shoals,20,709150.80480131507,0.00063368207794469464,0.00038948259246204467,0.00093711948704498468,0.00096949339281096809,1007616,492,na_qae_abc,5,4212094172
41025,Diamond Shoals,21,709150.80480131507,0.00063368207794469464,0.00038948259246204467,0.00093711948704498468,0.00096949339281096809,1056768,516,na_qae_abc,5,4212094172
41025,Diamond Shoals,22,705407.49212933285,0.00062588113399018224,0.00038273789209994168,0.00092681269676623233,0.00099616019873091091,1107968,541,na_qae_abc,5,4212094172
41025,Diamond Shoals,23,705407.49212933285,0.00062588113399018224,0.00038273789209994168,0.00092681269676623233,0.00099616019873091091,1157120,565,na_qae_abc,5,4212094172
41025,Diamond Shoals,24,705468.32622956368,0.000624661800663008,0.00038163516438808882,0.00092726703580448921,0.00095841022582671966,1206272,589,na_qae_abc,5,4212094172
41025,Diamond Shoals,25,705468.32622956368,0.000624661800663008,0.00038163516438808882,0.00092726703580448921,0.00095841022582671966,1255424,613,na_qae_abc,5,4212094172
41025,Diamond Shoals,26,705468.32622956368,0.000624661800663008,0.00038163516438808882,0.00092726703580448921,0.00095841022582671966,1304576,637,na_qae_abc,5,4212094172
41025,Diamond Shoals,27,705468.32622956368,0.000624661800663008,0.00038163516438808882,0.00092726703580448921,0.00095841022582671966,1353728,661,na_qae_abc,5,4212094172
41025,Diamond Shoals,28,705468.32622956368,0.000624661800663008,0.00038163516438808882,0.00092726703580448921,0.00095841022582671966,1402880,685,na_qae_abc,5,4212094172
41025,Diamond Shoals,29,705468.32622956368,0.000624661800663008,0.00038163516438808882,0.00092726703580448921,0.00095841022582671966,1452032,709,na_qae_abc,5,4212094172
41025,Diamond Shoals,30,705468.32622956368,0.000624661800663008,0.00038163516438808882,0.00092726703580448921,0.00095841022582671966,1503232,734,na_qae_abc,5,4212094172
41025,Diamond Shoals,31,705468.32622956368,0.000624661800663008,0.00038163516438808882,0.00092726703580448921,0.00095841022582671966,1552384,758,na_qae_abc,5,4212094172
41025,Diamond Shoals,32,705468.32622956368,0.000624661800663008,0.00038163516438808882,0.00092726703580448921,0.00095841022582671966,1601536,782,na_qae_abc,5,4212094172
41025,Diamond Shoals,33,688869.44874341716,0.00054979524255559925,0.00032381941518581486,0.00083376783319535138,0.00097984079699206766,1650688,806,na_qae_abc,5,4212094172
41025,Diamond Shoals,34,688869.44874341716,0.00054979524255559925,0.00032381941518581486,0.00083376783319535138,0.00097984079699206766,1699840,830,na_qae_abc,5,4212094172
41025,Diamond Shoals,35,688869.44874341716,0.00054979524255559925,0.00032381941518581486,0.00083376783319535138,0.00097984079699206766,1748992,854,na_qae_abc,5,4212094172
41025,Diamond Shoals,36,688869.44874341716,0.00054979524255559925,0.00032381941518581486,0.00083376783319535138,0.00097984079699206766,1800192,879,na_qae_abc,5,4212094172
41025,Diamond Shoals,37,688869.44874341716,0.00054979524255559925,0.00032381941518581486,0.00083376783319535138,0.00097984079699206766,1849344,903,na_qae_abc,5,4212094172
41025,Diamond Shoals,38,688869.44874341716,0.00054979524255559925,0.00032381941518581486,0.00083376783319535138,0.00097984079699206766,1900544,928,na_qae_abc,5,4212094172
41025,Diamond Shoals,39,688869.44874341716,0.00054979524255559925,0.00032381941518581486,0.00083376783319535138,0.00097984079699206766,1949696,952,na_qae_abc,5,4212094172
41025,Diamond Shoals,40,688869.44874341716,0.00054979524255559925,0.00032381941518581486,0.00083376783319535138,0.00097984079699206766,1998848,976,na_qae_abc,5,4212094172
41025,Diamond Shoals,1,657913.63030731946,0.0011301143716878604,0.00078056809045729003,0.0015621427790550343,0.0013959374488152986,73728,36,na_qae_abc,6,2276805683
41025,Diamond Shoals,2,656881.87850564159,0.0010035002452390698,0.00068250950739786817,0.0013969411814529131,0.0013048399624714351,122880,60,na_qae_abc,6,2276805683
41025,Diamond Shoals,3,673791.27942362637,0.00097515532579132741,0.00065886627930825407,0.0013617944624059906,0.0013005044532246343,172032,84,na_qae_abc,6,2276805683
41025,Diamond Shoals,4,672787.07040135015,0.00088833383458795359,0.00059222728397745794,0.0012497725167283313,0.0012425974270177593,221184,108,na_qae_abc,6,2276805683
41025,Diamond Shoals,5,725094.64833418652,0.0007660593085673373,0.00049296373806537197,0.001101649768837659,0.0010566001465571074,270336,132,na_qae_abc,6,2276805683
41025,Diamond Shoals,6,687918.73130612192,0.00070149716228882499,0.00044183357736322497,0.0010210942020713167,0.0010893749661163368,319488,156,na_qae_abc,6,2276805683
41025,Diamond Shoals,7,687918.73130612192,0.00070149716228882499,0.00044183357736322497,0.0010210942020713167,0.0010893749661163368,368640,180,na_qae_abc,6,2276805683
41025,Diamond Shoals,8,687918.73130612192,0.00070149716228882499,0.00044183357736322497,0.0010210942020713167,0.0010893749661163368,417792,204,na_qae_abc,6,2276805683
41025,Diamond Shoals,9,687918.73130612192,0.00070149716228882499,0.00044183357736322497,0.0010210942020713167,0.0010893749661163368,466944,228,na_qae_abc,6,2276805683
41025,Diamond Shoals,10,712597.3271856705,0.00070112291971518854,0.00044094993873075681,0.0010228928234773812,0.00096988944961819297,516096,252,na_qae_abc,6,2276805683
41025,Diamond Shoals,11,712597.3271856705,0.00070112291971518854,0.00044094993873075681,0.0010228928234773812,0.00096988944961819297,565248,276,na_qae_abc,6,2276805683
41025,Diamond Shoals,12,712597.3271856705,0.00070112291971518854,0.00044094993873075681,0.0010228928234773812,0.00096988944961819297,614400,300,na_qae_abc,6,2276805683
41025,Diamond Shoals,13,678037.17116302985,0.00060579545178781051,0.00036600123230944796,0.00090385284146692751,0.00097432244516019745,663552,324,na_qae_abc,6,2276805683
41025,Diamond Shoals,14,678037.17116302985,0.00060579545178781051,0.00036600123230944796,0.00090385284146692751,0.00097432244516019745,712704,348,na_qae_abc,6,2276805683
41025,Diamond Shoals,15,678037.17116302985,0.00060579545178781051,0.00036600123230944796,0.00090385284146692751,0.00097432244516019745,761856,372,na_qae_abc,6,2276805683
41025,Diamond Shoals,16,678037.17116302985,0.00060579545178781051,0.00036600123230944796,0.00090385284146692751,0.00097432244516019745,811008,396,na_qae_abc,6,2276805683
41025,Diamond Shoals,17,678037.17116302985,0.00060579545178781051,0.00036600123230944796,0.00090385284146692751,0.00097432244516019745,860160,420,na_qae_abc,6,2276805683
41025,Diamond Shoals,18,678037.17116302985,0.00060579545178781051,0.00036600123230944796,0.00090385284146692751,0.00097432244516019745,909312,444,na_qae_abc,6,2276805683
41025,Diamond Shoals,19,678037.17116302985,0.00060579545178781051,0.00036600123230944796,0.00090385284146692751,0.00097432244516019745,958464,468,na_qae_abc,6,2276805683
41025,Diamond Shoals,20,678037.17116302985,0.00060579545178781051,0.00036600123230944796,0.00090385284146692751,0.00097432244516019745,1007616,492,na_qae_abc,6,2276805683
41025,Diamond Shoals,21,678037.17116302985,0.00060579545178781051,0.00036600123230944796,0.00090385284146692751,0.00097432244516019745,1056768,516,na_qae_abc,6,2276805683
41025,Diamond Shoals,22,661404.39187952306,0.00054208212730489573,0.00031728513480465637,0.00082365006544360452,0.00094771083431324234,1105920,540,na_qae_abc,6,2276805683
41025,Diamond Shoals,23,661404.39187952306,0.00054208212730489573,0.00031728513480465637,0.00082365006544360452,0.00094771083431324234,1155072,564,na_qae_abc,6,2276805683
41025,Diamond Shoals,24,661404.39187952306,0.00054208212730489573,0.00031728513480465637,0.00082365006544360452,0.00094771083431324234,1204224,588,na_qae_abc,6,2276805683
41025,Diamond Shoals,25,661404.39187952306,0.00054208212730489573,0.00031728513480465637,0.00082365006544360452,0.00094771083431324234,1253376,612,na_qae_abc,6,2276805683
41025,Diamond Shoals,26,661404.39187952306,0.00054208212730489573,0.00031728513480465637,0.00082365006544360452,0.00094771083431324234,1302528,636,na_qae_abc,6,2276805683
41025,Diamond Shoals,27,661404.39187952306,0.00054208212730489573,0.00031728513480465637,0.00082365006544360452,0.00094771083431324234,1351680,660,na_qae_abc,6,2276805683
41025,Diamond Shoals,28,661404.39187952306,0.00054208212730489573,0.00031728513480465637,0.00082365006544360452,0.00094771083431324234,1402880,685,na_qae_abc,6,2276805683
41025,Diamond Shoals,29,661404.39187952306,0.00054208212730489573,0.00031728513480465637,0.00082365006544360452,0.00094771083431324234,1452032,709,na_qae_abc,6,2276805683
41025,Diamond Shoals,30,686161.08152617211,0.00045397582568300674,0.00024619796838804616,0.0007195288462530199,0.00093921020696425129,1503232,734,na_qae_abc,6,2276805683
41025,Diamond Shoals,31,686161.08152617211,0.00045397582568300674,0.00024619796838804616,0.0007195288462530199,0.00093921020696425129,1552384,758,na_qae_abc,6,2276805683
41025,Diamond Shoals,32,686161.08152617211,0.00045397582568300674,0.00024619796838804616,0.0007195288462530199,0.00093921020696425129,1601536,782,na_qae_abc,6,2276805683
41025,Diamond Shoals,33,686161.08152617211,0.00045397582568300674,0.00024619796838804616,0.0007195288462530199,0.00093921020696425129,1652736,807,na_qae_abc,6,2276805683
41025,Diamond Shoals,34,686161.08152617211,0.00045397582568300674,0.00024619796838804616,0.0007195288462530199,0.00093921020696425129,1701888,831,na_qae_abc,6,2276805683
41025,Diamond Shoals,35,686161.08152617211,0.00045397582568300674,0.00024619796838804616,0.0007195288462530199,0.00093921020696425129,1751040,855,na_qae_abc,6,2276805683
41025,Diamond Shoals,36,686161.08152617211,0.00045397582568300674,0.00024619796838804616,0.0007195288462530199,0.00093921020696425129,1802240,880,na_qae_abc,6,2276805683
41025,Diamond Shoals,37,686161.08152617211,0.00045397582568300674,0.00024619796838804616,0.0007195288462530199,0.00093921020696425129,1851392,904,na_qae_abc,6,2276805683
41025,Diamond Shoals,38,686161.08152617211,0.00045397582568300674,0.00024619796838804616,0.0007195288462530199,0.00093921020696425129,1900544,928,na_qae_abc,6,2276805683
41025,Diamond Shoals,39,686161.08152617211,0.00045397582568300674,0.00024619796838804616,0.0007195288462530199,0.00093921020696425129,1951744,953,na_qae_abc,6,2276805683
41025,Diamond Shoals,40,686161.08152617211,0.00045397582568300674,0.00024619796838804616,0.0007195288462530199,0.00093921020696425129,2000896,977,na_qae_abc,6,2276805683
41025,Diamond Shoals,1,704295.96797439444,0.0012756180133259819,0.0008989292839225501,0.0017631662392788492,0.0015150300376380274,73728,36,na_qae_abc,7,2858397835
41025,Diamond Shoals,2,691324.8533828028,0.00092536631294453601,0.00062033853023103238,0.0012987809002095335,0.001136943048185282,122880,60,na_qae_abc,7,2858397835
41025,Diamond Shoals,3,705438.58114418376,0.00084631657317217124,0.0005595637523495929,0.0011954499286139814,0.0011239331013315327,172032,84,na_qae_abc,7,2858397835
41025,Diamond Shoals,4,689661.45123696537,0.00057156186207094777,0.00033884420200686765,0.00086466822084815733,0.0010071324416263511,221184,108,na_qae_abc,7,2858397835
41025,Diamond Shoals,5,689661.45123696537,0.00057156186207094777,0.00033884420200686765,0.00086466822084815733,0.0010071324416263511,270336,132,na_qae_abc,7,2858397835
41025,Diamond Shoals,6,689661.45123696537,0.00057156186207094777,0.00033884420200686765,0.00086466822084815733,0.0010071324416263511,319488,156,na_qae_abc,7,2858397835
41025,Diamond Shoals,7,689661.45123696537,0.00057156186207094777,0.00033884420200686765,0.00086466822084815733,0.0010071324416263511,368640,180,na_qae_abc,7,2858397835
41025,Diamond Shoals,8,689661.45123696537,0.00057156186207094777,0.00033884420200686765,0.00086466822084815733,0.0010071324416263511,417792,204,na_qae_abc,7,2858397835
41025,Diamond Shoals,9,689661.45123696537,0.00057156186207094777,0.00033884420200686765,0.00086466822084815733,0.0010071324416263511,466944,228,na_qae_abc,7,2858397835
41025,Diamond Shoals,10,689661.45123696537,0.00057156186207094777,0.00033884420200686765,0.00086466822084815733,0.0010071324416263511,516096,252,na_qae_abc,7,2858397835
41025,Diamond Shoals,11,689661.45123696537,0.00057156186207094777,0.00033884420200686765,0.00086466822084815733,0.0010071324416263511,565248,276,na_qae_abc,7,2858397835
41025,Diamond Shoals,12,689661.45123696537,0.00057156186207094777,0.00033884420200686765,0.00086466822084815733,0.0010071324416263511,614400,300,na_qae_abc,7,2858397835
41025,Diamond Shoals,13,689661.45123696537,0.00057156186207094777,0.00033884420200686765,0.00086466822084815733,0.0010071324416263511,663552,324,na_qae_abc,7,2858397835
41025,Diamond Shoals,14,689661.45123696537,0.00057156186207094777,0.00033884420200686765,0.00086466822084815733,0.0010071324416263511,712704,348,na_qae_abc,7,2858397835
41025,Diamond Shoals,15,689661.45123696537,0.00057156186207094777,0.00033884420200686765,0.00086466822084815733,0.0010071324416263511,761856,372,na_qae_abc,7,2858397835
41025,Diamond Shoals,16,689661.45123696537,0.00057156186207094777,0.00033884420200686765,0.00086466822084815733,0.0010071324416263511,813056,397,na_qae_abc,7,2858397835
41025,Diamond Shoals,17,689661.45123696537,0.00057156186207094777,0.00033884420200686765,0.00086466822084815733,0.0010071324416263511,862208,421,na_qae_abc,7,2858397835
41025,Diamond Shoals,18,675097.534728194,0.00054609915058816594,0.00031844764549607713,0.00083625885402002721,0.00096175951411394268,911360,445,na_qae_abc,7,2858397835
41025,Diamond Shoals,19,675097.534728194,0.00054609915058816594,0.00031844764549607713,0.00083625885402002721,0.00096175951411394268,960512,469,na_qae_abc,7,2858397835
41025,Diamond Shoals,20,675097.534728194,0.00054609915058816594,0.00031844764549607713,0.00083625885402002721,0.00096175951411394268,1009664,493,na_qae_abc,7,2858397835
41025,Diamond Shoals,21,675097.534728194,0.00054609915058816594,0.00031844764549607713,0.00083625885402002721,0.00096175951411394268,1058816,517,na_qae_abc,7,2858397835
41025,Diamond Shoals,22,675097.534728194,0.00054609915058816594,0.00031844764549607713,0.00083625885402002721,0.00096175951411394268,1107968,541,na_qae_abc,7,2858397835
41025,Diamond Shoals,23,675097.534728194,0.00054609915058816594,0.00031844764549607713,0.00083625885402002721,0.00096175951411394268,1157120,565,na_qae_abc,7,2858397835
41025,Diamond Shoals,24,675097.534728194,0.00054609915058816594,0.00031844764549607713,0.00083625885402002721,0.00096175951411394268,1206272,589,na_qae_abc,7,2858397835
41025,Diamond Shoals,25,675097.534728194,0.00054609915058816594,0.00031844764549607713,0.00083625885402002721,0.00096175951411394268,1255424,613,na_qae_abc,7,2858397835
41025,Diamond Shoals,26,675097.534728194,0.00054609915058816594,0.00031844764549607713,0.00083625885402002721,0.00096175951411394268,1304576,637,na_qae_abc,7,2858397835
41025,Diamond Shoals,27,675097.534728194,0.00054609915058816594,0.00031844764549607713,0.00083625885402002721,0.00096175951411394268,1353728,661,na_qae_abc,7,2858397835
41025,Diamond Shoals,28,675097.534728194,0.00054609915058816594,0.00031844764549607713,0.00083625885402002721,0.00096175951411394268,1402880,685,na_qae_abc,7,2858397835
41025,Diamond Shoals,29,675097.534728194,0.00054609915058816594,0.00031844764549607713,0.00083625885402002721,0.00096175951411394268,1454080,710,na_qae_abc,7,2858397835
41025,Diamond Shoals,30,675097.534728194,0.00054609915058816594,0.00031844764549607713,0.00083625885402002721,0.00096175951411394268,1503232,734,na_qae_abc,7,2858397835
41025,Diamond Shoals,31,675097.534728194,0.00054609915058816594,0.00031844764549607713,0.00083625885402002721,0.00096175951411394268,1552384,758,na_qae_abc,7,2858397835
41025,Diamond Shoals,32,675097.534728194,0.00054609915058816594,0.00031844764549607713,0.00083625885402002721,0.00096175951411394268,1601536,782,na_qae_abc,7,2858397835
41025,Diamond Shoals,33,675097.534728194,0.00054609915058816594,0.00031844764549607713,0.00083625885402002721,0.00096175951411394268,1652736,807,na_qae_abc,7,2858397835
41025,Diamond Shoals,34,675097.534728194,0.00054609915058816594,0.00031844764549607713,0.00083625885402002721,0.00096175951411394268,1701888,831,na_qae_abc,7,2858397835
41025,Diamond Shoals,35,675097.534728194,0.00054609915058816594,0.00031844764549607713,0.00083625885402002721,0.00096175951411394268,1751040,855,na_qae_abc,7,2858397835
41025,Diamond Shoals,36,675097.534728194,0.00054609915058816594,0.00031844764549607713,0.00083625885402002721,0.00096175951411394268,1802240,880,na_qae_abc,7,2858397835
41025,Diamond Shoals,37,675097.534728194,0.00054609915058816594,0.00031844764549607713,0.00083625885402002721,0.00096175951411394268,1851392,904,na_qae_abc,7,2858397835
41025,Diamond Shoals,38,675097.534728194,0.00054609915058816594,0.00031844764549607713,0.00083625885402002721,0.00096175951411394268,1900544,928,na_qae_abc,7,2858397835
41025,Diamond Shoals,39,675097.534728194,0.00054609915058816594,0.00031844764549607713,0.00083625885402002721,0.00096175951411394268,1949696,952,na_qae_abc,7,2858397835
41025,Diamond Shoals,40,675097.534728194,0.00054609915058816594,0.00031844764549607713,0.00083625885402002721,0.00096175951411394268,1998848,976,na_qae_abc,7,2858397835
41025,Diamond Shoals,1,638667.8799865857,0.001323357655143876,0.00093889302890434842,0.0018314400883311453,0.0016532153517592905,73728,36,na_qae_abc,8,2412201501
41025,Diamond Shoals,2,668315.42846555577,0.00093971494809528926,0.00063728702607469476,0.0013068782640717814,0.0011134293536708784,122880,60,na_qae_abc,8,2412201501
41025,Diamond Shoals,3,660304.48532343109,0.00069048901930094818,0.00043141792311170157,0.0010107824788121614,0.0010446008857779197,172032,84,na_qae_abc,8,2412201501
41025,Diamond Shoals,4,660304.48532343109,0.00069048901930094818,0.00043141792311170157,0.0010107824788121614,0.0010446008857779197,221184,108,na_qae_abc,8,2412201501
41025,Diamond Shoals,5,660304.48532343109,0.00069048901930094818,0.00043141792311170157,0.0010107824788121614,0.0010446008857779197,270336,132,na_qae_abc,8,2412201501
41025,Diamond Shoals,6,654259.83901278069,0.00068487135835309761,0.00043134839679836496,0.00099555896096386503,0.001054847533190077,319488,156,na_qae_abc,8,2412201501
41025,Diamond Shoals,7,654259.83901278069,0.00068487135835309761,0.00043134839679836496,0.00099555896096386503,0.001054847533190077,368640,180,na_qae_abc,8,2412201501
41025,Diamond Shoals,8,654259.83901278069,0.00068487135835309761,0.00043134839679836496,0.00099555896096386503,0.001054847533190077,417792,204,na_qae_abc,8,2412201501
41025,Diamond Shoals,9,654259.83901278069,0.00068487135835309761,0.00043134839679836496,0.00099555896096386503,0.001054847533190077,466944,228,na_qae_abc,8,2412201501
41025,Diamond Shoals,10,654259.83901278069,0.00068487135835309761,0.00043134839679836496,0.00099555896096386503,0.001054847533190077,516096,252,na_qae_abc,8,2412201501
41025,Diamond Shoals,11,689524.8552003426,0.00055301590935118454,0.00032470412891332667,0.00084079213373420972,0.0009398228402799256,565248,276,na_qae_abc,8,2412201501
41025,Diamond Shoals,12,689524.8552003426,0.00055301590935118454,0.00032470412891332667,0.00084079213373420972,0.0009398228402799256,614400,300,na_qae_abc,8,2412201501
41025,Diamond Shoals,13,689524.8552003426,0.00055301590935118454,0.00032470412891332667,0.00084079213373420972,0.0009398228402799256,663552,324,na_qae_abc,8,2412201501
41025,Diamond Shoals,14,689524.8552003426,0.00055301590935118454,0.00032470412891332667,0.00084079213373420972,0.0009398228402799256,712704,348,na_qae_abc,8,2412201501
41025,Diamond Shoals,15,689524.8552003426,0.00055301590935118454,0.00032470412891332667,0.00084079213373420972,0.0009398228402799256,761856,372,na_qae_abc,8,2412201501
41025,Diamond Shoals,16,689524.8552003426,0.00055301590935118454,0.00032470412891332667,0.00084079213373420972,0.0009398228402799256,811008,396,na_qae_abc,8,2412201501
41025,Diamond Shoals,17,689524.8552003426,0.00055301590935118454,0.00032470412891332667,0.00084079213373420972,0.0009398228402799256,860160,420,na_qae_abc,8,2412201501
41025,Diamond Shoals,18,689524.8552003426,0.00055301590935118454,0.00032470412891332667,0.00084079213373420972,0.0009398228402799256,909312,444,na_qae_abc,8,2412201501
41025,Diamond Shoals,19,689524.8552003426,0.00055301590935118454,0.00032470412891332667,0.00084079213373420972,0.0009398228402799256,958464,468,na_qae_abc,8,2412201501
41025,Diamond Shoals,20,689524.8552003426,0.00055301590935118454,0.00032470412891332667,0.00084079213373420972,0.0009398228402799256,1011712,494,na_qae_abc,8,2412201501
41025,Diamond Shoals,21,689524.8552003426,0.00055301590935118454,0.00032470412891332667,0.00084079213373420972,0.0009398228402799256,1060864,518,na_qae_abc,8,2412201501
41025,Diamond Shoals,22,689524.8552003426,0.00055301590935118454,0.00032470412891332667,0.00084079213373420972,0.0009398228402799256,1110016,542,na_qae_abc,8,2412201501
41025,Diamond Shoals,23,689524.8552003426,0.00055301590935118454,0.00032470412891332667,0.00084079213373420972,0.0009398228402799256,1159168,566,na_qae_abc,8,2412201501
41025,Diamond Shoals,24,689524.8552003426,0.00055301590935118454,0.00032470412891332667,0.00084079213373420972,0.0009398228402799256,1208320,590,na_qae_abc,8,2412201501
41025,Diamond Shoals,25,689524.8552003426,0.00055301590935118454,0.00032470412891332667,0.00084079213373420972,0.0009398228402799256,1257472,614,na_qae_abc,8,2412201501
41025,Diamond Shoals,26,689524.8552003426,0.00055301590935118454,0.00032470412891332667,0.00084079213373420972,0.0009398228402799256,1306624,638,na_qae_abc,8,2412201501
41025,Diamond Shoals,27,689524.8552003426,0.00055301590935118454,0.00032470412891332667,0.00084079213373420972,0.0009398228402799256,1355776,662,na_qae_abc,8,2412201501
41025,Diamond Shoals,28,689524.8552003426,0.00055301590935118454,0.00032470412891332667,0.00084079213373420972,0.0009398228402799256,1404928,686,na_qae_abc,8,2412201501
41025,Diamond Shoals,29,689524.8552003426,0.00055301590935118454,0.00032470412891332667,0.00084079213373420972,0.0009398228402799256,1454080,710,na_qae_abc,8,2412201501
41025,Diamond Shoals,30,689524.8552003426,0.00055301590935118454,0.00032470412891332667,0.00084079213373420972,0.0009398228402799256,1503232,734,na_qae_abc,8,2412201501
41025,Diamond Shoals,31,689524.8552003426,0.00055301590935118454,0.00032470412891332667,0.00084079213373420972,0.0009398228402799256,1552384,758,na_qae_abc,8,2412201501
41025,Diamond Shoals,32,689524.8552003426,0.00055301590935118454,0.00032470412891332667,0.00084079213373420972,0.0009398228402799256,1601536,782,na_qae_abc,8,2412201501
41025,Diamond Shoals,33,689524.8552003426,0.00055301590935118454,0.00032470412891332667,0.00084079213373420972,0.0009398228402799256,1650688,806,na_qae_abc,8,2412201501
41025,Diamond Shoals,34,689524.8552003426,0.00055301590935118454,0.00032470412891332667,0.00084079213373420972,0.0009398228402799256,1699840,830,na_qae_abc,8,2412201501
41025,Diamond Shoals,35,689524.8552003426,0.00055301590935118454,0.00032470412891332667,0.00084079213373420972,0.0009398228402799256,1748992,854,na_qae_abc,8,2412201501
41025,Diamond Shoals,36,689524.8552003426,0.00055301590935118454,0.00032470412891332667,0.00084079213373420972,0.0009398228402799256,1798144,878,na_qae_abc,8,2412201501
41025,Diamond Shoals,37,671027.32737577124,0.00053849074485467585,0.00031262566415708856,0.00082232754529377875,0.00094311084458123908,1847296,902,na_qae_abc,8,2412201501
41025,Diamond Shoals,38,671027.32737577124,0.00053849074485467585,0.00031262566415708856,0.00082232754529377875,0.00094311084458123908,1896448,926,na_qae_abc,8,2412201501
41025,Diamond Shoals,39,673307.10714387358,0.00053084851322407988,0.00030918734262766142,0.00080948828821863421,0.0009112863126825774,1947648,951,na_qae_abc,8,2412201501
41025,Diamond Shoals,40,673307.10714387358,0.00053084851322407988,0.00030918734262766142,0.00080948828821863421,0.0009112863126825774,1998848,976,na_qae_abc,8,2412201501
41025,Diamond Shoals,1,679761.12468022457,0.0021647604954414638,0.0015727364565284415,0.0028801508296717802,0.0023018327415814223,73728,36,na_qae_abc,9,554434428
41025,Diamond Shoals,2,644828.63297741092,0.0011900382987336323,0.0008335719590863961,0.0016381117153786479,0.0016233706083949608,122880,60,na_qae_abc,9,554434428
41025,Diamond Shoals,3,644828.63297741092,0.0011900382987336323,0.0008335719590863961,0.0016381117153786479,0.0016233706083949608,172032,84,na_qae_abc,9,554434428
41025,Diamond Shoals,4,699022.38746528118,0.0011049865263722675,0.00076704705402053824,0.0015218682916564373,0.0011363106530517576,221184,108,na_qae_abc,9,554434428
41025,Diamond Shoals,5,650632.72428519954,0.0009141798026382988,0.00061273434100387139,0.0012811118878240033,0.0013310137441282482,270336,132,na_qae_abc,9,554434428
41025,Diamond Shoals,6,650632.72428519954,0.0009141798026382988,0.00061273434100387139,0.0012811118878240033,0.0013310137441282482,319488,156,na_qae_abc,9,554434428
41025,Diamond Shoals,7,650632.72428519954,0.0009141798026382988,0.00061273434100387139,0.0012811118878240033,0.0013310137441282482,368640,180,na_qae_abc,9,554434428
41025,Diamond Shoals,8,650632.72428519954,0.0009141798026382988,0.00061273434100387139,0.0012811118878240033,0.0013310137441282482,417792,204,na_qae_abc,9,554434428
41025,Diamond Shoals,9,650632.72428519954,0.0009141798026382988,0.00061273434100387139,0.0012811118878240033,0.0013310137441282482,466944,228,na_qae_abc,9,554434428
41025,Diamond Shoals,10,650632.72428519954,0.0009141798026382988,0.00061273434100387139,0.0012811118878240033,0.0013310137441282482,516096,252,na_qae_abc,9,554434428
41025,Diamond Shoals,11,692192.6996346555,0.00082664987308354399,0.00053807862163501852,0.00118189409962144,0.00096894633660921971,565248,276,na_qae_abc,9,554434428
41025,Diamond Shoals,12,653285.5178632068,0.00065761629547069801,0.00040649486577938441,0.00096920400928161453,0.0010485605880246958,614400,300,na_qae_abc,9,554434428
41025,Diamond Shoals,13,653285.5178632068,0.00065761629547069801,0.00040649486577938441,0.00096920400928161453,0.0010485605880246958,663552,324,na_qae_abc,9,554434428
41025,Diamond Shoals,14,653285.5178632068,0.00065761629547069801,0.00040649486577938441,0.00096920400928161453,0.0010485605880246958,712704,348,na_qae_abc,9,554434428
41025,Diamond Shoals,15,653285.5178632068,0.00065761629547069801,0.00040649486577938441,0.00096920400928161453,0.0010485605880246958,761856,372,na_qae_abc,9,554434428
41025,Diamond Shoals,16,653285.5178632068,0.00065761629547069801,0.00040649486577938441,0.00096920400928161453,0.0010485605880246958,811008,396,na_qae_abc,9,554434428
41025,Diamond Shoals,17,653285.5178632068,0.00065761629547069801,0.00040649486577938441,0.00096920400928161453,0.0010485605880246958,860160,420,na_qae_abc,9,554434428
41025,Diamond Shoals,18,653285.5178632068,0.00065761629547069801,0.00040649486577938441,0.00096920400928161453,0.0010485605880246958,909312,444,na_qae_abc,9,554434428
41025,Diamond Shoals,19,653285.5178632068,0.00065761629547069801,0.00040649486577938441,0.00096920400928161453,0.0010485605880246958,958464,468,na_qae_abc,9,554434428
41025,Diamond Shoals,20,653285.5178632068,0.00065761629547069801,0.00040649486577938441,0.00096920400928161453,0.0010485605880246958,1007616,492,na_qae_abc,9,554434428
41025,Diamond Shoals,21,653285.5178632068,0.00065761629547069801,0.00040649486577938441,0.00096920400928161453,0.0010485605880246958,1058816,517,na_qae_abc,9,554434428
41025,Diamond Shoals,22,653285.5178632068,0.00065761629547069801,0.00040649486577938441,0.00096920400928161453,0.0010485605880246958,1110016,542,na_qae_abc,9,554434428
41025,Diamond Shoals,23,653285.5178632068,0.00065761629547069801,0.00040649486577938441,0.00096920400928161453,0.0010485605880246958,1159168,566,na_qae_abc,9,554434428
41025,Diamond Shoals,24,653285.5178632068,0.00065761629547069801,0.00040649486577938441,0.00096920400928161453,0.0010485605880246958,1208320,590,na_qae_abc,9,554434428
41025,Diamond Shoals,25,657449.08997048705,0.00057156186207094777,0.00033884420200686765,0.00086466822084815733,0.0011268918542481467,1257472,614,na_qae_abc,9,554434428
41025,Diamond Shoals,26,657449.08997048705,0.00057156186207094777,0.00033884420200686765,0.00086466822084815733,0.0011268918542481467,1306624,638,na_qae_abc,9,554434428
41025,Diamond Shoals,27,657449.08997048705,0.00057156186207094777,0.00033884420200686765,0.00086466822084815733,0.0011268918542481467,1355776,662,na_qae_abc,9,554434428
41025,Diamond Shoals,28,657449.08997048705,0.00057156186207094777,0.00033884420200686765,0.00086466822084815733,0.0011268918542481467,1406976,687,na_qae_abc,9,554434428
41025,Diamond Shoals,29,657449.08997048705,0.00057156186207094777,0.00033884420200686765,0.00086466822084815733,0.0011268918542481467,1456128,711,na_qae_abc,9,554434428
41025,Diamond Shoals,30,657449.08997048705,0.00057156186207094777,0.00033884420200686765,0.00086466822084815733,0.0011268918542481467,1505280,735,na_qae_abc,9,554434428
41025,Diamond Shoals,31,657449.08997048705,0.00057156186207094777,0.00033884420200686765,0.00086466822084815733,0.0011268918542481467,1554432,759,na_qae_abc,9,554434428
41025,Diamond Shoals,32,657449.08997048705,0.00057156186207094777,0.00033884420200686765,0.00086466822084815733,0.0011268918542481467,1603584,783,na_qae_abc,9,554434428
41025,Diamond Shoals,33,657449.08997048705,0.00057156186207094777,0.00033884420200686765,0.00086466822084815733,0.0011268918542481467,1656832,809,na_qae_abc,9,554434428
41025,Diamond Shoals,34,657449.08997048705,0.00057156186207094777,0.00033884420200686765,0.00086466822084815733,0.0011268918542481467,1705984,833,na_qae_abc,9,554434428
41025,Diamond Shoals,35,657449.08997048705,0.00057156186207094777,0.00033884420200686765,0.00086466822084815733,0.0011268918542481467,1755136,857,na_qae_abc,9,554434428
41025,Diamond Shoals,36,657449.08997048705,0.00057156186207094777,0.00033884420200686765,0.00086466822084815733,0.0011268918542481467,1804288,881,na_qae_abc,9,554434428
41025,Diamond Shoals,37,657449.08997048705,0.00057156186207094777,0.00033884420200686765,0.00086466822084815733,0.0011268918542481467,1853440,905,na_qae_abc,9,554434428
41025,Diamond Shoals,38,657449.08997048705,0.00057156186207094777,0.00033884420200686765,0.00086466822084815733,0.0011268918542481467,1902592,929,na_qae_abc,9,554434428
41025,Diamond Shoals,39,657449.08997048705,0.00057156186207094777,0.00033884420200686765,0.00086466822084815733,0.0011268918542481467,1951744,953,na_qae_abc,9,554434428
41025,Diamond Shoals,40,657449.08997048705,0.00057156186207094777,0.00033884420200686765,0.00086466822084815733,0.0011268918542481467,2002944,978,na_qae_abc,9,554434428
41025,Diamond Shoals,1,710615.74486116564,0.0010221353309384756,0.00069494159974411583,0.0014239009256144738,0.0013873167448325415,73728,36,na_qae_abc,10,2832573760
41025,Diamond Shoals,2,657853.55896353815,0.00098109543544298546,0.00066057186803943947,0.0013743943254059081,0.0011815173347139863,122880,60,na_qae_abc,10,2832573760
41025,Diamond Shoals,3,657853.55896353815,0.00098109543544298546,0.00066057186803943947,0.0013743943254059081,0.0011815173347139863,172032,84,na_qae_abc,10,2832573760
41025,Diamond Shoals,4,650241.74622043106,0.00092687876248282591,0.00062104964002319908,0.0013004415465303204,0.0010923674674531822,221184,108,na_qae_abc,10,2832573760
41025,Diamond Shoals,5,654890.28014915762,0.00065961117580744645,0.00041132147732418091,0.00096298324930974922,0.00095698594180485821,270336,132,na_qae_abc,10,2832573760
41025,Diamond Shoals,6,654890.28014915762,0.00065961117580744645,0.00041132147732418091,0.00096298324930974922,0.00095698594180485821,319488,156,na_qae_abc,10,2832573760
41025,Diamond Shoals,7,654890.28014915762,0.00065961117580744645,0.00041132147732418091,0.00096298324930974922,0.00095698594180485821,368640,180,na_qae_abc,10,2832573760
41025,Diamond Shoals,8,654890.28014915762,0.00065961117580744645,0.00041132147732418091,0.00096298324930974922,0.00095698594180485821,417792,204,na_qae_abc,10,2832573760
41025,Diamond Shoals,9,645975.01656979881,0.00064001235073190752,0.00039486724222274634,0.00094447459188647597,0.00095635249284231681,466944,228,na_qae_abc,10,2832573760
41025,Diamond Shoals,10,689829.62042777182,0.00055666429073537198,0.00032878611778771049,0.00084282309396260335,0.00095789974504169502,516096,252,na_qae_abc,10,2832573760
41025,Diamond Shoals,11,689829.62042777182,0.00055666429073537198,0.00032878611778771049,0.00084282309396260335,0.00095789974504169502,565248,276,na_qae_abc,10,2832573760
41025,Diamond Shoals,12,689829.62042777182,0.00055666429073537198,0.00032878611778771049,0.00084282309396260335,0.00095789974504169502,614400,300,na_qae_abc,10,2832573760
41025,Diamond Shoals,13,689829.62042777182,0.00055666429073537198,0.00032878611778771049,0.00084282309396260335,0.00095789974504169502,663552,324,na_qae_abc,10,2832573760
41025,Diamond Shoals,14,689829.62042777182,0.00055666429073537198,0.00032878611778771049,0.00084282309396260335,0.00095789974504169502,712704,348,na_qae_abc,10,2832573760
41025,Diamond Shoals,15,689829.62042777182,0.00055666429073537198,0.00032878611778771049,0.00084282309396260335,0.00095789974504169502,761856,372,na_qae_abc,10,2832573760
41025,Diamond Shoals,16,689829.62042777182,0.00055666429073537198,0.00032878611778771049,0.00084282309396260335,0.00095789974504169502,811008,396,na_qae_abc,10,2832573760
41025,Diamond Shoals,17,689829.62042777182,0.00055666429073537198,0.00032878611778771049,0.00084282309396260335,0.00095789974504169502,860160,420,na_qae_abc,10,2832573760
41025,Diamond Shoals,18,666642.65383023303,0.00047438738618750352,0.00026416046166685182,0.00074440716993696369,0.00090556233081485733,911360,445,na_qae_abc,10,2832573760
41025,Diamond Shoals,19,666642.65383023303,0.00047438738618750352,0.00026416046166685182,0.00074440716993696369,0.00090556233081485733,960512,469,na_qae_abc,10,2832573760
41025,Diamond Shoals,20,666642.65383023303,0.00047438738618750352,0.00026416046166685182,0.00074440716993696369,0.00090556233081485733,1009664,493,na_qae_abc,10,2832573760
41025,Diamond Shoals,21,666642.65383023303,0.00047438738618750352,0.00026416046166685182,0.00074440716993696369,0.00090556233081485733,1058816,517,na_qae_abc,10,2832573760
41025,Diamond Shoals,22,666642.65383023303,0.00047438738618750352,0.00026416046166685182,0.00074440716993696369,0.00090556233081485733,1107968,541,na_qae_abc,10,2832573760
41025,Diamond Shoals,23,666642.65383023303,0.00047438738618750352,0.00026416046166685182,0.00074440716993696369,0.00090556233081485733,1159168,566,na_qae_abc,10,2832573760
41025,Diamond Shoals,24,666642.65383023303,0.00047438738618750352,0.00026416046166685182,0.00074440716993696369,0.00090556233081485733,1208320,590,na_qae_abc,10,2832573760
41025,Diamond Shoals,25,666642.65383023303,0.00047438738618750352,0.00026416046166685182,0.00074440716993696369,0.00090556233081485733,1257472,614,na_qae_abc,10,2832573760
41025,Diamond Shoals,26,666642.65383023303,0.00047438738618750352,0.00026416046166685182,0.00074440716993696369,0.00090556233081485733,1306624,638,na_qae_abc,10,2832573760
41025,Diamond Shoals,27,666642.65383023303,0.00047438738618750352,0.00026416046166685182,0.00074440716993696369,0.00090556233081485733,1355776,662,na_qae_abc,10,2832573760
41025,Diamond Shoals,28,666642.65383023303,0.00047438738618750352,0.00026416046166685182,0.00074440716993696369,0.00090556233081485733,1406976,687,na_qae_abc,10,2832573760
41025,Diamond Shoals,29,666642.65383023303,0.00047438738618750352,0.00026416046166685182,0.00074440716993696369,0.00090556233081485733,1456128,711,na_qae_abc,10,2832573760
41025,Diamond Shoals,30,666642.65383023303,0.00047438738618750352,0.00026416046166685182,0.00074440716993696369,0.00090556233081485733,1507328,736,na_qae_abc,10,2832573760
41025,Diamond Shoals,31,666642.65383023303,0.00047438738618750352,0.00026416046166685182,0.00074440716993696369,0.00090556233081485733,1556480,760,na_qae_abc,10,2832573760
41025,Diamond Shoals,32,666642.65383023303,0.00047438738618750352,0.00026416046166685182,0.00074440716993696369,0.00090556233081485733,1605632,784,na_qae_abc,10,2832573760
41025,Diamond Shoals,33,666642.65383023303,0.00047438738618750352,0.00026416046166685182,0.00074440716993696369,0.00090556233081485733,1654784,808,na_qae_abc,10,2832573760
41025,Diamond Shoals,34,666642.65383023303,0.00047438738618750352,0.00026416046166685182,0.00074440716993696369,0.00090556233081485733,1703936,832,na_qae_abc,10,2832573760
41025,Diamond Shoals,35,666642.65383023303,0.00047438738618750352,0.00026416046166685182,0.00074440716993696369,0.00090556233081485733,1753088,856,na_qae_abc,10,2832573760
41025,Diamond Shoals,36,666642.65383023303,0.00047438738618750352,0.00026416046166685182,0.00074440716993696369,0.00090556233081485733,1802240,880,na_qae_abc,10,2832573760
41025,Diamond Shoals,37,666642.65383023303,0.00047438738618750352,0.00026416046166685182,0.00074440716993696369,0.00090556233081485733,1851392,904,na_qae_abc,10,2832573760
41025,Diamond Shoals,38,666642.65383023303,0.00047438738618750352,0.00026416046166685182,0.00074440716993696369,0.00090556233081485733,1900544,928,na_qae_abc,10,2832573760
41025,Diamond Shoals,39,666642.65383023303,0.00047438738618750352,0.00026416046166685182,0.00074440716993696369,0.00090556233081485733,1949696,952,na_qae_abc,10,2832573760
41025,Diamond Shoals,40,666642.65383023303,0.00047438738618750352,0.00026416046166685182,0.00074440716993696369,0.00090556233081485733,2000896,977,na_qae_abc,10,2832573760
41025,Diamond Shoals,1,666846.00188905001,0.0018713715318362601,0.0013312444898934709,0.002838760427461757,0.0028364257257958493,73728,36,na_qae_abc,11,2546365690
41025,Diamond Shoals,2,663094.21436463227,0.0012379035800098208,0.00087374204020873429,0.0017008422070332785,0.0014305511640510494,122880,60,na_qae_abc,11,2546365690
41025,Diamond Shoals,3,628635.4132496129,0.0011966463998141132,0.00083951132167810975,0.0016452291080884,0.0016289645442032195,172032,84,na_qae_abc,11,2546365690
41025,Diamond Shoals,4,675564.45122565841,0.0009918871741070286,0.00068428168740162197,0.0013644545202693937,0.0012098899502516755,221184,108,na_qae_abc,11,2546365690
41025,Diamond Shoals,5,712694.96213544381,0.00083070108750465542,0.00054437710434319117,0.0011818264344193188,0.0012218938093417069,270336,132,na_qae_abc,11,2546365690
41025,Diamond Shoals,6,712694.96213544381,0.00083070108750465542,0.00054437710434319117,0.0011818264344193188,0.0012218938093417069,319488,156,na_qae_abc,11,2546365690
41025,Diamond Shoals,7,712694.96213544381,0.00083070108750465542,0.00054437710434319117,0.0011818264344193188,0.0012218938093417069,368640,180,na_qae_abc,11,2546365690
41025,Diamond Shoals,8,712694.96213544381,0.00083070108750465542,0.00054437710434319117,0.0011818264344193188,0.0012218938093417069,417792,204,na_qae_abc,11,2546365690
41025,Diamond Shoals,9,712694.96213544381,0.00083070108750465542,0.00054437710434319117,0.0011818264344193188,0.0012218938093417069,466944,228,na_qae_abc,11,2546365690
41025,Diamond Shoals,10,697635.11890932498,0.00069779020901203435,0.00044231767807394905,0.0010118953431202612,0.0010222816086621635,516096,252,na_qae_abc,11,2546365690
41025,Diamond Shoals,11,697635.11890932498,0.00069779020901203435,0.00044231767807394905,0.0010118953431202612,0.0010222816086621635,565248,276,na_qae_abc,11,2546365690
41025,Diamond Shoals,12,697635.11890932498,0.00069779020901203435,0.00044231767807394905,0.0010118953431202612,0.0010222816086621635,614400,300,na_qae_abc,11,2546365690
41025,Diamond Shoals,13,697635.11890932498,0.00069779020901203435,0.00044231767807394905,0.0010118953431202612,0.0010222816086621635,663552,324,na_qae_abc,11,2546365690
41025,Diamond Shoals,14,697635.11890932498,0.00069779020901203435,0.00044231767807394905,0.0010118953431202612,0.0010222816086621635,712704,348,na_qae_abc,11,2546365690
41025,Diamond Shoals,15,697635.11890932498,0.00069779020901203435,0.00044231767807394905,0.0010118953431202612,0.0010222816086621635,761856,372,na_qae_abc,11,2546365690
41025,Diamond Shoals,16,697635.11890932498,0.00069779020901203435,0.00044231767807394905,0.0010118953431202612,0.0010222816086621635,811008,396,na_qae_abc,11,2546365690
41025,Diamond Shoals,17,697635.11890932498,0.00069779020901203435,0.00044231767807394905,0.0010118953431202612,0.0010222816086621635,860160,420,na_qae_abc,11,2546365690
41025,Diamond Shoals,18,697635.11890932498,0.00069779020901203435,0.00044231767807394905,0.0010118953431202612,0.0010222816086621635,909312,444,na_qae_abc,11,2546365690
41025,Diamond Shoals,19,714963.71636223048,0.0006669039225533969,0.00041230394695017988,0.00098320561850231752,0.0009782533808939634,958464,468,na_qae_abc,11,2546365690
41025,Diamond Shoals,20,714963.71636223048,0.0006669039225533969,0.00041230394695017988,0.00098320561850231752,0.0009782533808939634,1007616,492,na_qae_abc,11,2546365690
41025,Diamond Shoals,21,714963.71636223048,0.0006669039225533969,0.00041230394695017988,0.00098320561850231752,0.0009782533808939634,1056768,516,na_qae_abc,11,2546365690
41025,Diamond Shoals,22,714963.71636223048,0.0006669039225533969,0.00041230394695017988,0.00098320561850231752,0.0009782533808939634,1105920,540,na_qae_abc,11,2546365690
41025,Diamond Shoals,23,714963.71636223048,0.0006669039225533969,0.00041230394695017988,0.00098320561850231752,0.0009782533808939634,1155072,564,na_qae_abc,11,2546365690
41025,Diamond Shoals,24,670020.36878521624,0.00059982732680488745,0.00036267040375549409,0.00089376472970364475,0.0010956850566565591,1204224,588,na_qae_abc,11,2546365690
41025,Diamond Shoals,25,670020.36878521624,0.00059982732680488745,0.00036267040375549409,0.00089376472970364475,0.0010956850566565591,1253376,612,na_qae_abc,11,2546365690
41025,Diamond Shoals,26,670593.32285577105,0.00047330878407840678,0.00026265915153687039,0.00074070195121008072,0.0010477234878936538,1302528,636,na_qae_abc,11,2546365690
41025,Diamond Shoals,27,670593.32285577105,0.00047330878407840678,0.00026265915153687039,0.00074070195121008072,0.0010477234878936538,1351680,660,na_qae_abc,11,2546365690
41025,Diamond Shoals,28,670593.32285577105,0.00047330878407840678,0.00026265915153687039,0.00074070195121008072,0.0010477234878936538,1400832,684,na_qae_abc,11,2546365690
41025,Diamond Shoals,29,670593.32285577105,0.00047330878407840678,0.00026265915153687039,0.00074070195121008072,0.0010477234878936538,1449984,708,na_qae_abc,11,2546365690
41025,Diamond Shoals,30,670593.32285577105,0.00047330878407840678,0.00026265915153687039,0.00074070195121008072,0.0010477234878936538,1501184,733,na_qae_abc,11,2546365690
41025,Diamond Shoals,31,670593.32285577105,0.00047330878407840678,0.00026265915153687039,0.00074070195121008072,0.0010477234878936538,1550336,757,na_qae_abc,11,2546365690
41025,Diamond Shoals,32,652730.2633062657,0.00043343695650457594,0.00023044981391917289,0.00069492272528191834,0.00087080885251730007,1599488,781,na_qae_abc,11,2546365690
41025,Diamond Shoals,33,652730.2633062657,0.00043343695650457594,0.00023044981391917289,0.00069492272528191834,0.00087080885251730007,1648640,805,na_qae_abc,11,2546365690
41025,Diamond Shoals,34,652730.2633062657,0.00043343695650457594,0.00023044981391917289,0.00069492272528191834,0.00087080885251730007,1699840,830,na_qae_abc,11,2546365690
41025,Diamond Shoals,35,652730.2633062657,0.00043343695650457594,0.00023044981391917289,0.00069492272528191834,0.00087080885251730007,1748992,854,na_qae_abc,11,2546365690
41025,Diamond Shoals,36,652730.2633062657,0.00043343695650457594,0.00023044981391917289,0.00069492272528191834,0.00087080885251730007,1798144,878,na_qae_abc,11,2546365690
41025,Diamond Shoals,37,652730.2633062657,0.00043343695650457594,0.00023044981391917289,0.00069492272528191834,0.00087080885251730007,1847296,902,na_qae_abc,11,2546365690
41025,Diamond Shoals,38,652730.2633062657,0.00043343695650457594,0.00023044981391917289,0.00069492272528191834,0.00087080885251730007,1898496,927,na_qae_abc,11,2546365690
41025,Diamond Shoals,39,652730.2633062657,0.00043343695650457594,0.00023044981391917289,0.00069492272528191834,0.00087080885251730007,1947648,951,na_qae_abc,11,2546365690
41025,Diamond Shoals,40,652730.2633062657,0.00043343695650457594,0.00023044981391917289,0.00069492272528191834,0.00087080885251730007,1996800,975,na_qae_abc,11,2546365690
41025,Diamond Shoals,1,638178.0243234986,0.0009013212715554376,0.00060403670769117082,0.0012618784125943356,0.00096413591520327815,73728,36,na_qae_abc,12,55935964
41025,Diamond Shoals,2,638178.0243234986,0.0009013212715554376,0.00060403670769117082,0.0012618784125943356,0.00096413591520327815,122880,60,na_qae_abc,12,55935964
41025,Diamond Shoals,3,670412.97348841943,0.00084871120497932641,0.00056333996830116001,0.0011950831042052915,0.0011160031718898181,172032,84,na_qae_abc,12,55935964
41025,Diamond Shoals,4,668739.38077618764,0.00073583370988339239,0.00046695936798943035,0.00106681423587048,0.0010104865882467082,221184,108,na_qae_abc,12,55935964
41025,Diamond Shoals,5,668739.38077618764,0.00073583370988339239,0.00046695936798943035,0.00106681423587048,0.0010104865882467082,270336,132,na_qae_abc,12,55935964
41025,Diamond Shoals,6,668739.38077618764,0.00073583370988339239,0.00046695936798943035,0.00106681423587048,0.0010104865882467082,319488,156,na_qae_abc,12,55935964
41025,Diamond Shoals,7,668739.38077618764,0.00073583370988339239,0.00046695936798943035,0.00106681423587048,0.0010104865882467082,368640,180,na_qae_abc,12,55935964
41025,Diamond Shoals,8,668739.38077618764,0.00073583370988339239,0.00046695936798943035,0.00106681423587048,0.0010104865882467082,417792,204,na_qae_abc,12,55935964
41025,Diamond Shoals,9,688777.78361277329,0.00067999452823195986,0.0004241943364609706,0.00099608903613887111,0.00098307873706932969,466944,228,na_qae_abc,12,55935964
41025,Diamond Shoals,10,688777.78361277329,0.00067999452823195986,0.0004241943364609706,0.00099608903613887111,0.00098307873706932969,516096,252,na_qae_abc,12,55935964
41025,Diamond Shoals,11,688777.78361277329,0.00067999452823195986,0.0004241943364609706,0.00099608903613887111,0.00098307873706932969,565248,276,na_qae_abc,12,55935964
41025,Diamond Shoals,12,688777.78361277329,0.00067999452823195986,0.0004241943364609706,0.00099608903613887111,0.00098307873706932969,614400,300,na_qae_abc,12,55935964
41025,Diamond Shoals,13,652449.50327736791,0.00066904388840085714,0.00041638589470884642,0.00098212971884620911,0.00097245991844896289,663552,324,na_qae_abc,12,55935964
41025,Diamond Shoals,14,652449.50327736791,0.00066904388840085714,0.00041638589470884642,0.00098212971884620911,0.00097245991844896289,712704,348,na_qae_abc,12,55935964
41025,Diamond Shoals,15,652449.50327736791,0.00066904388840085714,0.00041638589470884642,0.00098212971884620911,0.00097245991844896289,761856,372,na_qae_abc,12,55935964
41025,Diamond Shoals,16,652449.50327736791,0.00066904388840085714,0.00041638589470884642,0.00098212971884620911,0.00097245991844896289,811008,396,na_qae_abc,12,55935964
41025,Diamond Shoals,17,652449.50327736791,0.00066904388840085714,0.00041638589470884642,0.00098212971884620911,0.00097245991844896289,860160,420,na_qae_abc,12,55935964
41025,Diamond Shoals,18,652449.50327736791,0.00066904388840085714,0.00041638589470884642,0.00098212971884620911,0.00097245991844896289,909312,444,na_qae_abc,12,55935964
41025,Diamond Shoals,19,652449.50327736791,0.00066904388840085714,0.00041638589470884642,0.00098212971884620911,0.00097245991844896289,958464,468,na_qae_abc,12,55935964
41025,Diamond Shoals,20,652449.50327736791,0.00066904388840085714,0.00041638589470884642,0.00098212971884620911,0.00097245991844896289,1007616,492,na_qae_abc,12,55935964
41025,Diamond Shoals,21,652449.50327736791,0.00066904388840085714,0.00041638589470884642,0.00098212971884620911,0.00097245991844896289,1056768,516,na_qae_abc,12,55935964
41025,Diamond Shoals,22,652449.50327736791,0.00066904388840085714,0.00041638589470884642,0.00098212971884620911,0.00097245991844896289,1105920,540,na_qae_abc,12,55935964
41025,Diamond Shoals,23,662307.55785220745,0.0005024428805923128,0.00028478220268767852,0.0007805642843937403,0.00091159838529225243,1155072,564,na_qae_abc,12,55935964
41025,Diamond Shoals,24,662307.55785220745,0.0005024428805923128,0.00028478220268767852,0.0007805642843937403,0.00091159838529225243,1204224,588,na_qae_abc,12,55935964
41025,Diamond Shoals,25,662307.55785220745,0.0005024428805923128,0.00028478220268767852,0.0007805642843937403,0.00091159838529225243,1253376,612,na_qae_abc,12,55935964
41025,Diamond Shoals,26,663385.90106994659,0.00049012685904323435,0.00027583765525087512,0.00076384823534154922,0.00090461761808138179,1302528,636,na_qae_abc,12,55935964
41025,Diamond Shoals,27,663385.90106994659,0.00049012685904323435,0.00027583765525087512,0.00076384823534154922,0.00090461761808138179,1351680,660,na_qae_abc,12,55935964
41025,Diamond Shoals,28,663385.90106994659,0.00049012685904323435,0.00027583765525087512,0.00076384823534154922,0.00090461761808138179,1400832,684,na_qae_abc,12,55935964
41025,Diamond Shoals,29,663385.90106994659,0.00049012685904323435,0.00027583765525087512,0.00076384823534154922,0.00090461761808138179,1449984,708,na_qae_abc,12,55935964
41025,Diamond Shoals,30,663385.90106994659,0.00049012685904323435,0.00027583765525087512,0.00076384823534154922,0.00090461761808138179,1503232,734,na_qae_abc,12,55935964
41025,Diamond Shoals,31,663385.90106994659,0.00049012685904323435,0.00027583765525087512,0.00076384823534154922,0.00090461761808138179,1552384,758,na_qae_abc,12,55935964
41025,Diamond Shoals,32,663385.90106994659,0.00049012685904323435,0.00027583765525087512,0.00076384823534154922,0.00090461761808138179,1601536,782,na_qae_abc,12,55935964
41025,Diamond Shoals,33,663385.90106994659,0.00049012685904323435,0.00027583765525087512,0.00076384823534154922,0.00090461761808138179,1650688,806,na_qae_abc,12,55935964
41025,Diamond Shoals,34,663385.90106994659,0.00049012685904323435,0.00027583765525087512,0.00076384823534154922,0.00090461761808138179,1699840,830,na_qae_abc,12,55935964
41025,Diamond Shoals,35,663385.90106994659,0.00049012685904323435,0.00027583765525087512,0.00076384823534154922,0.00090461761808138179,1751040,855,na_qae_abc,12,55935964
41025,Diamond Shoals,36,663385.90106994659,0.00049012685904323435,0.00027583765525087512,0.00076384823534154922,0.00090461761808138179,1802240,880,na_qae_abc,12,55935964
41025,Diamond Shoals,37,663385.90106994659,0.00049012685904323435,0.00027583765525087512,0.00076384823534154922,0.00090461761808138179,1851392,904,na_qae_abc,12,55935964
41025,Diamond Shoals,38,663385.90106994659,0.00049012685904323435,0.00027583765525087512,0.00076384823534154922,0.00090461761808138179,1900544,928,na_qae_abc,12,55935964
41025,Diamond Shoals,39,663385.90106994659,0.00049012685904323435,0.00027583765525087512,0.00076384823534154922,0.00090461761808138179,1949696,952,na_qae_abc,12,55935964
41025,Diamond Shoals,40,663385.90106994659,0.00049012685904323435,0.00027583765525087512,0.00076384823534154922,0.00090461761808138179,1998848,976,na_qae_abc,12,55935964
41025,Diamond Shoals,1,712942.67818692967,0.00099222339817866146,0.00067601597925589195,0.0013783002917296188,0.0011094759841171246,73728,36,na_qae_abc,13,143401308
41025,Diamond Shoals,2,727083.06682217657,0.00094250849703824574,0.00063404892200817067,0.0013197784110022019,0.0010753677721229862,122880,60,na_qae_abc,13,143401308
41025,Diamond Shoals,3,727083.06682217657,0.00094250849703824574,0.00063404892200817067,0.0013197784110022019,0.0010753677721229862,172032,84,na_qae_abc,13,143401308
41025,Diamond Shoals,4,701539.84362472733,0.00087142523604283144,0.00057746744600563826,0.0012302771998139023,0.0010250635702866459,221184,108,na_qae_abc,13,143401308
41025,Diamond Shoals,5,701539.84362472733,0.00087142523604283144,0.00057746744600563826,0.0012302771998139023,0.0010250635702866459,270336,132,na_qae_abc,13,143401308
41025,Diamond Shoals,6,702435.54140254785,0.00063854525554503047,0.00039245158358825805,0.00094335694291815448,0.0010266733931401525,319488,156,na_qae_abc,13,143401308
41025,Diamond Shoals,7,705393.74894227914,0.0006293647476836461,0.00038361530655708567,0.00093415542432519834,0.00097839839423750235,368640,180,na_qae_abc,13,143401308
41025,Diamond Shoals,8,705393.74894227914,0.0006293647476836461,0.00038361530655708567,0.00093415542432519834,0.00097839839423750235,417792,204,na_qae_abc,13,143401308
41025,Diamond Shoals,9,705393.74894227914,0.0006293647476836461,0.00038361530655708567,0.00093415542432519834,0.00097839839423750235,466944,228,na_qae_abc,13,143401308
41025,Diamond Shoals,10,705393.74894227914,0.0006293647476836461,0.00038361530655708567,0.00093415542432519834,0.00097839839423750235,516096,252,na_qae_abc,13,143401308
41025,Diamond Shoals,11,722420.25230024441,0.00058290444571876146,0.0003485873375046788,0.0008774601509506162,0.0010198294622508852,565248,276,na_qae_abc,13,143401308
41025,Diamond Shoals,12,722420.25230024441,0.00058290444571876146,0.0003485873375046788,0.0008774601509506162,0.0010198294622508852,614400,300,na_qae_abc,13,143401308
41025,Diamond Shoals,13,722420.25230024441,0.00058290444571876146,0.0003485873375046788,0.0008774601509506162,0.0010198294622508852,663552,324,na_qae_abc,13,143401308
41025,Diamond Shoals,14,722420.25230024441,0.00058290444571876146,0.0003485873375046788,0.0008774601509506162,0.0010198294622508852,712704,348,na_qae_abc,13,143401308
41025,Diamond Shoals,15,722420.25230024441,0.00058290444571876146,0.0003485873375046788,0.0008774601509506162,0.0010198294622508852,761856,372,na_qae_abc,13,143401308
41025,Diamond Shoals,16,722420.25230024441,0.00058290444571876146,0.0003485873375046788,0.0008774601509506162,0.0010198294622508852,811008,396,na_qae_abc,13,143401308
41025,Diamond Shoals,17,711055.57802804944,0.00051740912420615614,0.00029750412078522728,0.00079611376472664799,0.00097174391162345853,862208,421,na_qae_abc,13,143401308
41025,Diamond Shoals,18,711055.57802804944,0.00051740912420615614,0.00029750412078522728,0.00079611376472664799,0.00097174391162345853,911360,445,na_qae_abc,13,143401308
41025,Diamond Shoals,19,686890.54745100357,0.00049517754405651855,0.00028016384335164426,0.00076938300174840459,0.00096431002739931655,960512,469,na_qae_abc,13,143401308
41025,Diamond Shoals,20,686890.54745100357,0.00049517754405651855,0.00028016384335164426,0.00076938300174840459,0.00096431002739931655,1009664,493,na_qae_abc,13,143401308
41025,Diamond Shoals,21,686890.54745100357,0.00049517754405651855,0.00028016384335164426,0.00076938300174840459,0.00096431002739931655,1058816,517,na_qae_abc,13,143401308
41025,Diamond Shoals,22,686890.54745100357,0.00049517754405651855,0.00028016384335164426,0.00076938300174840459,0.00096431002739931655,1107968,541,na_qae_abc,13,143401308
41025,Diamond Shoals,23,686890.54745100357,0.00049517754405651855,0.00028016384335164426,0.00076938300174840459,0.00096431002739931655,1157120,565,na_qae_abc,13,143401308
41025,Diamond Shoals,24,686890.54745100357,0.00049517754405651855,0.00028016384335164426,0.00076938300174840459,0.00096431002739931655,1206272,589,na_qae_abc,13,143401308
41025,Diamond Shoals,25,686890.54745100357,0.00049517754405651855,0.00028016384335164426,0.00076938300174840459,0.00096431002739931655,1255424,613,na_qae_abc,13,143401308
41025,Diamond Shoals,26,686890.54745100357,0.00049517754405651855,0.00028016384335164426,0.00076938300174840459,0.00096431002739931655,1304576,637,na_qae_abc,13,143401308
41025,Diamond Shoals,27,686890.54745100357,0.00049517754405651855,0.00028016384335164426,0.00076938300174840459,0.00096431002739931655,1353728,661,na_qae_abc,13,143401308
41025,Diamond Shoals,28,686890.54745100357,0.00049517754405651855,0.00028016384335164426,0.00076938300174840459,0.00096431002739931655,1404928,686,na_qae_abc,13,143401308
41025,Diamond Shoals,29,686890.54745100357,0.00049517754405651855,0.00028016384335164426,0.00076938300174840459,0.00096431002739931655,1454080,710,na_qae_abc,13,143401308
41025,Diamond Shoals,30,686890.54745100357,0.00049517754405651855,0.00028016384335164426,0.00076938300174840459,0.00096431002739931655,1503232,734,na_qae_abc,13,143401308
41025,Diamond Shoals,31,686890.54745100357,0.00049517754405651855,0.00028016384335164426,0.00076938300174840459,0.00096431002739931655,1554432,759,na_qae_abc,13,143401308
41025,Diamond Shoals,32,686890.54745100357,0.00049517754405651855,0.00028016384335164426,0.00076938300174840459,0.00096431002739931655,1603584,783,na_qae_abc,13,143401308
41025,Diamond Shoals,33,686890.54745100357,0.00049517754405651855,0.00028016384335164426,0.00076938300174840459,0.00096431002739931655,1652736,807,na_qae_abc,13,143401308
41025,Diamond Shoals,34,686890.54745100357,0.00049517754405651855,0.00028016384335164426,0.00076938300174840459,0.00096431002739931655,1703936,832,na_qae_abc,13,143401308
41025,Diamond Shoals,35,686890.54745100357,0.00049517754405651855,0.00028016384335164426,0.00076938300174840459,0.00096431002739931655,1753088,856,na_qae_abc,13,143401308
41025,Diamond Shoals,36,686890.54745100357,0.00049517754405651855,0.00028016384335164426,0.00076938300174840459,0.00096431002739931655,1802240,880,na_qae_abc,13,143401308
41025,Diamond Shoals,37,686890.54745100357,0.00049517754405651855,0.00028016384335164426,0.00076938300174840459,0.00096431002739931655,1853440,905,na_qae_abc,13,143401308
41025,Diamond Shoals,38,686890.54745100357,0.00049517754405651855,0.00028016384335164426,0.00076938300174840459,0.00096431002739931655,1902592,929,na_qae_abc,13,143401308
41025,Diamond Shoals,39,686890.54745100357,0.00049517754405651855,0.00028016384335164426,0.00076938300174840459,0.00096431002739931655,1951744,953,na_qae_abc,13,143401308
41025,Diamond Shoals,40,686890.54745100357,0.00049517754405651855,0.00028016384335164426,0.00076938300174840459,0.00096431002739931655,2000896,977,na_qae_abc,13,143401308
41025,Diamond Shoals,1,637100.70676374913,0.0014110842701363958,0.001000470137713524,0.0019633934296571552,0.0017601537601696529,73728,36,na_qae_abc,14,3309679122
41025,Diamond Shoals,2,673192.58268933243,0.0012888711681713113,0.00091017262867408523,0.0017796500242368357,0.0017549734541778615,122880,60,na_qae_abc,14,3309679122
41025,Diamond Shoals,3,704248.60918023484,0.0011789609009272642,0.00081706213343613803,0.0016298193984833052,0.0013939282330175321,172032,84,na_qae_abc,14,3309679122
41025,Diamond Shoals,4,678959.4179020531,0.0011023310875607599,0.0007644938015334763,0.0015180334030447614,0.0013669210902490414,221184,108,na_qae_abc,14,3309679122
41025,Diamond Shoals,5,678959.4179020531,0.0011023310875607599,0.0007644938015334763,0.0015180334030447614,0.0013669210902490414,270336,132,na_qae_abc,14,3309679122
41025,Diamond Shoals,6,678959.4179020531,0.0011023310875607599,0.0007644938015334763,0.0015180334030447614,0.0013669210902490414,319488,156,na_qae_abc,14,3309679122
41025,Diamond Shoals,7,723028.86359299975,0.00086574726296812182,0.00056837986817958404,0.0012315840635816055,0.0010922413330009197,368640,180,na_qae_abc,14,3309679122
41025,Diamond Shoals,8,677585.70363151585,0.00074826624676146492,0.00048269376512337348,0.0010718279337393025,0.0010957741686969005,417792,204,na_qae_abc,14,3309679122
41025,Diamond Shoals,9,677585.70363151585,0.00074826624676146492,0.00048269376512337348,0.0010718279337393025,0.0010957741686969005,466944,228,na_qae_abc,14,3309679122
41025,Diamond Shoals,10,677585.70363151585,0.00074826624676146492,0.00048269376512337348,0.0010718279337393025,0.0010957741686969005,516096,252,na_qae_abc,14,3309679122
41025,Diamond Shoals,11,677585.70363151585,0.00074826624676146492,0.00048269376512337348,0.0010718279337393025,0.0010957741686969005,565248,276,na_qae_abc,14,3309679122
41025,Diamond Shoals,12,677585.70363151585,0.00074826624676146492,0.00048269376512337348,0.0010718279337393025,0.0010957741686969005,614400,300,na_qae_abc,14,3309679122
41025,Diamond Shoals,13,712008.67997966218,0.00072652313283730048,0.00046420044866601212,0.0010460951769832528,0.00098940185905340003,663552,324,na_qae_abc,14,3309679122
41025,Diamond Shoals,14,712008.67997966218,0.00072652313283730048,0.00046420044866601212,0.0010460951769832528,0.00098940185905340003,712704,348,na_qae_abc,14,3309679122
41025,Diamond Shoals,15,710219.50122715672,0.00057568987761158648,0.00034289388991948677,0.00086736848721890713,0.0010895450168169551,761856,372,na_qae_abc,14,3309679122
41025,Diamond Shoals,16,710219.50122715672,0.00057568987761158648,0.00034289388991948677,0.00086736848721890713,0.0010895450168169551,811008,396,na_qae_abc,14,3309679122
41025,Diamond Shoals,17,710219.50122715672,0.00057568987761158648,0.00034289388991948677,0.00086736848721890713,0.0010895450168169551,860160,420,na_qae_abc,14,3309679122
41025,Diamond Shoals,18,710219.50122715672,0.00057568987761158648,0.00034289388991948677,0.00086736848721890713,0.0010895450168169551,911360,445,na_qae_abc,14,3309679122
41025,Diamond Shoals,19,710219.50122715672,0.00057568987761158648,0.00034289388991948677,0.00086736848721890713,0.0010895450168169551,960512,469,na_qae_abc,14,3309679122
41025,Diamond Shoals,20,710219.50122715672,0.00057568987761158648,0.00034289388991948677,0.00086736848721890713,0.0010895450168169551,1009664,493,na_qae_abc,14,3309679122
41025,Diamond Shoals,21,710219.50122715672,0.00057568987761158648,0.00034289388991948677,0.00086736848721890713,0.0010895450168169551,1058816,517,na_qae_abc,14,3309679122
41025,Diamond Shoals,22,710219.50122715672,0.00057568987761158648,0.00034289388991948677,0.00086736848721890713,0.0010895450168169551,1107968,541,na_qae_abc,14,3309679122
41025,Diamond Shoals,23,710219.50122715672,0.00057568987761158648,0.00034289388991948677,0.00086736848721890713,0.0010895450168169551,1157120,565,na_qae_abc,14,3309679122
41025,Diamond Shoals,24,710219.50122715672,0.00057568987761158648,0.00034289388991948677,0.00086736848721890713,0.0010895450168169551,1208320,590,na_qae_abc,14,3309679122
41025,Diamond Shoals,25,710219.50122715672,0.00057568987761158648,0.00034289388991948677,0.00086736848721890713,0.0010895450168169551,1257472,614,na_qae_abc,14,3309679122
41025,Diamond Shoals,26,710219.50122715672,0.00057568987761158648,0.00034289388991948677,0.00086736848721890713,0.0010895450168169551,1306624,638,na_qae_abc,14,3309679122
41025,Diamond Shoals,27,710219.50122715672,0.00057568987761158648,0.00034289388991948677,0.00086736848721890713,0.0010895450168169551,1355776,662,na_qae_abc,14,3309679122
41025,Diamond Shoals,28,710219.50122715672,0.00057568987761158648,0.00034289388991948677,0.00086736848721890713,0.0010895450168169551,1404928,686,na_qae_abc,14,3309679122
41025,Diamond Shoals,29,710219.50122715672,0.00057568987761158648,0.00034289388991948677,0.00086736848721890713,0.0010895450168169551,1456128,711,na_qae_abc,14,3309679122
41025,Diamond Shoals,30,710219.50122715672,0.00057568987761158648,0.00034289388991948677,0.00086736848721890713,0.0010895450168169551,1505280,735,na_qae_abc,14,3309679122
41025,Diamond Shoals,31,710219.50122715672,0.00057568987761158648,0.00034289388991948677,0.00086736848721890713,0.0010895450168169551,1554432,759,na_qae_abc,14,3309679122
41025,Diamond Shoals,32,710219.50122715672,0.00057568987761158648,0.00034289388991948677,0.00086736848721890713,0.0010895450168169551,1603584,783,na_qae_abc,14,3309679122
41025,Diamond Shoals,33,710219.50122715672,0.00057568987761158648,0.00034289388991948677,0.00086736848721890713,0.0010895450168169551,1652736,807,na_qae_abc,14,3309679122
41025,Diamond Shoals,34,710219.50122715672,0.00057568987761158648,0.00034289388991948677,0.00086736848721890713,0.0010895450168169551,1701888,831,na_qae_abc,14,3309679122
41025,Diamond Shoals,35,710219.50122715672,0.00057568987761158648,0.00034289388991948677,0.00086736848721890713,0.0010895450168169551,1751040,855,na_qae_abc,14,3309679122
41025,Diamond Shoals,36,710219.50122715672,0.00057568987761158648,0.00034289388991948677,0.00086736848721890713,0.0010895450168169551,1802240,880,na_qae_abc,14,3309679122
41025,Diamond Shoals,37,710219.50122715672,0.00057568987761158648,0.00034289388991948677,0.00086736848721890713,0.0010895450168169551,1851392,904,na_qae_abc,14,3309679122
41025,Diamond Shoals,38,710219.50122715672,0.00057568987761158648,0.00034289388991948677,0.00086736848721890713,0.0010895450168169551,1900544,928,na_qae_abc,14,3309679122
41025,Diamond Shoals,39,710219.50122715672,0.00057568987761158648,0.00034289388991948677,0.00086736848721890713,0.0010895450168169551,1949696,952,na_qae_abc,14,3309679122
41025,Diamond Shoals,40,710219.50122715672,0.00057568987761158648,0.00034289388991948677,0.00086736848721890713,0.0010895450168169551,1998848,976,na_qae_abc,14,3309679122
41025,Diamond Shoals,1,644900.07482442423,0.0013613607378134033,0.00096823958138034921,0.0018992966512217733,0.0015514731762732274,73728,36,na_qae_abc,15,1403661893
41025,Diamond Shoals,2,680242.44941123517,0.0011668641014103672,0.00081135023251822382,0.0016092964463650643,0.0012351547113807811,122880,60,na_qae_abc,15,1403661893
41025,Diamond Shoals,3,673910.68597444484,0.00099022210111445841,0.00067135439953069941,0.0013796039185107222,0.0010441579400314546,172032,84,na_qae_abc,15,1403661893
41025,Diamond Shoals,4,686404.12561693951,0.00087989378170696378,0.00058957071053440332,0.0012316942419889714,0.0011719200765023074,221184,108,na_qae_abc,15,1403661893
41025,Diamond Shoals,5,686404.12561693951,0.00087989378170696378,0.00058957071053440332,0.0012316942419889714,0.0011719200765023074,270336,132,na_qae_abc,15,1403661893
41025,Diamond Shoals,6,686404.12561693951,0.00087989378170696378,0.00058957071053440332,0.0012316942419889714,0.0011719200765023074,319488,156,na_qae_abc,15,1403661893
41025,Diamond Shoals,7,670724.0822353668,0.00089078846214526346,0.00058594494651922609,0.0012666574883121611,0.0011538439968223032,368640,180,na_qae_abc,15,1403661893
41025,Diamond Shoals,8,665535.36356392363,0.00081888199056910009,0.00053607843429967082,0.0011643823706207518,0.0010177376116933179,417792,204,na_qae_abc,15,1403661893
41025,Diamond Shoals,9,671461.00361827412,0.00071779763102983315,0.00045507630157473627,0.0010416302537471695,0.001092505384330875,466944,228,na_qae_abc,15,1403661893
41025,Diamond Shoals,10,671461.00361827412,0.00071779763102983315,0.00045507630157473627,0.0010416302537471695,0.001092505384330875,516096,252,na_qae_abc,15,1403661893
41025,Diamond Shoals,11,671461.00361827412,0.00071779763102983315,0.00045507630157473627,0.0010416302537471695,0.001092505384330875,565248,276,na_qae_abc,15,1403661893
41025,Diamond Shoals,12,671461.00361827412,0.00071779763102983315,0.00045507630157473627,0.0010416302537471695,0.001092505384330875,614400,300,na_qae_abc,15,1403661893
41025,Diamond Shoals,13,653435.81859615585,0.00065614069068722957,0.00040765662358109659,0.00096337155474041406,0.0010762119172832681,663552,324,na_qae_abc,15,1403661893
41025,Diamond Shoals,14,653435.81859615585,0.00065614069068722957,0.00040765662358109659,0.00096337155474041406,0.0010762119172832681,712704,348,na_qae_abc,15,1403661893
41025,Diamond Shoals,15,653435.81859615585,0.00065614069068722957,0.00040765662358109659,0.00096337155474041406,0.0010762119172832681,761856,372,na_qae_abc,15,1403661893
41025,Diamond Shoals,16,653435.81859615585,0.00065614069068722957,0.00040765662358109659,0.00096337155474041406,0.0010762119172832681,811008,396,na_qae_abc,15,1403661893
41025,Diamond Shoals,17,653435.81859615585,0.00065614069068722957,0.00040765662358109659,0.00096337155474041406,0.0010762119172832681,860160,420,na_qae_abc,15,1403661893
41025,Diamond Shoals,18,653435.81859615585,0.00065614069068722957,0.00040765662358109659,0.00096337155474041406,0.0010762119172832681,909312,444,na_qae_abc,15,1403661893
41025,Diamond Shoals,19,653435.81859615585,0.00065614069068722957,0.00040765662358109659,0.00096337155474041406,0.0010762119172832681,958464,468,na_qae_abc,15,1403661893
41025,Diamond Shoals,20,653435.81859615585,0.00065614069068722957,0.00040765662358109659,0.00096337155474041406,0.0010762119172832681,1007616,492,na_qae_abc,15,1403661893
41025,Diamond Shoals,21,653435.81859615585,0.00065614069068722957,0.00040765662358109659,0.00096337155474041406,0.0010762119172832681,1058816,517,na_qae_abc,15,1403661893
41025,Diamond Shoals,22,653435.81859615585,0.00065614069068722957,0.00040765662358109659,0.00096337155474041406,0.0010762119172832681,1107968,541,na_qae_abc,15,1403661893
41025,Diamond Shoals,23,653435.81859615585,0.00065614069068722957,0.00040765662358109659,0.00096337155474041406,0.0010762119172832681,1157120,565,na_qae_abc,15,1403661893
41025,Diamond Shoals,24,641900.90184363956,0.00061956959804044132,0.00037663935295460474,0.00092341848191922833,0.0010814782702018928,1206272,589,na_qae_abc,15,1403661893
41025,Diamond Shoals,25,641900.90184363956,0.00061956959804044132,0.00037663935295460474,0.00092341848191922833,0.0010814782702018928,1255424,613,na_qae_abc,15,1403661893
41025,Diamond Shoals,26,641900.90184363956,0.00061956959804044132,0.00037663935295460474,0.00092341848191922833,0.0010814782702018928,1304576,637,na_qae_abc,15,1403661893
41025,Diamond Shoals,27,641900.90184363956,0.00061956959804044132,0.00037663935295460474,0.00092341848191922833,0.0010814782702018928,1353728,661,na_qae_abc,15,1403661893
41025,Diamond Shoals,28,641900.90184363956,0.00061956959804044132,0.00037663935295460474,0.00092341848191922833,0.0010814782702018928,1402880,685,na_qae_abc,15,1403661893
41025,Diamond Shoals,29,641900.90184363956,0.00061956959804044132,0.00037663935295460474,0.00092341848191922833,0.0010814782702018928,1452032,709,na_qae_abc,15,1403661893
41025,Diamond Shoals,30,641900.90184363956,0.00061956959804044132,0.00037663935295460474,0.00092341848191922833,0.0010814782702018928,1501184,733,na_qae_abc,15,1403661893
41025,Diamond Shoals,31,641900.90184363956,0.00061956959804044132,0.00037663935295460474,0.00092341848191922833,0.0010814782702018928,1550336,757,na_qae_abc,15,1403661893
41025,Diamond Shoals,32,641900.90184363956,0.00061956959804044132,0.00037663935295460474,0.00092341848191922833,0.0010814782702018928,1601536,782,na_qae_abc,15,1403661893
41025,Diamond Shoals,33,641900.90184363956,0.00061956959804044132,0.00037663935295460474,0.00092341848191922833,0.0010814782702018928,1650688,806,na_qae_abc,15,1403661893
41025,Diamond Shoals,34,641900.90184363956,0.00061956959804044132,0.00037663935295460474,0.00092341848191922833,0.0010814782702018928,1699840,830,na_qae_abc,15,1403661893
41025,Diamond Shoals,35,641900.90184363956,0.00061956959804044132,0.00037663935295460474,0.00092341848191922833,0.0010814782702018928,1748992,854,na_qae_abc,15,1403661893
41025,Diamond Shoals,36,641900.90184363956,0.00061956959804044132,0.00037663935295460474,0.00092341848191922833,0.0010814782702018928,1798144,878,na_qae_abc,15,1403661893
41025,Diamond Shoals,37,641900.90184363956,0.00061956959804044132,0.00037663935295460474,0.00092341848191922833,0.0010814782702018928,1847296,902,na_qae_abc,15,1403661893
41025,Diamond Shoals,38,641900.90184363956,0.00061956959804044132,0.00037663935295460474,0.00092341848191922833,0.0010814782702018928,1896448,926,na_qae_abc,15,1403661893
41025,Diamond Shoals,39,641900.90184363956,0.00061956959804044132,0.00037663935295460474,0.00092341848191922833,0.0010814782702018928,1947648,951,na_qae_abc,15,1403661893
41025,Diamond Shoals,40,641900.90184363956,0.00061956959804044132,0.00037663935295460474,0.00092341848191922833,0.0010814782702018928,1996800,975,na_qae_abc,15,1403661893
41025,Diamond Shoals,1,676890.62201208272,0.00096501642319101887,0.00065865870788403243,0.0013368530675141376,0.0010288448054466231,73728,36,na_qae_abc,16,3089473317
41025,Diamond Shoals,2,654413.54586266272,0.00085716827781623752,0.00056436030362517131,0.0012140424478946318,0.0010050519203837081,122880,60,na_qae_abc,16,3089473317
41025,Diamond Shoals,3,665725.17779437883,0.00050139578484383084,0.00028545627499338241,0.00077651180868776694,0.0010379633112121815,172032,84,na_qae_abc,16,3089473317
41025,Diamond Shoals,4,665725.17779437883,0.00050139578484383084,0.00028545627499338241,0.00077651180868776694,0.0010379633112121815,221184,108,na_qae_abc,16,3089473317
41025,Diamond Shoals,5,665725.17779437883,0.00050139578484383084,0.00028545627499338241,0.00077651180868776694,0.0010379633112121815,270336,132,na_qae_abc,16,3089473317
41025,Diamond Shoals,6,665725.17779437883,0.00050139578484383084,0.00028545627499338241,0.00077651180868776694,0.0010379633112121815,319488,156,na_qae_abc,16,3089473317
41025,Diamond Shoals,7,665725.17779437883,0.00050139578484383084,0.00028545627499338241,0.00077651180868776694,0.0010379633112121815,368640,180,na_qae_abc,16,3089473317
41025,Diamond Shoals,8,665725.17779437883,0.00050139578484383084,0.00028545627499338241,0.00077651180868776694,0.0010379633112121815,417792,204,na_qae_abc,16,3089473317
41025,Diamond Shoals,9,665725.17779437883,0.00050139578484383084,0.00028545627499338241,0.00077651180868776694,0.0010379633112121815,466944,228,na_qae_abc,16,3089473317
41025,Diamond Shoals,10,665725.17779437883,0.00050139578484383084,0.00028545627499338241,0.00077651180868776694,0.0010379633112121815,516096,252,na_qae_abc,16,3089473317
41025,Diamond Shoals,11,665725.17779437883,0.00050139578484383084,0.00028545627499338241,0.00077651180868776694,0.0010379633112121815,565248,276,na_qae_abc,16,3089473317
41025,Diamond Shoals,12,665725.17779437883,0.00050139578484383084,0.00028545627499338241,0.00077651180868776694,0.0010379633112121815,614400,300,na_qae_abc,16,3089473317
41025,Diamond Shoals,13,665725.17779437883,0.00050139578484383084,0.00028545627499338241,0.00077651180868776694,0.0010379633112121815,663552,324,na_qae_abc,16,3089473317
41025,Diamond Shoals,14,665725.17779437883,0.00050139578484383084,0.00028545627499338241,0.00077651180868776694,0.0010379633112121815,712704,348,na_qae_abc,16,3089473317
41025,Diamond Shoals,15,665725.17779437883,0.00050139578484383084,0.00028545627499338241,0.00077651180868776694,0.0010379633112121815,763904,373,na_qae_abc,16,3089473317
41025,Diamond Shoals,16,665725.17779437883,0.00050139578484383084,0.00028545627499338241,0.00077651180868776694,0.0010379633112121815,813056,397,na_qae_abc,16,3089473317
41025,Diamond Shoals,17,665725.17779437883,0.00050139578484383084,0.00028545627499338241,0.00077651180868776694,0.0010379633112121815,862208,421,na_qae_abc,16,3089473317
41025,Diamond Shoals,18,665725.17779437883,0.00050139578484383084,0.00028545627499338241,0.00077651180868776694,0.0010379633112121815,911360,445,na_qae_abc,16,3089473317
41025,Diamond Shoals,19,665725.17779437883,0.00050139578484383084,0.00028545627499338241,0.00077651180868776694,0.0010379633112121815,960512,469,na_qae_abc,16,3089473317
41025,Diamond Shoals,20,665725.17779437883,0.00050139578484383084,0.00028545627499338241,0.00077651180868776694,0.0010379633112121815,1009664,493,na_qae_abc,16,3089473317
41025,Diamond Shoals,21,665725.17779437883,0.00050139578484383084,0.00028545627499338241,0.00077651180868776694,0.0010379633112121815,1058816,517,na_qae_abc,16,3089473317
41025,Diamond Shoals,22,665725.17779437883,0.00050139578484383084,0.00028545627499338241,0.00077651180868776694,0.0010379633112121815,1107968,541,na_qae_abc,16,3089473317
41025,Diamond Shoals,23,665725.17779437883,0.00050139578484383084,0.00028545627499338241,0.00077651180868776694,0.0010379633112121815,1159168,566,na_qae_abc,16,3089473317
41025,Diamond Shoals,24,665725.17779437883,0.00050139578484383084,0.00028545627499338241,0.00077651180868776694,0.0010379633112121815,1208320,590,na_qae_abc,16,3089473317
41025,Diamond Shoals,25,665725.17779437883,0.00050139578484383084,0.00028545627499338241,0.00077651180868776694,0.0010379633112121815,1257472,614,na_qae_abc,16,3089473317
41025,Diamond Shoals,26,665725.17779437883,0.00050139578484383084,0.00028545627499338241,0.00077651180868776694,0.0010379633112121815,1306624,638,na_qae_abc,16,3089473317
41025,Diamond Shoals,27,665725.17779437883,0.00050139578484383084,0.00028545627499338241,0.00077651180868776694,0.0010379633112121815,1357824,663,na_qae_abc,16,3089473317
41025,Diamond Shoals,28,665725.17779437883,0.00050139578484383084,0.00028545627499338241,0.00077651180868776694,0.0010379633112121815,1406976,687,na_qae_abc,16,3089473317
41025,Diamond Shoals,29,665725.17779437883,0.00050139578484383084,0.00028545627499338241,0.00077651180868776694,0.0010379633112121815,1456128,711,na_qae_abc,16,3089473317
41025,Diamond Shoals,30,665725.17779437883,0.00050139578484383084,0.00028545627499338241,0.00077651180868776694,0.0010379633112121815,1505280,735,na_qae_abc,16,3089473317
41025,Diamond Shoals,31,665725.17779437883,0.00050139578484383084,0.00028545627499338241,0.00077651180868776694,0.0010379633112121815,1554432,759,na_qae_abc,16,3089473317
41025,Diamond Shoals,32,665725.17779437883,0.00050139578484383084,0.00028545627499338241,0.00077651180868776694,0.0010379633112121815,1603584,783,na_qae_abc,16,3089473317
41025,Diamond Shoals,33,665725.17779437883,0.00050139578484383084,0.00028545627499338241,0.00077651180868776694,0.0010379633112121815,1652736,807,na_qae_abc,16,3089473317
41025,Diamond Shoals,34,665725.17779437883,0.00050139578484383084,0.00028545627499338241,0.00077651180868776694,0.0010379633112121815,1701888,831,na_qae_abc,16,3089473317
41025,Diamond Shoals,35,665725.17779437883,0.00050139578484383084,0.00028545627499338241,0.00077651180868776694,0.0010379633112121815,1753088,856,na_qae_abc,16,3089473317
41025,Diamond Shoals,36,665725.17779437883,0.00050139578484383084,0.00028545627499338241,0.00077651180868776694,0.0010379633112121815,1802240,880,na_qae_abc,16,3089473317
41025,Diamond Shoals,37,665725.17779437883,0.00050139578484383084,0.00028545627499338241,0.00077651180868776694,0.0010379633112121815,1851392,904,na_qae_abc,16,3089473317
41025,Diamond Shoals,38,665725.17779437883,0.00050139578484383084,0.00028545627499338241,0.00077651180868776694,0.0010379633112121815,1902592,929,na_qae_abc,16,3089473317
41025,Diamond Shoals,39,665725.17779437883,0.00050139578484383084,0.00028545627499338241,0.00077651180868776694,0.0010379633112121815,1951744,953,na_qae_abc,16,3089473317
41025,Diamond Shoals,40,665725.17779437883,0.00050139578484383084,0.00028545627499338241,0.00077651180868776694,0.0010379633112121815,2000896,977,na_qae_abc,16,3089473317
41025,Diamond Shoals,1,642755.44943102764,0.0016132078776075619,0.0011536317739527415,0.0024435868796276834,0.0015667382791963393,73728,36,na_qae_abc,17,2450749373
41025,Diamond Shoals,2,648781.18078916718,0.0015294244723080413,0.0010975508571992316,0.0030319214421214188,0.0016353279806397187,122880,60,na_qae_abc,17,2450749373
41025,Diamond Shoals,3,679919.30496777478,0.0015077670494839824,0.0010733887768292157,0.0021045013784799023,0.0016407345569056191,172032,84,na_qae_abc,17,2450749373
41025,Diamond Shoals,4,670990.30044732441,0.0012643617624036358,0.00090218022735540104,0.0017399452717708414,0.0013725679139557803,221184,108,na_qae_abc,17,2450749373
41025,Diamond Shoals,5,712608.59848783072,0.0012198307014484374,0.00084994389489272712,0.0016836119454403484,0.0016843005222930269,270336,132,na_qae_abc,17,2450749373
41025,Diamond Shoals,6,719842.07410584437,0.001058200161050734,0.00072733717595685433,0.0014638668160996231,0.001249327971266462,319488,156,na_qae_abc,17,2450749373
41025,Diamond Shoals,7,718805.2531345468,0.00099370015807083846,0.00068028638210995088,0.0013753466532721804,0.0012957326895426848,368640,180,na_qae_abc,17,2450749373
41025,Diamond Shoals,8,718805.2531345468,0.00099370015807083846,0.00068028638210995088,0.0013753466532721804,0.0012957326895426848,417792,204,na_qae_abc,17,2450749373
41025,Diamond Shoals,9,688024.60980241129,0.00089691471493533127,0.00059874884350377927,0.0012601907936826138,0.0010857941499080811,466944,228,na_qae_abc,17,2450749373
41025,Diamond Shoals,10,698439.16072314861,0.00089400155186336074,0.00059377986788622687,0.0012612673359828244,0.00099260315400613456,516096,252,na_qae_abc,17,2450749373
41025,Diamond Shoals,11,688862.36036723864,0.00082647446976212059,0.00054256187773832527,0.0011734199127252229,0.0010865868041707661,565248,276,na_qae_abc,17,2450749373
41025,Diamond Shoals,12,698068.80719780317,0.00060536541677871415,0.00036166689668615091,0.00091367064166883157,0.0010654555053419721,614400,300,na_qae_abc,17,2450749373
41025,Diamond Shoals,13,698068.80719780317,0.00060536541677871415,0.00036166689668615091,0.00091367064166883157,0.0010654555053419721,663552,324,na_qae_abc,17,2450749373
41025,Diamond Shoals,14,698068.80719780317,0.00060536541677871415,0.00036166689668615091,0.00091367064166883157,0.0010654555053419721,712704,348,na_qae_abc,17,2450749373
41025,Diamond Shoals,15,698068.80719780317,0.00060536541677871415,0.00036166689668615091,0.00091367064166883157,0.0010654555053419721,761856,372,na_qae_abc,17,2450749373
41025,Diamond Shoals,16,698068.80719780317,0.00060536541677871415,0.00036166689668615091,0.00091367064166883157,0.0010654555053419721,811008,396,na_qae_abc,17,2450749373
41025,Diamond Shoals,17,698068.80719780317,0.00060536541677871415,0.00036166689668615091,0.00091367064166883157,0.0010654555053419721,860160,420,na_qae_abc,17,2450749373
41025,Diamond Shoals,18,698068.80719780317,0.00060536541677871415,0.00036166689668615091,0.00091367064166883157,0.0010654555053419721,909312,444,na_qae_abc,17,2450749373
41025,Diamond Shoals,19,698068.80719780317,0.00060536541677871415,0.00036166689668615091,0.00091367064166883157,0.0010654555053419721,960512,469,na_qae_abc,17,2450749373
41025,Diamond Shoals,20,698068.80719780317,0.00060536541677871415,0.00036166689668615091,0.00091367064166883157,0.0010654555053419721,1009664,493,na_qae_abc,17,2450749373
41025,Diamond Shoals,21,698068.80719780317,0.00060536541677871415,0.00036166689668615091,0.00091367064166883157,0.0010654555053419721,1058816,517,na_qae_abc,17,2450749373
41025,Diamond Shoals,22,698068.80719780317,0.00060536541677871415,0.00036166689668615091,0.00091367064166883157,0.0010654555053419721,1107968,541,na_qae_abc,17,2450749373
41025,Diamond Shoals,23,698068.80719780317,0.00060536541677871415,0.00036166689668615091,0.00091367064166883157,0.0010654555053419721,1157120,565,na_qae_abc,17,2450749373
41025,Diamond Shoals,24,698068.80719780317,0.00060536541677871415,0.00036166689668615091,0.00091367064166883157,0.0010654555053419721,1206272,589,na_qae_abc,17,2450749373
41025,Diamond Shoals,25,698068.80719780317,0.00060536541677871415,0.00036166689668615091,0.00091367064166883157,0.0010654555053419721,1255424,613,na_qae_abc,17,2450749373
41025,Diamond Shoals,26,698068.80719780317,0.00060536541677871415,0.00036166689668615091,0.00091367064166883157,0.0010654555053419721,1304576,637,na_qae_abc,17,2450749373
41025,Diamond Shoals,27,698068.80719780317,0.00060536541677871415,0.00036166689668615091,0.00091367064166883157,0.0010654555053419721,1353728,661,na_qae_abc,17,2450749373
41025,Diamond Shoals,28,698068.80719780317,0.00060536541677871415,0.00036166689668615091,0.00091367064166883157,0.0010654555053419721,1402880,685,na_qae_abc,17,2450749373
41025,Diamond Shoals,29,698068.80719780317,0.00060536541677871415,0.00036166689668615091,0.00091367064166883157,0.0010654555053419721,1452032,709,na_qae_abc,17,2450749373
41025,Diamond Shoals,30,698068.80719780317,0.00060536541677871415,0.00036166689668615091,0.00091367064166883157,0.0010654555053419721,1501184,733,na_qae_abc,17,2450749373
41025,Diamond Shoals,31,713789.47902957525,0.00053206973781293578,0.00031016664523425682,0.0008111618294821296,0.0010244865054814375,1550336,757,na_qae_abc,17,2450749373
41025,Diamond Shoals,32,713789.47902957525,0.00053206973781293578,0.00031016664523425682,0.0008111618294821296,0.0010244865054814375,1599488,781,na_qae_abc,17,2450749373
41025,Diamond Shoals,33,713789.47902957525,0.00053206973781293578,0.00031016664523425682,0.0008111618294821296,0.0010244865054814375,1648640,805,na_qae_abc,17,2450749373
41025,Diamond Shoals,34,713789.47902957525,0.00053206973781293578,0.00031016664523425682,0.0008111618294821296,0.0010244865054814375,1697792,829,na_qae_abc,17,2450749373
41025,Diamond Shoals,35,713789.47902957525,0.00053206973781293578,0.00031016664523425682,0.0008111618294821296,0.0010244865054814375,1746944,853,na_qae_abc,17,2450749373
41025,Diamond Shoals,36,713789.47902957525,0.00053206973781293578,0.00031016664523425682,0.0008111618294821296,0.0010244865054814375,1798144,878,na_qae_abc,17,2450749373
41025,Diamond Shoals,37,713789.47902957525,0.00053206973781293578,0.00031016664523425682,0.0008111618294821296,0.0010244865054814375,1847296,902,na_qae_abc,17,2450749373
41025,Diamond Shoals,38,713789.47902957525,0.00053206973781293578,0.00031016664523425682,0.0008111618294821296,0.0010244865054814375,1896448,926,na_qae_abc,17,2450749373
41025,Diamond Shoals,39,713789.47902957525,0.00053206973781293578,0.00031016664523425682,0.0008111618294821296,0.0010244865054814375,1947648,951,na_qae_abc,17,2450749373
41025,Diamond Shoals,40,713789.47902957525,0.00053206973781293578,0.00031016664523425682,0.0008111618294821296,0.0010244865054814375,2000896,977,na_qae_abc,17,2450749373
41025,Diamond Shoals,1,625668.86818904348,0.001760335143912595,0.0012607765406086558,0.0026221505040085768,0.0021426478639258164,73728,36,na_qae_abc,18,2025468229
41025,Diamond Shoals,2,626152.39849989896,0.0015643797995682446,0.0011188446298112384,0.0022777746336384887,0.0020084225176720317,122880,60,na_qae_abc,18,2025468229
41025,Diamond Shoals,3,692592.13834383653,0.0012525603090565364,0.00087809209185799432,0.0017252616238677264,0.0014000442228108271,172032,84,na_qae_abc,18,2025468229
41025,Diamond Shoals,4,656726.14423069777,0.001011362806327476,0.0006889336593431045,0.0014069601802681713,0.001545808060018142,221184,108,na_qae_abc,18,2025468229
41025,Diamond Shoals,5,656726.14423069777,0.001011362806327476,0.0006889336593431045,0.0014069601802681713,0.001545808060018142,270336,132,na_qae_abc,18,2025468229
41025,Diamond Shoals,6,646060.00959582115,0.00084803571863194249,0.00055736777697788472,0.0012029899546464327,0.0014416906498875412,319488,156,na_qae_abc,18,2025468229
41025,Diamond Shoals,7,701414.55877253425,0.00078688161171729944,0.00050820662726420529,0.0011280522770628501,0.0011582777811207888,368640,180,na_qae_abc,18,2025468229
41025,Diamond Shoals,8,701414.55877253425,0.00078688161171729944,0.00050820662726420529,0.0011280522770628501,0.0011582777811207888,417792,204,na_qae_abc,18,2025468229
41025,Diamond Shoals,9,701414.55877253425,0.00078688161171729944,0.00050820662726420529,0.0011280522770628501,0.0011582777811207888,466944,228,na_qae_abc,18,2025468229
41025,Diamond Shoals,10,701414.55877253425,0.00078688161171729944,0.00050820662726420529,0.0011280522770628501,0.0011582777811207888,516096,252,na_qae_abc,18,2025468229
41025,Diamond Shoals,11,701414.55877253425,0.00078688161171729944,0.00050820662726420529,0.0011280522770628501,0.0011582777811207888,565248,276,na_qae_abc,18,2025468229
41025,Diamond Shoals,12,701414.55877253425,0.00078688161171729944,0.00050820662726420529,0.0011280522770628501,0.0011582777811207888,614400,300,na_qae_abc,18,2025468229
41025,Diamond Shoals,13,670860.06355137762,0.00074808317973663831,0.00048007388916976898,0.0010770308827059729,0.0013223293976891903,663552,324,na_qae_abc,18,2025468229
41025,Diamond Shoals,14,670860.06355137762,0.00074808317973663831,0.00048007388916976898,0.0010770308827059729,0.0013223293976891903,712704,348,na_qae_abc,18,2025468229
41025,Diamond Shoals,15,670860.06355137762,0.00074808317973663831,0.00048007388916976898,0.0010770308827059729,0.0013223293976891903,761856,372,na_qae_abc,18,2025468229
41025,Diamond Shoals,16,670860.06355137762,0.00074808317973663831,0.00048007388916976898,0.0010770308827059729,0.0013223293976891903,811008,396,na_qae_abc,18,2025468229
41025,Diamond Shoals,17,670860.06355137762,0.00074808317973663831,0.00048007388916976898,0.0010770308827059729,0.0013223293976891903,860160,420,na_qae_abc,18,2025468229
41025,Diamond Shoals,18,670860.06355137762,0.00074808317973663831,0.00048007388916976898,0.0010770308827059729,0.0013223293976891903,909312,444,na_qae_abc,18,2025468229
41025,Diamond Shoals,19,670860.06355137762,0.00074808317973663831,0.00048007388916976898,0.0010770308827059729,0.0013223293976891903,958464,468,na_qae_abc,18,2025468229
41025,Diamond Shoals,20,659819.25052386092,0.00073629258178481633,0.00047146986278484283,0.0010600407009121366,0.0010315747903655614,1007616,492,na_qae_abc,18,2025468229
41025,Diamond Shoals,21,659819.25052386092,0.00073629258178481633,0.00047146986278484283,0.0010600407009121366,0.0010315747903655614,1056768,516,na_qae_abc,18,2025468229
41025,Diamond Shoals,22,658757.54944067856,0.0006854429518940424,0.00043059958909469614,0.00099825203991655859,0.0010686183080101253,1105920,540,na_qae_abc,18,2025468229
41025,Diamond Shoals,23,658757.54944067856,0.0006854429518940424,0.00043059958909469614,0.00099825203991655859,0.0010686183080101253,1155072,564,na_qae_abc,18,2025468229
41025,Diamond Shoals,24,658757.54944067856,0.0006854429518940424,0.00043059958909469614,0.00099825203991655859,0.0010686183080101253,1206272,589,na_qae_abc,18,2025468229
41025,Diamond Shoals,25,661033.67713852844,0.00066238511971756608,0.00041459200140077666,0.00096608822187453029,0.0010851873879407651,1255424,613,na_qae_abc,18,2025468229
41025,Diamond Shoals,26,661033.67713852844,0.00066238511971756608,0.00041459200140077666,0.00096608822187453029,0.0010851873879407651,1304576,637,na_qae_abc,18,2025468229
41025,Diamond Shoals,27,661033.67713852844,0.00066238511971756608,0.00041459200140077666,0.00096608822187453029,0.0010851873879407651,1353728,661,na_qae_abc,18,2025468229
41025,Diamond Shoals,28,668840.69203785295,0.00058295120718249724,0.00034946254678128652,0.0008736349627137313,0.0010081238962243015,1402880,685,na_qae_abc,18,2025468229
41025,Diamond Shoals,29,668840.69203785295,0.00058295120718249724,0.00034946254678128652,0.0008736349627137313,0.0010081238962243015,1452032,709,na_qae_abc,18,2025468229
41025,Diamond Shoals,30,668840.69203785295,0.00058295120718249724,0.00034946254678128652,0.0008736349627137313,0.0010081238962243015,1501184,733,na_qae_abc,18,2025468229
41025,Diamond Shoals,31,668840.69203785295,0.00058295120718249724,0.00034946254678128652,0.0008736349627137313,0.0010081238962243015,1550336,757,na_qae_abc,18,2025468229
41025,Diamond Shoals,32,668840.69203785295,0.00058295120718249724,0.00034946254678128652,0.0008736349627137313,0.0010081238962243015,1599488,781,na_qae_abc,18,2025468229
41025,Diamond Shoals,33,668840.69203785295,0.00058295120718249724,0.00034946254678128652,0.0008736349627137313,0.0010081238962243015,1648640,805,na_qae_abc,18,2025468229
41025,Diamond Shoals,34,668840.69203785295,0.00058295120718249724,0.00034946254678128652,0.0008736349627137313,0.0010081238962243015,1697792,829,na_qae_abc,18,2025468229
41025,Diamond Shoals,35,668840.69203785295,0.00058295120718249724,0.00034946254678128652,0.0008736349627137313,0.0010081238962243015,1746944,853,na_qae_abc,18,2025468229
41025,Diamond Shoals,36,657092.72293735447,0.00057546772686261976,0.00034402957701299992,0.00086603719660836886,0.0010986916239180281,1796096,877,na_qae_abc,18,2025468229
41025,Diamond Shoals,37,657092.72293735447,0.00057546772686261976,0.00034402957701299992,0.00086603719660836886,0.0010986916239180281,1845248,901,na_qae_abc,18,2025468229
41025,Diamond Shoals,38,657092.72293735447,0.00057546772686261976,0.00034402957701299992,0.00086603719660836886,0.0010986916239180281,1894400,925,na_qae_abc,18,2025468229
41025,Diamond Shoals,39,657092.72293735447,0.00057546772686261976,0.00034402957701299992,0.00086603719660836886,0.0010986916239180281,1945600,950,na_qae_abc,18,2025468229
41025,Diamond Shoals,40,657092.72293735447,0.00057546772686261976,0.00034402957701299992,0.00086603719660836886,0.0010986916239180281,1996800,975,na_qae_abc,18,2025468229
41025,Diamond Shoals,1,699822.69880418421,0.0020899954797174484,0.0014778643961190136,0.0029250935571582845,0.0026113312848721681,73728,36,na_qae_abc,19,1138364709
41025,Diamond Shoals,2,699822.69880418421,0.0020899954797174484,0.0014778643961190136,0.0029250935571582845,0.0026113312848721681,122880,60,na_qae_abc,19,1138364709
41025,Diamond Shoals,3,648156.90066708601,0.0017534876349585256,0.0012405718050340019,0.0034407611543536679,0.0022591802441265661,172032,84,na_qae_abc,19,1138364709
41025,Diamond Shoals,4,615390.91860399605,0.0012450808243874606,0.00087901243685528782,0.0017136246588209945,0.0017400800526214178,221184,108,na_qae_abc,19,1138364709
41025,Diamond Shoals,5,648014.51534269063,0.00097199526148371654,0.00065884474280458868,0.0013541650010785433,0.0015415891538826116,270336,132,na_qae_abc,19,1138364709
41025,Diamond Shoals,6,648014.51534269063,0.00097199526148371654,0.00065884474280458868,0.0013541650010785433,0.0015415891538826116,319488,156,na_qae_abc,19,1138364709
41025,Diamond Shoals,7,648014.51534269063,0.00097199526148371654,0.00065884474280458868,0.0013541650010785433,0.0015415891538826116,368640,180,na_qae_abc,19,1138364709
41025,Diamond Shoals,8,648014.51534269063,0.00097199526148371654,0.00065884474280458868,0.0013541650010785433,0.0015415891538826116,417792,204,na_qae_abc,19,1138364709
41025,Diamond Shoals,9,648014.51534269063,0.00097199526148371654,0.00065884474280458868,0.0013541650010785433,0.0015415891538826116,466944,228,na_qae_abc,19,1138364709
41025,Diamond Shoals,10,648014.51534269063,0.00097199526148371654,0.00065884474280458868,0.0013541650010785433,0.0015415891538826116,516096,252,na_qae_abc,19,1138364709
41025,Diamond Shoals,11,648014.51534269063,0.00097199526148371654,0.00065884474280458868,0.0013541650010785433,0.0015415891538826116,565248,276,na_qae_abc,19,1138364709
41025,Diamond Shoals,12,695585.42423262843,0.00096501642319101887,0.00065865870788403243,0.0013368530675141376,0.0011966934034587037,614400,300,na_qae_abc,19,1138364709
41025,Diamond Shoals,13,701085.24250114325,0.00082368643362789478,0.00053852668408982624,0.0011733659445671812,0.0011426393091740438,663552,324,na_qae_abc,19,1138364709
41025,Diamond Shoals,14,701085.24250114325,0.00082368643362789478,0.00053852668408982624,0.0011733659445671812,0.0011426393091740438,712704,348,na_qae_abc,19,1138364709
41025,Diamond Shoals,15,701085.24250114325,0.00082368643362789478,0.00053852668408982624,0.0011733659445671812,0.0011426393091740438,761856,372,na_qae_abc,19,1138364709
41025,Diamond Shoals,16,701085.24250114325,0.00082368643362789478,0.00053852668408982624,0.0011733659445671812,0.0011426393091740438,811008,396,na_qae_abc,19,1138364709
41025,Diamond Shoals,17,701085.24250114325,0.00082368643362789478,0.00053852668408982624,0.0011733659445671812,0.0011426393091740438,860160,420,na_qae_abc,19,1138364709
41025,Diamond Shoals,18,701085.24250114325,0.00082368643362789478,0.00053852668408982624,0.0011733659445671812,0.0011426393091740438,909312,444,na_qae_abc,19,1138364709
41025,Diamond Shoals,19,701085.24250114325,0.00082368643362789478,0.00053852668408982624,0.0011733659445671812,0.0011426393091740438,958464,468,na_qae_abc,19,1138364709
41025,Diamond Shoals,20,696389.8969370618,0.0008126986191304619,0.00053099889661262722,0.0011569042822501818,0.0010568591328218723,1007616,492,na_qae_abc,19,1138364709
41025,Diamond Shoals,21,707265.83274704393,0.00078271023685361207,0.00050141700792654667,0.0011299526652259302,0.0010101387961309874,1056768,516,na_qae_abc,19,1138364709
41025,Diamond Shoals,22,707265.83274704393,0.00078271023685361207,0.00050141700792654667,0.0011299526652259302,0.0010101387961309874,1105920,540,na_qae_abc,19,1138364709
41025,Diamond Shoals,23,704235.32445463026,0.00071949105069036971,0.0004592659792506917,0.0010372979836371777,0.0010067351224694152,1155072,564,na_qae_abc,19,1138364709
41025,Diamond Shoals,24,704235.32445463026,0.00071949105069036971,0.0004592659792506917,0.0010372979836371777,0.0010067351224694152,1204224,588,na_qae_abc,19,1138364709
41025,Diamond Shoals,25,655186.87157635402,0.0006716363138410278,0.00041883659589001687,0.00098445651981861186,0.0010298092962524638,1253376,612,na_qae_abc,19,1138364709
41025,Diamond Shoals,26,655186.87157635402,0.0006716363138410278,0.00041883659589001687,0.00098445651981861186,0.0010298092962524638,1302528,636,na_qae_abc,19,1138364709
41025,Diamond Shoals,27,655186.87157635402,0.0006716363138410278,0.00041883659589001687,0.00098445651981861186,0.0010298092962524638,1351680,660,na_qae_abc,19,1138364709
41025,Diamond Shoals,28,655186.87157635402,0.0006716363138410278,0.00041883659589001687,0.00098445651981861186,0.0010298092962524638,1400832,684,na_qae_abc,19,1138364709
41025,Diamond Shoals,29,655186.87157635402,0.0006716363138410278,0.00041883659589001687,0.00098445651981861186,0.0010298092962524638,1449984,708,na_qae_abc,19,1138364709
41025,Diamond Shoals,30,691099.76759568544,0.00046726495496076433,0.0002563629135783821,0.00073818971400149876,0.0010060942277731048,1499136,732,na_qae_abc,19,1138364709
41025,Diamond Shoals,31,691099.76759568544,0.00046726495496076433,0.0002563629135783821,0.00073818971400149876,0.0010060942277731048,1548288,756,na_qae_abc,19,1138364709
41025,Diamond Shoals,32,691099.76759568544,0.00046726495496076433,0.0002563629135783821,0.00073818971400149876,0.0010060942277731048,1597440,780,na_qae_abc,19,1138364709
41025,Diamond Shoals,33,691099.76759568544,0.00046726495496076433,0.0002563629135783821,0.00073818971400149876,0.0010060942277731048,1646592,804,na_qae_abc,19,1138364709
41025,Diamond Shoals,34,691099.76759568544,0.00046726495496076433,0.0002563629135783821,0.00073818971400149876,0.0010060942277731048,1695744,828,na_qae_abc,19,1138364709
41025,Diamond Shoals,35,691099.76759568544,0.00046726495496076433,0.0002563629135783821,0.00073818971400149876,0.0010060942277731048,1746944,853,na_qae_abc,19,1138364709
41025,Diamond Shoals,36,691099.76759568544,0.00046726495496076433,0.0002563629135783821,0.00073818971400149876,0.0010060942277731048,1796096,877,na_qae_abc,19,1138364709
41025,Diamond Shoals,37,691099.76759568544,0.00046726495496076433,0.0002563629135783821,0.00073818971400149876,0.0010060942277731048,1845248,901,na_qae_abc,19,1138364709
41025,Diamond Shoals,38,691099.76759568544,0.00046726495496076433,0.0002563629135783821,0.00073818971400149876,0.0010060942277731048,1894400,925,na_qae_abc,19,1138364709
41025,Diamond Shoals,39,691099.76759568544,0.00046726495496076433,0.0002563629135783821,0.00073818971400149876,0.0010060942277731048,1943552,949,na_qae_abc,19,1138364709
41025,Diamond Shoals,40,691099.76759568544,0.00046726495496076433,0.0002563629135783821,0.00073818971400149876,0.0010060942277731048,1992704,973,na_qae_abc,19,1138364709
41025,Diamond Shoals,1,740693.38721968781,0.0011516429984018005,0.00080188056772181274,0.0015871043694013489,0.0015261304660199346,73728,36,na_qae_abc,20,2047542432
41025,Diamond Shoals,2,723027.3892069601,0.00099566157384526829,0.00067852988708167069,0.0013832444176855075,0.0010940707636371166,122880,60,na_qae_abc,20,2047542432
41025,Diamond Shoals,3,718077.7405986255,0.00080183928992371572,0.00052216949553820504,0.0011446331492433598,0.0010616906356214588,172032,84,na_qae_abc,20,2047542432
41025,Diamond Shoals,4,718077.7405986255,0.00080183928992371572,0.00052216949553820504,0.0011446331492433598,0.0010616906356214588,221184,108,na_qae_abc,20,2047542432
41025,Diamond Shoals,5,718077.7405986255,0.00080183928992371572,0.00052216949553820504,0.0011446331492433598,0.0010616906356214588,270336,132,na_qae_abc,20,2047542432
41025,Diamond Shoals,6,718077.7405986255,0.00080183928992371572,0.00052216949553820504,0.0011446331492433598,0.0010616906356214588,319488,156,na_qae_abc,20,2047542432
41025,Diamond Shoals,7,729488.66899036639,0.00068776219269977906,0.00043251832780225735,0.0010012414953499684,0.0011316999887998043,368640,180,na_qae_abc,20,2047542432
41025,Diamond Shoals,8,729488.66899036639,0.00068776219269977906,0.00043251832780225735,0.0010012414953499684,0.0011316999887998043,417792,204,na_qae_abc,20,2047542432
41025,Diamond Shoals,9,729488.66899036639,0.00068776219269977906,0.00043251832780225735,0.0010012414953499684,0.0011316999887998043,466944,228,na_qae_abc,20,2047542432
41025,Diamond Shoals,10,729488.66899036639,0.00068776219269977906,0.00043251832780225735,0.0010012414953499684,0.0011316999887998043,516096,252,na_qae_abc,20,2047542432
41025,Diamond Shoals,11,729488.66899036639,0.00068776219269977906,0.00043251832780225735,0.0010012414953499684,0.0011316999887998043,565248,276,na_qae_abc,20,2047542432
41025,Diamond Shoals,12,729488.66899036639,0.00068776219269977906,0.00043251832780225735,0.0010012414953499684,0.0011316999887998043,614400,300,na_qae_abc,20,2047542432
41025,Diamond Shoals,13,707357.15432413237,0.00068074697711414131,0.00042526493124359603,0.000996211082482195,0.0010335604912279531,663552,324,na_qae_abc,20,2047542432
41025,Diamond Shoals,14,707357.15432413237,0.00068074697711414131,0.00042526493124359603,0.000996211082482195,0.0010335604912279531,712704,348,na_qae_abc,20,2047542432
41025,Diamond Shoals,15,707357.15432413237,0.00068074697711414131,0.00042526493124359603,0.000996211082482195,0.0010335604912279531,761856,372,na_qae_abc,20,2047542432
41025,Diamond Shoals,16,707357.15432413237,0.00068074697711414131,0.00042526493124359603,0.000996211082482195,0.0010335604912279531,811008,396,na_qae_abc,20,2047542432
41025,Diamond Shoals,17,707357.15432413237,0.00068074697711414131,0.00042526493124359603,0.000996211082482195,0.0010335604912279531,860160,420,na_qae_abc,20,2047542432
41025,Diamond Shoals,18,707357.15432413237,0.00068074697711414131,0.00042526493124359603,0.000996211082482195,0.0010335604912279531,911360,445,na_qae_abc,20,2047542432
41025,Diamond Shoals,19,707357.15432413237,0.00068074697711414131,0.00042526493124359603,0.000996211082482195,0.0010335604912279531,960512,469,na_qae_abc,20,2047542432
41025,Diamond Shoals,20,707357.15432413237,0.00068074697711414131,0.00042526493124359603,0.000996211082482195,0.0010335604912279531,1009664,493,na_qae_abc,20,2047542432
41025,Diamond Shoals,21,688312.69001074508,0.00055173081991585781,0.00032370238258466462,0.00083899983854545388,0.00092068840966199141,1058816,517,na_qae_abc,20,2047542432
41025,Diamond Shoals,22,688312.69001074508,0.00055173081991585781,0.00032370238258466462,0.00083899983854545388,0.00092068840966199141,1107968,541,na_qae_abc,20,2047542432
41025,Diamond Shoals,23,688312.69001074508,0.00055173081991585781,0.00032370238258466462,0.00083899983854545388,0.00092068840966199141,1157120,565,na_qae_abc,20,2047542432
41025,Diamond Shoals,24,688312.69001074508,0.00055173081991585781,0.00032370238258466462,0.00083899983854545388,0.00092068840966199141,1206272,589,na_qae_abc,20,2047542432
41025,Diamond Shoals,25,688312.69001074508,0.00055173081991585781,0.00032370238258466462,0.00083899983854545388,0.00092068840966199141,1257472,614,na_qae_abc,20,2047542432
41025,Diamond Shoals,26,688312.69001074508,0.00055173081991585781,0.00032370238258466462,0.00083899983854545388,0.00092068840966199141,1306624,638,na_qae_abc,20,2047542432
41025,Diamond Shoals,27,688312.69001074508,0.00055173081991585781,0.00032370238258466462,0.00083899983854545388,0.00092068840966199141,1359872,664,na_qae_abc,20,2047542432
41025,Diamond Shoals,28,688312.69001074508,0.00055173081991585781,0.00032370238258466462,0.00083899983854545388,0.00092068840966199141,1409024,688,na_qae_abc,20,2047542432
41025,Diamond Shoals,29,688312.69001074508,0.00055173081991585781,0.00032370238258466462,0.00083899983854545388,0.00092068840966199141,1458176,712,na_qae_abc,20,2047542432
41025,Diamond Shoals,30,688312.69001074508,0.00055173081991585781,0.00032370238258466462,0.00083899983854545388,0.00092068840966199141,1507328,736,na_qae_abc,20,2047542432
41025,Diamond Shoals,31,688312.69001074508,0.00055173081991585781,0.00032370238258466462,0.00083899983854545388,0.00092068840966199141,1558528,761,na_qae_abc,20,2047542432
41025,Diamond Shoals,32,688312.69001074508,0.00055173081991585781,0.00032370238258466462,0.00083899983854545388,0.00092068840966199141,1607680,785,na_qae_abc,20,2047542432
41025,Diamond Shoals,33,688312.69001074508,0.00055173081991585781,0.00032370238258466462,0.00083899983854545388,0.00092068840966199141,1656832,809,na_qae_abc,20,2047542432
41025,Diamond Shoals,34,673031.7261908151,0.00053013566358968824,0.0003067450947596484,0.00081337204197131675,0.00092244433435678306,1705984,833,na_qae_abc,20,2047542432
41025,Diamond Shoals,35,673031.7261908151,0.00053013566358968824,0.0003067450947596484,0.00081337204197131675,0.00092244433435678306,1755136,857,na_qae_abc,20,2047542432
41025,Diamond Shoals,36,673031.7261908151,0.00053013566358968824,0.0003067450947596484,0.00081337204197131675,0.00092244433435678306,1804288,881,na_qae_abc,20,2047542432
41025,Diamond Shoals,37,673031.7261908151,0.00053013566358968824,0.0003067450947596484,0.00081337204197131675,0.00092244433435678306,1853440,905,na_qae_abc,20,2047542432
41025,Diamond Shoals,38,673031.7261908151,0.00053013566358968824,0.0003067450947596484,0.00081337204197131675,0.00092244433435678306,1902592,929,na_qae_abc,20,2047542432
41025,Diamond Shoals,39,673031.7261908151,0.00053013566358968824,0.0003067450947596484,0.00081337204197131675,0.00092244433435678306,1951744,953,na_qae_abc,20,2047542432
41025,Diamond Shoals,40,673031.7261908151,0.00053013566358968824,0.0003067450947596484,0.00081337204197131675,0.00092244433435678306,2002944,978,na_qae_abc,20,2047542432
41025,Diamond Shoals,1,694331.46218917624,0.0014564277516096007,0.0010462589659431584,0.0033051796666724734,0.0016986647882632263,73728,36,na_qae_abc,21,1320218597
41025,Diamond Shoals,2,694331.46218917624,0.0014564277516096007,0.0010462589659431584,0.0033051796666724734,0.0016986647882632263,122880,60,na_qae_abc,21,1320218597
41025,Diamond Shoals,3,668943.77749521984,0.0010652350402117923,0.000730860514263384,0.0014758978084136851,0.0012785980855987489,172032,84,na_qae_abc,21,1320218597
41025,Diamond Shoals,4,679685.31549590128,0.00082049417290254423,0.00054131507973989741,0.0011590526410301815,0.0010595376573022104,221184,108,na_qae_abc,21,1320218597
41025,Diamond Shoals,5,679685.31549590128,0.00082049417290254423,0.00054131507973989741,0.0011590526410301815,0.0010595376573022104,270336,132,na_qae_abc,21,1320218597
41025,Diamond Shoals,6,679685.31549590128,0.00082049417290254423,0.00054131507973989741,0.0011590526410301815,0.0010595376573022104,319488,156,na_qae_abc,21,1320218597
41025,Diamond Shoals,7,689686.67034673807,0.0005728987980691048,0.00034045416348960338,0.00086465895251909184,0.0009570661530792934,368640,180,na_qae_abc,21,1320218597
41025,Diamond Shoals,8,689686.67034673807,0.0005728987980691048,0.00034045416348960338,0.00086465895251909184,0.0009570661530792934,417792,204,na_qae_abc,21,1320218597
41025,Diamond Shoals,9,689686.67034673807,0.0005728987980691048,0.00034045416348960338,0.00086465895251909184,0.0009570661530792934,466944,228,na_qae_abc,21,1320218597
41025,Diamond Shoals,10,689686.67034673807,0.0005728987980691048,0.00034045416348960338,0.00086465895251909184,0.0009570661530792934,516096,252,na_qae_abc,21,1320218597
41025,Diamond Shoals,11,689686.67034673807,0.0005728987980691048,0.00034045416348960338,0.00086465895251909184,0.0009570661530792934,565248,276,na_qae_abc,21,1320218597
41025,Diamond Shoals,12,689686.67034673807,0.0005728987980691048,0.00034045416348960338,0.00086465895251909184,0.0009570661530792934,614400,300,na_qae_abc,21,1320218597
41025,Diamond Shoals,13,689686.67034673807,0.0005728987980691048,0.00034045416348960338,0.00086465895251909184,0.0009570661530792934,665600,325,na_qae_abc,21,1320218597
41025,Diamond Shoals,14,689686.67034673807,0.0005728987980691048,0.00034045416348960338,0.00086465895251909184,0.0009570661530792934,714752,349,na_qae_abc,21,1320218597
41025,Diamond Shoals,15,689686.67034673807,0.0005728987980691048,0.00034045416348960338,0.00086465895251909184,0.0009570661530792934,763904,373,na_qae_abc,21,1320218597
41025,Diamond Shoals,16,689686.67034673807,0.0005728987980691048,0.00034045416348960338,0.00086465895251909184,0.0009570661530792934,813056,397,na_qae_abc,21,1320218597
41025,Diamond Shoals,17,689686.67034673807,0.0005728987980691048,0.00034045416348960338,0.00086465895251909184,0.0009570661530792934,862208,421,na_qae_abc,21,1320218597
41025,Diamond Shoals,18,689686.67034673807,0.0005728987980691048,0.00034045416348960338,0.00086465895251909184,0.0009570661530792934,911360,445,na_qae_abc,21,1320218597
41025,Diamond Shoals,19,689686.67034673807,0.0005728987980691048,0.00034045416348960338,0.00086465895251909184,0.0009570661530792934,960512,469,na_qae_abc,21,1320218597
41025,Diamond Shoals,20,689686.67034673807,0.0005728987980691048,0.00034045416348960338,0.00086465895251909184,0.0009570661530792934,1009664,493,na_qae_abc,21,1320218597
41025,Diamond Shoals,21,689686.67034673807,0.0005728987980691048,0.00034045416348960338,0.00086465895251909184,0.0009570661530792934,1058816,517,na_qae_abc,21,1320218597
41025,Diamond Shoals,22,687367.11814729788,0.00050080750903577255,0.0002834635526430031,0.00077720460025461238,0.00091690142322501549,1107968,541,na_qae_abc,21,1320218597
41025,Diamond Shoals,23,687367.11814729788,0.00050080750903577255,0.0002834635526430031,0.00077720460025461238,0.00091690142322501549,1157120,565,na_qae_abc,21,1320218597
41025,Diamond Shoals,24,687367.11814729788,0.00050080750903577255,0.0002834635526430031,0.00077720460025461238,0.00091690142322501549,1206272,589,na_qae_abc,21,1320218597
41025,Diamond Shoals,25,687367.11814729788,0.00050080750903577255,0.0002834635526430031,0.00077720460025461238,0.00091690142322501549,1255424,613,na_qae_abc,21,1320218597
41025,Diamond Shoals,26,687367.11814729788,0.00050080750903577255,0.0002834635526430031,0.00077720460025461238,0.00091690142322501549,1304576,637,na_qae_abc,21,1320218597
41025,Diamond Shoals,27,687367.11814729788,0.00050080750903577255,0.0002834635526430031,0.00077720460025461238,0.00091690142322501549,1355776,662,na_qae_abc,21,1320218597
41025,Diamond Shoals,28,687367.11814729788,0.00050080750903577255,0.0002834635526430031,0.00077720460025461238,0.00091690142322501549,1404928,686,na_qae_abc,21,1320218597
41025,Diamond Shoals,29,687367.11814729788,0.00050080750903577255,0.0002834635526430031,0.00077720460025461238,0.00091690142322501549,1454080,710,na_qae_abc,21,1320218597
41025,Diamond Shoals,30,687367.11814729788,0.00050080750903577255,0.0002834635526430031,0.00077720460025461238,0.00091690142322501549,1505280,735,na_qae_abc,21,1320218597
41025,Diamond Shoals,31,687367.11814729788,0.00050080750903577255,0.0002834635526430031,0.00077720460025461238,0.00091690142322501549,1554432,759,na_qae_abc,21,1320218597
41025,Diamond Shoals,32,687367.11814729788,0.00050080750903577255,0.0002834635526430031,0.00077720460025461238,0.00091690142322501549,1603584,783,na_qae_abc,21,1320218597
41025,Diamond Shoals,33,687367.11814729788,0.00050080750903577255,0.0002834635526430031,0.00077720460025461238,0.00091690142322501549,1652736,807,na_qae_abc,21,1320218597
41025,Diamond Shoals,34,687367.11814729788,0.00050080750903577255,0.0002834635526430031,0.00077720460025461238,0.00091690142322501549,1701888,831,na_qae_abc,21,1320218597
41025,Diamond Shoals,35,687367.11814729788,0.00050080750903577255,0.0002834635526430031,0.00077720460025461238,0.00091690142322501549,1751040,855,na_qae_abc,21,1320218597
41025,Diamond Shoals,36,687367.11814729788,0.00050080750903577255,0.0002834635526430031,0.00077720460025461238,0.00091690142322501549,1800192,879,na_qae_abc,21,1320218597
41025,Diamond Shoals,37,687367.11814729788,0.00050080750903577255,0.0002834635526430031,0.00077720460025461238,0.00091690142322501549,1849344,903,na_qae_abc,21,1320218597
41025,Diamond Shoals,38,687367.11814729788,0.00050080750903577255,0.0002834635526430031,0.00077720460025461238,0.00091690142322501549,1898496,927,na_qae_abc,21,1320218597
41025,Diamond Shoals,39,687367.11814729788,0.00050080750903577255,0.0002834635526430031,0.00077720460025461238,0.00091690142322501549,1947648,951,na_qae_abc,21,1320218597
41025,Diamond Shoals,40,687367.11814729788,0.00050080750903577255,0.0002834635526430031,0.00077720460025461238,0.00091690142322501549,1996800,975,na_qae_abc,21,1320218597
41025,Diamond Shoals,1,648730.40883727418,0.0018319401189520442,0.0012898823520471859,0.0031501764088700231,0.0027536112124224325,73728,36,na_qae_abc,22,4258311112
41025,Diamond Shoals,2,715083.11738597462,0.0015496186392456679,0.0011097802274583142,0.002228917258878165,0.0018624332698610054,122880,60,na_qae_abc,22,4258311112
41025,Diamond Shoals,3,684037.32627410337,0.00091062438228756474,0.00061539855465865784,0.0012679695640595719,0.001226489046022055,172032,84,na_qae_abc,22,4258311112
41025,Diamond Shoals,4,679311.21021315048,0.0007660593085673373,0.00049296373806537197,0.001101649768837659,0.0011539125972276811,221184,108,na_qae_abc,22,4258311112
41025,Diamond Shoals,5,679311.21021315048,0.0007660593085673373,0.00049296373806537197,0.001101649768837659,0.0011539125972276811,270336,132,na_qae_abc,22,4258311112
41025,Diamond Shoals,6,679311.21021315048,0.0007660593085673373,0.00049296373806537197,0.001101649768837659,0.0011539125972276811,319488,156,na_qae_abc,22,4258311112
41025,Diamond Shoals,7,679311.21021315048,0.0007660593085673373,0.00049296373806537197,0.001101649768837659,0.0011539125972276811,368640,180,na_qae_abc,22,4258311112
41025,Diamond Shoals,8,679311.21021315048,0.0007660593085673373,0.00049296373806537197,0.001101649768837659,0.0011539125972276811,417792,204,na_qae_abc,22,4258311112
41025,Diamond Shoals,9,679311.21021315048,0.0007660593085673373,0.00049296373806537197,0.001101649768837659,0.0011539125972276811,466944,228,na_qae_abc,22,4258311112
41025,Diamond Shoals,10,679311.21021315048,0.0007660593085673373,0.00049296373806537197,0.001101649768837659,0.0011539125972276811,516096,252,na_qae_abc,22,4258311112
41025,Diamond Shoals,11,679311.21021315048,0.0007660593085673373,0.00049296373806537197,0.001101649768837659,0.0011539125972276811,565248,276,na_qae_abc,22,4258311112
41025,Diamond Shoals,12,679311.21021315048,0.0007660593085673373,0.00049296373806537197,0.001101649768837659,0.0011539125972276811,614400,300,na_qae_abc,22,4258311112
41025,Diamond Shoals,13,653669.50588291092,0.00067734339057961581,0.00042668349776031259,0.00098548683248934356,0.0012800323093740465,663552,324,na_qae_abc,22,4258311112
41025,Diamond Shoals,14,653669.50588291092,0.00067734339057961581,0.00042668349776031259,0.00098548683248934356,0.0012800323093740465,712704,348,na_qae_abc,22,4258311112
41025,Diamond Shoals,15,653669.50588291092,0.00067734339057961581,0.00042668349776031259,0.00098548683248934356,0.0012800323093740465,761856,372,na_qae_abc,22,4258311112
41025,Diamond Shoals,16,653669.50588291092,0.00067734339057961581,0.00042668349776031259,0.00098548683248934356,0.0012800323093740465,811008,396,na_qae_abc,22,4258311112
41025,Diamond Shoals,17,683001.6343125056,0.00064491382853401255,0.00039789286600710663,0.0009507329369254421,0.0011356657131989128,860160,420,na_qae_abc,22,4258311112
41025,Diamond Shoals,18,673914.5586450866,0.00061497156551075375,0.00037081343408576782,0.00092111640482635498,0.00097215200641808666,909312,444,na_qae_abc,22,4258311112
41025,Diamond Shoals,19,673914.5586450866,0.00061497156551075375,0.00037081343408576782,0.00092111640482635498,0.00097215200641808666,958464,468,na_qae_abc,22,4258311112
41025,Diamond Shoals,20,673914.5586450866,0.00061497156551075375,0.00037081343408576782,0.00092111640482635498,0.00097215200641808666,1007616,492,na_qae_abc,22,4258311112
41025,Diamond Shoals,21,673914.5586450866,0.00061497156551075375,0.00037081343408576782,0.00092111640482635498,0.00097215200641808666,1056768,516,na_qae_abc,22,4258311112
41025,Diamond Shoals,22,673914.5586450866,0.00061497156551075375,0.00037081343408576782,0.00092111640482635498,0.00097215200641808666,1105920,540,na_qae_abc,22,4258311112
41025,Diamond Shoals,23,673914.5586450866,0.00061497156551075375,0.00037081343408576782,0.00092111640482635498,0.00097215200641808666,1155072,564,na_qae_abc,22,4258311112
41025,Diamond Shoals,24,673914.5586450866,0.00061497156551075375,0.00037081343408576782,0.00092111640482635498,0.00097215200641808666,1204224,588,na_qae_abc,22,4258311112
41025,Diamond Shoals,25,680679.60568089329,0.0005138067210763384,0.00029445833872686914,0.00079337365553204336,0.00097029508285260643,1253376,612,na_qae_abc,22,4258311112
41025,Diamond Shoals,26,680679.60568089329,0.0005138067210763384,0.00029445833872686914,0.00079337365553204336,0.00097029508285260643,1304576,637,na_qae_abc,22,4258311112
41025,Diamond Shoals,27,680679.60568089329,0.0005138067210763384,0.00029445833872686914,0.00079337365553204336,0.00097029508285260643,1353728,661,na_qae_abc,22,4258311112
41025,Diamond Shoals,28,680679.60568089329,0.0005138067210763384,0.00029445833872686914,0.00079337365553204336,0.00097029508285260643,1404928,686,na_qae_abc,22,4258311112
41025,Diamond Shoals,29,680679.60568089329,0.0005138067210763384,0.00029445833872686914,0.00079337365553204336,0.00097029508285260643,1454080,710,na_qae_abc,22,4258311112
41025,Diamond Shoals,30,680679.60568089329,0.0005138067210763384,0.00029445833872686914,0.00079337365553204336,0.00097029508285260643,1503232,734,na_qae_abc,22,4258311112
41025,Diamond Shoals,31,680679.60568089329,0.0005138067210763384,0.00029445833872686914,0.00079337365553204336,0.00097029508285260643,1554432,759,na_qae_abc,22,4258311112
41025,Diamond Shoals,32,680679.60568089329,0.0005138067210763384,0.00029445833872686914,0.00079337365553204336,0.00097029508285260643,1603584,783,na_qae_abc,22,4258311112
41025,Diamond Shoals,33,680679.60568089329,0.0005138067210763384,0.00029445833872686914,0.00079337365553204336,0.00097029508285260643,1652736,807,na_qae_abc,22,4258311112
41025,Diamond Shoals,34,680679.60568089329,0.0005138067210763384,0.00029445833872686914,0.00079337365553204336,0.00097029508285260643,1701888,831,na_qae_abc,22,4258311112
41025,Diamond Shoals,35,680679.60568089329,0.0005138067210763384,0.00029445833872686914,0.00079337365553204336,0.00097029508285260643,1753088,856,na_qae_abc,22,4258311112
41025,Diamond Shoals,36,680679.60568089329,0.0005138067210763384,0.00029445833872686914,0.00079337365553204336,0.00097029508285260643,1802240,880,na_qae_abc,22,4258311112
41025,Diamond Shoals,37,680679.60568089329,0.0005138067210763384,0.00029445833872686914,0.00079337365553204336,0.00097029508285260643,1851392,904,na_qae_abc,22,4258311112
41025,Diamond Shoals,38,680679.60568089329,0.0005138067210763384,0.00029445833872686914,0.00079337365553204336,0.00097029508285260643,1900544,928,na_qae_abc,22,4258311112
41025,Diamond Shoals,39,680679.60568089329,0.0005138067210763384,0.00029445833872686914,0.00079337365553204336,0.00097029508285260643,1949696,952,na_qae_abc,22,4258311112
41025,Diamond Shoals,40,680679.60568089329,0.0005138067210763384,0.00029445833872686914,0.00079337365553204336,0.00097029508285260643,1998848,976,na_qae_abc,22,4258311112
41025,Diamond Shoals,1,701278.27728889266,0.0021347158247480213,0.0015579375520202957,0.0028360420418982648,0.0023382863564127363,73728,36,na_qae_abc,23,3647640339
41025,Diamond Shoals,2,683105.35566155007,0.0012916033383649037,0.00091709608633845998,0.0017831404152916744,0.0015024890039733855,122880,60,na_qae_abc,23,3647640339
41025,Diamond Shoals,3,736417.24954217556,0.0011190110980671018,0.00077517194180597431,0.001544575291027622,0.0013626631131195823,172032,84,na_qae_abc,23,3647640339
41025,Diamond Shoals,4,687836.01539181184,0.0010677500843647007,0.00073523389640293361,0.0014763082139449427,0.0013745175137886566,221184,108,na_qae_abc,23,3647640339
41025,Diamond Shoals,5,687836.01539181184,0.0010677500843647007,0.00073523389640293361,0.0014763082139449427,0.0013745175137886566,270336,132,na_qae_abc,23,3647640339
41025,Diamond Shoals,6,685187.26015239046,0.0010000270827241504,0.00067879875921381713,0.0013934027261937282,0.001262288371245426,319488,156,na_qae_abc,23,3647640339
41025,Diamond Shoals,7,699670.84324118472,0.00083583124369765579,0.00054497039870521271,0.0011931202845187139,0.0011302184633015808,368640,180,na_qae_abc,23,3647640339
41025,Diamond Shoals,8,721560.85702263564,0.00076113208237444828,0.00048854766841261452,0.0010962810275309768,0.00099756138794427208,417792,204,na_qae_abc,23,3647640339
41025,Diamond Shoals,9,721560.85702263564,0.00076113208237444828,0.00048854766841261452,0.0010962810275309768,0.00099756138794427208,466944,228,na_qae_abc,23,3647640339
41025,Diamond Shoals,10,721560.85702263564,0.00076113208237444828,0.00048854766841261452,0.0010962810275309768,0.00099756138794427208,516096,252,na_qae_abc,23,3647640339
41025,Diamond Shoals,11,717524.18879161403,0.00067192456383534881,0.00041675823823753092,0.00098865398321670264,0.0010177547748829389,565248,276,na_qae_abc,23,3647640339
41025,Diamond Shoals,12,728069.57510783791,0.00046312118846405614,0.00025304089767877068,0.00073347785357769904,0.0010806811929801763,614400,300,na_qae_abc,23,3647640339
41025,Diamond Shoals,13,728069.57510783791,0.00046312118846405614,0.00025304089767877068,0.00073347785357769904,0.0010806811929801763,663552,324,na_qae_abc,23,3647640339
41025,Diamond Shoals,14,728069.57510783791,0.00046312118846405614,0.00025304089767877068,0.00073347785357769904,0.0010806811929801763,712704,348,na_qae_abc,23,3647640339
41025,Diamond Shoals,15,728069.57510783791,0.00046312118846405614,0.00025304089767877068,0.00073347785357769904,0.0010806811929801763,761856,372,na_qae_abc,23,3647640339
41025,Diamond Shoals,16,728069.57510783791,0.00046312118846405614,0.00025304089767877068,0.00073347785357769904,0.0010806811929801763,811008,396,na_qae_abc,23,3647640339
41025,Diamond Shoals,17,728069.57510783791,0.00046312118846405614,0.00025304089767877068,0.00073347785357769904,0.0010806811929801763,860160,420,na_qae_abc,23,3647640339
41025,Diamond Shoals,18,728069.57510783791,0.00046312118846405614,0.00025304089767877068,0.00073347785357769904,0.0010806811929801763,909312,444,na_qae_abc,23,3647640339
41025,Diamond Shoals,19,728069.57510783791,0.00046312118846405614,0.00025304089767877068,0.00073347785357769904,0.0010806811929801763,958464,468,na_qae_abc,23,3647640339
41025,Diamond Shoals,20,728069.57510783791,0.00046312118846405614,0.00025304089767877068,0.00073347785357769904,0.0010806811929801763,1007616,492,na_qae_abc,23,3647640339
41025,Diamond Shoals,21,728069.57510783791,0.00046312118846405614,0.00025304089767877068,0.00073347785357769904,0.0010806811929801763,1058816,517,na_qae_abc,23,3647640339
41025,Diamond Shoals,22,728069.57510783791,0.00046312118846405614,0.00025304089767877068,0.00073347785357769904,0.0010806811929801763,1107968,541,na_qae_abc,23,3647640339
41025,Diamond Shoals,23,728069.57510783791,0.00046312118846405614,0.00025304089767877068,0.00073347785357769904,0.0010806811929801763,1157120,565,na_qae_abc,23,3647640339
41025,Diamond Shoals,24,728069.57510783791,0.00046312118846405614,0.00025304089767877068,0.00073347785357769904,0.0010806811929801763,1206272,589,na_qae_abc,23,3647640339
41025,Diamond Shoals,25,728069.57510783791,0.00046312118846405614,0.00025304089767877068,0.00073347785357769904,0.0010806811929801763,1255424,613,na_qae_abc,23,3647640339
41025,Diamond Shoals,26,728069.57510783791,0.00046312118846405614,0.00025304089767877068,0.00073347785357769904,0.0010806811929801763,1304576,637,na_qae_abc,23,3647640339
41025,Diamond Shoals,27,728069.57510783791,0.00046312118846405614,0.00025304089767877068,0.00073347785357769904,0.0010806811929801763,1353728,661,na_qae_abc,23,3647640339
41025,Diamond Shoals,28,728069.57510783791,0.00046312118846405614,0.00025304089767877068,0.00073347785357769904,0.0010806811929801763,1402880,685,na_qae_abc,23,3647640339
41025,Diamond Shoals,29,728069.57510783791,0.00046312118846405614,0.00025304089767877068,0.00073347785357769904,0.0010806811929801763,1454080,710,na_qae_abc,23,3647640339
41025,Diamond Shoals,30,728069.57510783791,0.00046312118846405614,0.00025304089767877068,0.00073347785357769904,0.0010806811929801763,1503232,734,na_qae_abc,23,3647640339
41025,Diamond Shoals,31,728069.57510783791,0.00046312118846405614,0.00025304089767877068,0.00073347785357769904,0.0010806811929801763,1552384,758,na_qae_abc,23,3647640339
41025,Diamond Shoals,32,728069.57510783791,0.00046312118846405614,0.00025304089767877068,0.00073347785357769904,0.0010806811929801763,1601536,782,na_qae_abc,23,3647640339
41025,Diamond Shoals,33,728069.57510783791,0.00046312118846405614,0.00025304089767877068,0.00073347785357769904,0.0010806811929801763,1652736,807,na_qae_abc,23,3647640339
41025,Diamond Shoals,34,728069.57510783791,0.00046312118846405614,0.00025304089767877068,0.00073347785357769904,0.0010806811929801763,1701888,831,na_qae_abc,23,3647640339
41025,Diamond Shoals,35,728069.57510783791,0.00046312118846405614,0.00025304089767877068,0.00073347785357769904,0.0010806811929801763,1751040,855,na_qae_abc,23,3647640339
41025,Diamond Shoals,36,728069.57510783791,0.00046312118846405614,0.00025304089767877068,0.00073347785357769904,0.0010806811929801763,1800192,879,na_qae_abc,23,3647640339
41025,Diamond Shoals,37,728069.57510783791,0.00046312118846405614,0.00025304089767877068,0.00073347785357769904,0.0010806811929801763,1851392,904,na_qae_abc,23,3647640339
41025,Diamond Shoals,38,728069.57510783791,0.00046312118846405614,0.00025304089767877068,0.00073347785357769904,0.0010806811929801763,1900544,928,na_qae_abc,23,3647640339
41025,Diamond Shoals,39,728069.57510783791,0.00046312118846405614,0.00025304089767877068,0.00073347785357769904,0.0010806811929801763,1949696,952,na_qae_abc,23,3647640339
41025,Diamond Shoals,40,728069.57510783791,0.00046312118846405614,0.00025304089767877068,0.00073347785357769904,0.0010806811929801763,1998848,976,na_qae_abc,23,3647640339
41025,Diamond Shoals,1,700036.27346629463,0.0029795946412870897,0.0021649409184338101,0.0036986299524935317,0.0023001239849326656,73728,36,na_qae_abc,24,247198484
41025,Diamond Shoals,2,660313.49067161267,0.0015723973751621688,0.0011218068695704952,0.0021721059694855345,0.0021439473402743952,122880,60,na_qae_abc,24,247198484
41025,Diamond Shoals,3,660313.49067161267,0.0015723973751621688,0.0011218068695704952,0.0021721059694855345,0.0021439473402743952,172032,84,na_qae_abc,24,247198484
41025,Diamond Shoals,4,660313.49067161267,0.0015723973751621688,0.0011218068695704952,0.0021721059694855345,0.0021439473402743952,221184,108,na_qae_abc,24,247198484
41025,Diamond Shoals,5,652159.58361269056,0.0012566169792796054,0.00088845855542520849,0.0017295401263786553,0.0014950929419359745,270336,132,na_qae_abc,24,247198484
41025,Diamond Shoals,6,652414.96334483568,0.00097859518489694809,0.00066137963737037406,0.0013667137628303805,0.0014386255095206787,319488,156,na_qae_abc,24,247198484
41025,Diamond Shoals,7,711511.19764140318,0.00097515532579132741,0.00065886627930825407,0.0013617944624059906,0.00096377057202899814,368640,180,na_qae_abc,24,247198484
41025,Diamond Shoals,8,730568.03689918946,0.00072189642643031443,0.00045972041383712093,0.0010437859263630175,0.0010189879605180478,417792,204,na_qae_abc,24,247198484
41025,Diamond Shoals,9,730568.03689918946,0.00072189642643031443,0.00045972041383712093,0.0010437859263630175,0.0010189879605180478,466944,228,na_qae_abc,24,247198484
41025,Diamond Shoals,10,730568.03689918946,0.00072189642643031443,0.00045972041383712093,0.0010437859263630175,0.0010189879605180478,516096,252,na_qae_abc,24,247198484
41025,Diamond Shoals,11,663613.6729795821,0.0006833121604630563,0.00042772182554714865,0.0009984826221735969,0.00094444809597011171,565248,276,na_qae_abc,24,247198484
41025,Diamond Shoals,12,713424.87655076454,0.00062654393804319056,0.00037825122101768215,0.00093859502023393678,0.00096182037936904936,614400,300,na_qae_abc,24,247198484
41025,Diamond Shoals,13,713424.87655076454,0.00062654393804319056,0.00037825122101768215,0.00093859502023393678,0.00096182037936904936,663552,324,na_qae_abc,24,247198484
41025,Diamond Shoals,14,713424.87655076454,0.00062654393804319056,0.00037825122101768215,0.00093859502023393678,0.00096182037936904936,712704,348,na_qae_abc,24,247198484
41025,Diamond Shoals,15,669674.73820067465,0.00056823710161093752,0.00033569593885114245,0.00086272981624267134,0.00090202190125272135,761856,372,na_qae_abc,24,247198484
41025,Diamond Shoals,16,669674.73820067465,0.00056823710161093752,0.00033569593885114245,0.00086272981624267134,0.00090202190125272135,811008,396,na_qae_abc,24,247198484
41025,Diamond Shoals,17,669674.73820067465,0.00056823710161093752,0.00033569593885114245,0.00086272981624267134,0.00090202190125272135,860160,420,na_qae_abc,24,247198484
41025,Diamond Shoals,18,669674.73820067465,0.00056823710161093752,0.00033569593885114245,0.00086272981624267134,0.00090202190125272135,909312,444,na_qae_abc,24,247198484
41025,Diamond Shoals,19,669674.73820067465,0.00056823710161093752,0.00033569593885114245,0.00086272981624267134,0.00090202190125272135,958464,468,na_qae_abc,24,247198484
41025,Diamond Shoals,20,669674.73820067465,0.00056823710161093752,0.00033569593885114245,0.00086272981624267134,0.00090202190125272135,1007616,492,na_qae_abc,24,247198484
41025,Diamond Shoals,21,669674.73820067465,0.00056823710161093752,0.00033569593885114245,0.00086272981624267134,0.00090202190125272135,1056768,516,na_qae_abc,24,247198484
41025,Diamond Shoals,22,669674.73820067465,0.00056823710161093752,0.00033569593885114245,0.00086272981624267134,0.00090202190125272135,1105920,540,na_qae_abc,24,247198484
41025,Diamond Shoals,23,669674.73820067465,0.00056823710161093752,0.00033569593885114245,0.00086272981624267134,0.00090202190125272135,1155072,564,na_qae_abc,24,247198484
41025,Diamond Shoals,24,669674.73820067465,0.00056823710161093752,0.00033569593885114245,0.00086272981624267134,0.00090202190125272135,1204224,588,na_qae_abc,24,247198484
41025,Diamond Shoals,25,669674.73820067465,0.00056823710161093752,0.00033569593885114245,0.00086272981624267134,0.00090202190125272135,1253376,612,na_qae_abc,24,247198484
41025,Diamond Shoals,26,669674.73820067465,0.00056823710161093752,0.00033569593885114245,0.00086272981624267134,0.00090202190125272135,1302528,636,na_qae_abc,24,247198484
41025,Diamond Shoals,27,669674.73820067465,0.00056823710161093752,0.00033569593885114245,0.00086272981624267134,0.00090202190125272135,1353728,661,na_qae_abc,24,247198484
41025,Diamond Shoals,28,670611.13721732423,0.00044513215922691642,0.00024069774959652103,0.00070875247182016897,0.00089142261156887758,1402880,685,na_qae_abc,24,247198484
41025,Diamond Shoals,29,670611.13721732423,0.00044513215922691642,0.00024069774959652103,0.00070875247182016897,0.00089142261156887758,1454080,710,na_qae_abc,24,247198484
41025,Diamond Shoals,30,670611.13721732423,0.00044513215922691642,0.00024069774959652103,0.00070875247182016897,0.00089142261156887758,1503232,734,na_qae_abc,24,247198484
41025,Diamond Shoals,31,670611.13721732423,0.00044513215922691642,0.00024069774959652103,0.00070875247182016897,0.00089142261156887758,1556480,760,na_qae_abc,24,247198484
41025,Diamond Shoals,32,670611.13721732423,0.00044513215922691642,0.00024069774959652103,0.00070875247182016897,0.00089142261156887758,1605632,784,na_qae_abc,24,247198484
41025,Diamond Shoals,33,670611.13721732423,0.00044513215922691642,0.00024069774959652103,0.00070875247182016897,0.00089142261156887758,1654784,808,na_qae_abc,24,247198484
41025,Diamond Shoals,34,670611.13721732423,0.00044513215922691642,0.00024069774959652103,0.00070875247182016897,0.00089142261156887758,1703936,832,na_qae_abc,24,247198484
41025,Diamond Shoals,35,670611.13721732423,0.00044513215922691642,0.00024069774959652103,0.00070875247182016897,0.00089142261156887758,1755136,857,na_qae_abc,24,247198484
41025,Diamond Shoals,36,670611.13721732423,0.00044513215922691642,0.00024069774959652103,0.00070875247182016897,0.00089142261156887758,1804288,881,na_qae_abc,24,247198484
41025,Diamond Shoals,37,670611.13721732423,0.00044513215922691642,0.00024069774959652103,0.00070875247182016897,0.00089142261156887758,1853440,905,na_qae_abc,24,247198484
41025,Diamond Shoals,38,670611.13721732423,0.00044513215922691642,0.00024069774959652103,0.00070875247182016897,0.00089142261156887758,1904640,930,na_qae_abc,24,247198484
41025,Diamond Shoals,39,670611.13721732423,0.00044513215922691642,0.00024069774959652103,0.00070875247182016897,0.00089142261156887758,1953792,954,na_qae_abc,24,247198484
41025,Diamond Shoals,40,670611.13721732423,0.00044513215922691642,0.00024069774959652103,0.00070875247182016897,0.00089142261156887758,2002944,978,na_qae_abc,24,247198484
41025,Diamond Shoals,1,710589.75991324603,0.0012937452725828333,0.00090782621920972939,0.001783413122079259,0.0013719053535360521,73728,36,na_qae_abc,25,3957858703
41025,Diamond Shoals,2,703354.36314490833,0.0010091090032737344,0.00068267591383111125,0.0014095055734136446,0.0012183660162518185,122880,60,na_qae_abc,25,3957858703
41025,Diamond Shoals,3,661486.4245647135,0.00089078221379494573,0.0005989603292270349,0.0012444242764549241,0.0010672986212382127,172032,84,na_qae_abc,25,3957858703
41025,Diamond Shoals,4,679827.9421085153,0.00078186403524509054,0.00050959345921541962,0.0011136366859215033,0.00099232031043495908,221184,108,na_qae_abc,25,3957858703
41025,Diamond Shoals,5,679827.9421085153,0.00078186403524509054,0.00050959345921541962,0.0011136366859215033,0.00099232031043495908,270336,132,na_qae_abc,25,3957858703
41025,Diamond Shoals,6,728475.66726187186,0.00050752700692359464,0.00028913446566611144,0.00078614347268822699,0.0010480479063083767,319488,156,na_qae_abc,25,3957858703
41025,Diamond Shoals,7,728475.66726187186,0.00050752700692359464,0.00028913446566611144,0.00078614347268822699,0.0010480479063083767,368640,180,na_qae_abc,25,3957858703
41025,Diamond Shoals,8,728475.66726187186,0.00050752700692359464,0.00028913446566611144,0.00078614347268822699,0.0010480479063083767,417792,204,na_qae_abc,25,3957858703
41025,Diamond Shoals,9,728475.66726187186,0.00050752700692359464,0.00028913446566611144,0.00078614347268822699,0.0010480479063083767,466944,228,na_qae_abc,25,3957858703
41025,Diamond Shoals,10,728475.66726187186,0.00050752700692359464,0.00028913446566611144,0.00078614347268822699,0.0010480479063083767,516096,252,na_qae_abc,25,3957858703
41025,Diamond Shoals,11,728475.66726187186,0.00050752700692359464,0.00028913446566611144,0.00078614347268822699,0.0010480479063083767,565248,276,na_qae_abc,25,3957858703
41025,Diamond Shoals,12,728475.66726187186,0.00050752700692359464,0.00028913446566611144,0.00078614347268822699,0.0010480479063083767,614400,300,na_qae_abc,25,3957858703
41025,Diamond Shoals,13,728475.66726187186,0.00050752700692359464,0.00028913446566611144,0.00078614347268822699,0.0010480479063083767,663552,324,na_qae_abc,25,3957858703
41025,Diamond Shoals,14,728475.66726187186,0.00050752700692359464,0.00028913446566611144,0.00078614347268822699,0.0010480479063083767,712704,348,na_qae_abc,25,3957858703
41025,Diamond Shoals,15,728475.66726187186,0.00050752700692359464,0.00028913446566611144,0.00078614347268822699,0.0010480479063083767,763904,373,na_qae_abc,25,3957858703
41025,Diamond Shoals,16,728475.66726187186,0.00050752700692359464,0.00028913446566611144,0.00078614347268822699,0.0010480479063083767,813056,397,na_qae_abc,25,3957858703
41025,Diamond Shoals,17,728475.66726187186,0.00050752700692359464,0.00028913446566611144,0.00078614347268822699,0.0010480479063083767,862208,421,na_qae_abc,25,3957858703
41025,Diamond Shoals,18,728475.66726187186,0.00050752700692359464,0.00028913446566611144,0.00078614347268822699,0.0010480479063083767,911360,445,na_qae_abc,25,3957858703
41025,Diamond Shoals,19,728475.66726187186,0.00050752700692359464,0.00028913446566611144,0.00078614347268822699,0.0010480479063083767,960512,469,na_qae_abc,25,3957858703
41025,Diamond Shoals,20,728475.66726187186,0.00050752700692359464,0.00028913446566611144,0.00078614347268822699,0.0010480479063083767,1009664,493,na_qae_abc,25,3957858703
41025,Diamond Shoals,21,728475.66726187186,0.00050752700692359464,0.00028913446566611144,0.00078614347268822699,0.0010480479063083767,1058816,517,na_qae_abc,25,3957858703
41025,Diamond Shoals,22,728475.66726187186,0.00050752700692359464,0.00028913446566611144,0.00078614347268822699,0.0010480479063083767,1107968,541,na_qae_abc,25,3957858703
41025,Diamond Shoals,23,728475.66726187186,0.00050752700692359464,0.00028913446566611144,0.00078614347268822699,0.0010480479063083767,1157120,565,na_qae_abc,25,3957858703
41025,Diamond Shoals,24,728475.66726187186,0.00050752700692359464,0.00028913446566611144,0.00078614347268822699,0.0010480479063083767,1206272,589,na_qae_abc,25,3957858703
41025,Diamond Shoals,25,728475.66726187186,0.00050752700692359464,0.00028913446566611144,0.00078614347268822699,0.0010480479063083767,1255424,613,na_qae_abc,25,3957858703
41025,Diamond Shoals,26,728475.66726187186,0.00050752700692359464,0.00028913446566611144,0.00078614347268822699,0.0010480479063083767,1304576,637,na_qae_abc,25,3957858703
41025,Diamond Shoals,27,728475.66726187186,0.00050752700692359464,0.00028913446566611144,0.00078614347268822699,0.0010480479063083767,1353728,661,na_qae_abc,25,3957858703
41025,Diamond Shoals,28,728475.66726187186,0.00050752700692359464,0.00028913446566611144,0.00078614347268822699,0.0010480479063083767,1402880,685,na_qae_abc,25,3957858703
41025,Diamond Shoals,29,728475.66726187186,0.00050752700692359464,0.00028913446566611144,0.00078614347268822699,0.0010480479063083767,1452032,709,na_qae_abc,25,3957858703
41025,Diamond Shoals,30,728475.66726187186,0.00050752700692359464,0.00028913446566611144,0.00078614347268822699,0.0010480479063083767,1501184,733,na_qae_abc,25,3957858703
41025,Diamond Shoals,31,728475.66726187186,0.00050752700692359464,0.00028913446566611144,0.00078614347268822699,0.0010480479063083767,1550336,757,na_qae_abc,25,3957858703
41025,Diamond Shoals,32,728475.66726187186,0.00050752700692359464,0.00028913446566611144,0.00078614347268822699,0.0010480479063083767,1599488,781,na_qae_abc,25,3957858703
41025,Diamond Shoals,33,728475.66726187186,0.00050752700692359464,0.00028913446566611144,0.00078614347268822699,0.0010480479063083767,1648640,805,na_qae_abc,25,3957858703
41025,Diamond Shoals,34,728475.66726187186,0.00050752700692359464,0.00028913446566611144,0.00078614347268822699,0.0010480479063083767,1697792,829,na_qae_abc,25,3957858703
41025,Diamond Shoals,35,728475.66726187186,0.00050752700692359464,0.00028913446566611144,0.00078614347268822699,0.0010480479063083767,1746944,853,na_qae_abc,25,3957858703
41025,Diamond Shoals,36,728475.66726187186,0.00050752700692359464,0.00028913446566611144,0.00078614347268822699,0.0010480479063083767,1798144,878,na_qae_abc,25,3957858703
41025,Diamond Shoals,37,728475.66726187186,0.00050752700692359464,0.00028913446566611144,0.00078614347268822699,0.0010480479063083767,1847296,902,na_qae_abc,25,3957858703
41025,Diamond Shoals,38,686216.95302253927,0.00049352579429003736,0.00027704738991398938,0.00076908673380320124,0.0010134601712639144,1898496,927,na_qae_abc,25,3957858703
41025,Diamond Shoals,39,686216.95302253927,0.00049352579429003736,0.00027704738991398938,0.00076908673380320124,0.0010134601712639144,1947648,951,na_qae_abc,25,3957858703
41025,Diamond Shoals,40,692613.33118299907,0.00046979381238844561,0.00025884602039635531,0.00074210636868619168,0.00097017921581210706,1996800,975,na_qae_abc,25,3957858703
41025,Diamond Shoals,1,626883.54254819686,0.0013309711194960622,0.00094103491675880167,0.0018408788443311612,0.0017512432207197341,73728,36,na_qae_abc,26,2204627553
41025,Diamond Shoals,2,626883.54254819686,0.0013309711194960622,0.00094103491675880167,0.0018408788443311612,0.0017512432207197341,122880,60,na_qae_abc,26,2204627553
41025,Diamond Shoals,3,659520.08886561368,0.00097017038976302808,0.00065996044838756971,0.001348617051430694,0.0014321507088265483,172032,84,na_qae_abc,26,2204627553
41025,Diamond Shoals,4,696393.43033472612,0.00097014516145846254,0.00065435336183485037,0.0013561454694138548,0.0013138182255298056,221184,108,na_qae_abc,26,2204627553
41025,Diamond Shoals,5,670599.59181064495,0.00090334676393656404,0.00060647574936196081,0.0012639954810215357,0.0012050348627154314,270336,132,na_qae_abc,26,2204627553
41025,Diamond Shoals,6,670599.59181064495,0.00090334676393656404,0.00060647574936196081,0.0012639954810215357,0.0012050348627154314,319488,156,na_qae_abc,26,2204627553
41025,Diamond Shoals,7,676136.1767439316,0.00085097767642552274,0.00056081135503259602,0.001205957164192104,0.0011620348987711351,368640,180,na_qae_abc,26,2204627553
41025,Diamond Shoals,8,662573.04348824732,0.00078348078304305002,0.00050379404709053623,0.0011271779636733406,0.0011084887443336374,417792,204,na_qae_abc,26,2204627553
41025,Diamond Shoals,9,662573.04348824732,0.00078348078304305002,0.00050379404709053623,0.0011271779636733406,0.0011084887443336374,466944,228,na_qae_abc,26,2204627553
41025,Diamond Shoals,10,662573.04348824732,0.00078348078304305002,0.00050379404709053623,0.0011271779636733406,0.0011084887443336374,516096,252,na_qae_abc,26,2204627553
41025,Diamond Shoals,11,662573.04348824732,0.00078348078304305002,0.00050379404709053623,0.0011271779636733406,0.0011084887443336374,565248,276,na_qae_abc,26,2204627553
41025,Diamond Shoals,12,728125.25385301164,0.00074145894736611846,0.00047447414399500755,0.0010692100695263128,0.00099906619792125952,614400,300,na_qae_abc,26,2204627553
41025,Diamond Shoals,13,728125.25385301164,0.00074145894736611846,0.00047447414399500755,0.0010692100695263128,0.00099906619792125952,663552,324,na_qae_abc,26,2204627553
41025,Diamond Shoals,14,693976.44139813317,0.00065194383608959945,0.00040468001721109446,0.00095696311316485544,0.0010480534164416726,712704,348,na_qae_abc,26,2204627553
41025,Diamond Shoals,15,693976.44139813317,0.00065194383608959945,0.00040468001721109446,0.00095696311316485544,0.0010480534164416726,761856,372,na_qae_abc,26,2204627553
41025,Diamond Shoals,16,693976.44139813317,0.00065194383608959945,0.00040468001721109446,0.00095696311316485544,0.0010480534164416726,811008,396,na_qae_abc,26,2204627553
41025,Diamond Shoals,17,693976.44139813317,0.00065194383608959945,0.00040468001721109446,0.00095696311316485544,0.0010480534164416726,860160,420,na_qae_abc,26,2204627553
41025,Diamond Shoals,18,693976.44139813317,0.00065194383608959945,0.00040468001721109446,0.00095696311316485544,0.0010480534164416726,909312,444,na_qae_abc,26,2204627553
41025,Diamond Shoals,19,674401.40275105729,0.00063733246051868287,0.00039046811633064893,0.00094475275671870276,0.0010261036827297944,960512,469,na_qae_abc,26,2204627553
41025,Diamond Shoals,20,674401.40275105729,0.00063733246051868287,0.00039046811633064893,0.00094475275671870276,0.0010261036827297944,1009664,493,na_qae_abc,26,2204627553
41025,Diamond Shoals,21,674401.40275105729,0.00063733246051868287,0.00039046811633064893,0.00094475275671870276,0.0010261036827297944,1058816,517,na_qae_abc,26,2204627553
41025,Diamond Shoals,22,674401.40275105729,0.00063733246051868287,0.00039046811633064893,0.00094475275671870276,0.0010261036827297944,1110016,542,na_qae_abc,26,2204627553
41025,Diamond Shoals,23,674401.40275105729,0.00063733246051868287,0.00039046811633064893,0.00094475275671870276,0.0010261036827297944,1159168,566,na_qae_abc,26,2204627553
41025,Diamond Shoals,24,674401.40275105729,0.00063733246051868287,0.00039046811633064893,0.00094475275671870276,0.0010261036827297944,1208320,590,na_qae_abc,26,2204627553
41025,Diamond Shoals,25,674401.40275105729,0.00063733246051868287,0.00039046811633064893,0.00094475275671870276,0.0010261036827297944,1257472,614,na_qae_abc,26,2204627553
41025,Diamond Shoals,26,674401.40275105729,0.00063733246051868287,0.00039046811633064893,0.00094475275671870276,0.0010261036827297944,1306624,638,na_qae_abc,26,2204627553
41025,Diamond Shoals,27,674401.40275105729,0.00063733246051868287,0.00039046811633064893,0.00094475275671870276,0.0010261036827297944,1355776,662,na_qae_abc,26,2204627553
41025,Diamond Shoals,28,672052.3045618661,0.00063462769171191997,0.00038798714000964679,0.00094225182786050006,0.0010247782220749353,1404928,686,na_qae_abc,26,2204627553
41025,Diamond Shoals,29,672052.3045618661,0.00063462769171191997,0.00038798714000964679,0.00094225182786050006,0.0010247782220749353,1454080,710,na_qae_abc,26,2204627553
41025,Diamond Shoals,30,672052.3045618661,0.00063462769171191997,0.00038798714000964679,0.00094225182786050006,0.0010247782220749353,1503232,734,na_qae_abc,26,2204627553
41025,Diamond Shoals,31,672052.3045618661,0.00063462769171191997,0.00038798714000964679,0.00094225182786050006,0.0010247782220749353,1554432,759,na_qae_abc,26,2204627553
41025,Diamond Shoals,32,672052.3045618661,0.00063462769171191997,0.00038798714000964679,0.00094225182786050006,0.0010247782220749353,1603584,783,na_qae_abc,26,2204627553
41025,Diamond Shoals,33,672052.3045618661,0.00063462769171191997,0.00038798714000964679,0.00094225182786050006,0.0010247782220749353,1652736,807,na_qae_abc,26,2204627553
41025,Diamond Shoals,34,672052.3045618661,0.00063462769171191997,0.00038798714000964679,0.00094225182786050006,0.0010247782220749353,1703936,832,na_qae_abc,26,2204627553
41025,Diamond Shoals,35,670936.42854763265,0.00062082731931294155,0.00037611234922387351,0.00092634790570985846,0.0011364607314234161,1753088,856,na_qae_abc,26,2204627553
41025,Diamond Shoals,36,670936.42854763265,0.00062082731931294155,0.00037611234922387351,0.00092634790570985846,0.0011364607314234161,1802240,880,na_qae_abc,26,2204627553
41025,Diamond Shoals,37,698332.74908477894,0.00054893836804264986,0.00031940388646803256,0.00084033083840426,0.00091252629653061222,1851392,904,na_qae_abc,26,2204627553
41025,Diamond Shoals,38,698332.74908477894,0.00054893836804264986,0.00031940388646803256,0.00084033083840426,0.00091252629653061222,1900544,928,na_qae_abc,26,2204627553
41025,Diamond Shoals,39,698332.74908477894,0.00054893836804264986,0.00031940388646803256,0.00084033083840426,0.00091252629653061222,1949696,952,na_qae_abc,26,2204627553
41025,Diamond Shoals,40,698332.74908477894,0.00054893836804264986,0.00031940388646803256,0.00084033083840426,0.00091252629653061222,1998848,976,na_qae_abc,26,2204627553
41025,Diamond Shoals,1,720373.34764718905,0.001985081746091561,0.0013861502294112555,0.0030246106317523007,0.0017454505705359843,73728,36,na_qae_abc,27,159269519
41025,Diamond Shoals,2,682614.62149951735,0.0012047631747363892,0.00084116499140952429,0.0016623757427435297,0.0014794196550689585,122880,60,na_qae_abc,27,159269519
41025,Diamond Shoals,3,679454.29162296245,0.0011610090381304157,0.00080150822343214229,0.0016068277103444537,0.0012207586613909584,172032,84,na_qae_abc,27,159269519
41025,Diamond Shoals,4,692154.06104275375,0.0011275454704284791,0.00077490298919470635,0.0015645299658757844,0.001455976247427561,221184,108,na_qae_abc,27,159269519
41025,Diamond Shoals,5,687067.9159219265,0.001011362806327476,0.0006889336593431045,0.0014069601802681713,0.0011211360330247448,270336,132,na_qae_abc,27,159269519
41025,Diamond Shoals,6,727175.56010201492,0.00088019369615983207,0.00058761059954809695,0.001235915789070115,0.0011589645972423792,319488,156,na_qae_abc,27,159269519
41025,Diamond Shoals,7,696849.89844817063,0.00074184491092961491,0.0004731277314233075,0.0010733455209119812,0.0011234640787945211,368640,180,na_qae_abc,27,159269519
41025,Diamond Shoals,8,696849.89844817063,0.00074184491092961491,0.0004731277314233075,0.0010733455209119812,0.0011234640787945211,417792,204,na_qae_abc,27,159269519
41025,Diamond Shoals,9,696849.89844817063,0.00074184491092961491,0.0004731277314233075,0.0010733455209119812,0.0011234640787945211,466944,228,na_qae_abc,27,159269519
41025,Diamond Shoals,10,696849.89844817063,0.00074184491092961491,0.0004731277314233075,0.0010733455209119812,0.0011234640787945211,516096,252,na_qae_abc,27,159269519
41025,Diamond Shoals,11,697347.57239666185,0.00059700506079405768,0.00035828979204786043,0.00089604052034613854,0.00096398873020791512,565248,276,na_qae_abc,27,159269519
41025,Diamond Shoals,12,689555.20860637329,0.00055801437007463675,0.0003290608898882345,0.00084622961668431233,0.00093234138072084292,614400,300,na_qae_abc,27,159269519
41025,Diamond Shoals,13,689555.20860637329,0.00055801437007463675,0.0003290608898882345,0.00084622961668431233,0.00093234138072084292,663552,324,na_qae_abc,27,159269519
41025,Diamond Shoals,14,689555.20860637329,0.00055801437007463675,0.0003290608898882345,0.00084622961668431233,0.00093234138072084292,712704,348,na_qae_abc,27,159269519
41025,Diamond Shoals,15,689555.20860637329,0.00055801437007463675,0.0003290608898882345,0.00084622961668431233,0.00093234138072084292,761856,372,na_qae_abc,27,159269519
41025,Diamond Shoals,16,689555.20860637329,0.00055801437007463675,0.0003290608898882345,0.00084622961668431233,0.00093234138072084292,811008,396,na_qae_abc,27,159269519
41025,Diamond Shoals,17,689555.20860637329,0.00055801437007463675,0.0003290608898882345,0.00084622961668431233,0.00093234138072084292,860160,420,na_qae_abc,27,159269519
41025,Diamond Shoals,18,689555.20860637329,0.00055801437007463675,0.0003290608898882345,0.00084622961668431233,0.00093234138072084292,909312,444,na_qae_abc,27,159269519
41025,Diamond Shoals,19,689555.20860637329,0.00055801437007463675,0.0003290608898882345,0.00084622961668431233,0.00093234138072084292,958464,468,na_qae_abc,27,159269519
41025,Diamond Shoals,20,689555.20860637329,0.00055801437007463675,0.0003290608898882345,0.00084622961668431233,0.00093234138072084292,1007616,492,na_qae_abc,27,159269519
41025,Diamond Shoals,21,689555.20860637329,0.00055801437007463675,0.0003290608898882345,0.00084622961668431233,0.00093234138072084292,1058816,517,na_qae_abc,27,159269519
41025,Diamond Shoals,22,689555.20860637329,0.00055801437007463675,0.0003290608898882345,0.00084622961668431233,0.00093234138072084292,1107968,541,na_qae_abc,27,159269519
41025,Diamond Shoals,23,689555.20860637329,0.00055801437007463675,0.0003290608898882345,0.00084622961668431233,0.00093234138072084292,1157120,565,na_qae_abc,27,159269519
41025,Diamond Shoals,24,701083.94369275891,0.00050759205459383169,0.00029072510661945559,0.00078362549603452534,0.00096374187538338758,1208320,590,na_qae_abc,27,159269519
41025,Diamond Shoals,25,701083.94369275891,0.00050759205459383169,0.00029072510661945559,0.00078362549603452534,0.00096374187538338758,1257472,614,na_qae_abc,27,159269519
41025,Diamond Shoals,26,701083.94369275891,0.00050759205459383169,0.00029072510661945559,0.00078362549603452534,0.00096374187538338758,1306624,638,na_qae_abc,27,159269519
41025,Diamond Shoals,27,701083.94369275891,0.00050759205459383169,0.00029072510661945559,0.00078362549603452534,0.00096374187538338758,1355776,662,na_qae_abc,27,159269519
41025,Diamond Shoals,28,701083.94369275891,0.00050759205459383169,0.00029072510661945559,0.00078362549603452534,0.00096374187538338758,1406976,687,na_qae_abc,27,159269519
41025,Diamond Shoals,29,701083.94369275891,0.00050759205459383169,0.00029072510661945559,0.00078362549603452534,0.00096374187538338758,1456128,711,na_qae_abc,27,159269519
41025,Diamond Shoals,30,701083.94369275891,0.00050759205459383169,0.00029072510661945559,0.00078362549603452534,0.00096374187538338758,1505280,735,na_qae_abc,27,159269519
41025,Diamond Shoals,31,701083.94369275891,0.00050759205459383169,0.00029072510661945559,0.00078362549603452534,0.00096374187538338758,1554432,759,na_qae_abc,27,159269519
41025,Diamond Shoals,32,701083.94369275891,0.00050759205459383169,0.00029072510661945559,0.00078362549603452534,0.00096374187538338758,1603584,783,na_qae_abc,27,159269519
41025,Diamond Shoals,33,701083.94369275891,0.00050759205459383169,0.00029072510661945559,0.00078362549603452534,0.00096374187538338758,1652736,807,na_qae_abc,27,159269519
41025,Diamond Shoals,34,701083.94369275891,0.00050759205459383169,0.00029072510661945559,0.00078362549603452534,0.00096374187538338758,1701888,831,na_qae_abc,27,159269519
41025,Diamond Shoals,35,701083.94369275891,0.00050759205459383169,0.00029072510661945559,0.00078362549603452534,0.00096374187538338758,1753088,856,na_qae_abc,27,159269519
41025,Diamond Shoals,36,701083.94369275891,0.00050759205459383169,0.00029072510661945559,0.00078362549603452534,0.00096374187538338758,1802240,880,na_qae_abc,27,159269519
41025,Diamond Shoals,37,701083.94369275891,0.00050759205459383169,0.00029072510661945559,0.00078362549603452534,0.00096374187538338758,1851392,904,na_qae_abc,27,159269519
41025,Diamond Shoals,38,701083.94369275891,0.00050759205459383169,0.00029072510661945559,0.00078362549603452534,0.00096374187538338758,1900544,928,na_qae_abc,27,159269519
41025,Diamond Shoals,39,701083.94369275891,0.00050759205459383169,0.00029072510661945559,0.00078362549603452534,0.00096374187538338758,1949696,952,na_qae_abc,27,159269519
41025,Diamond Shoals,40,701083.94369275891,0.00050759205459383169,0.00029072510661945559,0.00078362549603452534,0.00096374187538338758,1998848,976,na_qae_abc,27,159269519
41025,Diamond Shoals,1,662851.0252939756,0.0013891605412183,0.0009839786411784074,0.0019252273944307429,0.0017067805312003406,73728,36,na_qae_abc,28,1603438866
41025,Diamond Shoals,2,671868.15710723295,0.0011071130602349551,0.00076601573816356705,0.0015279121491141368,0.001464732020406378,122880,60,na_qae_abc,28,1603438866
41025,Diamond Shoals,3,671868.15710723295,0.0011071130602349551,0.00076601573816356705,0.0015279121491141368,0.001464732020406378,172032,84,na_qae_abc,28,1603438866
41025,Diamond Shoals,4,671868.15710723295,0.0011071130602349551,0.00076601573816356705,0.0015279121491141368,0.001464732020406378,221184,108,na_qae_abc,28,1603438866
41025,Diamond Shoals,5,671868.15710723295,0.0011071130602349551,0.00076601573816356705,0.0015279121491141368,0.001464732020406378,270336,132,na_qae_abc,28,1603438866
41025,Diamond Shoals,6,671868.15710723295,0.0011071130602349551,0.00076601573816356705,0.0015279121491141368,0.001464732020406378,319488,156,na_qae_abc,28,1603438866
41025,Diamond Shoals,7,688487.45732302382,0.0010302441177359168,0.00070153597798429835,0.0014342936262679432,0.0013642618365409089,368640,180,na_qae_abc,28,1603438866
41025,Diamond Shoals,8,688487.45732302382,0.0010302441177359168,0.00070153597798429835,0.0014342936262679432,0.0013642618365409089,417792,204,na_qae_abc,28,1603438866
41025,Diamond Shoals,9,688487.45732302382,0.0010302441177359168,0.00070153597798429835,0.0014342936262679432,0.0013642618365409089,466944,228,na_qae_abc,28,1603438866
41025,Diamond Shoals,10,688487.45732302382,0.0010302441177359168,0.00070153597798429835,0.0014342936262679432,0.0013642618365409089,516096,252,na_qae_abc,28,1603438866
41025,Diamond Shoals,11,692379.46375423355,0.00080261223511559092,0.00052215464267191952,0.0011461059131244395,0.00099819526610090618,565248,276,na_qae_abc,28,1603438866
41025,Diamond Shoals,12,687143.48747973191,0.00079173181882692266,0.00051213441675689974,0.0011357233005202445,0.0010383388361373646,614400,300,na_qae_abc,28,1603438866
41025,Diamond Shoals,13,693811.92944677523,0.00076097500598486375,0.00048951986535791044,0.0010928938208768059,0.0010057880123296964,663552,324,na_qae_abc,28,1603438866
41025,Diamond Shoals,14,693811.92944677523,0.00076097500598486375,0.00048951986535791044,0.0010928938208768059,0.0010057880123296964,712704,348,na_qae_abc,28,1603438866
41025,Diamond Shoals,15,693811.92944677523,0.00076097500598486375,0.00048951986535791044,0.0010928938208768059,0.0010057880123296964,761856,372,na_qae_abc,28,1603438866
41025,Diamond Shoals,16,693811.92944677523,0.00076097500598486375,0.00048951986535791044,0.0010928938208768059,0.0010057880123296964,811008,396,na_qae_abc,28,1603438866
41025,Diamond Shoals,17,693811.92944677523,0.00076097500598486375,0.00048951986535791044,0.0010928938208768059,0.0010057880123296964,860160,420,na_qae_abc,28,1603438866
41025,Diamond Shoals,18,693811.92944677523,0.00076097500598486375,0.00048951986535791044,0.0010928938208768059,0.0010057880123296964,909312,444,na_qae_abc,28,1603438866
41025,Diamond Shoals,19,704266.24295730458,0.00075318164152989237,0.00048295172597701821,0.0010844076465951966,0.0010928297179972077,958464,468,na_qae_abc,28,1603438866
41025,Diamond Shoals,20,715741.36532945116,0.00060823040825026895,0.00036992820637896307,0.00090360038875032691,0.0011121096905453904,1007616,492,na_qae_abc,28,1603438866
41025,Diamond Shoals,21,715741.36532945116,0.00060823040825026895,0.00036992820637896307,0.00090360038875032691,0.0011121096905453904,1056768,516,na_qae_abc,28,1603438866
41025,Diamond Shoals,22,715741.36532945116,0.00060823040825026895,0.00036992820637896307,0.00090360038875032691,0.0011121096905453904,1105920,540,na_qae_abc,28,1603438866
41025,Diamond Shoals,23,715741.36532945116,0.00060823040825026895,0.00036992820637896307,0.00090360038875032691,0.0011121096905453904,1155072,564,na_qae_abc,28,1603438866
41025,Diamond Shoals,24,715741.36532945116,0.00060823040825026895,0.00036992820637896307,0.00090360038875032691,0.0011121096905453904,1204224,588,na_qae_abc,28,1603438866
41025,Diamond Shoals,25,715741.36532945116,0.00060823040825026895,0.00036992820637896307,0.00090360038875032691,0.0011121096905453904,1253376,612,na_qae_abc,28,1603438866
41025,Diamond Shoals,26,715741.36532945116,0.00060823040825026895,0.00036992820637896307,0.00090360038875032691,0.0011121096905453904,1302528,636,na_qae_abc,28,1603438866
41025,Diamond Shoals,27,715741.36532945116,0.00060823040825026895,0.00036992820637896307,0.00090360038875032691,0.0011121096905453904,1351680,660,na_qae_abc,28,1603438866
41025,Diamond Shoals,28,715741.36532945116,0.00060823040825026895,0.00036992820637896307,0.00090360038875032691,0.0011121096905453904,1400832,684,na_qae_abc,28,1603438866
41025,Diamond Shoals,29,715741.36532945116,0.00060823040825026895,0.00036992820637896307,0.00090360038875032691,0.0011121096905453904,1449984,708,na_qae_abc,28,1603438866
41025,Diamond Shoals,30,715741.36532945116,0.00060823040825026895,0.00036992820637896307,0.00090360038875032691,0.0011121096905453904,1499136,732,na_qae_abc,28,1603438866
41025,Diamond Shoals,31,715741.36532945116,0.00060823040825026895,0.00036992820637896307,0.00090360038875032691,0.0011121096905453904,1550336,757,na_qae_abc,28,1603438866
41025,Diamond Shoals,32,715741.36532945116,0.00060823040825026895,0.00036992820637896307,0.00090360038875032691,0.0011121096905453904,1599488,781,na_qae_abc,28,1603438866
41025,Diamond Shoals,33,715741.36532945116,0.00060823040825026895,0.00036992820637896307,0.00090360038875032691,0.0011121096905453904,1650688,806,na_qae_abc,28,1603438866
41025,Diamond Shoals,34,715741.36532945116,0.00060823040825026895,0.00036992820637896307,0.00090360038875032691,0.0011121096905453904,1699840,830,na_qae_abc,28,1603438866
41025,Diamond Shoals,35,715741.36532945116,0.00060823040825026895,0.00036992820637896307,0.00090360038875032691,0.0011121096905453904,1748992,854,na_qae_abc,28,1603438866
41025,Diamond Shoals,36,715741.36532945116,0.00060823040825026895,0.00036992820637896307,0.00090360038875032691,0.0011121096905453904,1800192,879,na_qae_abc,28,1603438866
41025,Diamond Shoals,37,715741.36532945116,0.00060823040825026895,0.00036992820637896307,0.00090360038875032691,0.0011121096905453904,1849344,903,na_qae_abc,28,1603438866
41025,Diamond Shoals,38,715741.36532945116,0.00060823040825026895,0.00036992820637896307,0.00090360038875032691,0.0011121096905453904,1900544,928,na_qae_abc,28,1603438866
41025,Diamond Shoals,39,715741.36532945116,0.00060823040825026895,0.00036992820637896307,0.00090360038875032691,0.0011121096905453904,1951744,953,na_qae_abc,28,1603438866
41025,Diamond Shoals,40,715741.36532945116,0.00060823040825026895,0.00036992820637896307,0.00090360038875032691,0.0011121096905453904,2000896,977,na_qae_abc,28,1603438866
41025,Diamond Shoals,1,720732.94900777889,0.0014748678303814662,0.0010542855540196111,0.0021089798161683959,0.0020367021153491183,73728,36,na_qae_abc,29,2994618833
41025,Diamond Shoals,2,716977.55028795905,0.0012252333459832634,0.00085054617592447907,0.0016934932822213786,0.0016099026598917186,122880,60,na_qae_abc,29,2994618833
41025,Diamond Shoals,3,703652.57792240067,0.00091693026475043635,0.00061876350697071404,0.0012790327780437922,0.0010676929171256962,172032,84,na_qae_abc,29,2994618833
41025,Diamond Shoals,4,731286.8429064136,0.00084004182159555583,0.00055666643993967338,0.0011846056755008853,0.001112240261259369,221184,108,na_qae_abc,29,2994618833
41025,Diamond Shoals,5,738882.57541240507,0.00077471855964468474,0.00049995911242880272,0.0011124474949310531,0.00098383572712212419,270336,132,na_qae_abc,29,2994618833
41025,Diamond Shoals,6,738882.57541240507,0.00077471855964468474,0.00049995911242880272,0.0011124474949310531,0.00098383572712212419,319488,156,na_qae_abc,29,2994618833
41025,Diamond Shoals,7,738882.57541240507,0.00077471855964468474,0.00049995911242880272,0.0011124474949310531,0.00098383572712212419,368640,180,na_qae_abc,29,2994618833
41025,Diamond Shoals,8,715996.7510254907,0.00070978684170847322,0.00044905440585902092,0.0010301415227776957,0.00098858787942402706,417792,204,na_qae_abc,29,2994618833
41025,Diamond Shoals,9,715996.7510254907,0.00070978684170847322,0.00044905440585902092,0.0010301415227776957,0.00098858787942402706,466944,228,na_qae_abc,29,2994618833
41025,Diamond Shoals,10,715996.7510254907,0.00070978684170847322,0.00044905440585902092,0.0010301415227776957,0.00098858787942402706,516096,252,na_qae_abc,29,2994618833
41025,Diamond Shoals,11,715996.7510254907,0.00070978684170847322,0.00044905440585902092,0.0010301415227776957,0.00098858787942402706,565248,276,na_qae_abc,29,2994618833
41025,Diamond Shoals,12,715996.7510254907,0.00070978684170847322,0.00044905440585902092,0.0010301415227776957,0.00098858787942402706,614400,300,na_qae_abc,29,2994618833
41025,Diamond Shoals,13,714031.76291136234,0.00070627548462791757,0.00044509530045565618,0.0010285284049993504,0.0010008286175963712,663552,324,na_qae_abc,29,2994618833
41025,Diamond Shoals,14,721374.45820643438,0.00053685056620312557,0.00031079225857953393,0.00082384711326453865,0.0009874517320621948,712704,348,na_qae_abc,29,2994618833
41025,Diamond Shoals,15,721374.45820643438,0.00053685056620312557,0.00031079225857953393,0.00082384711326453865,0.0009874517320621948,761856,372,na_qae_abc,29,2994618833
41025,Diamond Shoals,16,721374.45820643438,0.00053685056620312557,0.00031079225857953393,0.00082384711326453865,0.0009874517320621948,811008,396,na_qae_abc,29,2994618833
41025,Diamond Shoals,17,721374.45820643438,0.00053685056620312557,0.00031079225857953393,0.00082384711326453865,0.0009874517320621948,860160,420,na_qae_abc,29,2994618833
41025,Diamond Shoals,18,721374.45820643438,0.00053685056620312557,0.00031079225857953393,0.00082384711326453865,0.0009874517320621948,909312,444,na_qae_abc,29,2994618833
41025,Diamond Shoals,19,721374.45820643438,0.00053685056620312557,0.00031079225857953393,0.00082384711326453865,0.0009874517320621948,958464,468,na_qae_abc,29,2994618833
41025,Diamond Shoals,20,721374.45820643438,0.00053685056620312557,0.00031079225857953393,0.00082384711326453865,0.0009874517320621948,1007616,492,na_qae_abc,29,2994618833
41025,Diamond Shoals,21,721374.45820643438,0.00053685056620312557,0.00031079225857953393,0.00082384711326453865,0.0009874517320621948,1058816,517,na_qae_abc,29,2994618833
41025,Diamond Shoals,22,721374.45820643438,0.00053685056620312557,0.00031079225857953393,0.00082384711326453865,0.0009874517320621948,1107968,541,na_qae_abc,29,2994618833
41025,Diamond Shoals,23,721374.45820643438,0.00053685056620312557,0.00031079225857953393,0.00082384711326453865,0.0009874517320621948,1157120,565,na_qae_abc,29,2994618833
41025,Diamond Shoals,24,721374.45820643438,0.00053685056620312557,0.00031079225857953393,0.00082384711326453865,0.0009874517320621948,1206272,589,na_qae_abc,29,2994618833
41025,Diamond Shoals,25,721374.45820643438,0.00053685056620312557,0.00031079225857953393,0.00082384711326453865,0.0009874517320621948,1255424,613,na_qae_abc,29,2994618833
41025,Diamond Shoals,26,721374.45820643438,0.00053685056620312557,0.00031079225857953393,0.00082384711326453865,0.0009874517320621948,1304576,637,na_qae_abc,29,2994618833
41025,Diamond Shoals,27,721374.45820643438,0.00053685056620312557,0.00031079225857953393,0.00082384711326453865,0.0009874517320621948,1353728,661,na_qae_abc,29,2994618833
41025,Diamond Shoals,28,721374.45820643438,0.00053685056620312557,0.00031079225857953393,0.00082384711326453865,0.0009874517320621948,1402880,685,na_qae_abc,29,2994618833
41025,Diamond Shoals,29,721374.45820643438,0.00053685056620312557,0.00031079225857953393,0.00082384711326453865,0.0009874517320621948,1452032,709,na_qae_abc,29,2994618833
41025,Diamond Shoals,30,721374.45820643438,0.00053685056620312557,0.00031079225857953393,0.00082384711326453865,0.0009874517320621948,1501184,733,na_qae_abc,29,2994618833
41025,Diamond Shoals,31,712289.19700410753,0.00051333136138661682,0.00029415440758192191,0.00079153334130808962,0.0009414262779421917,1552384,758,na_qae_abc,29,2994618833
41025,Diamond Shoals,32,712289.19700410753,0.00051333136138661682,0.00029415440758192191,0.00079153334130808962,0.0009414262779421917,1601536,782,na_qae_abc,29,2994618833
41025,Diamond Shoals,33,712289.19700410753,0.00051333136138661682,0.00029415440758192191,0.00079153334130808962,0.0009414262779421917,1652736,807,na_qae_abc,29,2994618833
41025,Diamond Shoals,34,712289.19700410753,0.00051333136138661682,0.00029415440758192191,0.00079153334130808962,0.0009414262779421917,1701888,831,na_qae_abc,29,2994618833
41025,Diamond Shoals,35,712289.19700410753,0.00051333136138661682,0.00029415440758192191,0.00079153334130808962,0.0009414262779421917,1751040,855,na_qae_abc,29,2994618833
41025,Diamond Shoals,36,712289.19700410753,0.00051333136138661682,0.00029415440758192191,0.00079153334130808962,0.0009414262779421917,1800192,879,na_qae_abc,29,2994618833
41025,Diamond Shoals,37,712289.19700410753,0.00051333136138661682,0.00029415440758192191,0.00079153334130808962,0.0009414262779421917,1849344,903,na_qae_abc,29,2994618833
41025,Diamond Shoals,38,712289.19700410753,0.00051333136138661682,0.00029415440758192191,0.00079153334130808962,0.0009414262779421917,1898496,927,na_qae_abc,29,2994618833
41025,Diamond Shoals,39,712289.19700410753,0.00051333136138661682,0.00029415440758192191,0.00079153334130808962,0.0009414262779421917,1947648,951,na_qae_abc,29,2994618833
41025,Diamond Shoals,40,712289.19700410753,0.00051333136138661682,0.00029415440758192191,0.00079153334130808962,0.0009414262779421917,1996800,975,na_qae_abc,29,2994618833
46026,San Francisco,1,663011.15147417062,4.2345305135178388e-19,1.0000000000000001e-20,2.8320294873742834e-05,4.0072081913209795e-05,180224,49,na_qae_abc,0,2354602333
46026,San Francisco,2,663011.15147417062,4.2345305135178388e-19,1.0000000000000001e-20,2.8320294873742834e-05,4.0072081913209795e-05,327680,85,na_qae_abc,0,2354602333
46026,San Francisco,3,621534.65938020928,2.9942927147964567e-19,1.0000000000000001e-20,3.9673370165857613e-05,3.4454105439744235e-05,499712,124,na_qae_abc,0,2354602333
46026,San Francisco,4,607885.57162810699,8.7306236005480218e-06,1.0000000000000001e-20,6.5544818417108668e-05,3.1435587849729655e-05,729088,170,na_qae_abc,0,2354602333
46026,San Francisco,5,582084.03260403464,8.1123145342171731e-06,1.0000000000000001e-20,6.4987126207268696e-05,3.7683564606712686e-05,950272,215,na_qae_abc,0,2354602333
46026,San Francisco,6,574288.09617528319,1.5964206726959615e-18,1.0000000000000001e-20,4.7232433260719705e-05,2.9781139916110417e-05,1187840,262,na_qae_abc,0,2354602333
46026,San Francisco,7,574288.09617528319,1.5964206726959615e-18,1.0000000000000001e-20,4.7232433260719705e-05,2.9781139916110417e-05,1425408,309,na_qae_abc,0,2354602333
46026,San Francisco,8,574288.09617528319,1.5964206726959615e-18,1.0000000000000001e-20,4.7232433260719705e-05,2.9781139916110417e-05,1662976,356,na_qae_abc,0,2354602333
46026,San Francisco,9,571741.20025172923,1.3598377390458161e-19,1.0000000000000001e-20,3.4234318235984546e-05,3.2485948599063183e-05,1908736,404,na_qae_abc,0,2354602333
46026,San Francisco,10,571741.20025172923,1.3598377390458161e-19,1.0000000000000001e-20,3.4234318235984546e-05,3.2485948599063183e-05,2129920,449,na_qae_abc,0,2354602333
46026,San Francisco,11,571741.20025172923,1.3598377390458161e-19,1.0000000000000001e-20,3.4234318235984546e-05,3.2485948599063183e-05,2359296,495,na_qae_abc,0,2354602333
46026,San Francisco,12,571741.20025172923,1.3598377390458161e-19,1.0000000000000001e-20,3.4234318235984546e-05,3.2485948599063183e-05,2580480,540,na_qae_abc,0,2354602333
46026,San Francisco,13,571741.20025172923,1.3598377390458161e-19,1.0000000000000001e-20,3.4234318235984546e-05,3.2485948599063183e-05,2826240,588,na_qae_abc,0,2354602333
46026,San Francisco,14,571741.20025172923,1.3598377390458161e-19,1.0000000000000001e-20,3.4234318235984546e-05,3.2485948599063183e-05,3072000,636,na_qae_abc,0,2354602333
46026,San Francisco,15,569398.79266801302,4.4124068453813559e-06,1.0000000000000001e-20,6.0773213091998808e-05,3.3882935583353444e-05,3309568,683,na_qae_abc,0,2354602333
46026,San Francisco,16,564520.13717173436,1.0219802311731178e-05,1.0000000000000001e-20,6.8582162600742578e-05,5.6200758467993202e-05,3530752,728,na_qae_abc,0,2354602333
46026,San Francisco,17,548302.30265666591,3.586229495254911e-19,1.0000000000000001e-20,4.549057386900028e-05,3.0385692944086305e-05,3768320,775,na_qae_abc,0,2354602333
46026,San Francisco,18,547233.11358209536,1.1921828895763869e-05,1.0000000000000001e-20,6.9359214060494073e-05,4.0060714215296191e-05,4005888,822,na_qae_abc,0,2354602333
46026,San Francisco,19,528216.35674050567,8.4355646518442902e-06,1.0000000000000001e-20,6.6225136761298179e-05,5.0059394786514877e-05,4243456,869,na_qae_abc,0,2354602333
46026,San Francisco,20,528216.35674050567,8.4355646518442902e-06,1.0000000000000001e-20,6.6225136761298179e-05,5.0059394786514877e-05,4472832,915,na_qae_abc,0,2354602333
46026,San Francisco,21,528216.35674050567,8.4355646518442902e-06,1.0000000000000001e-20,6.6225136761298179e-05,5.0059394786514877e-05,4710400,962,na_qae_abc,0,2354602333
46026,San Francisco,22,528216.35674050567,8.4355646518442902e-06,1.0000000000000001e-20,6.6225136761298179e-05,5.0059394786514877e-05,4958208,1011,na_qae_abc,0,2354602333
46026,San Francisco,23,528216.35674050567,8.4355646518442902e-06,1.0000000000000001e-20,6.6225136761298179e-05,5.0059394786514877e-05,5163008,1054,na_qae_abc,0,2354602333
46026,San Francisco,24,528216.35674050567,8.4355646518442902e-06,1.0000000000000001e-20,6.6225136761298179e-05,5.0059394786514877e-05,5408768,1102,na_qae_abc,0,2354602333
46026,San Francisco,25,521515.77208884864,3.8222754978474182e-20,1.0000000000000001e-20,5.4925857019277031e-05,5.9754317887861058e-05,5638144,1148,na_qae_abc,0,2354602333
46026,San Francisco,26,521515.77208884864,3.8222754978474182e-20,1.0000000000000001e-20,5.4925857019277031e-05,5.9754317887861058e-05,5859328,1193,na_qae_abc,0,2354602333
46026,San Francisco,27,521515.77208884864,3.8222754978474182e-20,1.0000000000000001e-20,5.4925857019277031e-05,5.9754317887861058e-05,6096896,1240,na_qae_abc,0,2354602333
46026,San Francisco,28,521515.77208884864,3.8222754978474182e-20,1.0000000000000001e-20,5.4925857019277031e-05,5.9754317887861058e-05,6334464,1287,na_qae_abc,0,2354602333
46026,San Francisco,29,521515.77208884864,3.8222754978474182e-20,1.0000000000000001e-20,5.4925857019277031e-05,5.9754317887861058e-05,6572032,1334,na_qae_abc,0,2354602333
46026,San Francisco,30,521515.77208884864,3.8222754978474182e-20,1.0000000000000001e-20,5.4925857019277031e-05,5.9754317887861058e-05,6817792,1382,na_qae_abc,0,2354602333
46026,San Francisco,31,521515.77208884864,3.8222754978474182e-20,1.0000000000000001e-20,5.4925857019277031e-05,5.9754317887861058e-05,7047168,1428,na_qae_abc,0,2354602333
46026,San Francisco,32,521515.77208884864,3.8222754978474182e-20,1.0000000000000001e-20,5.4925857019277031e-05,5.9754317887861058e-05,7276544,1474,na_qae_abc,0,2354602333
46026,San Francisco,33,521515.77208884864,3.8222754978474182e-20,1.0000000000000001e-20,5.4925857019277031e-05,5.9754317887861058e-05,7505920,1520,na_qae_abc,0,2354602333
46026,San Francisco,34,521515.77208884864,3.8222754978474182e-20,1.0000000000000001e-20,5.4925857019277031e-05,5.9754317887861058e-05,7735296,1566,na_qae_abc,0,2354602333
46026,San Francisco,35,521515.77208884864,3.8222754978474182e-20,1.0000000000000001e-20,5.4925857019277031e-05,5.9754317887861058e-05,7964672,1612,na_qae_abc,0,2354602333
46026,San Francisco,36,521515.77208884864,3.8222754978474182e-20,1.0000000000000001e-20,5.4925857019277031e-05,5.9754317887861058e-05,8194048,1658,na_qae_abc,0,2354602333
46026,San Francisco,37,521515.77208884864,3.8222754978474182e-20,1.0000000000000001e-20,5.4925857019277031e-05,5.9754317887861058e-05,8425472,1705,na_qae_abc,0,2354602333
46026,San Francisco,38,521515.77208884864,3.8222754978474182e-20,1.0000000000000001e-20,5.4925857019277031e-05,5.9754317887861058e-05,8646656,1750,na_qae_abc,0,2354602333
46026,San Francisco,39,521515.77208884864,3.8222754978474182e-20,1.0000000000000001e-20,5.4925857019277031e-05,5.9754317887861058e-05,8884224,1797,na_qae_abc,0,2354602333
46026,San Francisco,40,521515.77208884864,3.8222754978474182e-20,1.0000000000000001e-20,5.4925857019277031e-05,5.9754317887861058e-05,9121792,1844,na_qae_abc,0,2354602333
46026,San Francisco,1,696522.45461396978,1.3654960763247854e-05,1.0000000000000001e-20,7.1913175738519536e-05,4.7181804792679162e-05,221184,54,na_qae_abc,1,2809038303
46026,San Francisco,2,696522.45461396978,1.3654960763247854e-05,1.0000000000000001e-20,7.1913175738519536e-05,4.7181804792679162e-05,352256,88,na_qae_abc,1,2809038303
46026,San Francisco,3,680554.1908452732,3.4153148004160768e-19,1.0000000000000001e-20,4.0019839518622979e-05,4.113171234990945e-05,548864,130,na_qae_abc,1,2809038303
46026,San Francisco,4,582123.72217182023,1.2906384184324857e-06,1.0000000000000001e-20,5.772220176737741e-05,5.5917113972773927e-05,753664,173,na_qae_abc,1,2809038303
46026,San Francisco,5,582123.72217182023,1.2906384184324857e-06,1.0000000000000001e-20,5.772220176737741e-05,5.5917113972773927e-05,966656,217,na_qae_abc,1,2809038303
46026,San Francisco,6,582123.72217182023,1.2906384184324857e-06,1.0000000000000001e-20,5.772220176737741e-05,5.5917113972773927e-05,1179648,261,na_qae_abc,1,2809038303
46026,San Francisco,7,582123.72217182023,1.2906384184324857e-06,1.0000000000000001e-20,5.772220176737741e-05,5.5917113972773927e-05,1368064,302,na_qae_abc,1,2809038303
46026,San Francisco,8,582123.72217182023,1.2906384184324857e-06,1.0000000000000001e-20,5.772220176737741e-05,5.5917113972773927e-05,1572864,345,na_qae_abc,1,2809038303
46026,San Francisco,9,582123.72217182023,1.2906384184324857e-06,1.0000000000000001e-20,5.772220176737741e-05,5.5917113972773927e-05,1802240,391,na_qae_abc,1,2809038303
46026,San Francisco,10,582123.72217182023,1.2906384184324857e-06,1.0000000000000001e-20,5.772220176737741e-05,5.5917113972773927e-05,1998848,433,na_qae_abc,1,2809038303
46026,San Francisco,11,582123.72217182023,1.2906384184324857e-06,1.0000000000000001e-20,5.772220176737741e-05,5.5917113972773927e-05,2195456,475,na_qae_abc,1,2809038303
46026,San Francisco,12,582123.72217182023,1.2906384184324857e-06,1.0000000000000001e-20,5.772220176737741e-05,5.5917113972773927e-05,2392064,517,na_qae_abc,1,2809038303
46026,San Francisco,13,582123.72217182023,1.2906384184324857e-06,1.0000000000000001e-20,5.772220176737741e-05,5.5917113972773927e-05,2580480,558,na_qae_abc,1,2809038303
46026,San Francisco,14,582123.72217182023,1.2906384184324857e-06,1.0000000000000001e-20,5.772220176737741e-05,5.5917113972773927e-05,2793472,602,na_qae_abc,1,2809038303
46026,San Francisco,15,582123.72217182023,1.2906384184324857e-06,1.0000000000000001e-20,5.772220176737741e-05,5.5917113972773927e-05,3006464,646,na_qae_abc,1,2809038303
46026,San Francisco,16,582123.72217182023,1.2906384184324857e-06,1.0000000000000001e-20,5.772220176737741e-05,5.5917113972773927e-05,3235840,692,na_qae_abc,1,2809038303
46026,San Francisco,17,582123.72217182023,1.2906384184324857e-06,1.0000000000000001e-20,5.772220176737741e-05,5.5917113972773927e-05,3448832,736,na_qae_abc,1,2809038303
46026,San Francisco,18,582123.72217182023,1.2906384184324857e-06,1.0000000000000001e-20,5.772220176737741e-05,5.5917113972773927e-05,3670016,781,na_qae_abc,1,2809038303
46026,San Francisco,19,582123.72217182023,1.2906384184324857e-06,1.0000000000000001e-20,5.772220176737741e-05,5.5917113972773927e-05,3883008,825,na_qae_abc,1,2809038303
46026,San Francisco,20,546666.54960243509,1.3574142662171272e-19,1.0000000000000001e-20,3.0995969820957182e-05,5.8640683823037896e-05,4104192,870,na_qae_abc,1,2809038303
46026,San Francisco,21,546666.54960243509,1.3574142662171272e-19,1.0000000000000001e-20,3.0995969820957182e-05,5.8640683823037896e-05,4300800,912,na_qae_abc,1,2809038303
46026,San Francisco,22,546666.54960243509,1.3574142662171272e-19,1.0000000000000001e-20,3.0995969820957182e-05,5.8640683823037896e-05,4489216,953,na_qae_abc,1,2809038303
46026,San Francisco,23,546666.54960243509,1.3574142662171272e-19,1.0000000000000001e-20,3.0995969820957182e-05,5.8640683823037896e-05,4677632,994,na_qae_abc,1,2809038303
46026,San Francisco,24,546666.54960243509,1.3574142662171272e-19,1.0000000000000001e-20,3.0995969820957182e-05,5.8640683823037896e-05,4907008,1040,na_qae_abc,1,2809038303
46026,San Francisco,25,546666.54960243509,1.3574142662171272e-19,1.0000000000000001e-20,3.0995969820957182e-05,5.8640683823037896e-05,5103616,1082,na_qae_abc,1,2809038303
46026,San Francisco,26,546666.54960243509,1.3574142662171272e-19,1.0000000000000001e-20,3.0995969820957182e-05,5.8640683823037896e-05,5324800,1127,na_qae_abc,1,2809038303
46026,San Francisco,27,546666.54960243509,1.3574142662171272e-19,1.0000000000000001e-20,3.0995969820957182e-05,5.8640683823037896e-05,5548032,1173,na_qae_abc,1,2809038303
46026,San Francisco,28,546666.54960243509,1.3574142662171272e-19,1.0000000000000001e-20,3.0995969820957182e-05,5.8640683823037896e-05,5761024,1217,na_qae_abc,1,2809038303
46026,San Francisco,29,546666.54960243509,1.3574142662171272e-19,1.0000000000000001e-20,3.0995969820957182e-05,5.8640683823037896e-05,5974016,1261,na_qae_abc,1,2809038303
46026,San Francisco,30,546666.54960243509,1.3574142662171272e-19,1.0000000000000001e-20,3.0995969820957182e-05,5.8640683823037896e-05,6195200,1306,na_qae_abc,1,2809038303
46026,San Francisco,31,546666.54960243509,1.3574142662171272e-19,1.0000000000000001e-20,3.0995969820957182e-05,5.8640683823037896e-05,6391808,1348,na_qae_abc,1,2809038303
46026,San Francisco,32,546666.54960243509,1.3574142662171272e-19,1.0000000000000001e-20,3.0995969820957182e-05,5.8640683823037896e-05,6604800,1392,na_qae_abc,1,2809038303
46026,San Francisco,33,546666.54960243509,1.3574142662171272e-19,1.0000000000000001e-20,3.0995969820957182e-05,5.8640683823037896e-05,6809600,1435,na_qae_abc,1,2809038303
46026,San Francisco,34,546666.54960243509,1.3574142662171272e-19,1.0000000000000001e-20,3.0995969820957182e-05,5.8640683823037896e-05,7006208,1477,na_qae_abc,1,2809038303
46026,San Francisco,35,546666.54960243509,1.3574142662171272e-19,1.0000000000000001e-20,3.0995969820957182e-05,5.8640683823037896e-05,7227392,1522,na_qae_abc,1,2809038303
46026,San Francisco,36,546666.54960243509,1.3574142662171272e-19,1.0000000000000001e-20,3.0995969820957182e-05,5.8640683823037896e-05,7456768,1568,na_qae_abc,1,2809038303
46026,San Francisco,37,546666.54960243509,1.3574142662171272e-19,1.0000000000000001e-20,3.0995969820957182e-05,5.8640683823037896e-05,7661568,1611,na_qae_abc,1,2809038303
46026,San Francisco,38,546666.54960243509,1.3574142662171272e-19,1.0000000000000001e-20,3.0995969820957182e-05,5.8640683823037896e-05,7876608,1656,na_qae_abc,1,2809038303
46026,San Francisco,39,546666.54960243509,1.3574142662171272e-19,1.0000000000000001e-20,3.0995969820957182e-05,5.8640683823037896e-05,8065024,1697,na_qae_abc,1,2809038303
46026,San Francisco,40,546666.54960243509,1.3574142662171272e-19,1.0000000000000001e-20,3.0995969820957182e-05,5.8640683823037896e-05,8294400,1743,na_qae_abc,1,2809038303
46026,San Francisco,1,664469.22226805659,3.1432310954925376e-18,1.0000000000000001e-20,5.4167906473844728e-05,3.1775192515596285e-05,204800,52,na_qae_abc,2,1454264448
46026,San Francisco,2,664469.22226805659,3.1432310954925376e-18,1.0000000000000001e-20,5.4167906473844728e-05,3.1775192515596285e-05,360448,89,na_qae_abc,2,1454264448
46026,San Francisco,3,664469.22226805659,3.1432310954925376e-18,1.0000000000000001e-20,5.4167906473844728e-05,3.1775192515596285e-05,557056,131,na_qae_abc,2,1454264448
46026,San Francisco,4,663593.20268589887,7.9333078557418672e-06,1.0000000000000001e-20,6.6436560618832375e-05,6.1333474679313126e-05,770048,175,na_qae_abc,2,1454264448
46026,San Francisco,5,663304.7723607556,4.7350425722240732e-20,1.0000000000000001e-20,2.4649867030639556e-05,2.1760767572369514e-05,1007616,222,na_qae_abc,2,1454264448
46026,San Francisco,6,642295.77604782418,3.6515795962064953e-18,1.0000000000000001e-20,5.4850865384766225e-05,7.6635013519902782e-05,1179648,261,na_qae_abc,2,1454264448
46026,San Francisco,7,642295.77604782418,3.6515795962064953e-18,1.0000000000000001e-20,5.4850865384766225e-05,7.6635013519902782e-05,1384448,304,na_qae_abc,2,1454264448
46026,San Francisco,8,642295.77604782418,3.6515795962064953e-18,1.0000000000000001e-20,5.4850865384766225e-05,7.6635013519902782e-05,1556480,343,na_qae_abc,2,1454264448
46026,San Francisco,9,642295.77604782418,3.6515795962064953e-18,1.0000000000000001e-20,5.4850865384766225e-05,7.6635013519902782e-05,1761280,386,na_qae_abc,2,1454264448
46026,San Francisco,10,642295.77604782418,3.6515795962064953e-18,1.0000000000000001e-20,5.4850865384766225e-05,7.6635013519902782e-05,1925120,424,na_qae_abc,2,1454264448
46026,San Francisco,11,642295.77604782418,3.6515795962064953e-18,1.0000000000000001e-20,5.4850865384766225e-05,7.6635013519902782e-05,2121728,466,na_qae_abc,2,1454264448
46026,San Francisco,12,642295.77604782418,3.6515795962064953e-18,1.0000000000000001e-20,5.4850865384766225e-05,7.6635013519902782e-05,2269184,502,na_qae_abc,2,1454264448
46026,San Francisco,13,642295.77604782418,3.6515795962064953e-18,1.0000000000000001e-20,5.4850865384766225e-05,7.6635013519902782e-05,2482176,546,na_qae_abc,2,1454264448
46026,San Francisco,14,642295.77604782418,3.6515795962064953e-18,1.0000000000000001e-20,5.4850865384766225e-05,7.6635013519902782e-05,2689024,590,na_qae_abc,2,1454264448
46026,San Francisco,15,642295.77604782418,3.6515795962064953e-18,1.0000000000000001e-20,5.4850865384766225e-05,7.6635013519902782e-05,2852864,628,na_qae_abc,2,1454264448
46026,San Francisco,16,642295.77604782418,3.6515795962064953e-18,1.0000000000000001e-20,5.4850865384766225e-05,7.6635013519902782e-05,3074048,673,na_qae_abc,2,1454264448
46026,San Francisco,17,630632.1724451686,1.3706469731724964e-20,1.0000000000000001e-20,5.4272284965096318e-05,1.5668499436483733e-05,3229696,710,na_qae_abc,2,1454264448
46026,San Francisco,18,625101.45956011279,1.6567626676613352e-20,1.0000000000000001e-20,4.748721832462427e-05,5.464045555162296e-05,3442688,754,na_qae_abc,2,1454264448
46026,San Francisco,19,625101.45956011279,1.6567626676613352e-20,1.0000000000000001e-20,4.748721832462427e-05,5.464045555162296e-05,3655680,798,na_qae_abc,2,1454264448
46026,San Francisco,20,625101.45956011279,1.6567626676613352e-20,1.0000000000000001e-20,4.748721832462427e-05,5.464045555162296e-05,3885056,844,na_qae_abc,2,1454264448
46026,San Francisco,21,625101.45956011279,1.6567626676613352e-20,1.0000000000000001e-20,4.748721832462427e-05,5.464045555162296e-05,4098048,888,na_qae_abc,2,1454264448
46026,San Francisco,22,625101.45956011279,1.6567626676613352e-20,1.0000000000000001e-20,4.748721832462427e-05,5.464045555162296e-05,4311040,932,na_qae_abc,2,1454264448
46026,San Francisco,23,603420.43322657712,2.9860499574082577e-19,1.0000000000000001e-20,4.3711186799633801e-05,3.8745953603735265e-05,4507648,974,na_qae_abc,2,1454264448
46026,San Francisco,24,594480.82759494998,1.6325351814383795e-20,1.0000000000000001e-20,5.5431244957247146e-05,2.1536365562477321e-05,4737024,1020,na_qae_abc,2,1454264448
46026,San Francisco,25,594480.82759494998,1.6325351814383795e-20,1.0000000000000001e-20,5.5431244957247146e-05,2.1536365562477321e-05,4941824,1063,na_qae_abc,2,1454264448
46026,San Francisco,26,592950.23394083476,9.8537113605914584e-06,1.0000000000000001e-20,6.8825304359813576e-05,2.310782210831081e-05,5163008,1108,na_qae_abc,2,1454264448
46026,San Francisco,27,586682.31607734587,1.0024847015077644e-17,1.0000000000000001e-20,5.6239580360962977e-05,3.2615848079221445e-05,5392384,1154,na_qae_abc,2,1454264448
46026,San Francisco,28,586682.31607734587,1.0024847015077644e-17,1.0000000000000001e-20,5.6239580360962977e-05,3.2615848079221445e-05,5588992,1196,na_qae_abc,2,1454264448
46026,San Francisco,29,579780.46056294267,6.4641112883542255e-20,1.0000000000000001e-20,5.1590083584902785e-05,2.9040441502473418e-05,5777408,1237,na_qae_abc,2,1454264448
46026,San Francisco,30,579780.46056294267,6.4641112883542255e-20,1.0000000000000001e-20,5.1590083584902785e-05,2.9040441502473418e-05,5976064,1280,na_qae_abc,2,1454264448
46026,San Francisco,31,579780.46056294267,6.4641112883542255e-20,1.0000000000000001e-20,5.1590083584902785e-05,2.9040441502473418e-05,6189056,1324,na_qae_abc,2,1454264448
46026,San Francisco,32,579780.46056294267,6.4641112883542255e-20,1.0000000000000001e-20,5.1590083584902785e-05,2.9040441502473418e-05,6410240,1369,na_qae_abc,2,1454264448
46026,San Francisco,33,579780.46056294267,6.4641112883542255e-20,1.0000000000000001e-20,5.1590083584902785e-05,2.9040441502473418e-05,6639616,1415,na_qae_abc,2,1454264448
46026,San Francisco,34,579780.46056294267,6.4641112883542255e-20,1.0000000000000001e-20,5.1590083584902785e-05,2.9040441502473418e-05,6860800,1460,na_qae_abc,2,1454264448
46026,San Francisco,35,579780.46056294267,6.4641112883542255e-20,1.0000000000000001e-20,5.1590083584902785e-05,2.9040441502473418e-05,7065600,1503,na_qae_abc,2,1454264448
46026,San Francisco,36,557970.00595633069,9.5749233145259915e-06,1.0000000000000001e-20,6.8343174605981155e-05,6.1085940898702581e-05,7286784,1548,na_qae_abc,2,1454264448
46026,San Francisco,37,557970.00595633069,9.5749233145259915e-06,1.0000000000000001e-20,6.8343174605981155e-05,6.1085940898702581e-05,7524352,1595,na_qae_abc,2,1454264448
46026,San Francisco,38,557970.00595633069,9.5749233145259915e-06,1.0000000000000001e-20,6.8343174605981155e-05,6.1085940898702581e-05,7770112,1643,na_qae_abc,2,1454264448
46026,San Francisco,39,539863.39766036056,1.2144997417406868e-19,1.0000000000000001e-20,2.3090685995795492e-05,3.2518862915847822e-05,7974912,1686,na_qae_abc,2,1454264448
46026,San Francisco,40,539863.39766036056,1.2144997417406868e-19,1.0000000000000001e-20,2.3090685995795492e-05,3.2518862915847822e-05,8187904,1730,na_qae_abc,2,1454264448
46026,San Francisco,1,696879.69908396737,6.6606066597113761e-05,1.2042220470429288e-05,0.00013711458911886651,6.1703967731252461e-05,163840,47,na_qae_abc,3,627444888
46026,San Francisco,2,682044.19110202126,2.1622486074431018e-05,1.0000000000000001e-20,8.2662278114642185e-05,5.0207213259844566e-05,303104,82,na_qae_abc,3,627444888
46026,San Francisco,3,679900.53218449268,1.1479198208892827e-20,1.0000000000000001e-20,3.4927383807093555e-05,2.6044080850919143e-05,499712,124,na_qae_abc,3,627444888
46026,San Francisco,4,638638.47558942938,3.1692571740673365e-20,1.0000000000000001e-20,6.1736118453998488e-05,7.7112898957015831e-05,704512,167,na_qae_abc,3,627444888
46026,San Francisco,5,638638.47558942938,3.1692571740673365e-20,1.0000000000000001e-20,6.1736118453998488e-05,7.7112898957015831e-05,909312,210,na_qae_abc,3,627444888
46026,San Francisco,6,621014.01811311126,8.5914310552206802e-06,1.0000000000000001e-20,6.5683157046671621e-05,4.8585912088547426e-05,1138688,256,na_qae_abc,3,627444888
46026,San Francisco,7,612464.36142250756,7.9919573643777385e-20,1.0000000000000001e-20,3.0596977205356717e-05,4.541373095943316e-05,1359872,301,na_qae_abc,3,627444888
46026,San Francisco,8,612464.36142250756,7.9919573643777385e-20,1.0000000000000001e-20,3.0596977205356717e-05,4.541373095943316e-05,1581056,346,na_qae_abc,3,627444888
46026,San Francisco,9,612464.36142250756,7.9919573643777385e-20,1.0000000000000001e-20,3.0596977205356717e-05,4.541373095943316e-05,1802240,391,na_qae_abc,3,627444888
46026,San Francisco,10,612464.36142250756,7.9919573643777385e-20,1.0000000000000001e-20,3.0596977205356717e-05,4.541373095943316e-05,2039808,438,na_qae_abc,3,627444888
46026,San Francisco,11,612464.36142250756,7.9919573643777385e-20,1.0000000000000001e-20,3.0596977205356717e-05,4.541373095943316e-05,2285568,486,na_qae_abc,3,627444888
46026,San Francisco,12,612464.36142250756,7.9919573643777385e-20,1.0000000000000001e-20,3.0596977205356717e-05,4.541373095943316e-05,2531328,534,na_qae_abc,3,627444888
46026,San Francisco,13,612464.36142250756,7.9919573643777385e-20,1.0000000000000001e-20,3.0596977205356717e-05,4.541373095943316e-05,2752512,579,na_qae_abc,3,627444888
46026,San Francisco,14,612464.36142250756,7.9919573643777385e-20,1.0000000000000001e-20,3.0596977205356717e-05,4.541373095943316e-05,2990080,626,na_qae_abc,3,627444888
46026,San Francisco,15,612464.36142250756,7.9919573643777385e-20,1.0000000000000001e-20,3.0596977205356717e-05,4.541373095943316e-05,3235840,674,na_qae_abc,3,627444888
46026,San Francisco,16,612464.36142250756,7.9919573643777385e-20,1.0000000000000001e-20,3.0596977205356717e-05,4.541373095943316e-05,3473408,721,na_qae_abc,3,627444888
46026,San Francisco,17,612464.36142250756,7.9919573643777385e-20,1.0000000000000001e-20,3.0596977205356717e-05,4.541373095943316e-05,3713024,769,na_qae_abc,3,627444888
46026,San Francisco,18,612464.36142250756,7.9919573643777385e-20,1.0000000000000001e-20,3.0596977205356717e-05,4.541373095943316e-05,3950592,816,na_qae_abc,3,627444888
46026,San Francisco,19,612464.36142250756,7.9919573643777385e-20,1.0000000000000001e-20,3.0596977205356717e-05,4.541373095943316e-05,4179968,862,na_qae_abc,3,627444888
46026,San Francisco,20,612464.36142250756,7.9919573643777385e-20,1.0000000000000001e-20,3.0596977205356717e-05,4.541373095943316e-05,4409344,908,na_qae_abc,3,627444888
46026,San Francisco,21,612464.36142250756,7.9919573643777385e-20,1.0000000000000001e-20,3.0596977205356717e-05,4.541373095943316e-05,4632576,954,na_qae_abc,3,627444888
46026,San Francisco,22,612464.36142250756,7.9919573643777385e-20,1.0000000000000001e-20,3.0596977205356717e-05,4.541373095943316e-05,4837376,997,na_qae_abc,3,627444888
46026,San Francisco,23,612464.36142250756,7.9919573643777385e-20,1.0000000000000001e-20,3.0596977205356717e-05,4.541373095943316e-05,5058560,1042,na_qae_abc,3,627444888
46026,San Francisco,24,585840.85945602332,6.5669389954197852e-06,1.0000000000000001e-20,6.3895139741674731e-05,3.6554303434444315e-05,5279744,1087,na_qae_abc,3,627444888
46026,San Francisco,25,572371.44668009959,9.5741937889140998e-06,1.0000000000000001e-20,6.7945045030107912e-05,5.7261166965658577e-05,5509120,1133,na_qae_abc,3,627444888
46026,San Francisco,26,559302.73690584826,2.3947368301739064e-19,1.0000000000000001e-20,3.6922559955400078e-05,2.5883343803931141e-05,5738496,1179,na_qae_abc,3,627444888
46026,San Francisco,27,559302.73690584826,2.3947368301739064e-19,1.0000000000000001e-20,3.6922559955400078e-05,2.5883343803931141e-05,5984256,1227,na_qae_abc,3,627444888
46026,San Francisco,28,559302.73690584826,2.3947368301739064e-19,1.0000000000000001e-20,3.6922559955400078e-05,2.5883343803931141e-05,6197248,1271,na_qae_abc,3,627444888
46026,San Francisco,29,559302.73690584826,2.3947368301739064e-19,1.0000000000000001e-20,3.6922559955400078e-05,2.5883343803931141e-05,6402048,1314,na_qae_abc,3,627444888
46026,San Francisco,30,559302.73690584826,2.3947368301739064e-19,1.0000000000000001e-20,3.6922559955400078e-05,2.5883343803931141e-05,6606848,1357,na_qae_abc,3,627444888
46026,San Francisco,31,559302.73690584826,2.3947368301739064e-19,1.0000000000000001e-20,3.6922559955400078e-05,2.5883343803931141e-05,6830080,1403,na_qae_abc,3,627444888
46026,San Francisco,32,559302.73690584826,2.3947368301739064e-19,1.0000000000000001e-20,3.6922559955400078e-05,2.5883343803931141e-05,7043072,1447,na_qae_abc,3,627444888
46026,San Francisco,33,559302.73690584826,2.3947368301739064e-19,1.0000000000000001e-20,3.6922559955400078e-05,2.5883343803931141e-05,7290880,1496,na_qae_abc,3,627444888
46026,San Francisco,34,559302.73690584826,2.3947368301739064e-19,1.0000000000000001e-20,3.6922559955400078e-05,2.5883343803931141e-05,7438336,1532,na_qae_abc,3,627444888
46026,San Francisco,35,559302.73690584826,2.3947368301739064e-19,1.0000000000000001e-20,3.6922559955400078e-05,2.5883343803931141e-05,7675904,1579,na_qae_abc,3,627444888
46026,San Francisco,36,559302.73690584826,2.3947368301739064e-19,1.0000000000000001e-20,3.6922559955400078e-05,2.5883343803931141e-05,7913472,1626,na_qae_abc,3,627444888
46026,San Francisco,37,559302.73690584826,2.3947368301739064e-19,1.0000000000000001e-20,3.6922559955400078e-05,2.5883343803931141e-05,8151040,1673,na_qae_abc,3,627444888
46026,San Francisco,38,559302.73690584826,2.3947368301739064e-19,1.0000000000000001e-20,3.6922559955400078e-05,2.5883343803931141e-05,8372224,1718,na_qae_abc,3,627444888
46026,San Francisco,39,559302.73690584826,2.3947368301739064e-19,1.0000000000000001e-20,3.6922559955400078e-05,2.5883343803931141e-05,8585216,1762,na_qae_abc,3,627444888
46026,San Francisco,40,559302.73690584826,2.3947368301739064e-19,1.0000000000000001e-20,3.6922559955400078e-05,2.5883343803931141e-05,8804352,1806,na_qae_abc,3,627444888
46026,San Francisco,1,627814.35499801789,2.2141517912575562e-05,1.0000000000000001e-20,8.2673364369437603e-05,6.6051947920945549e-05,212992,53,na_qae_abc,4,4113981871
46026,San Francisco,2,627814.35499801789,2.2141517912575562e-05,1.0000000000000001e-20,8.2673364369437603e-05,6.6051947920945549e-05,360448,89,na_qae_abc,4,4113981871
46026,San Francisco,3,674519.68975192751,1.1468339422971354e-05,1.0000000000000001e-20,7.2286506529120262e-05,4.3678353556218967e-05,548864,130,na_qae_abc,4,4113981871
46026,San Francisco,4,598348.02769710869,5.1310769774889214e-19,1.0000000000000001e-20,3.6820230601099932e-05,4.1602104464855819e-05,745472,172,na_qae_abc,4,4113981871
46026,San Francisco,5,598348.02769710869,5.1310769774889214e-19,1.0000000000000001e-20,3.6820230601099932e-05,4.1602104464855819e-05,958464,216,na_qae_abc,4,4113981871
46026,San Francisco,6,598348.02769710869,5.1310769774889214e-19,1.0000000000000001e-20,3.6820230601099932e-05,4.1602104464855819e-05,1171456,260,na_qae_abc,4,4113981871
46026,San Francisco,7,598348.02769710869,5.1310769774889214e-19,1.0000000000000001e-20,3.6820230601099932e-05,4.1602104464855819e-05,1400832,306,na_qae_abc,4,4113981871
46026,San Francisco,8,598348.02769710869,5.1310769774889214e-19,1.0000000000000001e-20,3.6820230601099932e-05,4.1602104464855819e-05,1572864,345,na_qae_abc,4,4113981871
46026,San Francisco,9,598348.02769710869,5.1310769774889214e-19,1.0000000000000001e-20,3.6820230601099932e-05,4.1602104464855819e-05,1794048,390,na_qae_abc,4,4113981871
46026,San Francisco,10,569318.97812668653,8.7306236005480218e-06,1.0000000000000001e-20,6.5544818417108668e-05,2.5179800131109535e-05,1998848,433,na_qae_abc,4,4113981871
46026,San Francisco,11,569318.97812668653,8.7306236005480218e-06,1.0000000000000001e-20,6.5544818417108668e-05,2.5179800131109535e-05,2236416,480,na_qae_abc,4,4113981871
46026,San Francisco,12,564821.79595961643,3.5706446002472564e-20,1.0000000000000001e-20,6.9690043251653553e-05,4.3517326349462255e-05,2457600,525,na_qae_abc,4,4113981871
46026,San Francisco,13,564821.79595961643,3.5706446002472564e-20,1.0000000000000001e-20,6.9690043251653553e-05,4.3517326349462255e-05,2686976,571,na_qae_abc,4,4113981871
46026,San Francisco,14,564821.79595961643,3.5706446002472564e-20,1.0000000000000001e-20,6.9690043251653553e-05,4.3517326349462255e-05,2908160,616,na_qae_abc,4,4113981871
46026,San Francisco,15,564821.79595961643,3.5706446002472564e-20,1.0000000000000001e-20,6.9690043251653553e-05,4.3517326349462255e-05,3129344,661,na_qae_abc,4,4113981871
46026,San Francisco,16,564821.79595961643,3.5706446002472564e-20,1.0000000000000001e-20,6.9690043251653553e-05,4.3517326349462255e-05,3358720,707,na_qae_abc,4,4113981871
46026,San Francisco,17,564821.79595961643,3.5706446002472564e-20,1.0000000000000001e-20,6.9690043251653553e-05,4.3517326349462255e-05,3596288,754,na_qae_abc,4,4113981871
46026,San Francisco,18,564821.79595961643,3.5706446002472564e-20,1.0000000000000001e-20,6.9690043251653553e-05,4.3517326349462255e-05,3833856,801,na_qae_abc,4,4113981871
46026,San Francisco,19,564821.79595961643,3.5706446002472564e-20,1.0000000000000001e-20,6.9690043251653553e-05,4.3517326349462255e-05,4079616,849,na_qae_abc,4,4113981871
46026,San Francisco,20,564821.79595961643,3.5706446002472564e-20,1.0000000000000001e-20,6.9690043251653553e-05,4.3517326349462255e-05,4308992,895,na_qae_abc,4,4113981871
46026,San Francisco,21,564821.79595961643,3.5706446002472564e-20,1.0000000000000001e-20,6.9690043251653553e-05,4.3517326349462255e-05,4546560,942,na_qae_abc,4,4113981871
46026,San Francisco,22,564821.79595961643,3.5706446002472564e-20,1.0000000000000001e-20,6.9690043251653553e-05,4.3517326349462255e-05,4784128,989,na_qae_abc,4,4113981871
46026,San Francisco,23,564821.79595961643,3.5706446002472564e-20,1.0000000000000001e-20,6.9690043251653553e-05,4.3517326349462255e-05,5013504,1035,na_qae_abc,4,4113981871
46026,San Francisco,24,557024.79870694957,3.5622636427368489e-20,1.0000000000000001e-20,1.9037783145491501e-05,4.0222342770305516e-05,5226496,1079,na_qae_abc,4,4113981871
46026,San Francisco,25,557024.79870694957,3.5622636427368489e-20,1.0000000000000001e-20,1.9037783145491501e-05,4.0222342770305516e-05,5447680,1124,na_qae_abc,4,4113981871
46026,San Francisco,26,557024.79870694957,3.5622636427368489e-20,1.0000000000000001e-20,1.9037783145491501e-05,4.0222342770305516e-05,5685248,1171,na_qae_abc,4,4113981871
46026,San Francisco,27,557024.79870694957,3.5622636427368489e-20,1.0000000000000001e-20,1.9037783145491501e-05,4.0222342770305516e-05,5922816,1218,na_qae_abc,4,4113981871
46026,San Francisco,28,552529.2243691812,5.9243302073057604e-06,1.0000000000000001e-20,6.339641901195976e-05,5.64416756309755e-05,6144000,1263,na_qae_abc,4,4113981871
46026,San Francisco,29,552529.2243691812,5.9243302073057604e-06,1.0000000000000001e-20,6.339641901195976e-05,5.64416756309755e-05,6381568,1310,na_qae_abc,4,4113981871
46026,San Francisco,30,552529.2243691812,5.9243302073057604e-06,1.0000000000000001e-20,6.339641901195976e-05,5.64416756309755e-05,6619136,1357,na_qae_abc,4,4113981871
46026,San Francisco,31,552529.2243691812,5.9243302073057604e-06,1.0000000000000001e-20,6.339641901195976e-05,5.64416756309755e-05,6840320,1402,na_qae_abc,4,4113981871
46026,San Francisco,32,552529.2243691812,5.9243302073057604e-06,1.0000000000000001e-20,6.339641901195976e-05,5.64416756309755e-05,7077888,1449,na_qae_abc,4,4113981871
46026,San Francisco,33,552529.2243691812,5.9243302073057604e-06,1.0000000000000001e-20,6.339641901195976e-05,5.64416756309755e-05,7315456,1496,na_qae_abc,4,4113981871
46026,San Francisco,34,552529.2243691812,5.9243302073057604e-06,1.0000000000000001e-20,6.339641901195976e-05,5.64416756309755e-05,7544832,1542,na_qae_abc,4,4113981871
46026,San Francisco,35,552529.2243691812,5.9243302073057604e-06,1.0000000000000001e-20,6.339641901195976e-05,5.64416756309755e-05,7757824,1586,na_qae_abc,4,4113981871
46026,San Francisco,36,552529.2243691812,5.9243302073057604e-06,1.0000000000000001e-20,6.339641901195976e-05,5.64416756309755e-05,8003584,1634,na_qae_abc,4,4113981871
46026,San Francisco,37,552529.2243691812,5.9243302073057604e-06,1.0000000000000001e-20,6.339641901195976e-05,5.64416756309755e-05,8241152,1681,na_qae_abc,4,4113981871
46026,San Francisco,38,552529.2243691812,5.9243302073057604e-06,1.0000000000000001e-20,6.339641901195976e-05,5.64416756309755e-05,8488960,1730,na_qae_abc,4,4113981871
46026,San Francisco,39,552529.2243691812,5.9243302073057604e-06,1.0000000000000001e-20,6.339641901195976e-05,5.64416756309755e-05,8701952,1774,na_qae_abc,4,4113981871
46026,San Francisco,40,552529.2243691812,5.9243302073057604e-06,1.0000000000000001e-20,6.339641901195976e-05,5.64416756309755e-05,8923136,1819,na_qae_abc,4,4113981871
46026,San Francisco,1,669554.3179391264,4.324934977929866e-06,1.0000000000000001e-20,6.1737453467945616e-05,6.6213513530369634e-05,155648,46,na_qae_abc,5,4212094172
46026,San Francisco,2,644641.92954250961,1.2965372483513868e-05,1.0000000000000001e-20,7.0461337106788381e-05,8.4064521955714151e-05,294912,81,na_qae_abc,5,4212094172
46026,San Francisco,3,644641.92954250961,1.2965372483513868e-05,1.0000000000000001e-20,7.0461337106788381e-05,8.4064521955714151e-05,458752,119,na_qae_abc,5,4212094172
46026,San Francisco,4,620529.76630487305,8.3813881907869051e-06,1.0000000000000001e-20,6.5507570391556519e-05,8.2675898812126754e-05,671744,163,na_qae_abc,5,4212094172
46026,San Francisco,5,620529.76630487305,8.3813881907869051e-06,1.0000000000000001e-20,6.5507570391556519e-05,8.2675898812126754e-05,884736,207,na_qae_abc,5,4212094172
46026,San Francisco,6,620529.76630487305,8.3813881907869051e-06,1.0000000000000001e-20,6.5507570391556519e-05,8.2675898812126754e-05,1105920,252,na_qae_abc,5,4212094172
46026,San Francisco,7,620529.76630487305,8.3813881907869051e-06,1.0000000000000001e-20,6.5507570391556519e-05,8.2675898812126754e-05,1335296,298,na_qae_abc,5,4212094172
46026,San Francisco,8,620529.76630487305,8.3813881907869051e-06,1.0000000000000001e-20,6.5507570391556519e-05,8.2675898812126754e-05,1564672,344,na_qae_abc,5,4212094172
46026,San Francisco,9,579851.58095483191,1.9021948375130995e-06,1.0000000000000001e-20,5.7632992628293479e-05,4.5615874943330931e-05,1810432,392,na_qae_abc,5,4212094172
46026,San Francisco,10,579851.58095483191,1.9021948375130995e-06,1.0000000000000001e-20,5.7632992628293479e-05,4.5615874943330931e-05,2023424,436,na_qae_abc,5,4212094172
46026,San Francisco,11,579851.58095483191,1.9021948375130995e-06,1.0000000000000001e-20,5.7632992628293479e-05,4.5615874943330931e-05,2260992,483,na_qae_abc,5,4212094172
46026,San Francisco,12,579851.58095483191,1.9021948375130995e-06,1.0000000000000001e-20,5.7632992628293479e-05,4.5615874943330931e-05,2473984,527,na_qae_abc,5,4212094172
46026,San Francisco,13,579851.58095483191,1.9021948375130995e-06,1.0000000000000001e-20,5.7632992628293479e-05,4.5615874943330931e-05,2711552,574,na_qae_abc,5,4212094172
46026,San Francisco,14,579851.58095483191,1.9021948375130995e-06,1.0000000000000001e-20,5.7632992628293479e-05,4.5615874943330931e-05,2924544,618,na_qae_abc,5,4212094172
46026,San Francisco,15,579851.58095483191,1.9021948375130995e-06,1.0000000000000001e-20,5.7632992628293479e-05,4.5615874943330931e-05,3129344,661,na_qae_abc,5,4212094172
46026,San Francisco,16,579851.58095483191,1.9021948375130995e-06,1.0000000000000001e-20,5.7632992628293479e-05,4.5615874943330931e-05,3336192,705,na_qae_abc,5,4212094172
46026,San Francisco,17,579851.58095483191,1.9021948375130995e-06,1.0000000000000001e-20,5.7632992628293479e-05,4.5615874943330931e-05,3540992,748,na_qae_abc,5,4212094172
46026,San Francisco,18,579851.58095483191,1.9021948375130995e-06,1.0000000000000001e-20,5.7632992628293479e-05,4.5615874943330931e-05,3764224,794,na_qae_abc,5,4212094172
46026,San Francisco,19,579851.58095483191,1.9021948375130995e-06,1.0000000000000001e-20,5.7632992628293479e-05,4.5615874943330931e-05,3960832,836,na_qae_abc,5,4212094172
46026,San Francisco,20,579851.58095483191,1.9021948375130995e-06,1.0000000000000001e-20,5.7632992628293479e-05,4.5615874943330931e-05,4190208,882,na_qae_abc,5,4212094172
46026,San Francisco,21,579851.58095483191,1.9021948375130995e-06,1.0000000000000001e-20,5.7632992628293479e-05,4.5615874943330931e-05,4411392,927,na_qae_abc,5,4212094172
46026,San Francisco,22,579851.58095483191,1.9021948375130995e-06,1.0000000000000001e-20,5.7632992628293479e-05,4.5615874943330931e-05,4608000,969,na_qae_abc,5,4212094172
46026,San Francisco,23,579851.58095483191,1.9021948375130995e-06,1.0000000000000001e-20,5.7632992628293479e-05,4.5615874943330931e-05,4829184,1014,na_qae_abc,5,4212094172
46026,San Francisco,24,579851.58095483191,1.9021948375130995e-06,1.0000000000000001e-20,5.7632992628293479e-05,4.5615874943330931e-05,5050368,1059,na_qae_abc,5,4212094172
46026,San Francisco,25,579851.58095483191,1.9021948375130995e-06,1.0000000000000001e-20,5.7632992628293479e-05,4.5615874943330931e-05,5271552,1104,na_qae_abc,5,4212094172
46026,San Francisco,26,555243.04632938874,1.4108781287270374e-20,1.0000000000000001e-20,4.2995942704038527e-05,8.0945060946882298e-05,5484544,1148,na_qae_abc,5,4212094172
46026,San Francisco,27,555243.04632938874,1.4108781287270374e-20,1.0000000000000001e-20,4.2995942704038527e-05,8.0945060946882298e-05,5689344,1191,na_qae_abc,5,4212094172
46026,San Francisco,28,555243.04632938874,1.4108781287270374e-20,1.0000000000000001e-20,4.2995942704038527e-05,8.0945060946882298e-05,5902336,1235,na_qae_abc,5,4212094172
46026,San Francisco,29,555243.04632938874,1.4108781287270374e-20,1.0000000000000001e-20,4.2995942704038527e-05,8.0945060946882298e-05,6123520,1280,na_qae_abc,5,4212094172
46026,San Francisco,30,555243.04632938874,1.4108781287270374e-20,1.0000000000000001e-20,4.2995942704038527e-05,8.0945060946882298e-05,6352896,1326,na_qae_abc,5,4212094172
46026,San Francisco,31,555243.04632938874,1.4108781287270374e-20,1.0000000000000001e-20,4.2995942704038527e-05,8.0945060946882298e-05,6549504,1368,na_qae_abc,5,4212094172
46026,San Francisco,32,555243.04632938874,1.4108781287270374e-20,1.0000000000000001e-20,4.2995942704038527e-05,8.0945060946882298e-05,6756352,1412,na_qae_abc,5,4212094172
46026,San Francisco,33,555243.04632938874,1.4108781287270374e-20,1.0000000000000001e-20,4.2995942704038527e-05,8.0945060946882298e-05,6969344,1456,na_qae_abc,5,4212094172
46026,San Francisco,34,555243.04632938874,1.4108781287270374e-20,1.0000000000000001e-20,4.2995942704038527e-05,8.0945060946882298e-05,7149568,1496,na_qae_abc,5,4212094172
46026,San Francisco,35,555243.04632938874,1.4108781287270374e-20,1.0000000000000001e-20,4.2995942704038527e-05,8.0945060946882298e-05,7389184,1544,na_qae_abc,5,4212094172
46026,San Francisco,36,555243.04632938874,1.4108781287270374e-20,1.0000000000000001e-20,4.2995942704038527e-05,8.0945060946882298e-05,7593984,1587,na_qae_abc,5,4212094172
46026,San Francisco,37,555243.04632938874,1.4108781287270374e-20,1.0000000000000001e-20,4.2995942704038527e-05,8.0945060946882298e-05,7798784,1630,na_qae_abc,5,4212094172
46026,San Francisco,38,555243.04632938874,1.4108781287270374e-20,1.0000000000000001e-20,4.2995942704038527e-05,8.0945060946882298e-05,8003584,1673,na_qae_abc,5,4212094172
46026,San Francisco,39,555243.04632938874,1.4108781287270374e-20,1.0000000000000001e-20,4.2995942704038527e-05,8.0945060946882298e-05,8192000,1714,na_qae_abc,5,4212094172
46026,San Francisco,40,555243.04632938874,1.4108781287270374e-20,1.0000000000000001e-20,4.2995942704038527e-05,8.0945060946882298e-05,8404992,1758,na_qae_abc,5,4212094172
46026,San Francisco,1,677987.83541916043,5.4285683514841218e-07,1.0000000000000001e-20,5.5940892848634568e-05,4.3122731834774054e-05,180224,49,na_qae_abc,6,2276805683
46026,San Francisco,2,634170.62160354189,2.9582209098257574e-06,1.0000000000000001e-20,5.9958505046746046e-05,4.3667538215624955e-05,352256,88,na_qae_abc,6,2276805683
46026,San Francisco,3,612760.87621752755,1.1759791926305232e-07,1.0000000000000001e-20,5.6253153315331627e-05,2.3773030779206743e-05,565248,132,na_qae_abc,6,2276805683
46026,San Francisco,4,612760.87621752755,1.1759791926305232e-07,1.0000000000000001e-20,5.6253153315331627e-05,2.3773030779206743e-05,794624,178,na_qae_abc,6,2276805683
46026,San Francisco,5,589586.4291166456,3.3352670201995596e-06,1.0000000000000001e-20,6.3071351002970782e-05,3.4498944554437691e-05,1007616,222,na_qae_abc,6,2276805683
46026,San Francisco,6,581444.47945453541,8.4627173762245974e-06,1.0000000000000001e-20,6.5029958071537758e-05,2.6898850415258127e-05,1212416,265,na_qae_abc,6,2276805683
46026,San Francisco,7,581444.47945453541,8.4627173762245974e-06,1.0000000000000001e-20,6.5029958071537758e-05,2.6898850415258127e-05,1433600,310,na_qae_abc,6,2276805683
46026,San Francisco,8,581444.47945453541,8.4627173762245974e-06,1.0000000000000001e-20,6.5029958071537758e-05,2.6898850415258127e-05,1646592,354,na_qae_abc,6,2276805683
46026,San Francisco,9,576676.99010388891,4.1762875894224722e-20,1.0000000000000001e-20,4.9434879313083197e-05,2.6103057780454396e-05,1875968,400,na_qae_abc,6,2276805683
46026,San Francisco,10,549751.78638813458,1.1754034369396294e-05,1.0000000000000001e-20,7.015938990709659e-05,4.6869854509470271e-05,2105344,446,na_qae_abc,6,2276805683
46026,San Francisco,11,549751.78638813458,1.1754034369396294e-05,1.0000000000000001e-20,7.015938990709659e-05,4.6869854509470271e-05,2326528,491,na_qae_abc,6,2276805683
46026,San Francisco,12,549751.78638813458,1.1754034369396294e-05,1.0000000000000001e-20,7.015938990709659e-05,4.6869854509470271e-05,2564096,538,na_qae_abc,6,2276805683
46026,San Francisco,13,549751.78638813458,1.1754034369396294e-05,1.0000000000000001e-20,7.015938990709659e-05,4.6869854509470271e-05,2777088,582,na_qae_abc,6,2276805683
46026,San Francisco,14,549751.78638813458,1.1754034369396294e-05,1.0000000000000001e-20,7.015938990709659e-05,4.6869854509470271e-05,2998272,627,na_qae_abc,6,2276805683
46026,San Francisco,15,549751.78638813458,1.1754034369396294e-05,1.0000000000000001e-20,7.015938990709659e-05,4.6869854509470271e-05,3227648,673,na_qae_abc,6,2276805683
46026,San Francisco,16,543630.02971959161,8.0632776058028546e-06,1.0000000000000001e-20,6.8807187501062359e-05,5.9949034940054794e-05,3473408,721,na_qae_abc,6,2276805683
46026,San Francisco,17,543630.02971959161,8.0632776058028546e-06,1.0000000000000001e-20,6.8807187501062359e-05,5.9949034940054794e-05,3710976,768,na_qae_abc,6,2276805683
46026,San Francisco,18,537136.03492505488,4.1959234004304573e-19,1.0000000000000001e-20,3.9873558296573302e-05,4.0099697020811156e-05,3948544,815,na_qae_abc,6,2276805683
46026,San Francisco,19,537136.03492505488,4.1959234004304573e-19,1.0000000000000001e-20,3.9873558296573302e-05,4.0099697020811156e-05,4186112,862,na_qae_abc,6,2276805683
46026,San Francisco,20,537136.03492505488,4.1959234004304573e-19,1.0000000000000001e-20,3.9873558296573302e-05,4.0099697020811156e-05,4423680,909,na_qae_abc,6,2276805683
46026,San Francisco,21,524464.97207801498,4.875896653787347e-19,1.0000000000000001e-20,4.5812478633441577e-05,5.083359189599964e-05,4661248,956,na_qae_abc,6,2276805683
46026,San Francisco,22,524464.97207801498,4.875896653787347e-19,1.0000000000000001e-20,4.5812478633441577e-05,5.083359189599964e-05,4898816,1003,na_qae_abc,6,2276805683
46026,San Francisco,23,524464.97207801498,4.875896653787347e-19,1.0000000000000001e-20,4.5812478633441577e-05,5.083359189599964e-05,5136384,1050,na_qae_abc,6,2276805683
46026,San Francisco,24,524177.08243822289,3.6952103304160442e-06,1.0000000000000001e-20,6.1091793591992199e-05,6.3443285514286932e-05,5373952,1097,na_qae_abc,6,2276805683
46026,San Francisco,25,524177.08243822289,3.6952103304160442e-06,1.0000000000000001e-20,6.1091793591992199e-05,6.3443285514286932e-05,5611520,1144,na_qae_abc,6,2276805683
46026,San Francisco,26,524177.08243822289,3.6952103304160442e-06,1.0000000000000001e-20,6.1091793591992199e-05,6.3443285514286932e-05,5832704,1189,na_qae_abc,6,2276805683
46026,San Francisco,27,524177.08243822289,3.6952103304160442e-06,1.0000000000000001e-20,6.1091793591992199e-05,6.3443285514286932e-05,6070272,1236,na_qae_abc,6,2276805683
46026,San Francisco,28,524177.08243822289,3.6952103304160442e-06,1.0000000000000001e-20,6.1091793591992199e-05,6.3443285514286932e-05,6291456,1281,na_qae_abc,6,2276805683
46026,San Francisco,29,517094.90036403679,6.0127942336128512e-06,1.0000000000000001e-20,6.2763156052969804e-05,3.7096908877300703e-05,6537216,1329,na_qae_abc,6,2276805683
46026,San Francisco,30,517094.90036403679,6.0127942336128512e-06,1.0000000000000001e-20,6.2763156052969804e-05,3.7096908877300703e-05,6725632,1370,na_qae_abc,6,2276805683
46026,San Francisco,31,517094.90036403679,6.0127942336128512e-06,1.0000000000000001e-20,6.2763156052969804e-05,3.7096908877300703e-05,6963200,1417,na_qae_abc,6,2276805683
46026,San Francisco,32,517094.90036403679,6.0127942336128512e-06,1.0000000000000001e-20,6.2763156052969804e-05,3.7096908877300703e-05,7200768,1464,na_qae_abc,6,2276805683
46026,San Francisco,33,517094.90036403679,6.0127942336128512e-06,1.0000000000000001e-20,6.2763156052969804e-05,3.7096908877300703e-05,7430144,1510,na_qae_abc,6,2276805683
46026,San Francisco,34,517094.90036403679,6.0127942336128512e-06,1.0000000000000001e-20,6.2763156052969804e-05,3.7096908877300703e-05,7651328,1555,na_qae_abc,6,2276805683
46026,San Francisco,35,517094.90036403679,6.0127942336128512e-06,1.0000000000000001e-20,6.2763156052969804e-05,3.7096908877300703e-05,7888896,1602,na_qae_abc,6,2276805683
46026,San Francisco,36,517094.90036403679,6.0127942336128512e-06,1.0000000000000001e-20,6.2763156052969804e-05,3.7096908877300703e-05,8134656,1650,na_qae_abc,6,2276805683
46026,San Francisco,37,514330.47452858568,1.470471405645335e-19,1.0000000000000001e-20,3.0023823438541376e-05,5.2716063849098204e-05,8380416,1698,na_qae_abc,6,2276805683
46026,San Francisco,38,514330.47452858568,1.470471405645335e-19,1.0000000000000001e-20,3.0023823438541376e-05,5.2716063849098204e-05,8617984,1745,na_qae_abc,6,2276805683
46026,San Francisco,39,513883.50000748894,2.1227098117750662e-06,1.0000000000000001e-20,5.7780948253176195e-05,5.2952085592116481e-05,8855552,1792,na_qae_abc,6,2276805683
46026,San Francisco,40,513883.50000748894,2.1227098117750662e-06,1.0000000000000001e-20,5.7780948253176195e-05,5.2952085592116481e-05,9093120,1839,na_qae_abc,6,2276805683
46026,San Francisco,1,623197.80776624684,3.5298939083820187e-05,1.0000000000000001e-20,0.0001001404549294506,4.785770152035047e-05,245760,57,na_qae_abc,7,2858397835
46026,San Francisco,2,650763.48166507238,2.7766110987055342e-20,1.0000000000000001e-20,7.0324775356949042e-05,3.6093732737799955e-05,417792,96,na_qae_abc,7,2858397835
46026,San Francisco,3,650763.48166507238,2.7766110987055342e-20,1.0000000000000001e-20,7.0324775356949042e-05,3.6093732737799955e-05,606208,137,na_qae_abc,7,2858397835
46026,San Francisco,4,638126.54518223659,1.0471759259095835e-19,1.0000000000000001e-20,3.5684847751130877e-05,4.1792971333672826e-05,811008,180,na_qae_abc,7,2858397835
46026,San Francisco,5,590940.12551604828,8.4057975197048611e-06,1.0000000000000001e-20,6.7487236677601318e-05,5.2195099516233888e-05,1024000,224,na_qae_abc,7,2858397835
46026,San Francisco,6,590940.12551604828,8.4057975197048611e-06,1.0000000000000001e-20,6.7487236677601318e-05,5.2195099516233888e-05,1245184,269,na_qae_abc,7,2858397835
46026,San Francisco,7,586546.18887323595,9.8838644073596235e-20,1.0000000000000001e-20,5.9025076140897486e-05,5.6805608693344293e-05,1458176,313,na_qae_abc,7,2858397835
46026,San Francisco,8,582151.73222772044,3.0269149512429341e-19,1.0000000000000001e-20,4.7540440278937022e-05,6.6044629002337025e-05,1695744,360,na_qae_abc,7,2858397835
46026,San Francisco,9,582151.73222772044,3.0269149512429341e-19,1.0000000000000001e-20,4.7540440278937022e-05,6.6044629002337025e-05,1900544,403,na_qae_abc,7,2858397835
46026,San Francisco,10,582151.73222772044,3.0269149512429341e-19,1.0000000000000001e-20,4.7540440278937022e-05,6.6044629002337025e-05,2138112,450,na_qae_abc,7,2858397835
46026,San Francisco,11,561383.37103731674,1.1699249412893154e-19,1.0000000000000001e-20,2.772390741649579e-05,4.494786244087682e-05,2367488,496,na_qae_abc,7,2858397835
46026,San Francisco,12,559803.43925732747,1.008024165982315e-19,1.0000000000000001e-20,6.0019969664013576e-05,4.0520766269801678e-05,2596864,542,na_qae_abc,7,2858397835
46026,San Francisco,13,559803.43925732747,1.008024165982315e-19,1.0000000000000001e-20,6.0019969664013576e-05,4.0520766269801678e-05,2793472,584,na_qae_abc,7,2858397835
46026,San Francisco,14,559803.43925732747,1.008024165982315e-19,1.0000000000000001e-20,6.0019969664013576e-05,4.0520766269801678e-05,3031040,631,na_qae_abc,7,2858397835
46026,San Francisco,15,559803.43925732747,1.008024165982315e-19,1.0000000000000001e-20,6.0019969664013576e-05,4.0520766269801678e-05,3260416,677,na_qae_abc,7,2858397835
46026,San Francisco,16,559803.43925732747,1.008024165982315e-19,1.0000000000000001e-20,6.0019969664013576e-05,4.0520766269801678e-05,3497984,724,na_qae_abc,7,2858397835
46026,San Francisco,17,559803.43925732747,1.008024165982315e-19,1.0000000000000001e-20,6.0019969664013576e-05,4.0520766269801678e-05,3702784,767,na_qae_abc,7,2858397835
46026,San Francisco,18,559803.43925732747,1.008024165982315e-19,1.0000000000000001e-20,6.0019969664013576e-05,4.0520766269801678e-05,3907584,810,na_qae_abc,7,2858397835
46026,San Francisco,19,559803.43925732747,1.008024165982315e-19,1.0000000000000001e-20,6.0019969664013576e-05,4.0520766269801678e-05,4112384,853,na_qae_abc,7,2858397835
46026,San Francisco,20,559803.43925732747,1.008024165982315e-19,1.0000000000000001e-20,6.0019969664013576e-05,4.0520766269801678e-05,4308992,895,na_qae_abc,7,2858397835
46026,San Francisco,21,554713.67690065678,1.6112347403424479e-18,1.0000000000000001e-20,5.2996259313863533e-05,4.6073904997328194e-05,4521984,939,na_qae_abc,7,2858397835
46026,San Francisco,22,554713.67690065678,1.6112347403424479e-18,1.0000000000000001e-20,5.2996259313863533e-05,4.6073904997328194e-05,4743168,984,na_qae_abc,7,2858397835
46026,San Francisco,23,550890.21298957698,7.3896569982751e-06,1.0000000000000001e-20,6.3880157679937173e-05,5.1053419961219758e-05,4964352,1029,na_qae_abc,7,2858397835
46026,San Francisco,24,550890.21298957698,7.3896569982751e-06,1.0000000000000001e-20,6.3880157679937173e-05,5.1053419961219758e-05,5169152,1072,na_qae_abc,7,2858397835
46026,San Francisco,25,550890.21298957698,7.3896569982751e-06,1.0000000000000001e-20,6.3880157679937173e-05,5.1053419961219758e-05,5373952,1115,na_qae_abc,7,2858397835
46026,San Francisco,26,550890.21298957698,7.3896569982751e-06,1.0000000000000001e-20,6.3880157679937173e-05,5.1053419961219758e-05,5554176,1155,na_qae_abc,7,2858397835
46026,San Francisco,27,550890.21298957698,7.3896569982751e-06,1.0000000000000001e-20,6.3880157679937173e-05,5.1053419961219758e-05,5775360,1200,na_qae_abc,7,2858397835
46026,San Francisco,28,550890.21298957698,7.3896569982751e-06,1.0000000000000001e-20,6.3880157679937173e-05,5.1053419961219758e-05,5982208,1244,na_qae_abc,7,2858397835
46026,San Francisco,29,550890.21298957698,7.3896569982751e-06,1.0000000000000001e-20,6.3880157679937173e-05,5.1053419961219758e-05,6195200,1288,na_qae_abc,7,2858397835
46026,San Francisco,30,531912.43385207374,9.4437432411560653e-06,1.0000000000000001e-20,6.854170898864475e-05,6.2375808325778353e-05,6408192,1332,na_qae_abc,7,2858397835
46026,San Francisco,31,531912.43385207374,9.4437432411560653e-06,1.0000000000000001e-20,6.854170898864475e-05,6.2375808325778353e-05,6588416,1372,na_qae_abc,7,2858397835
46026,San Francisco,32,531912.43385207374,9.4437432411560653e-06,1.0000000000000001e-20,6.854170898864475e-05,6.2375808325778353e-05,6752256,1410,na_qae_abc,7,2858397835
46026,San Francisco,33,531912.43385207374,9.4437432411560653e-06,1.0000000000000001e-20,6.854170898864475e-05,6.2375808325778353e-05,6932480,1450,na_qae_abc,7,2858397835
46026,San Francisco,34,531912.43385207374,9.4437432411560653e-06,1.0000000000000001e-20,6.854170898864475e-05,6.2375808325778353e-05,7120896,1491,na_qae_abc,7,2858397835
46026,San Francisco,35,531912.43385207374,9.4437432411560653e-06,1.0000000000000001e-20,6.854170898864475e-05,6.2375808325778353e-05,7309312,1532,na_qae_abc,7,2858397835
46026,San Francisco,36,531912.43385207374,9.4437432411560653e-06,1.0000000000000001e-20,6.854170898864475e-05,6.2375808325778353e-05,7505920,1574,na_qae_abc,7,2858397835
46026,San Francisco,37,531912.43385207374,9.4437432411560653e-06,1.0000000000000001e-20,6.854170898864475e-05,6.2375808325778353e-05,7704576,1617,na_qae_abc,7,2858397835
46026,San Francisco,38,531912.43385207374,9.4437432411560653e-06,1.0000000000000001e-20,6.854170898864475e-05,6.2375808325778353e-05,7919616,1662,na_qae_abc,7,2858397835
46026,San Francisco,39,531912.43385207374,9.4437432411560653e-06,1.0000000000000001e-20,6.854170898864475e-05,6.2375808325778353e-05,8099840,1702,na_qae_abc,7,2858397835
46026,San Francisco,40,531912.43385207374,9.4437432411560653e-06,1.0000000000000001e-20,6.854170898864475e-05,6.2375808325778353e-05,8296448,1744,na_qae_abc,7,2858397835
46026,San Francisco,1,570114.23873055354,4.4019419532696973e-05,1.0000000000000001e-20,0.00011034158590168494,6.4478927770961295e-05,172032,48,na_qae_abc,8,2412201501
46026,San Francisco,2,589952.64065527939,2.5852633834632913e-06,1.0000000000000001e-20,5.8463403709519196e-05,5.746167783898157e-05,335872,86,na_qae_abc,8,2412201501
46026,San Francisco,3,589952.64065527939,2.5852633834632913e-06,1.0000000000000001e-20,5.8463403709519196e-05,5.746167783898157e-05,507904,125,na_qae_abc,8,2412201501
46026,San Francisco,4,589952.64065527939,2.5852633834632913e-06,1.0000000000000001e-20,5.8463403709519196e-05,5.746167783898157e-05,753664,173,na_qae_abc,8,2412201501
46026,San Francisco,5,589952.64065527939,2.5852633834632913e-06,1.0000000000000001e-20,5.8463403709519196e-05,5.746167783898157e-05,950272,215,na_qae_abc,8,2412201501
46026,San Francisco,6,589952.64065527939,2.5852633834632913e-06,1.0000000000000001e-20,5.8463403709519196e-05,5.746167783898157e-05,1163264,259,na_qae_abc,8,2412201501
46026,San Francisco,7,588451.86664467212,1.1683039827526281e-05,1.0000000000000001e-20,7.0142384283580767e-05,5.6642109911078446e-05,1384448,304,na_qae_abc,8,2412201501
46026,San Francisco,8,588451.86664467212,1.1683039827526281e-05,1.0000000000000001e-20,7.0142384283580767e-05,5.6642109911078446e-05,1605632,349,na_qae_abc,8,2412201501
46026,San Francisco,9,588451.86664467212,1.1683039827526281e-05,1.0000000000000001e-20,7.0142384283580767e-05,5.6642109911078446e-05,1826816,394,na_qae_abc,8,2412201501
46026,San Francisco,10,588451.86664467212,1.1683039827526281e-05,1.0000000000000001e-20,7.0142384283580767e-05,5.6642109911078446e-05,1990656,432,na_qae_abc,8,2412201501
46026,San Francisco,11,588451.86664467212,1.1683039827526281e-05,1.0000000000000001e-20,7.0142384283580767e-05,5.6642109911078446e-05,2228224,479,na_qae_abc,8,2412201501
46026,San Francisco,12,588451.86664467212,1.1683039827526281e-05,1.0000000000000001e-20,7.0142384283580767e-05,5.6642109911078446e-05,2457600,525,na_qae_abc,8,2412201501
46026,San Francisco,13,585990.45302480005,5.4151454525788268e-19,1.0000000000000001e-20,4.9856655833376035e-05,3.716054123319537e-05,2678784,570,na_qae_abc,8,2412201501
46026,San Francisco,14,585990.45302480005,5.4151454525788268e-19,1.0000000000000001e-20,4.9856655833376035e-05,3.716054123319537e-05,2916352,617,na_qae_abc,8,2412201501
46026,San Francisco,15,585767.72801871086,6.8942556802705571e-06,1.0000000000000001e-20,6.4731319550241873e-05,4.3816828738017734e-05,3162112,665,na_qae_abc,8,2412201501
46026,San Francisco,16,571573.05632783903,6.4026631094519238e-19,1.0000000000000001e-20,5.4977217341283933e-05,6.599344013911785e-05,3391488,711,na_qae_abc,8,2412201501
46026,San Francisco,17,571573.05632783903,6.4026631094519238e-19,1.0000000000000001e-20,5.4977217341283933e-05,6.599344013911785e-05,3620864,757,na_qae_abc,8,2412201501
46026,San Francisco,18,571573.05632783903,6.4026631094519238e-19,1.0000000000000001e-20,5.4977217341283933e-05,6.599344013911785e-05,3850240,803,na_qae_abc,8,2412201501
46026,San Francisco,19,571573.05632783903,6.4026631094519238e-19,1.0000000000000001e-20,5.4977217341283933e-05,6.599344013911785e-05,4087808,850,na_qae_abc,8,2412201501
46026,San Francisco,20,571573.05632783903,6.4026631094519238e-19,1.0000000000000001e-20,5.4977217341283933e-05,6.599344013911785e-05,4308992,895,na_qae_abc,8,2412201501
46026,San Francisco,21,571573.05632783903,6.4026631094519238e-19,1.0000000000000001e-20,5.4977217341283933e-05,6.599344013911785e-05,4546560,942,na_qae_abc,8,2412201501
46026,San Francisco,22,571573.05632783903,6.4026631094519238e-19,1.0000000000000001e-20,5.4977217341283933e-05,6.599344013911785e-05,4775936,988,na_qae_abc,8,2412201501
46026,San Francisco,23,571573.05632783903,6.4026631094519238e-19,1.0000000000000001e-20,5.4977217341283933e-05,6.599344013911785e-05,5005312,1034,na_qae_abc,8,2412201501
46026,San Francisco,24,571573.05632783903,6.4026631094519238e-19,1.0000000000000001e-20,5.4977217341283933e-05,6.599344013911785e-05,5226496,1079,na_qae_abc,8,2412201501
46026,San Francisco,25,571573.05632783903,6.4026631094519238e-19,1.0000000000000001e-20,5.4977217341283933e-05,6.599344013911785e-05,5464064,1126,na_qae_abc,8,2412201501
46026,San Francisco,26,571573.05632783903,6.4026631094519238e-19,1.0000000000000001e-20,5.4977217341283933e-05,6.599344013911785e-05,5701632,1173,na_qae_abc,8,2412201501
46026,San Francisco,27,571573.05632783903,6.4026631094519238e-19,1.0000000000000001e-20,5.4977217341283933e-05,6.599344013911785e-05,5939200,1220,na_qae_abc,8,2412201501
46026,San Francisco,28,571573.05632783903,6.4026631094519238e-19,1.0000000000000001e-20,5.4977217341283933e-05,6.599344013911785e-05,6160384,1265,na_qae_abc,8,2412201501
46026,San Francisco,29,571573.05632783903,6.4026631094519238e-19,1.0000000000000001e-20,5.4977217341283933e-05,6.599344013911785e-05,6381568,1310,na_qae_abc,8,2412201501
46026,San Francisco,30,569987.6444454561,2.3339431720203094e-06,1.0000000000000001e-20,5.7891112013251239e-05,5.1477054625112893e-05,6602752,1355,na_qae_abc,8,2412201501
46026,San Francisco,31,568022.46257730364,1.6289249748082354e-19,1.0000000000000001e-20,5.2679049603969832e-05,4.8800200011512615e-05,6823936,1400,na_qae_abc,8,2412201501
46026,San Francisco,32,568022.46257730364,1.6289249748082354e-19,1.0000000000000001e-20,5.2679049603969832e-05,4.8800200011512615e-05,7055360,1447,na_qae_abc,8,2412201501
46026,San Francisco,33,568022.46257730364,1.6289249748082354e-19,1.0000000000000001e-20,5.2679049603969832e-05,4.8800200011512615e-05,7284736,1493,na_qae_abc,8,2412201501
46026,San Francisco,34,568022.46257730364,1.6289249748082354e-19,1.0000000000000001e-20,5.2679049603969832e-05,4.8800200011512615e-05,7497728,1537,na_qae_abc,8,2412201501
46026,San Francisco,35,568022.46257730364,1.6289249748082354e-19,1.0000000000000001e-20,5.2679049603969832e-05,4.8800200011512615e-05,7702528,1580,na_qae_abc,8,2412201501
46026,San Francisco,36,568022.46257730364,1.6289249748082354e-19,1.0000000000000001e-20,5.2679049603969832e-05,4.8800200011512615e-05,7931904,1626,na_qae_abc,8,2412201501
46026,San Francisco,37,566577.02008450776,3.9263852925103109e-06,1.0000000000000001e-20,6.1292813368177723e-05,5.4375407422376076e-05,8136704,1669,na_qae_abc,8,2412201501
46026,San Francisco,38,566577.02008450776,3.9263852925103109e-06,1.0000000000000001e-20,6.1292813368177723e-05,5.4375407422376076e-05,8359936,1715,na_qae_abc,8,2412201501
46026,San Francisco,39,566577.02008450776,3.9263852925103109e-06,1.0000000000000001e-20,6.1292813368177723e-05,5.4375407422376076e-05,8589312,1761,na_qae_abc,8,2412201501
46026,San Francisco,40,566577.02008450776,3.9263852925103109e-06,1.0000000000000001e-20,6.1292813368177723e-05,5.4375407422376076e-05,8826880,1808,na_qae_abc,8,2412201501
46026,San Francisco,1,644354.09554079641,2.2803786007288766e-06,1.0000000000000001e-20,5.9583228698665415e-05,3.4914587833433702e-05,139264,44,na_qae_abc,9,554434428
46026,San Francisco,2,644354.09554079641,2.2803786007288766e-06,1.0000000000000001e-20,5.9583228698665415e-05,3.4914587833433702e-05,286720,80,na_qae_abc,9,554434428
46026,San Francisco,3,644354.09554079641,2.2803786007288766e-06,1.0000000000000001e-20,5.9583228698665415e-05,3.4914587833433702e-05,491520,123,na_qae_abc,9,554434428
46026,San Francisco,4,644354.09554079641,2.2803786007288766e-06,1.0000000000000001e-20,5.9583228698665415e-05,3.4914587833433702e-05,696320,166,na_qae_abc,9,554434428
46026,San Francisco,5,644354.09554079641,2.2803786007288766e-06,1.0000000000000001e-20,5.9583228698665415e-05,3.4914587833433702e-05,901120,209,na_qae_abc,9,554434428
46026,San Francisco,6,644354.09554079641,2.2803786007288766e-06,1.0000000000000001e-20,5.9583228698665415e-05,3.4914587833433702e-05,1105920,252,na_qae_abc,9,554434428
46026,San Francisco,7,636267.29632593342,1.9828250042306122e-20,1.0000000000000001e-20,5.2589054936256093e-05,4.5869308507687845e-05,1318912,296,na_qae_abc,9,554434428
46026,San Francisco,8,636267.29632593342,1.9828250042306122e-20,1.0000000000000001e-20,5.2589054936256093e-05,4.5869308507687845e-05,1523712,339,na_qae_abc,9,554434428
46026,San Francisco,9,636267.29632593342,1.9828250042306122e-20,1.0000000000000001e-20,5.2589054936256093e-05,4.5869308507687845e-05,1761280,386,na_qae_abc,9,554434428
46026,San Francisco,10,636267.29632593342,1.9828250042306122e-20,1.0000000000000001e-20,5.2589054936256093e-05,4.5869308507687845e-05,1949696,427,na_qae_abc,9,554434428
46026,San Francisco,11,615595.30053485313,4.1446705681630486e-20,1.0000000000000001e-20,5.320690369738383e-05,3.5741871989273779e-05,2154496,470,na_qae_abc,9,554434428
46026,San Francisco,12,611049.18985134212,1.158413000946289e-19,1.0000000000000001e-20,6.6210232011228905e-05,7.0562704289265111e-05,2367488,514,na_qae_abc,9,554434428
46026,San Francisco,13,611049.18985134212,1.158413000946289e-19,1.0000000000000001e-20,6.6210232011228905e-05,7.0562704289265111e-05,2613248,562,na_qae_abc,9,554434428
46026,San Francisco,14,611049.18985134212,1.158413000946289e-19,1.0000000000000001e-20,6.6210232011228905e-05,7.0562704289265111e-05,2834432,607,na_qae_abc,9,554434428
46026,San Francisco,15,611049.18985134212,1.158413000946289e-19,1.0000000000000001e-20,6.6210232011228905e-05,7.0562704289265111e-05,3047424,651,na_qae_abc,9,554434428
46026,San Francisco,16,611049.18985134212,1.158413000946289e-19,1.0000000000000001e-20,6.6210232011228905e-05,7.0562704289265111e-05,3268608,696,na_qae_abc,9,554434428
46026,San Francisco,17,611049.18985134212,1.158413000946289e-19,1.0000000000000001e-20,6.6210232011228905e-05,7.0562704289265111e-05,3497984,742,na_qae_abc,9,554434428
46026,San Francisco,18,611049.18985134212,1.158413000946289e-19,1.0000000000000001e-20,6.6210232011228905e-05,7.0562704289265111e-05,3719168,787,na_qae_abc,9,554434428
46026,San Francisco,19,611049.18985134212,1.158413000946289e-19,1.0000000000000001e-20,6.6210232011228905e-05,7.0562704289265111e-05,3958784,835,na_qae_abc,9,554434428
46026,San Francisco,20,611049.18985134212,1.158413000946289e-19,1.0000000000000001e-20,6.6210232011228905e-05,7.0562704289265111e-05,4163584,878,na_qae_abc,9,554434428
46026,San Francisco,21,609077.46457026782,5.8741905713151219e-06,1.0000000000000001e-20,6.3095128450313325e-05,3.9918788129276481e-05,4401152,925,na_qae_abc,9,554434428
46026,San Francisco,22,609077.46457026782,5.8741905713151219e-06,1.0000000000000001e-20,6.3095128450313325e-05,3.9918788129276481e-05,4622336,970,na_qae_abc,9,554434428
46026,San Francisco,23,598726.55236271606,1.1582867930922795e-19,1.0000000000000001e-20,3.343700325745336e-05,2.3444172928177021e-05,4859904,1017,na_qae_abc,9,554434428
46026,San Francisco,24,563409.9520760111,1.2956429895883289e-20,1.0000000000000001e-20,6.3482153556423124e-05,4.695213731520972e-05,5056512,1059,na_qae_abc,9,554434428
46026,San Francisco,25,563409.9520760111,1.2956429895883289e-20,1.0000000000000001e-20,6.3482153556423124e-05,4.695213731520972e-05,5269504,1103,na_qae_abc,9,554434428
46026,San Francisco,26,563409.9520760111,1.2956429895883289e-20,1.0000000000000001e-20,6.3482153556423124e-05,4.695213731520972e-05,5474304,1146,na_qae_abc,9,554434428
46026,San Francisco,27,563409.9520760111,1.2956429895883289e-20,1.0000000000000001e-20,6.3482153556423124e-05,4.695213731520972e-05,5703680,1192,na_qae_abc,9,554434428
46026,San Francisco,28,563409.9520760111,1.2956429895883289e-20,1.0000000000000001e-20,6.3482153556423124e-05,4.695213731520972e-05,5941248,1239,na_qae_abc,9,554434428
46026,San Francisco,29,563409.9520760111,1.2956429895883289e-20,1.0000000000000001e-20,6.3482153556423124e-05,4.695213731520972e-05,6148096,1283,na_qae_abc,9,554434428
46026,San Francisco,30,563409.9520760111,1.2956429895883289e-20,1.0000000000000001e-20,6.3482153556423124e-05,4.695213731520972e-05,6287360,1318,na_qae_abc,9,554434428
46026,San Francisco,31,563409.9520760111,1.2956429895883289e-20,1.0000000000000001e-20,6.3482153556423124e-05,4.695213731520972e-05,6500352,1362,na_qae_abc,9,554434428
46026,San Francisco,32,563409.9520760111,1.2956429895883289e-20,1.0000000000000001e-20,6.3482153556423124e-05,4.695213731520972e-05,6713344,1406,na_qae_abc,9,554434428
46026,San Francisco,33,563409.9520760111,1.2956429895883289e-20,1.0000000000000001e-20,6.3482153556423124e-05,4.695213731520972e-05,6909952,1448,na_qae_abc,9,554434428
46026,San Francisco,34,560570.64040044788,9.7389156558835063e-19,1.0000000000000001e-20,4.1989120353755195e-05,4.2857228264464913e-05,7114752,1491,na_qae_abc,9,554434428
46026,San Francisco,35,560570.64040044788,9.7389156558835063e-19,1.0000000000000001e-20,4.1989120353755195e-05,4.2857228264464913e-05,7344128,1537,na_qae_abc,9,554434428
46026,San Francisco,36,548161.93467751995,9.7082751188702861e-06,1.0000000000000001e-20,6.7783605016339028e-05,5.5691241873077135e-05,7565312,1582,na_qae_abc,9,554434428
46026,San Francisco,37,548161.93467751995,9.7082751188702861e-06,1.0000000000000001e-20,6.7783605016339028e-05,5.5691241873077135e-05,7770112,1625,na_qae_abc,9,554434428
46026,San Francisco,38,548161.93467751995,9.7082751188702861e-06,1.0000000000000001e-20,6.7783605016339028e-05,5.5691241873077135e-05,7966720,1667,na_qae_abc,9,554434428
46026,San Francisco,39,548161.93467751995,9.7082751188702861e-06,1.0000000000000001e-20,6.7783605016339028e-05,5.5691241873077135e-05,8196096,1713,na_qae_abc,9,554434428
46026,San Francisco,40,548161.93467751995,9.7082751188702861e-06,1.0000000000000001e-20,6.7783605016339028e-05,5.5691241873077135e-05,8433664,1760,na_qae_abc,9,554434428
46026,San Francisco,1,631265.11248057545,9.845792485711697e-06,1.0000000000000001e-20,6.9153832899429161e-05,3.6645044377489794e-05,155648,46,na_qae_abc,10,2832573760
46026,San Francisco,2,631265.11248057545,9.845792485711697e-06,1.0000000000000001e-20,6.9153832899429161e-05,3.6645044377489794e-05,319488,84,na_qae_abc,10,2832573760
46026,San Francisco,3,606183.85593932588,1.3480710742256231e-20,1.0000000000000001e-20,6.2103216982724335e-05,6.1256910959874087e-05,516096,126,na_qae_abc,10,2832573760
46026,San Francisco,4,605152.02616304008,9.3425461240830913e-06,1.0000000000000001e-20,6.808894345159799e-05,3.6057274461378724e-05,753664,173,na_qae_abc,10,2832573760
46026,San Francisco,5,578257.96448755881,6.1735675406065426e-06,1.0000000000000001e-20,6.3787652025730572e-05,4.3436891087207781e-05,983040,219,na_qae_abc,10,2832573760
46026,San Francisco,6,578257.96448755881,6.1735675406065426e-06,1.0000000000000001e-20,6.3787652025730572e-05,4.3436891087207781e-05,1204224,264,na_qae_abc,10,2832573760
46026,San Francisco,7,578257.96448755881,6.1735675406065426e-06,1.0000000000000001e-20,6.3787652025730572e-05,4.3436891087207781e-05,1449984,312,na_qae_abc,10,2832573760
46026,San Francisco,8,576360.00987266237,2.4846062921962503e-20,1.0000000000000001e-20,3.2683030595304148e-05,8.8524144286643825e-05,1662976,356,na_qae_abc,10,2832573760
46026,San Francisco,9,576360.00987266237,2.4846062921962503e-20,1.0000000000000001e-20,3.2683030595304148e-05,8.8524144286643825e-05,1884160,401,na_qae_abc,10,2832573760
46026,San Francisco,10,576360.00987266237,2.4846062921962503e-20,1.0000000000000001e-20,3.2683030595304148e-05,8.8524144286643825e-05,2097152,445,na_qae_abc,10,2832573760
46026,San Francisco,11,576360.00987266237,2.4846062921962503e-20,1.0000000000000001e-20,3.2683030595304148e-05,8.8524144286643825e-05,2334720,492,na_qae_abc,10,2832573760
46026,San Francisco,12,576360.00987266237,2.4846062921962503e-20,1.0000000000000001e-20,3.2683030595304148e-05,8.8524144286643825e-05,2572288,539,na_qae_abc,10,2832573760
46026,San Francisco,13,576360.00987266237,2.4846062921962503e-20,1.0000000000000001e-20,3.2683030595304148e-05,8.8524144286643825e-05,2801664,585,na_qae_abc,10,2832573760
46026,San Francisco,14,576360.00987266237,2.4846062921962503e-20,1.0000000000000001e-20,3.2683030595304148e-05,8.8524144286643825e-05,3031040,631,na_qae_abc,10,2832573760
46026,San Francisco,15,576360.00987266237,2.4846062921962503e-20,1.0000000000000001e-20,3.2683030595304148e-05,8.8524144286643825e-05,3260416,677,na_qae_abc,10,2832573760
46026,San Francisco,16,569489.70791081619,6.2512248154391604e-19,1.0000000000000001e-20,4.9081863193287383e-05,5.2338183044390537e-05,3497984,724,na_qae_abc,10,2832573760
46026,San Francisco,17,529090.26322418859,2.6811680657728976e-06,1.0000000000000001e-20,5.9185171041625311e-05,5.8758609872590684e-05,3710976,768,na_qae_abc,10,2832573760
46026,San Francisco,18,529090.26322418859,2.6811680657728976e-06,1.0000000000000001e-20,5.9185171041625311e-05,5.8758609872590684e-05,3907584,810,na_qae_abc,10,2832573760
46026,San Francisco,19,506984.24335982831,7.6419871979162442e-19,1.0000000000000001e-20,5.0151320666212789e-05,6.179858436129627e-05,4087808,850,na_qae_abc,10,2832573760
46026,San Francisco,20,506984.24335982831,7.6419871979162442e-19,1.0000000000000001e-20,5.0151320666212789e-05,6.179858436129627e-05,4292608,893,na_qae_abc,10,2832573760
46026,San Francisco,21,506984.24335982831,7.6419871979162442e-19,1.0000000000000001e-20,5.0151320666212789e-05,6.179858436129627e-05,4513792,938,na_qae_abc,10,2832573760
46026,San Francisco,22,506984.24335982831,7.6419871979162442e-19,1.0000000000000001e-20,5.0151320666212789e-05,6.179858436129627e-05,4726784,982,na_qae_abc,10,2832573760
46026,San Francisco,23,506984.24335982831,7.6419871979162442e-19,1.0000000000000001e-20,5.0151320666212789e-05,6.179858436129627e-05,4950016,1028,na_qae_abc,10,2832573760
46026,San Francisco,24,506984.24335982831,7.6419871979162442e-19,1.0000000000000001e-20,5.0151320666212789e-05,6.179858436129627e-05,5195776,1076,na_qae_abc,10,2832573760
46026,San Francisco,25,506984.24335982831,7.6419871979162442e-19,1.0000000000000001e-20,5.0151320666212789e-05,6.179858436129627e-05,5410816,1121,na_qae_abc,10,2832573760
46026,San Francisco,26,506984.24335982831,7.6419871979162442e-19,1.0000000000000001e-20,5.0151320666212789e-05,6.179858436129627e-05,5615616,1164,na_qae_abc,10,2832573760
46026,San Francisco,27,506984.24335982831,7.6419871979162442e-19,1.0000000000000001e-20,5.0151320666212789e-05,6.179858436129627e-05,5853184,1211,na_qae_abc,10,2832573760
46026,San Francisco,28,506984.24335982831,7.6419871979162442e-19,1.0000000000000001e-20,5.0151320666212789e-05,6.179858436129627e-05,6090752,1258,na_qae_abc,10,2832573760
46026,San Francisco,29,506984.24335982831,7.6419871979162442e-19,1.0000000000000001e-20,5.0151320666212789e-05,6.179858436129627e-05,6295552,1301,na_qae_abc,10,2832573760
46026,San Francisco,30,506984.24335982831,7.6419871979162442e-19,1.0000000000000001e-20,5.0151320666212789e-05,6.179858436129627e-05,6500352,1344,na_qae_abc,10,2832573760
46026,San Francisco,31,506984.24335982831,7.6419871979162442e-19,1.0000000000000001e-20,5.0151320666212789e-05,6.179858436129627e-05,6721536,1389,na_qae_abc,10,2832573760
46026,San Francisco,32,506984.24335982831,7.6419871979162442e-19,1.0000000000000001e-20,5.0151320666212789e-05,6.179858436129627e-05,6942720,1434,na_qae_abc,10,2832573760
46026,San Francisco,33,506984.24335982831,7.6419871979162442e-19,1.0000000000000001e-20,5.0151320666212789e-05,6.179858436129627e-05,7163904,1479,na_qae_abc,10,2832573760
46026,San Francisco,34,506984.24335982831,7.6419871979162442e-19,1.0000000000000001e-20,5.0151320666212789e-05,6.179858436129627e-05,7385088,1524,na_qae_abc,10,2832573760
46026,San Francisco,35,506984.24335982831,7.6419871979162442e-19,1.0000000000000001e-20,5.0151320666212789e-05,6.179858436129627e-05,7622656,1571,na_qae_abc,10,2832573760
46026,San Francisco,36,506984.24335982831,7.6419871979162442e-19,1.0000000000000001e-20,5.0151320666212789e-05,6.179858436129627e-05,7827456,1614,na_qae_abc,10,2832573760
46026,San Francisco,37,506984.24335982831,7.6419871979162442e-19,1.0000000000000001e-20,5.0151320666212789e-05,6.179858436129627e-05,8040448,1658,na_qae_abc,10,2832573760
46026,San Francisco,38,506984.24335982831,7.6419871979162442e-19,1.0000000000000001e-20,5.0151320666212789e-05,6.179858436129627e-05,8261632,1703,na_qae_abc,10,2832573760
46026,San Francisco,39,506984.24335982831,7.6419871979162442e-19,1.0000000000000001e-20,5.0151320666212789e-05,6.179858436129627e-05,8499200,1750,na_qae_abc,10,2832573760
46026,San Francisco,40,506984.24335982831,7.6419871979162442e-19,1.0000000000000001e-20,5.0151320666212789e-05,6.179858436129627e-05,8720384,1795,na_qae_abc,10,2832573760
46026,San Francisco,1,762209.62046154914,3.0961109297294784e-05,1.0000000000000001e-20,9.5346389491263899e-05,3.0796083784318548e-05,229376,55,na_qae_abc,11,2546365690
46026,San Francisco,2,748198.16852288786,2.0068370330223012e-05,1.0000000000000001e-20,8.0582937563608735e-05,5.426301416744702e-05,417792,96,na_qae_abc,11,2546365690
46026,San Francisco,3,709494.61905097927,1.1387514375104964e-17,1.0000000000000001e-20,5.8042547803782233e-05,3.6823606922841767e-05,589824,135,na_qae_abc,11,2546365690
46026,San Francisco,4,709494.61905097927,1.1387514375104964e-17,1.0000000000000001e-20,5.8042547803782233e-05,3.6823606922841767e-05,811008,180,na_qae_abc,11,2546365690
46026,San Francisco,5,709494.61905097927,1.1387514375104964e-17,1.0000000000000001e-20,5.8042547803782233e-05,3.6823606922841767e-05,1015808,223,na_qae_abc,11,2546365690
46026,San Francisco,6,671606.57193817128,9.4496412415407443e-06,1.0000000000000001e-20,6.6219182114769348e-05,3.7604041562776124e-05,1236992,268,na_qae_abc,11,2546365690
46026,San Francisco,7,670440.05994735181,3.6737825165098129e-20,1.0000000000000001e-20,5.2976217625898533e-05,4.0333036416338039e-05,1458176,313,na_qae_abc,11,2546365690
46026,San Francisco,8,670440.05994735181,3.6737825165098129e-20,1.0000000000000001e-20,5.2976217625898533e-05,4.0333036416338039e-05,1695744,360,na_qae_abc,11,2546365690
46026,San Francisco,9,670440.05994735181,3.6737825165098129e-20,1.0000000000000001e-20,5.2976217625898533e-05,4.0333036416338039e-05,1916928,405,na_qae_abc,11,2546365690
46026,San Francisco,10,670440.05994735181,3.6737825165098129e-20,1.0000000000000001e-20,5.2976217625898533e-05,4.0333036416338039e-05,2138112,450,na_qae_abc,11,2546365690
46026,San Francisco,11,670440.05994735181,3.6737825165098129e-20,1.0000000000000001e-20,5.2976217625898533e-05,4.0333036416338039e-05,2367488,496,na_qae_abc,11,2546365690
46026,San Francisco,12,659653.41005342745,6.5375043500153724e-07,1.0000000000000001e-20,5.8479180418527578e-05,4.3873780673306875e-05,2605056,543,na_qae_abc,11,2546365690
46026,San Francisco,13,659653.41005342745,6.5375043500153724e-07,1.0000000000000001e-20,5.8479180418527578e-05,4.3873780673306875e-05,2826240,588,na_qae_abc,11,2546365690
46026,San Francisco,14,644184.03614546289,1.6355546791424659e-19,1.0000000000000001e-20,4.1124466553111433e-05,7.6589193253257304e-05,3031040,631,na_qae_abc,11,2546365690
46026,San Francisco,15,644184.03614546289,1.6355546791424659e-19,1.0000000000000001e-20,4.1124466553111433e-05,7.6589193253257304e-05,3268608,678,na_qae_abc,11,2546365690
46026,San Francisco,16,644184.03614546289,1.6355546791424659e-19,1.0000000000000001e-20,4.1124466553111433e-05,7.6589193253257304e-05,3514368,726,na_qae_abc,11,2546365690
46026,San Francisco,17,644184.03614546289,1.6355546791424659e-19,1.0000000000000001e-20,4.1124466553111433e-05,7.6589193253257304e-05,3727360,770,na_qae_abc,11,2546365690
46026,San Francisco,18,644184.03614546289,1.6355546791424659e-19,1.0000000000000001e-20,4.1124466553111433e-05,7.6589193253257304e-05,3964928,817,na_qae_abc,11,2546365690
46026,San Francisco,19,644184.03614546289,1.6355546791424659e-19,1.0000000000000001e-20,4.1124466553111433e-05,7.6589193253257304e-05,4202496,864,na_qae_abc,11,2546365690
46026,San Francisco,20,644184.03614546289,1.6355546791424659e-19,1.0000000000000001e-20,4.1124466553111433e-05,7.6589193253257304e-05,4415488,908,na_qae_abc,11,2546365690
46026,San Francisco,21,635148.40908096696,1.2049857255032803e-05,1.0000000000000001e-20,7.0719785128314506e-05,5.962623461641988e-05,4644864,954,na_qae_abc,11,2546365690
46026,San Francisco,22,635148.40908096696,1.2049857255032803e-05,1.0000000000000001e-20,7.0719785128314506e-05,5.962623461641988e-05,4874240,1000,na_qae_abc,11,2546365690
46026,San Francisco,23,635148.40908096696,1.2049857255032803e-05,1.0000000000000001e-20,7.0719785128314506e-05,5.962623461641988e-05,5095424,1045,na_qae_abc,11,2546365690
46026,San Francisco,24,635148.40908096696,1.2049857255032803e-05,1.0000000000000001e-20,7.0719785128314506e-05,5.962623461641988e-05,5283840,1086,na_qae_abc,11,2546365690
46026,San Francisco,25,635148.40908096696,1.2049857255032803e-05,1.0000000000000001e-20,7.0719785128314506e-05,5.962623461641988e-05,5488640,1129,na_qae_abc,11,2546365690
46026,San Francisco,26,635148.40908096696,1.2049857255032803e-05,1.0000000000000001e-20,7.0719785128314506e-05,5.962623461641988e-05,5718016,1175,na_qae_abc,11,2546365690
46026,San Francisco,27,635148.40908096696,1.2049857255032803e-05,1.0000000000000001e-20,7.0719785128314506e-05,5.962623461641988e-05,5922816,1218,na_qae_abc,11,2546365690
46026,San Francisco,28,635148.40908096696,1.2049857255032803e-05,1.0000000000000001e-20,7.0719785128314506e-05,5.962623461641988e-05,6144000,1263,na_qae_abc,11,2546365690
46026,San Francisco,29,622549.63870001829,3.7344012800116461e-20,1.0000000000000001e-20,6.6669043613376197e-05,4.824145548385378e-05,6373376,1309,na_qae_abc,11,2546365690
46026,San Francisco,30,622549.63870001829,3.7344012800116461e-20,1.0000000000000001e-20,6.6669043613376197e-05,4.824145548385378e-05,6610944,1356,na_qae_abc,11,2546365690
46026,San Francisco,31,622549.63870001829,3.7344012800116461e-20,1.0000000000000001e-20,6.6669043613376197e-05,4.824145548385378e-05,6848512,1403,na_qae_abc,11,2546365690
46026,San Francisco,32,622549.63870001829,3.7344012800116461e-20,1.0000000000000001e-20,6.6669043613376197e-05,4.824145548385378e-05,7088128,1451,na_qae_abc,11,2546365690
46026,San Francisco,33,597287.69274993683,2.9714581188288372e-06,1.0000000000000001e-20,6.0139930690008589e-05,0.00010004871284366489,7301120,1495,na_qae_abc,11,2546365690
46026,San Francisco,34,597287.69274993683,2.9714581188288372e-06,1.0000000000000001e-20,6.0139930690008589e-05,0.00010004871284366489,7489536,1536,na_qae_abc,11,2546365690
46026,San Francisco,35,597287.69274993683,2.9714581188288372e-06,1.0000000000000001e-20,6.0139930690008589e-05,0.00010004871284366489,7727104,1583,na_qae_abc,11,2546365690
46026,San Francisco,36,597287.69274993683,2.9714581188288372e-06,1.0000000000000001e-20,6.0139930690008589e-05,0.00010004871284366489,7940096,1627,na_qae_abc,11,2546365690
46026,San Francisco,37,597287.69274993683,2.9714581188288372e-06,1.0000000000000001e-20,6.0139930690008589e-05,0.00010004871284366489,8153088,1671,na_qae_abc,11,2546365690
46026,San Francisco,38,597287.69274993683,2.9714581188288372e-06,1.0000000000000001e-20,6.0139930690008589e-05,0.00010004871284366489,8390656,1718,na_qae_abc,11,2546365690
46026,San Francisco,39,584465.26281560876,1.1981532822908147e-05,1.0000000000000001e-20,6.9631778104441459e-05,5.9616569544945392e-05,8595456,1761,na_qae_abc,11,2546365690
46026,San Francisco,40,584465.26281560876,1.1981532822908147e-05,1.0000000000000001e-20,6.9631778104441459e-05,5.9616569544945392e-05,8841216,1809,na_qae_abc,11,2546365690
46026,San Francisco,1,599341.74214624765,3.1193209480466985e-20,1.0000000000000001e-20,5.3596936637483061e-05,6.5371993099009747e-05,221184,54,na_qae_abc,12,55935964
46026,San Francisco,2,599341.74214624765,3.1193209480466985e-20,1.0000000000000001e-20,5.3596936637483061e-05,6.5371993099009747e-05,401408,94,na_qae_abc,12,55935964
46026,San Francisco,3,599341.74214624765,3.1193209480466985e-20,1.0000000000000001e-20,5.3596936637483061e-05,6.5371993099009747e-05,589824,135,na_qae_abc,12,55935964
46026,San Francisco,4,599341.74214624765,3.1193209480466985e-20,1.0000000000000001e-20,5.3596936637483061e-05,6.5371993099009747e-05,770048,175,na_qae_abc,12,55935964
46026,San Francisco,5,599341.74214624765,3.1193209480466985e-20,1.0000000000000001e-20,5.3596936637483061e-05,6.5371993099009747e-05,983040,219,na_qae_abc,12,55935964
46026,San Francisco,6,599341.74214624765,3.1193209480466985e-20,1.0000000000000001e-20,5.3596936637483061e-05,6.5371993099009747e-05,1171456,260,na_qae_abc,12,55935964
46026,San Francisco,7,599341.74214624765,3.1193209480466985e-20,1.0000000000000001e-20,5.3596936637483061e-05,6.5371993099009747e-05,1368064,302,na_qae_abc,12,55935964
46026,San Francisco,8,599341.74214624765,3.1193209480466985e-20,1.0000000000000001e-20,5.3596936637483061e-05,6.5371993099009747e-05,1548288,342,na_qae_abc,12,55935964
46026,San Francisco,9,599341.74214624765,3.1193209480466985e-20,1.0000000000000001e-20,5.3596936637483061e-05,6.5371993099009747e-05,1753088,385,na_qae_abc,12,55935964
46026,San Francisco,10,599341.74214624765,3.1193209480466985e-20,1.0000000000000001e-20,5.3596936637483061e-05,6.5371993099009747e-05,1957888,428,na_qae_abc,12,55935964
46026,San Francisco,11,599341.74214624765,3.1193209480466985e-20,1.0000000000000001e-20,5.3596936637483061e-05,6.5371993099009747e-05,2162688,471,na_qae_abc,12,55935964
46026,San Francisco,12,599341.74214624765,3.1193209480466985e-20,1.0000000000000001e-20,5.3596936637483061e-05,6.5371993099009747e-05,2367488,514,na_qae_abc,12,55935964
46026,San Francisco,13,599341.74214624765,3.1193209480466985e-20,1.0000000000000001e-20,5.3596936637483061e-05,6.5371993099009747e-05,2588672,559,na_qae_abc,12,55935964
46026,San Francisco,14,583912.99066133227,4.6925721717118301e-06,1.0000000000000001e-20,6.0410694699902258e-05,3.8493030802462935e-05,2762752,599,na_qae_abc,12,55935964
46026,San Francisco,15,583912.99066133227,4.6925721717118301e-06,1.0000000000000001e-20,6.0410694699902258e-05,3.8493030802462935e-05,2934784,638,na_qae_abc,12,55935964
46026,San Francisco,16,583912.99066133227,4.6925721717118301e-06,1.0000000000000001e-20,6.0410694699902258e-05,3.8493030802462935e-05,3139584,681,na_qae_abc,12,55935964
46026,San Francisco,17,583912.99066133227,4.6925721717118301e-06,1.0000000000000001e-20,6.0410694699902258e-05,3.8493030802462935e-05,3368960,727,na_qae_abc,12,55935964
46026,San Francisco,18,583912.99066133227,4.6925721717118301e-06,1.0000000000000001e-20,6.0410694699902258e-05,3.8493030802462935e-05,3590144,772,na_qae_abc,12,55935964
46026,San Francisco,19,583912.99066133227,4.6925721717118301e-06,1.0000000000000001e-20,6.0410694699902258e-05,3.8493030802462935e-05,3811328,817,na_qae_abc,12,55935964
46026,San Francisco,20,581650.55810108432,8.4355646518442902e-06,1.0000000000000001e-20,6.6225136761298179e-05,2.9542674436487933e-05,4032512,862,na_qae_abc,12,55935964
46026,San Francisco,21,581650.55810108432,8.4355646518442902e-06,1.0000000000000001e-20,6.6225136761298179e-05,2.9542674436487933e-05,4245504,906,na_qae_abc,12,55935964
46026,San Francisco,22,581650.55810108432,8.4355646518442902e-06,1.0000000000000001e-20,6.6225136761298179e-05,2.9542674436487933e-05,4466688,951,na_qae_abc,12,55935964
46026,San Francisco,23,581650.55810108432,8.4355646518442902e-06,1.0000000000000001e-20,6.6225136761298179e-05,2.9542674436487933e-05,4696064,997,na_qae_abc,12,55935964
46026,San Francisco,24,581650.55810108432,8.4355646518442902e-06,1.0000000000000001e-20,6.6225136761298179e-05,2.9542674436487933e-05,4876288,1037,na_qae_abc,12,55935964
46026,San Francisco,25,577869.22588386608,1.6245767247652487e-20,1.0000000000000001e-20,4.4056723945663602e-05,3.0652200268887178e-05,5097472,1082,na_qae_abc,12,55935964
46026,San Francisco,26,576201.42256652995,4.5023023444706701e-06,1.0000000000000001e-20,6.1552725166537776e-05,4.2962078715400849e-05,5318656,1127,na_qae_abc,12,55935964
46026,San Francisco,27,576201.42256652995,4.5023023444706701e-06,1.0000000000000001e-20,6.1552725166537776e-05,4.2962078715400849e-05,5556224,1174,na_qae_abc,12,55935964
46026,San Francisco,28,576201.42256652995,4.5023023444706701e-06,1.0000000000000001e-20,6.1552725166537776e-05,4.2962078715400849e-05,5752832,1216,na_qae_abc,12,55935964
46026,San Francisco,29,576201.42256652995,4.5023023444706701e-06,1.0000000000000001e-20,6.1552725166537776e-05,4.2962078715400849e-05,5965824,1260,na_qae_abc,12,55935964
46026,San Francisco,30,576201.42256652995,4.5023023444706701e-06,1.0000000000000001e-20,6.1552725166537776e-05,4.2962078715400849e-05,6178816,1304,na_qae_abc,12,55935964
46026,San Francisco,31,576201.42256652995,4.5023023444706701e-06,1.0000000000000001e-20,6.1552725166537776e-05,4.2962078715400849e-05,6391808,1348,na_qae_abc,12,55935964
46026,San Francisco,32,576201.42256652995,4.5023023444706701e-06,1.0000000000000001e-20,6.1552725166537776e-05,4.2962078715400849e-05,6621184,1394,na_qae_abc,12,55935964
46026,San Francisco,33,576201.42256652995,4.5023023444706701e-06,1.0000000000000001e-20,6.1552725166537776e-05,4.2962078715400849e-05,6844416,1440,na_qae_abc,12,55935964
46026,San Francisco,34,576201.42256652995,4.5023023444706701e-06,1.0000000000000001e-20,6.1552725166537776e-05,4.2962078715400849e-05,7041024,1482,na_qae_abc,12,55935964
46026,San Francisco,35,576201.42256652995,4.5023023444706701e-06,1.0000000000000001e-20,6.1552725166537776e-05,4.2962078715400849e-05,7270400,1528,na_qae_abc,12,55935964
46026,San Francisco,36,563356.80381998105,1.0507886657808223e-05,1.0000000000000001e-20,6.7384203407497569e-05,5.7598492573059021e-05,7507968,1575,na_qae_abc,12,55935964
46026,San Francisco,37,563356.80381998105,1.0507886657808223e-05,1.0000000000000001e-20,6.7384203407497569e-05,5.7598492573059021e-05,7712768,1618,na_qae_abc,12,55935964
46026,San Francisco,38,563356.80381998105,1.0507886657808223e-05,1.0000000000000001e-20,6.7384203407497569e-05,5.7598492573059021e-05,7909376,1660,na_qae_abc,12,55935964
46026,San Francisco,39,563356.80381998105,1.0507886657808223e-05,1.0000000000000001e-20,6.7384203407497569e-05,5.7598492573059021e-05,8122368,1704,na_qae_abc,12,55935964
46026,San Francisco,40,543598.10765776841,4.4828194012860236e-06,1.0000000000000001e-20,6.1364306721192164e-05,4.2693858236206569e-05,8327168,1747,na_qae_abc,12,55935964
46026,San Francisco,1,640981.100260915,2.095074441401666e-05,1.0000000000000001e-20,8.1966206903416106e-05,5.5766777231848666e-05,180224,49,na_qae_abc,13,143401308
46026,San Francisco,2,604223.81846545555,3.8897006683540113e-19,1.0000000000000001e-20,3.8933730719782664e-05,3.1440043159046734e-05,393216,93,na_qae_abc,13,143401308
46026,San Francisco,3,603920.13400093478,1.2499965581493066e-20,1.0000000000000001e-20,6.8476532964723393e-05,3.4303746489983224e-05,606208,137,na_qae_abc,13,143401308
46026,San Francisco,4,603920.13400093478,1.2499965581493066e-20,1.0000000000000001e-20,6.8476532964723393e-05,3.4303746489983224e-05,819200,181,na_qae_abc,13,143401308
46026,San Francisco,5,603920.13400093478,1.2499965581493066e-20,1.0000000000000001e-20,6.8476532964723393e-05,3.4303746489983224e-05,1040384,226,na_qae_abc,13,143401308
46026,San Francisco,6,594373.83256278594,8.10435811180439e-06,1.0000000000000001e-20,6.6406202075810879e-05,3.5712819982132785e-05,1277952,273,na_qae_abc,13,143401308
46026,San Francisco,7,583094.68604384025,5.082689603891316e-06,1.0000000000000001e-20,6.4023298186198843e-05,5.0620234602024879e-05,1482752,316,na_qae_abc,13,143401308
46026,San Francisco,8,583094.68604384025,5.082689603891316e-06,1.0000000000000001e-20,6.4023298186198843e-05,5.0620234602024879e-05,1695744,360,na_qae_abc,13,143401308
46026,San Francisco,9,583094.68604384025,5.082689603891316e-06,1.0000000000000001e-20,6.4023298186198843e-05,5.0620234602024879e-05,1892352,402,na_qae_abc,13,143401308
46026,San Francisco,10,583094.68604384025,5.082689603891316e-06,1.0000000000000001e-20,6.4023298186198843e-05,5.0620234602024879e-05,2097152,445,na_qae_abc,13,143401308
46026,San Francisco,11,583094.68604384025,5.082689603891316e-06,1.0000000000000001e-20,6.4023298186198843e-05,5.0620234602024879e-05,2301952,488,na_qae_abc,13,143401308
46026,San Francisco,12,583094.68604384025,5.082689603891316e-06,1.0000000000000001e-20,6.4023298186198843e-05,5.0620234602024879e-05,2514944,532,na_qae_abc,13,143401308
46026,San Francisco,13,583094.68604384025,5.082689603891316e-06,1.0000000000000001e-20,6.4023298186198843e-05,5.0620234602024879e-05,2736128,577,na_qae_abc,13,143401308
46026,San Francisco,14,578590.73412025918,1.2956429895883289e-20,1.0000000000000001e-20,6.3482153556423124e-05,6.5317381016726333e-05,2965504,623,na_qae_abc,13,143401308
46026,San Francisco,15,578590.73412025918,1.2956429895883289e-20,1.0000000000000001e-20,6.3482153556423124e-05,6.5317381016726333e-05,3186688,668,na_qae_abc,13,143401308
46026,San Francisco,16,578590.73412025918,1.2956429895883289e-20,1.0000000000000001e-20,6.3482153556423124e-05,6.5317381016726333e-05,3424256,715,na_qae_abc,13,143401308
46026,San Francisco,17,569244.2243387918,5.9015611344615559e-19,1.0000000000000001e-20,4.5454863101282301e-05,6.5510720503770837e-05,3653632,761,na_qae_abc,13,143401308
46026,San Francisco,18,563641.02909862576,4.0687869887830301e-07,1.0000000000000001e-20,5.8348464642181851e-05,4.9686346596163525e-05,3899392,809,na_qae_abc,13,143401308
46026,San Francisco,19,561084.98295283283,4.4853406271052214e-20,1.0000000000000001e-20,4.9745456475206876e-05,4.2561650230087894e-05,4136960,856,na_qae_abc,13,143401308
46026,San Francisco,20,561084.98295283283,4.4853406271052214e-20,1.0000000000000001e-20,4.9745456475206876e-05,4.2561650230087894e-05,4366336,902,na_qae_abc,13,143401308
46026,San Francisco,21,561084.98295283283,4.4853406271052214e-20,1.0000000000000001e-20,4.9745456475206876e-05,4.2561650230087894e-05,4571136,945,na_qae_abc,13,143401308
46026,San Francisco,22,561084.98295283283,4.4853406271052214e-20,1.0000000000000001e-20,4.9745456475206876e-05,4.2561650230087894e-05,4800512,991,na_qae_abc,13,143401308
46026,San Francisco,23,561084.98295283283,4.4853406271052214e-20,1.0000000000000001e-20,4.9745456475206876e-05,4.2561650230087894e-05,5046272,1039,na_qae_abc,13,143401308
46026,San Francisco,24,560910.06547489949,5.1852802417199503e-20,1.0000000000000001e-20,4.0631852991657082e-05,4.524851375292712e-05,5267456,1084,na_qae_abc,13,143401308
46026,San Francisco,25,560910.06547489949,5.1852802417199503e-20,1.0000000000000001e-20,4.0631852991657082e-05,4.524851375292712e-05,5496832,1130,na_qae_abc,13,143401308
46026,San Francisco,26,560910.06547489949,5.1852802417199503e-20,1.0000000000000001e-20,4.0631852991657082e-05,4.524851375292712e-05,5742592,1178,na_qae_abc,13,143401308
46026,San Francisco,27,556209.45650563843,1.2956429895883289e-20,1.0000000000000001e-20,6.3482153556423124e-05,4.7571856067024786e-05,5963776,1223,na_qae_abc,13,143401308
46026,San Francisco,28,554977.66733750608,3.7801861147601568e-20,1.0000000000000001e-20,4.8005292784402895e-05,6.2656448994935921e-05,6168576,1266,na_qae_abc,13,143401308
46026,San Francisco,29,554977.66733750608,3.7801861147601568e-20,1.0000000000000001e-20,4.8005292784402895e-05,6.2656448994935921e-05,6406144,1313,na_qae_abc,13,143401308
46026,San Francisco,30,554977.66733750608,3.7801861147601568e-20,1.0000000000000001e-20,4.8005292784402895e-05,6.2656448994935921e-05,6643712,1360,na_qae_abc,13,143401308
46026,San Francisco,31,549869.00522550428,1.2824116997807038e-20,1.0000000000000001e-20,5.0417261104940642e-05,5.3569298209285094e-05,6873088,1406,na_qae_abc,13,143401308
46026,San Francisco,32,549869.00522550428,1.2824116997807038e-20,1.0000000000000001e-20,5.0417261104940642e-05,5.3569298209285094e-05,7102464,1452,na_qae_abc,13,143401308
46026,San Francisco,33,549869.00522550428,1.2824116997807038e-20,1.0000000000000001e-20,5.0417261104940642e-05,5.3569298209285094e-05,7331840,1498,na_qae_abc,13,143401308
46026,San Francisco,34,537245.20479921263,1.2956429895883289e-20,1.0000000000000001e-20,6.3482153556423124e-05,5.0508015022761462e-05,7553024,1543,na_qae_abc,13,143401308
46026,San Francisco,35,537245.20479921263,1.2956429895883289e-20,1.0000000000000001e-20,6.3482153556423124e-05,5.0508015022761462e-05,7782400,1589,na_qae_abc,13,143401308
46026,San Francisco,36,537245.20479921263,1.2956429895883289e-20,1.0000000000000001e-20,6.3482153556423124e-05,5.0508015022761462e-05,8011776,1635,na_qae_abc,13,143401308
46026,San Francisco,37,537245.20479921263,1.2956429895883289e-20,1.0000000000000001e-20,6.3482153556423124e-05,5.0508015022761462e-05,8249344,1682,na_qae_abc,13,143401308
46026,San Francisco,38,536249.0810068791,3.8230820214442491e-06,1.0000000000000001e-20,6.0835799057755045e-05,5.1176182874047949e-05,8478720,1728,na_qae_abc,13,143401308
46026,San Francisco,39,536249.0810068791,3.8230820214442491e-06,1.0000000000000001e-20,6.0835799057755045e-05,5.1176182874047949e-05,8708096,1774,na_qae_abc,13,143401308
46026,San Francisco,40,536249.0810068791,3.8230820214442491e-06,1.0000000000000001e-20,6.0835799057755045e-05,5.1176182874047949e-05,8945664,1821,na_qae_abc,13,143401308
46026,San Francisco,1,573631.33915800543,1.6727215240157374e-05,1.0000000000000001e-20,7.8410997548556538e-05,9.2951491040165884e-05,155648,46,na_qae_abc,14,3309679122
46026,San Francisco,2,573631.33915800543,1.6727215240157374e-05,1.0000000000000001e-20,7.8410997548556538e-05,9.2951491040165884e-05,270336,78,na_qae_abc,14,3309679122
46026,San Francisco,3,599768.34827369452,1.1895306608900626e-05,1.0000000000000001e-20,7.3284573565139582e-05,0.00012753548682845287,409600,113,na_qae_abc,14,3309679122
46026,San Francisco,4,601887.58498573804,1.008024165982315e-19,1.0000000000000001e-20,6.0019969664013576e-05,4.89772839432547e-05,524288,145,na_qae_abc,14,3309679122
46026,San Francisco,5,601887.58498573804,1.008024165982315e-19,1.0000000000000001e-20,6.0019969664013576e-05,4.89772839432547e-05,704512,185,na_qae_abc,14,3309679122
46026,San Francisco,6,595875.55837212154,4.561162975700134e-20,1.0000000000000001e-20,5.4735296925493785e-05,6.2381469813373112e-05,876544,224,na_qae_abc,14,3309679122
46026,San Francisco,7,595875.55837212154,4.561162975700134e-20,1.0000000000000001e-20,5.4735296925493785e-05,6.2381469813373112e-05,1105920,270,na_qae_abc,14,3309679122
46026,San Francisco,8,580176.71988584765,7.9333078557418672e-06,1.0000000000000001e-20,6.6436560618832375e-05,3.9043718874898078e-05,1310720,313,na_qae_abc,14,3309679122
46026,San Francisco,9,580176.71988584765,7.9333078557418672e-06,1.0000000000000001e-20,6.6436560618832375e-05,3.9043718874898078e-05,1540096,359,na_qae_abc,14,3309679122
46026,San Francisco,10,557250.55579937936,1.2857466329223194e-19,1.0000000000000001e-20,5.6122793104630475e-05,6.9034397312762107e-05,1761280,404,na_qae_abc,14,3309679122
46026,San Francisco,11,557250.55579937936,1.2857466329223194e-19,1.0000000000000001e-20,5.6122793104630475e-05,6.9034397312762107e-05,1998848,451,na_qae_abc,14,3309679122
46026,San Francisco,12,557250.55579937936,1.2857466329223194e-19,1.0000000000000001e-20,5.6122793104630475e-05,6.9034397312762107e-05,2236416,498,na_qae_abc,14,3309679122
46026,San Francisco,13,557250.55579937936,1.2857466329223194e-19,1.0000000000000001e-20,5.6122793104630475e-05,6.9034397312762107e-05,2457600,543,na_qae_abc,14,3309679122
46026,San Francisco,14,557250.55579937936,1.2857466329223194e-19,1.0000000000000001e-20,5.6122793104630475e-05,6.9034397312762107e-05,2686976,589,na_qae_abc,14,3309679122
46026,San Francisco,15,557250.55579937936,1.2857466329223194e-19,1.0000000000000001e-20,5.6122793104630475e-05,6.9034397312762107e-05,2908160,634,na_qae_abc,14,3309679122
46026,San Francisco,16,557250.55579937936,1.2857466329223194e-19,1.0000000000000001e-20,5.6122793104630475e-05,6.9034397312762107e-05,3139584,681,na_qae_abc,14,3309679122
46026,San Francisco,17,557250.55579937936,1.2857466329223194e-19,1.0000000000000001e-20,5.6122793104630475e-05,6.9034397312762107e-05,3368960,727,na_qae_abc,14,3309679122
46026,San Francisco,18,557250.55579937936,1.2857466329223194e-19,1.0000000000000001e-20,5.6122793104630475e-05,6.9034397312762107e-05,3540992,766,na_qae_abc,14,3309679122
46026,San Francisco,19,557250.55579937936,1.2857466329223194e-19,1.0000000000000001e-20,5.6122793104630475e-05,6.9034397312762107e-05,3786752,814,na_qae_abc,14,3309679122
46026,San Francisco,20,557250.55579937936,1.2857466329223194e-19,1.0000000000000001e-20,5.6122793104630475e-05,6.9034397312762107e-05,4032512,862,na_qae_abc,14,3309679122
46026,San Francisco,21,557250.55579937936,1.2857466329223194e-19,1.0000000000000001e-20,5.6122793104630475e-05,6.9034397312762107e-05,4261888,908,na_qae_abc,14,3309679122
46026,San Francisco,22,557250.55579937936,1.2857466329223194e-19,1.0000000000000001e-20,5.6122793104630475e-05,6.9034397312762107e-05,4483072,953,na_qae_abc,14,3309679122
46026,San Francisco,23,557250.55579937936,1.2857466329223194e-19,1.0000000000000001e-20,5.6122793104630475e-05,6.9034397312762107e-05,4704256,998,na_qae_abc,14,3309679122
46026,San Francisco,24,557250.55579937936,1.2857466329223194e-19,1.0000000000000001e-20,5.6122793104630475e-05,6.9034397312762107e-05,4941824,1045,na_qae_abc,14,3309679122
46026,San Francisco,25,557250.55579937936,1.2857466329223194e-19,1.0000000000000001e-20,5.6122793104630475e-05,6.9034397312762107e-05,5171200,1091,na_qae_abc,14,3309679122
46026,San Francisco,26,557250.55579937936,1.2857466329223194e-19,1.0000000000000001e-20,5.6122793104630475e-05,6.9034397312762107e-05,5384192,1135,na_qae_abc,14,3309679122
46026,San Francisco,27,557250.55579937936,1.2857466329223194e-19,1.0000000000000001e-20,5.6122793104630475e-05,6.9034397312762107e-05,5613568,1181,na_qae_abc,14,3309679122
46026,San Francisco,28,557250.55579937936,1.2857466329223194e-19,1.0000000000000001e-20,5.6122793104630475e-05,6.9034397312762107e-05,5834752,1226,na_qae_abc,14,3309679122
46026,San Francisco,29,557250.55579937936,1.2857466329223194e-19,1.0000000000000001e-20,5.6122793104630475e-05,6.9034397312762107e-05,6047744,1270,na_qae_abc,14,3309679122
46026,San Francisco,30,557250.55579937936,1.2857466329223194e-19,1.0000000000000001e-20,5.6122793104630475e-05,6.9034397312762107e-05,6268928,1315,na_qae_abc,14,3309679122
46026,San Francisco,31,557250.55579937936,1.2857466329223194e-19,1.0000000000000001e-20,5.6122793104630475e-05,6.9034397312762107e-05,6516736,1364,na_qae_abc,14,3309679122
46026,San Francisco,32,557250.55579937936,1.2857466329223194e-19,1.0000000000000001e-20,5.6122793104630475e-05,6.9034397312762107e-05,6754304,1411,na_qae_abc,14,3309679122
46026,San Francisco,33,557250.55579937936,1.2857466329223194e-19,1.0000000000000001e-20,5.6122793104630475e-05,6.9034397312762107e-05,6991872,1458,na_qae_abc,14,3309679122
46026,San Francisco,34,557250.55579937936,1.2857466329223194e-19,1.0000000000000001e-20,5.6122793104630475e-05,6.9034397312762107e-05,7231488,1506,na_qae_abc,14,3309679122
46026,San Francisco,35,557250.55579937936,1.2857466329223194e-19,1.0000000000000001e-20,5.6122793104630475e-05,6.9034397312762107e-05,7411712,1546,na_qae_abc,14,3309679122
46026,San Francisco,36,557250.55579937936,1.2857466329223194e-19,1.0000000000000001e-20,5.6122793104630475e-05,6.9034397312762107e-05,7575552,1584,na_qae_abc,14,3309679122
46026,San Francisco,37,557250.55579937936,1.2857466329223194e-19,1.0000000000000001e-20,5.6122793104630475e-05,6.9034397312762107e-05,7804928,1630,na_qae_abc,14,3309679122
46026,San Francisco,38,552621.72222453554,1.126136157735761e-05,1.0000000000000001e-20,7.0464466494303996e-05,3.0297975340873439e-05,8026112,1675,na_qae_abc,14,3309679122
46026,San Francisco,39,552621.72222453554,1.126136157735761e-05,1.0000000000000001e-20,7.0464466494303996e-05,3.0297975340873439e-05,8265728,1723,na_qae_abc,14,3309679122
46026,San Francisco,40,552621.72222453554,1.126136157735761e-05,1.0000000000000001e-20,7.0464466494303996e-05,3.0297975340873439e-05,8486912,1768,na_qae_abc,14,3309679122
46026,San Francisco,1,639919.54635072756,4.2585546935260456e-06,1.0000000000000001e-20,6.2431956663276767e-05,1.9249119744074968e-05,180224,49,na_qae_abc,15,1403661893
46026,San Francisco,2,639919.54635072756,4.2585546935260456e-06,1.0000000000000001e-20,6.2431956663276767e-05,1.9249119744074968e-05,360448,89,na_qae_abc,15,1403661893
46026,San Francisco,3,639919.54635072756,4.2585546935260456e-06,1.0000000000000001e-20,6.2431956663276767e-05,1.9249119744074968e-05,540672,129,na_qae_abc,15,1403661893
46026,San Francisco,4,617759.50590884266,4.1446705681630486e-20,1.0000000000000001e-20,5.320690369738383e-05,6.7684949296798095e-05,720896,169,na_qae_abc,15,1403661893
46026,San Francisco,5,617759.50590884266,4.1446705681630486e-20,1.0000000000000001e-20,5.320690369738383e-05,6.7684949296798095e-05,909312,210,na_qae_abc,15,1403661893
46026,San Francisco,6,617759.50590884266,4.1446705681630486e-20,1.0000000000000001e-20,5.320690369738383e-05,6.7684949296798095e-05,1105920,252,na_qae_abc,15,1403661893
46026,San Francisco,7,617759.50590884266,4.1446705681630486e-20,1.0000000000000001e-20,5.320690369738383e-05,6.7684949296798095e-05,1318912,296,na_qae_abc,15,1403661893
46026,San Francisco,8,617759.50590884266,4.1446705681630486e-20,1.0000000000000001e-20,5.320690369738383e-05,6.7684949296798095e-05,1548288,342,na_qae_abc,15,1403661893
46026,San Francisco,9,598009.58703955042,1.0100505817490118e-05,1.0000000000000001e-20,6.8059580777694945e-05,3.6160270698110086e-05,1785856,389,na_qae_abc,15,1403661893
46026,San Francisco,10,598009.58703955042,1.0100505817490118e-05,1.0000000000000001e-20,6.8059580777694945e-05,3.6160270698110086e-05,2015232,435,na_qae_abc,15,1403661893
46026,San Francisco,11,598009.58703955042,1.0100505817490118e-05,1.0000000000000001e-20,6.8059580777694945e-05,3.6160270698110086e-05,2252800,482,na_qae_abc,15,1403661893
46026,San Francisco,12,598009.58703955042,1.0100505817490118e-05,1.0000000000000001e-20,6.8059580777694945e-05,3.6160270698110086e-05,2465792,526,na_qae_abc,15,1403661893
46026,San Francisco,13,598009.58703955042,1.0100505817490118e-05,1.0000000000000001e-20,6.8059580777694945e-05,3.6160270698110086e-05,2695168,572,na_qae_abc,15,1403661893
46026,San Francisco,14,598009.58703955042,1.0100505817490118e-05,1.0000000000000001e-20,6.8059580777694945e-05,3.6160270698110086e-05,2940928,620,na_qae_abc,15,1403661893
46026,San Francisco,15,583245.27583019377,6.1344786372767178e-06,1.0000000000000001e-20,6.5168797895185859e-05,2.7117763084274278e-05,3153920,664,na_qae_abc,15,1403661893
46026,San Francisco,16,583245.27583019377,6.1344786372767178e-06,1.0000000000000001e-20,6.5168797895185859e-05,2.7117763084274278e-05,3366912,708,na_qae_abc,15,1403661893
46026,San Francisco,17,583245.27583019377,6.1344786372767178e-06,1.0000000000000001e-20,6.5168797895185859e-05,2.7117763084274278e-05,3596288,754,na_qae_abc,15,1403661893
46026,San Francisco,18,583245.27583019377,6.1344786372767178e-06,1.0000000000000001e-20,6.5168797895185859e-05,2.7117763084274278e-05,3825664,800,na_qae_abc,15,1403661893
46026,San Francisco,19,574280.88419053471,2.3020765802959577e-19,1.0000000000000001e-20,3.724904448165078e-05,1.5934432279048403e-05,4063232,847,na_qae_abc,15,1403661893
46026,San Francisco,20,573218.71532347007,2.6369745793744996e-20,1.0000000000000001e-20,5.1926857820621215e-05,4.8788609900050725e-05,4284416,892,na_qae_abc,15,1403661893
46026,San Francisco,21,564228.5562474333,3.4324448206234642e-20,1.0000000000000001e-20,5.8344812294446661e-05,2.797449311995527e-05,4513792,938,na_qae_abc,15,1403661893
46026,San Francisco,22,549593.81780849351,2.4749826017883148e-06,1.0000000000000001e-20,5.925196863725464e-05,5.4187898704103792e-05,4726784,982,na_qae_abc,15,1403661893
46026,San Francisco,23,539380.0978166759,1.158413000946289e-19,1.0000000000000001e-20,6.6210232011228905e-05,3.1284061247957404e-05,4964352,1029,na_qae_abc,15,1403661893
46026,San Francisco,24,527449.48571495595,8.965650500534992e-20,1.0000000000000001e-20,2.9923374242197122e-05,2.3022353647609834e-05,5201920,1076,na_qae_abc,15,1403661893
46026,San Francisco,25,527449.48571495595,8.965650500534992e-20,1.0000000000000001e-20,2.9923374242197122e-05,2.3022353647609834e-05,5439488,1123,na_qae_abc,15,1403661893
46026,San Francisco,26,527449.48571495595,8.965650500534992e-20,1.0000000000000001e-20,2.9923374242197122e-05,2.3022353647609834e-05,5677056,1170,na_qae_abc,15,1403661893
46026,San Francisco,27,527449.48571495595,8.965650500534992e-20,1.0000000000000001e-20,2.9923374242197122e-05,2.3022353647609834e-05,5914624,1217,na_qae_abc,15,1403661893
46026,San Francisco,28,527449.48571495595,8.965650500534992e-20,1.0000000000000001e-20,2.9923374242197122e-05,2.3022353647609834e-05,6152192,1264,na_qae_abc,15,1403661893
46026,San Francisco,29,526111.95535646135,1.0916445699729556e-19,1.0000000000000001e-20,6.7314129667835103e-05,2.8363360381251357e-05,6381568,1310,na_qae_abc,15,1403661893
46026,San Francisco,30,526111.95535646135,1.0916445699729556e-19,1.0000000000000001e-20,6.7314129667835103e-05,2.8363360381251357e-05,6627328,1358,na_qae_abc,15,1403661893
46026,San Francisco,31,526111.95535646135,1.0916445699729556e-19,1.0000000000000001e-20,6.7314129667835103e-05,2.8363360381251357e-05,6873088,1406,na_qae_abc,15,1403661893
46026,San Francisco,32,526111.95535646135,1.0916445699729556e-19,1.0000000000000001e-20,6.7314129667835103e-05,2.8363360381251357e-05,7094272,1451,na_qae_abc,15,1403661893
46026,San Francisco,33,519187.14768640272,2.0530062622721129e-06,1.0000000000000001e-20,5.7250685244631785e-05,3.0371836211013845e-05,7331840,1498,na_qae_abc,15,1403661893
46026,San Francisco,34,519187.14768640272,2.0530062622721129e-06,1.0000000000000001e-20,5.7250685244631785e-05,3.0371836211013845e-05,7577600,1546,na_qae_abc,15,1403661893
46026,San Francisco,35,518233.13833859656,7.4924315336245864e-06,1.0000000000000001e-20,6.6665081044149486e-05,4.2844157090175942e-05,7804928,1591,na_qae_abc,15,1403661893
46026,San Francisco,36,518233.13833859656,7.4924315336245864e-06,1.0000000000000001e-20,6.6665081044149486e-05,4.2844157090175942e-05,8050688,1639,na_qae_abc,15,1403661893
46026,San Francisco,37,518233.13833859656,7.4924315336245864e-06,1.0000000000000001e-20,6.6665081044149486e-05,4.2844157090175942e-05,8255488,1682,na_qae_abc,15,1403661893
46026,San Francisco,38,518233.13833859656,7.4924315336245864e-06,1.0000000000000001e-20,6.6665081044149486e-05,4.2844157090175942e-05,8493056,1729,na_qae_abc,15,1403661893
46026,San Francisco,39,518233.13833859656,7.4924315336245864e-06,1.0000000000000001e-20,6.6665081044149486e-05,4.2844157090175942e-05,8738816,1777,na_qae_abc,15,1403661893
46026,San Francisco,40,518233.13833859656,7.4924315336245864e-06,1.0000000000000001e-20,6.6665081044149486e-05,4.2844157090175942e-05,8968192,1823,na_qae_abc,15,1403661893
46026,San Francisco,1,633382.90996048762,2.4118073725160812e-05,1.0000000000000001e-20,8.5014473097370574e-05,8.1930770986080314e-05,180224,49,na_qae_abc,16,3089473317
46026,San Francisco,2,623428.41179477365,1.3264083258050523e-05,1.0000000000000001e-20,7.155551988205623e-05,3.2954402983380759e-05,319488,84,na_qae_abc,16,3089473317
46026,San Francisco,3,637279.2927950694,5.409006838274231e-07,1.0000000000000001e-20,5.583725956467138e-05,3.9221843932483219e-05,507904,125,na_qae_abc,16,3089473317
46026,San Francisco,4,637279.2927950694,5.409006838274231e-07,1.0000000000000001e-20,5.583725956467138e-05,3.9221843932483219e-05,720896,169,na_qae_abc,16,3089473317
46026,San Francisco,5,637279.2927950694,5.409006838274231e-07,1.0000000000000001e-20,5.583725956467138e-05,3.9221843932483219e-05,917504,211,na_qae_abc,16,3089473317
46026,San Francisco,6,637279.2927950694,5.409006838274231e-07,1.0000000000000001e-20,5.583725956467138e-05,3.9221843932483219e-05,1122304,254,na_qae_abc,16,3089473317
46026,San Francisco,7,637279.2927950694,5.409006838274231e-07,1.0000000000000001e-20,5.583725956467138e-05,3.9221843932483219e-05,1327104,297,na_qae_abc,16,3089473317
46026,San Francisco,8,618959.10699288733,1.1779060246412558e-19,1.0000000000000001e-20,5.5090839963377291e-05,3.5426470674791537e-05,1531904,340,na_qae_abc,16,3089473317
46026,San Francisco,9,618959.10699288733,1.1779060246412558e-19,1.0000000000000001e-20,5.5090839963377291e-05,3.5426470674791537e-05,1753088,385,na_qae_abc,16,3089473317
46026,San Francisco,10,602840.78123976395,6.1121053453065389e-19,1.0000000000000001e-20,5.3630864283549277e-05,3.7179719465476037e-05,1974272,430,na_qae_abc,16,3089473317
46026,San Francisco,11,601150.51459555619,2.6961143387824853e-19,1.0000000000000001e-20,3.8032668245357525e-05,3.0977413099728028e-05,2220032,478,na_qae_abc,16,3089473317
46026,San Francisco,12,601150.51459555619,2.6961143387824853e-19,1.0000000000000001e-20,3.8032668245357525e-05,3.0977413099728028e-05,2449408,524,na_qae_abc,16,3089473317
46026,San Francisco,13,587532.39522841026,5.9585687219513698e-19,1.0000000000000001e-20,4.5974459671076455e-05,3.2102085218996321e-05,2662400,568,na_qae_abc,16,3089473317
46026,San Francisco,14,579990.11309878039,8.678875723182191e-06,1.0000000000000001e-20,6.7940908664371763e-05,4.8319635815514031e-05,2908160,616,na_qae_abc,16,3089473317
46026,San Francisco,15,579990.11309878039,8.678875723182191e-06,1.0000000000000001e-20,6.7940908664371763e-05,4.8319635815514031e-05,3137536,662,na_qae_abc,16,3089473317
46026,San Francisco,16,579990.11309878039,8.678875723182191e-06,1.0000000000000001e-20,6.7940908664371763e-05,4.8319635815514031e-05,3366912,708,na_qae_abc,16,3089473317
46026,San Francisco,17,579990.11309878039,8.678875723182191e-06,1.0000000000000001e-20,6.7940908664371763e-05,4.8319635815514031e-05,3588096,753,na_qae_abc,16,3089473317
46026,San Francisco,18,579990.11309878039,8.678875723182191e-06,1.0000000000000001e-20,6.7940908664371763e-05,4.8319635815514031e-05,3817472,799,na_qae_abc,16,3089473317
46026,San Francisco,19,579990.11309878039,8.678875723182191e-06,1.0000000000000001e-20,6.7940908664371763e-05,4.8319635815514031e-05,4046848,845,na_qae_abc,16,3089473317
46026,San Francisco,20,579990.11309878039,8.678875723182191e-06,1.0000000000000001e-20,6.7940908664371763e-05,4.8319635815514031e-05,4243456,887,na_qae_abc,16,3089473317
46026,San Francisco,21,579990.11309878039,8.678875723182191e-06,1.0000000000000001e-20,6.7940908664371763e-05,4.8319635815514031e-05,4464640,932,na_qae_abc,16,3089473317
46026,San Francisco,22,579990.11309878039,8.678875723182191e-06,1.0000000000000001e-20,6.7940908664371763e-05,4.8319635815514031e-05,4702208,979,na_qae_abc,16,3089473317
46026,San Francisco,23,579990.11309878039,8.678875723182191e-06,1.0000000000000001e-20,6.7940908664371763e-05,4.8319635815514031e-05,4941824,1027,na_qae_abc,16,3089473317
46026,San Francisco,24,579990.11309878039,8.678875723182191e-06,1.0000000000000001e-20,6.7940908664371763e-05,4.8319635815514031e-05,5179392,1074,na_qae_abc,16,3089473317
46026,San Francisco,25,579990.11309878039,8.678875723182191e-06,1.0000000000000001e-20,6.7940908664371763e-05,4.8319635815514031e-05,5400576,1119,na_qae_abc,16,3089473317
46026,San Francisco,26,579990.11309878039,8.678875723182191e-06,1.0000000000000001e-20,6.7940908664371763e-05,4.8319635815514031e-05,5621760,1164,na_qae_abc,16,3089473317
46026,San Francisco,27,579990.11309878039,8.678875723182191e-06,1.0000000000000001e-20,6.7940908664371763e-05,4.8319635815514031e-05,5842944,1209,na_qae_abc,16,3089473317
46026,San Francisco,28,579990.11309878039,8.678875723182191e-06,1.0000000000000001e-20,6.7940908664371763e-05,4.8319635815514031e-05,6064128,1254,na_qae_abc,16,3089473317
46026,San Francisco,29,579322.70135653752,3.595878808549407e-19,1.0000000000000001e-20,4.1572477139281333e-05,5.0169083389741645e-05,6309888,1302,na_qae_abc,16,3089473317
46026,San Francisco,30,579322.70135653752,3.595878808549407e-19,1.0000000000000001e-20,4.1572477139281333e-05,5.0169083389741645e-05,6549504,1350,na_qae_abc,16,3089473317
46026,San Francisco,31,576945.72368221404,4.1762875894224722e-20,1.0000000000000001e-20,4.9434879313083197e-05,3.9458318393189615e-05,6787072,1397,na_qae_abc,16,3089473317
46026,San Francisco,32,561996.44335094024,9.8182227068128622e-06,1.0000000000000001e-20,6.7518236747826367e-05,5.3980836673982315e-05,7032832,1445,na_qae_abc,16,3089473317
46026,San Francisco,33,561996.44335094024,9.8182227068128622e-06,1.0000000000000001e-20,6.7518236747826367e-05,5.3980836673982315e-05,7254016,1490,na_qae_abc,16,3089473317
46026,San Francisco,34,561996.44335094024,9.8182227068128622e-06,1.0000000000000001e-20,6.7518236747826367e-05,5.3980836673982315e-05,7475200,1535,na_qae_abc,16,3089473317
46026,San Francisco,35,561996.44335094024,9.8182227068128622e-06,1.0000000000000001e-20,6.7518236747826367e-05,5.3980836673982315e-05,7720960,1583,na_qae_abc,16,3089473317
46026,San Francisco,36,561996.44335094024,9.8182227068128622e-06,1.0000000000000001e-20,6.7518236747826367e-05,5.3980836673982315e-05,7958528,1630,na_qae_abc,16,3089473317
46026,San Francisco,37,561996.44335094024,9.8182227068128622e-06,1.0000000000000001e-20,6.7518236747826367e-05,5.3980836673982315e-05,8187904,1676,na_qae_abc,16,3089473317
46026,San Francisco,38,561996.44335094024,9.8182227068128622e-06,1.0000000000000001e-20,6.7518236747826367e-05,5.3980836673982315e-05,8409088,1721,na_qae_abc,16,3089473317
46026,San Francisco,39,561996.44335094024,9.8182227068128622e-06,1.0000000000000001e-20,6.7518236747826367e-05,5.3980836673982315e-05,8638464,1767,na_qae_abc,16,3089473317
46026,San Francisco,40,561996.44335094024,9.8182227068128622e-06,1.0000000000000001e-20,6.7518236747826367e-05,5.3980836673982315e-05,8851456,1811,na_qae_abc,16,3089473317
46026,San Francisco,1,658435.04447505064,1.7839210916236102e-05,1.0000000000000001e-20,7.9032569190863657e-05,5.5532147007722845e-05,172032,48,na_qae_abc,17,2450749373
46026,San Francisco,2,670126.56423012319,1.3273190456974864e-19,1.0000000000000001e-20,2.8208845923000683e-05,3.0462251183697154e-05,352256,88,na_qae_abc,17,2450749373
46026,San Francisco,3,659203.61613138835,1.4785478665018782e-19,1.0000000000000001e-20,6.2834296762061365e-05,5.4624591267238326e-05,507904,125,na_qae_abc,17,2450749373
46026,San Francisco,4,659203.61613138835,1.4785478665018782e-19,1.0000000000000001e-20,6.2834296762061365e-05,5.4624591267238326e-05,704512,167,na_qae_abc,17,2450749373
46026,San Francisco,5,659203.61613138835,1.4785478665018782e-19,1.0000000000000001e-20,6.2834296762061365e-05,5.4624591267238326e-05,909312,210,na_qae_abc,17,2450749373
46026,San Francisco,6,659203.61613138835,1.4785478665018782e-19,1.0000000000000001e-20,6.2834296762061365e-05,5.4624591267238326e-05,1105920,252,na_qae_abc,17,2450749373
46026,San Francisco,7,637410.3200499973,1.717372151607696e-19,1.0000000000000001e-20,2.7244836726071129e-05,1.4853575257443363e-05,1310720,295,na_qae_abc,17,2450749373
46026,San Francisco,8,637410.3200499973,1.717372151607696e-19,1.0000000000000001e-20,2.7244836726071129e-05,1.4853575257443363e-05,1523712,339,na_qae_abc,17,2450749373
46026,San Francisco,9,587006.55589490256,1.008024165982315e-19,1.0000000000000001e-20,6.0019969664013576e-05,8.4520513007469862e-05,1744896,384,na_qae_abc,17,2450749373
46026,San Francisco,10,587006.55589490256,1.008024165982315e-19,1.0000000000000001e-20,6.0019969664013576e-05,8.4520513007469862e-05,1957888,428,na_qae_abc,17,2450749373
46026,San Francisco,11,587006.55589490256,1.008024165982315e-19,1.0000000000000001e-20,6.0019969664013576e-05,8.4520513007469862e-05,2146304,469,na_qae_abc,17,2450749373
46026,San Francisco,12,587006.55589490256,1.008024165982315e-19,1.0000000000000001e-20,6.0019969664013576e-05,8.4520513007469862e-05,2342912,511,na_qae_abc,17,2450749373
46026,San Francisco,13,579432.41674979043,9.1892579868916878e-06,1.0000000000000001e-20,6.6136815457136879e-05,2.0477687668194375e-05,2572288,557,na_qae_abc,17,2450749373
46026,San Francisco,14,572234.78429093456,1.7181867050376585e-20,1.0000000000000001e-20,6.5789273211668543e-05,6.0534717951118058e-05,2768896,599,na_qae_abc,17,2450749373
46026,San Francisco,15,572234.78429093456,1.7181867050376585e-20,1.0000000000000001e-20,6.5789273211668543e-05,6.0534717951118058e-05,2998272,645,na_qae_abc,17,2450749373
46026,San Francisco,16,572234.78429093456,1.7181867050376585e-20,1.0000000000000001e-20,6.5789273211668543e-05,6.0534717951118058e-05,3227648,691,na_qae_abc,17,2450749373
46026,San Francisco,17,572234.78429093456,1.7181867050376585e-20,1.0000000000000001e-20,6.5789273211668543e-05,6.0534717951118058e-05,3457024,737,na_qae_abc,17,2450749373
46026,San Francisco,18,572234.78429093456,1.7181867050376585e-20,1.0000000000000001e-20,6.5789273211668543e-05,6.0534717951118058e-05,3678208,782,na_qae_abc,17,2450749373
46026,San Francisco,19,572234.78429093456,1.7181867050376585e-20,1.0000000000000001e-20,6.5789273211668543e-05,6.0534717951118058e-05,3907584,828,na_qae_abc,17,2450749373
46026,San Francisco,20,572234.78429093456,1.7181867050376585e-20,1.0000000000000001e-20,6.5789273211668543e-05,6.0534717951118058e-05,4136960,874,na_qae_abc,17,2450749373
46026,San Francisco,21,551812.26652305201,1.2514009634134253e-19,1.0000000000000001e-20,3.3724050268979068e-05,2.1268277081086286e-05,4374528,921,na_qae_abc,17,2450749373
46026,San Francisco,22,551250.89848724171,5.2137259348868867e-06,1.0000000000000001e-20,6.2492374047543221e-05,2.2987588588376994e-05,4579328,964,na_qae_abc,17,2450749373
46026,San Francisco,23,550190.81343303632,1.4785478665018782e-19,1.0000000000000001e-20,6.2834296762061365e-05,3.6885103996825857e-05,4800512,1009,na_qae_abc,17,2450749373
46026,San Francisco,24,548383.18340667151,4.8613732457289057e-06,1.0000000000000001e-20,6.2337603165115791e-05,3.6384617963526558e-05,5023744,1055,na_qae_abc,17,2450749373
46026,San Francisco,25,548383.18340667151,4.8613732457289057e-06,1.0000000000000001e-20,6.2337603165115791e-05,3.6384617963526558e-05,5236736,1099,na_qae_abc,17,2450749373
46026,San Francisco,26,548383.18340667151,4.8613732457289057e-06,1.0000000000000001e-20,6.2337603165115791e-05,3.6384617963526558e-05,5474304,1146,na_qae_abc,17,2450749373
46026,San Francisco,27,548383.18340667151,4.8613732457289057e-06,1.0000000000000001e-20,6.2337603165115791e-05,3.6384617963526558e-05,5711872,1193,na_qae_abc,17,2450749373
46026,San Francisco,28,548383.18340667151,4.8613732457289057e-06,1.0000000000000001e-20,6.2337603165115791e-05,3.6384617963526558e-05,5926912,1238,na_qae_abc,17,2450749373
46026,San Francisco,29,548383.18340667151,4.8613732457289057e-06,1.0000000000000001e-20,6.2337603165115791e-05,3.6384617963526558e-05,6131712,1281,na_qae_abc,17,2450749373
46026,San Francisco,30,548383.18340667151,4.8613732457289057e-06,1.0000000000000001e-20,6.2337603165115791e-05,3.6384617963526558e-05,6361088,1327,na_qae_abc,17,2450749373
46026,San Francisco,31,548383.18340667151,4.8613732457289057e-06,1.0000000000000001e-20,6.2337603165115791e-05,3.6384617963526558e-05,6590464,1373,na_qae_abc,17,2450749373
46026,San Francisco,32,548383.18340667151,4.8613732457289057e-06,1.0000000000000001e-20,6.2337603165115791e-05,3.6384617963526558e-05,6819840,1419,na_qae_abc,17,2450749373
46026,San Francisco,33,542213.42015604663,2.7052067229212126e-20,1.0000000000000001e-20,5.2145846080372467e-05,3.3185130833568136e-05,7057408,1466,na_qae_abc,17,2450749373
46026,San Francisco,34,542213.42015604663,2.7052067229212126e-20,1.0000000000000001e-20,5.2145846080372467e-05,3.3185130833568136e-05,7278592,1511,na_qae_abc,17,2450749373
46026,San Francisco,35,542056.18190241826,3.4324448206234642e-20,1.0000000000000001e-20,5.8344812294446661e-05,3.2633776071230179e-05,7475200,1553,na_qae_abc,17,2450749373
46026,San Francisco,36,542056.18190241826,3.4324448206234642e-20,1.0000000000000001e-20,5.8344812294446661e-05,3.2633776071230179e-05,7712768,1600,na_qae_abc,17,2450749373
46026,San Francisco,37,535418.6146112904,8.0685351169026862e-06,1.0000000000000001e-20,6.6188594342934877e-05,2.5706487133012297e-05,7925760,1644,na_qae_abc,17,2450749373
46026,San Francisco,38,530837.08947310236,1.1766025711478148e-19,1.0000000000000001e-20,5.4921417976274094e-05,2.9023528261442832e-05,8138752,1688,na_qae_abc,17,2450749373
46026,San Francisco,39,530837.08947310236,1.1766025711478148e-19,1.0000000000000001e-20,5.4921417976274094e-05,2.9023528261442832e-05,8376320,1735,na_qae_abc,17,2450749373
46026,San Francisco,40,530837.08947310236,1.1766025711478148e-19,1.0000000000000001e-20,5.4921417976274094e-05,2.9023528261442832e-05,8597504,1780,na_qae_abc,17,2450749373
46026,San Francisco,1,629241.85137244617,1.2044994221048184e-19,1.0000000000000001e-20,3.9387630355870204e-05,2.8653816396188044e-05,172032,48,na_qae_abc,18,2025468229
46026,San Francisco,2,629241.85137244617,1.2044994221048184e-19,1.0000000000000001e-20,3.9387630355870204e-05,2.8653816396188044e-05,327680,85,na_qae_abc,18,2025468229
46026,San Francisco,3,629241.85137244617,1.2044994221048184e-19,1.0000000000000001e-20,3.9387630355870204e-05,2.8653816396188044e-05,491520,123,na_qae_abc,18,2025468229
46026,San Francisco,4,628737.77938237635,1.1664399091263292e-17,1.0000000000000001e-20,5.3238205552025773e-05,2.6970933511087354e-05,712704,168,na_qae_abc,18,2025468229
46026,San Francisco,5,628737.77938237635,1.1664399091263292e-17,1.0000000000000001e-20,5.3238205552025773e-05,2.6970933511087354e-05,901120,209,na_qae_abc,18,2025468229
46026,San Francisco,6,628737.77938237635,1.1664399091263292e-17,1.0000000000000001e-20,5.3238205552025773e-05,2.6970933511087354e-05,1105920,252,na_qae_abc,18,2025468229
46026,San Francisco,7,628737.77938237635,1.1664399091263292e-17,1.0000000000000001e-20,5.3238205552025773e-05,2.6970933511087354e-05,1310720,295,na_qae_abc,18,2025468229
46026,San Francisco,8,627550.92314901331,1.158413000946289e-19,1.0000000000000001e-20,6.6210232011228905e-05,9.723457369129225e-06,1540096,341,na_qae_abc,18,2025468229
46026,San Francisco,9,627550.92314901331,1.158413000946289e-19,1.0000000000000001e-20,6.6210232011228905e-05,9.723457369129225e-06,1761280,386,na_qae_abc,18,2025468229
46026,San Francisco,10,626121.25342570269,6.4043136156048008e-06,1.0000000000000001e-20,6.3333007283993882e-05,3.7380670456570373e-05,1982464,431,na_qae_abc,18,2025468229
46026,San Francisco,11,622536.42158767988,1.2347046795647505e-19,1.0000000000000001e-20,6.5141634935878917e-05,2.6622098772264741e-05,2179072,473,na_qae_abc,18,2025468229
46026,San Francisco,12,621881.47201174742,1.7374905936849072e-20,1.0000000000000001e-20,4.7782725320907066e-05,1.5523285056721944e-05,2408448,519,na_qae_abc,18,2025468229
46026,San Francisco,13,615163.76565926906,5.304690251440229e-06,1.0000000000000001e-20,6.0850567011250366e-05,2.6099085252313908e-05,2637824,565,na_qae_abc,18,2025468229
46026,San Francisco,14,605162.08151043032,1.0792454687438375e-19,1.0000000000000001e-20,5.0199226069883189e-05,6.4783371211930192e-05,2867200,611,na_qae_abc,18,2025468229
46026,San Francisco,15,605162.08151043032,1.0792454687438375e-19,1.0000000000000001e-20,5.0199226069883189e-05,6.4783371211930192e-05,3104768,658,na_qae_abc,18,2025468229
46026,San Francisco,16,602046.63718342455,1.008024165982315e-19,1.0000000000000001e-20,6.0019969664013576e-05,4.8066596328342111e-05,3342336,705,na_qae_abc,18,2025468229
46026,San Francisco,17,591849.40517677751,2.8535000744542942e-06,1.0000000000000001e-20,5.9218174797370813e-05,4.317600892677085e-05,3571712,751,na_qae_abc,18,2025468229
46026,San Francisco,18,591849.40517677751,2.8535000744542942e-06,1.0000000000000001e-20,5.9218174797370813e-05,4.317600892677085e-05,3792896,796,na_qae_abc,18,2025468229
46026,San Francisco,19,560630.63583740767,1.008024165982315e-19,1.0000000000000001e-20,6.0019969664013576e-05,5.7388839828719968e-05,4005888,840,na_qae_abc,18,2025468229
46026,San Francisco,20,538760.3202703502,3.7801340577441513e-19,1.0000000000000001e-20,4.2167005765426762e-05,3.9818265120447938e-05,4243456,887,na_qae_abc,18,2025468229
46026,San Francisco,21,538427.87115784863,3.4115117807876816e-06,1.0000000000000001e-20,5.92007741663414e-05,2.920418043796469e-05,4472832,933,na_qae_abc,18,2025468229
46026,San Francisco,22,536297.47356822935,8.7156626481277896e-06,1.0000000000000001e-20,6.6763473214931959e-05,4.1130697341892632e-05,4694016,978,na_qae_abc,18,2025468229
46026,San Francisco,23,536297.47356822935,8.7156626481277896e-06,1.0000000000000001e-20,6.6763473214931959e-05,4.1130697341892632e-05,4923392,1024,na_qae_abc,18,2025468229
46026,San Francisco,24,536297.47356822935,8.7156626481277896e-06,1.0000000000000001e-20,6.6763473214931959e-05,4.1130697341892632e-05,5152768,1070,na_qae_abc,18,2025468229
46026,San Francisco,25,536297.47356822935,8.7156626481277896e-06,1.0000000000000001e-20,6.6763473214931959e-05,4.1130697341892632e-05,5382144,1116,na_qae_abc,18,2025468229
46026,San Francisco,26,536297.47356822935,8.7156626481277896e-06,1.0000000000000001e-20,6.6763473214931959e-05,4.1130697341892632e-05,5603328,1161,na_qae_abc,18,2025468229
46026,San Francisco,27,536297.47356822935,8.7156626481277896e-06,1.0000000000000001e-20,6.6763473214931959e-05,4.1130697341892632e-05,5832704,1207,na_qae_abc,18,2025468229
46026,San Francisco,28,536297.47356822935,8.7156626481277896e-06,1.0000000000000001e-20,6.6763473214931959e-05,4.1130697341892632e-05,6053888,1252,na_qae_abc,18,2025468229
46026,San Francisco,29,536297.47356822935,8.7156626481277896e-06,1.0000000000000001e-20,6.6763473214931959e-05,4.1130697341892632e-05,6275072,1297,na_qae_abc,18,2025468229
46026,San Francisco,30,522485.00925338484,7.9771200125281509e-06,1.0000000000000001e-20,6.5725175892386836e-05,3.8488687588727201e-05,6488064,1341,na_qae_abc,18,2025468229
46026,San Francisco,31,522485.00925338484,7.9771200125281509e-06,1.0000000000000001e-20,6.5725175892386836e-05,3.8488687588727201e-05,6719488,1388,na_qae_abc,18,2025468229
46026,San Francisco,32,522485.00925338484,7.9771200125281509e-06,1.0000000000000001e-20,6.5725175892386836e-05,3.8488687588727201e-05,6899712,1428,na_qae_abc,18,2025468229
46026,San Francisco,33,516565.87434628635,1.2956429895883289e-20,1.0000000000000001e-20,6.3482153556423124e-05,5.1361416008385392e-05,7096320,1470,na_qae_abc,18,2025468229
46026,San Francisco,34,516565.87434628635,1.2956429895883289e-20,1.0000000000000001e-20,6.3482153556423124e-05,5.1361416008385392e-05,7292928,1512,na_qae_abc,18,2025468229
46026,San Francisco,35,516565.87434628635,1.2956429895883289e-20,1.0000000000000001e-20,6.3482153556423124e-05,5.1361416008385392e-05,7487488,1553,na_qae_abc,18,2025468229
46026,San Francisco,36,516565.87434628635,1.2956429895883289e-20,1.0000000000000001e-20,6.3482153556423124e-05,5.1361416008385392e-05,7700480,1597,na_qae_abc,18,2025468229
46026,San Francisco,37,516565.87434628635,1.2956429895883289e-20,1.0000000000000001e-20,6.3482153556423124e-05,5.1361416008385392e-05,7927808,1642,na_qae_abc,18,2025468229
46026,San Francisco,38,516565.87434628635,1.2956429895883289e-20,1.0000000000000001e-20,6.3482153556423124e-05,5.1361416008385392e-05,8136704,1684,na_qae_abc,18,2025468229
46026,San Francisco,39,516565.87434628635,1.2956429895883289e-20,1.0000000000000001e-20,6.3482153556423124e-05,5.1361416008385392e-05,8347648,1727,na_qae_abc,18,2025468229
46026,San Francisco,40,516565.87434628635,1.2956429895883289e-20,1.0000000000000001e-20,6.3482153556423124e-05,5.1361416008385392e-05,8534016,1767,na_qae_abc,18,2025468229
46026,San Francisco,1,715053.46886738075,2.6872089191266971e-05,1.0000000000000001e-20,8.873287076322333e-05,4.6549538256228703e-05,221184,54,na_qae_abc,19,1138364709
46026,San Francisco,2,660587.03562499105,1.5227704853689248e-05,1.0000000000000001e-20,7.6726295044492903e-05,5.9794048114777872e-05,376832,91,na_qae_abc,19,1138364709
46026,San Francisco,3,608444.51210160344,2.7766110987055342e-20,1.0000000000000001e-20,7.0324775356949042e-05,0.00012547249796836428,548864,130,na_qae_abc,19,1138364709
46026,San Francisco,4,608444.51210160344,2.7766110987055342e-20,1.0000000000000001e-20,7.0324775356949042e-05,0.00012547249796836428,761856,174,na_qae_abc,19,1138364709
46026,San Francisco,5,608444.51210160344,2.7766110987055342e-20,1.0000000000000001e-20,7.0324775356949042e-05,0.00012547249796836428,942080,214,na_qae_abc,19,1138364709
46026,San Francisco,6,608444.51210160344,2.7766110987055342e-20,1.0000000000000001e-20,7.0324775356949042e-05,0.00012547249796836428,1146880,257,na_qae_abc,19,1138364709
46026,San Francisco,7,608444.51210160344,2.7766110987055342e-20,1.0000000000000001e-20,7.0324775356949042e-05,0.00012547249796836428,1343488,299,na_qae_abc,19,1138364709
46026,San Francisco,8,608444.51210160344,2.7766110987055342e-20,1.0000000000000001e-20,7.0324775356949042e-05,0.00012547249796836428,1589248,347,na_qae_abc,19,1138364709
46026,San Francisco,9,606000.84645558672,9.6698779924636533e-06,1.0000000000000001e-20,6.6831286302617232e-05,3.7259326703371906e-05,1810432,392,na_qae_abc,19,1138364709
46026,San Francisco,10,606000.84645558672,9.6698779924636533e-06,1.0000000000000001e-20,6.6831286302617232e-05,3.7259326703371906e-05,2007040,434,na_qae_abc,19,1138364709
46026,San Francisco,11,606000.84645558672,9.6698779924636533e-06,1.0000000000000001e-20,6.6831286302617232e-05,3.7259326703371906e-05,2228224,479,na_qae_abc,19,1138364709
46026,San Francisco,12,605855.02056764485,1.008024165982315e-19,1.0000000000000001e-20,6.0019969664013576e-05,5.1468697359310356e-05,2457600,525,na_qae_abc,19,1138364709
46026,San Francisco,13,605855.02056764485,1.008024165982315e-19,1.0000000000000001e-20,6.0019969664013576e-05,5.1468697359310356e-05,2678784,570,na_qae_abc,19,1138364709
46026,San Francisco,14,605855.02056764485,1.008024165982315e-19,1.0000000000000001e-20,6.0019969664013576e-05,5.1468697359310356e-05,2908160,616,na_qae_abc,19,1138364709
46026,San Francisco,15,605855.02056764485,1.008024165982315e-19,1.0000000000000001e-20,6.0019969664013576e-05,5.1468697359310356e-05,3129344,661,na_qae_abc,19,1138364709
46026,San Francisco,16,587077.14993819199,1.9486624973078084e-20,1.0000000000000001e-20,4.307957358282397e-05,5.0934286061398091e-05,3301376,700,na_qae_abc,19,1138364709
46026,San Francisco,17,583195.72338171687,1.158413000946289e-19,1.0000000000000001e-20,6.6210232011228905e-05,9.9530259625871953e-05,3481600,740,na_qae_abc,19,1138364709
46026,San Francisco,18,583195.72338171687,1.158413000946289e-19,1.0000000000000001e-20,6.6210232011228905e-05,9.9530259625871953e-05,3670016,781,na_qae_abc,19,1138364709
46026,San Francisco,19,577438.21542277269,1.0759695411176438e-19,1.0000000000000001e-20,4.3304067856162547e-05,2.8249142743525245e-05,3874816,824,na_qae_abc,19,1138364709
46026,San Francisco,20,577438.21542277269,1.0759695411176438e-19,1.0000000000000001e-20,4.3304067856162547e-05,2.8249142743525245e-05,4087808,868,na_qae_abc,19,1138364709
46026,San Francisco,21,577438.21542277269,1.0759695411176438e-19,1.0000000000000001e-20,4.3304067856162547e-05,2.8249142743525245e-05,4300800,912,na_qae_abc,19,1138364709
46026,San Francisco,22,577438.21542277269,1.0759695411176438e-19,1.0000000000000001e-20,4.3304067856162547e-05,2.8249142743525245e-05,4513792,956,na_qae_abc,19,1138364709
46026,San Francisco,23,577438.21542277269,1.0759695411176438e-19,1.0000000000000001e-20,4.3304067856162547e-05,2.8249142743525245e-05,4743168,1002,na_qae_abc,19,1138364709
46026,San Francisco,24,577438.21542277269,1.0759695411176438e-19,1.0000000000000001e-20,4.3304067856162547e-05,2.8249142743525245e-05,4939776,1044,na_qae_abc,19,1138364709
46026,San Francisco,25,571961.83380709437,8.020464434806959e-06,1.0000000000000001e-20,6.7457928747805009e-05,2.8460717936331924e-05,5136384,1086,na_qae_abc,19,1138364709
46026,San Francisco,26,571748.76206821401,9.5614280930870993e-06,1.0000000000000001e-20,6.8265178525561411e-05,3.2779875858979628e-05,5341184,1129,na_qae_abc,19,1138364709
46026,San Francisco,27,571748.76206821401,9.5614280930870993e-06,1.0000000000000001e-20,6.8265178525561411e-05,3.2779875858979628e-05,5545984,1172,na_qae_abc,19,1138364709
46026,San Francisco,28,571748.76206821401,9.5614280930870993e-06,1.0000000000000001e-20,6.8265178525561411e-05,3.2779875858979628e-05,5750784,1215,na_qae_abc,19,1138364709
46026,San Francisco,29,571748.76206821401,9.5614280930870993e-06,1.0000000000000001e-20,6.8265178525561411e-05,3.2779875858979628e-05,5980160,1261,na_qae_abc,19,1138364709
46026,San Francisco,30,571748.76206821401,9.5614280930870993e-06,1.0000000000000001e-20,6.8265178525561411e-05,3.2779875858979628e-05,6184960,1304,na_qae_abc,19,1138364709
46026,San Francisco,31,571748.76206821401,9.5614280930870993e-06,1.0000000000000001e-20,6.8265178525561411e-05,3.2779875858979628e-05,6424576,1352,na_qae_abc,19,1138364709
46026,San Francisco,32,571748.76206821401,9.5614280930870993e-06,1.0000000000000001e-20,6.8265178525561411e-05,3.2779875858979628e-05,6604800,1392,na_qae_abc,19,1138364709
46026,San Francisco,33,571557.29821577563,1.008024165982315e-19,1.0000000000000001e-20,6.0019969664013576e-05,7.0342041713017438e-05,6801408,1434,na_qae_abc,19,1138364709
46026,San Francisco,34,567940.35296074522,2.4014864501740724e-06,1.0000000000000001e-20,5.8811371651690864e-05,2.2714566189766911e-05,7006208,1477,na_qae_abc,19,1138364709
46026,San Francisco,35,564134.88920422562,1.1252298961116078e-05,1.0000000000000001e-20,7.0419405060964511e-05,3.98212022509838e-05,7219200,1521,na_qae_abc,19,1138364709
46026,San Francisco,36,564134.88920422562,1.1252298961116078e-05,1.0000000000000001e-20,7.0419405060964511e-05,3.98212022509838e-05,7450624,1568,na_qae_abc,19,1138364709
46026,San Francisco,37,564134.88920422562,1.1252298961116078e-05,1.0000000000000001e-20,7.0419405060964511e-05,3.98212022509838e-05,7639040,1609,na_qae_abc,19,1138364709
46026,San Francisco,38,564134.88920422562,1.1252298961116078e-05,1.0000000000000001e-20,7.0419405060964511e-05,3.98212022509838e-05,7835648,1651,na_qae_abc,19,1138364709
46026,San Francisco,39,564134.88920422562,1.1252298961116078e-05,1.0000000000000001e-20,7.0419405060964511e-05,3.98212022509838e-05,8040448,1694,na_qae_abc,19,1138364709
46026,San Francisco,40,564134.88920422562,1.1252298961116078e-05,1.0000000000000001e-20,7.0419405060964511e-05,3.98212022509838e-05,8245248,1737,na_qae_abc,19,1138364709
46026,San Francisco,1,611752.12768099911,3.4324448206234642e-20,1.0000000000000001e-20,5.8344812294446661e-05,4.6025472053260312e-05,221184,54,na_qae_abc,20,2047542432
46026,San Francisco,2,611752.12768099911,3.4324448206234642e-20,1.0000000000000001e-20,5.8344812294446661e-05,4.6025472053260312e-05,376832,91,na_qae_abc,20,2047542432
46026,San Francisco,3,611752.12768099911,3.4324448206234642e-20,1.0000000000000001e-20,5.8344812294446661e-05,4.6025472053260312e-05,573440,133,na_qae_abc,20,2047542432
46026,San Francisco,4,582204.80174813373,8.2555353989198277e-06,1.0000000000000001e-20,6.4855884496926183e-05,5.1626968334827087e-05,770048,175,na_qae_abc,20,2047542432
46026,San Francisco,5,582204.80174813373,8.2555353989198277e-06,1.0000000000000001e-20,6.4855884496926183e-05,5.1626968334827087e-05,958464,216,na_qae_abc,20,2047542432
46026,San Francisco,6,582204.80174813373,8.2555353989198277e-06,1.0000000000000001e-20,6.4855884496926183e-05,5.1626968334827087e-05,1171456,260,na_qae_abc,20,2047542432
46026,San Francisco,7,582204.80174813373,8.2555353989198277e-06,1.0000000000000001e-20,6.4855884496926183e-05,5.1626968334827087e-05,1368064,302,na_qae_abc,20,2047542432
46026,San Francisco,8,582204.80174813373,8.2555353989198277e-06,1.0000000000000001e-20,6.4855884496926183e-05,5.1626968334827087e-05,1572864,345,na_qae_abc,20,2047542432
46026,San Francisco,9,582204.80174813373,8.2555353989198277e-06,1.0000000000000001e-20,6.4855884496926183e-05,5.1626968334827087e-05,1777664,388,na_qae_abc,20,2047542432
46026,San Francisco,10,582204.80174813373,8.2555353989198277e-06,1.0000000000000001e-20,6.4855884496926183e-05,5.1626968334827087e-05,2015232,435,na_qae_abc,20,2047542432
46026,San Francisco,11,582204.80174813373,8.2555353989198277e-06,1.0000000000000001e-20,6.4855884496926183e-05,5.1626968334827087e-05,2236416,480,na_qae_abc,20,2047542432
46026,San Francisco,12,556537.61424798553,8.5770109532475619e-06,1.0000000000000001e-20,6.7450338852387433e-05,2.6611287369096428e-05,2473984,527,na_qae_abc,20,2047542432
46026,San Francisco,13,550908.750071174,9.2208631556034055e-19,1.0000000000000001e-20,4.4986912612566395e-05,4.1644882638520164e-05,2703360,573,na_qae_abc,20,2047542432
46026,San Francisco,14,538747.93392597057,1.3113354074463271e-06,1.0000000000000001e-20,5.8186002273703729e-05,4.0682857240249205e-05,2908160,616,na_qae_abc,20,2047542432
46026,San Francisco,15,532041.00440824637,5.7415896531283673e-18,1.0000000000000001e-20,5.5145479566068675e-05,3.4669761566868273e-05,3104768,658,na_qae_abc,20,2047542432
46026,San Francisco,16,532041.00440824637,5.7415896531283673e-18,1.0000000000000001e-20,5.5145479566068675e-05,3.4669761566868273e-05,3325952,703,na_qae_abc,20,2047542432
46026,San Francisco,17,532041.00440824637,5.7415896531283673e-18,1.0000000000000001e-20,5.5145479566068675e-05,3.4669761566868273e-05,3522560,745,na_qae_abc,20,2047542432
46026,San Francisco,18,532041.00440824637,5.7415896531283673e-18,1.0000000000000001e-20,5.5145479566068675e-05,3.4669761566868273e-05,3751936,791,na_qae_abc,20,2047542432
46026,San Francisco,19,532041.00440824637,5.7415896531283673e-18,1.0000000000000001e-20,5.5145479566068675e-05,3.4669761566868273e-05,3973120,836,na_qae_abc,20,2047542432
46026,San Francisco,20,532041.00440824637,5.7415896531283673e-18,1.0000000000000001e-20,5.5145479566068675e-05,3.4669761566868273e-05,4202496,882,na_qae_abc,20,2047542432
46026,San Francisco,21,532041.00440824637,5.7415896531283673e-18,1.0000000000000001e-20,5.5145479566068675e-05,3.4669761566868273e-05,4415488,926,na_qae_abc,20,2047542432
46026,San Francisco,22,532041.00440824637,5.7415896531283673e-18,1.0000000000000001e-20,5.5145479566068675e-05,3.4669761566868273e-05,4644864,972,na_qae_abc,20,2047542432
46026,San Francisco,23,520319.60586162336,4.1972613981794198e-06,1.0000000000000001e-20,6.1910228322673602e-05,4.0997150635829935e-05,4876288,1019,na_qae_abc,20,2047542432
46026,San Francisco,24,520319.60586162336,4.1972613981794198e-06,1.0000000000000001e-20,6.1910228322673602e-05,4.0997150635829935e-05,5105664,1065,na_qae_abc,20,2047542432
46026,San Francisco,25,520319.60586162336,4.1972613981794198e-06,1.0000000000000001e-20,6.1910228322673602e-05,4.0997150635829935e-05,5335040,1111,na_qae_abc,20,2047542432
46026,San Francisco,26,520319.60586162336,4.1972613981794198e-06,1.0000000000000001e-20,6.1910228322673602e-05,4.0997150635829935e-05,5556224,1156,na_qae_abc,20,2047542432
46026,San Francisco,27,520319.60586162336,4.1972613981794198e-06,1.0000000000000001e-20,6.1910228322673602e-05,4.0997150635829935e-05,5752832,1198,na_qae_abc,20,2047542432
46026,San Francisco,28,520319.60586162336,4.1972613981794198e-06,1.0000000000000001e-20,6.1910228322673602e-05,4.0997150635829935e-05,5974016,1243,na_qae_abc,20,2047542432
46026,San Francisco,29,520319.60586162336,4.1972613981794198e-06,1.0000000000000001e-20,6.1910228322673602e-05,4.0997150635829935e-05,6203392,1289,na_qae_abc,20,2047542432
46026,San Francisco,30,520319.60586162336,4.1972613981794198e-06,1.0000000000000001e-20,6.1910228322673602e-05,4.0997150635829935e-05,6416384,1333,na_qae_abc,20,2047542432
46026,San Francisco,31,513070.35618160723,2.7766110987055342e-20,1.0000000000000001e-20,7.0324775356949042e-05,5.6494096745291904e-05,6629376,1377,na_qae_abc,20,2047542432
46026,San Francisco,32,513070.35618160723,2.7766110987055342e-20,1.0000000000000001e-20,7.0324775356949042e-05,5.6494096745291904e-05,6858752,1423,na_qae_abc,20,2047542432
46026,San Francisco,33,513070.35618160723,2.7766110987055342e-20,1.0000000000000001e-20,7.0324775356949042e-05,5.6494096745291904e-05,7063552,1466,na_qae_abc,20,2047542432
46026,San Francisco,34,513070.35618160723,2.7766110987055342e-20,1.0000000000000001e-20,7.0324775356949042e-05,5.6494096745291904e-05,7284736,1511,na_qae_abc,20,2047542432
46026,San Francisco,35,513070.35618160723,2.7766110987055342e-20,1.0000000000000001e-20,7.0324775356949042e-05,5.6494096745291904e-05,7497728,1555,na_qae_abc,20,2047542432
46026,San Francisco,36,513070.35618160723,2.7766110987055342e-20,1.0000000000000001e-20,7.0324775356949042e-05,5.6494096745291904e-05,7710720,1599,na_qae_abc,20,2047542432
46026,San Francisco,37,513070.35618160723,2.7766110987055342e-20,1.0000000000000001e-20,7.0324775356949042e-05,5.6494096745291904e-05,7942144,1646,na_qae_abc,20,2047542432
46026,San Francisco,38,513070.35618160723,2.7766110987055342e-20,1.0000000000000001e-20,7.0324775356949042e-05,5.6494096745291904e-05,8155136,1690,na_qae_abc,20,2047542432
46026,San Francisco,39,511922.5189825347,4.9641967840956758e-06,1.0000000000000001e-20,6.206964753493281e-05,5.1312339140430561e-05,8366080,1733,na_qae_abc,20,2047542432
46026,San Francisco,40,511922.5189825347,4.9641967840956758e-06,1.0000000000000001e-20,6.206964753493281e-05,5.1312339140430561e-05,8570880,1776,na_qae_abc,20,2047542432
46026,San Francisco,1,624369.77719071473,6.47990384285918e-06,1.0000000000000001e-20,6.6054976760136709e-05,3.839087136941736e-05,163840,47,na_qae_abc,21,1320218597
46026,San Francisco,2,616203.62590555113,4.1636057906206277e-19,1.0000000000000001e-20,5.1669646146035761e-05,6.4292406553846375e-05,376832,91,na_qae_abc,21,1320218597
46026,San Francisco,3,616203.62590555113,4.1636057906206277e-19,1.0000000000000001e-20,5.1669646146035761e-05,6.4292406553846375e-05,565248,132,na_qae_abc,21,1320218597
46026,San Francisco,4,614444.8658951635,8.2187922678872069e-06,1.0000000000000001e-20,6.6046395697509451e-05,6.9192554462016933e-05,778240,176,na_qae_abc,21,1320218597
46026,San Francisco,5,614444.8658951635,8.2187922678872069e-06,1.0000000000000001e-20,6.6046395697509451e-05,6.9192554462016933e-05,1007616,222,na_qae_abc,21,1320218597
46026,San Francisco,6,611234.63332029933,2.7984588737116197e-19,1.0000000000000001e-20,4.2999596967711293e-05,5.7631732503090069e-05,1204224,264,na_qae_abc,21,1320218597
46026,San Francisco,7,611234.63332029933,2.7984588737116197e-19,1.0000000000000001e-20,4.2999596967711293e-05,5.7631732503090069e-05,1433600,310,na_qae_abc,21,1320218597
46026,San Francisco,8,611234.63332029933,2.7984588737116197e-19,1.0000000000000001e-20,4.2999596967711293e-05,5.7631732503090069e-05,1662976,356,na_qae_abc,21,1320218597
46026,San Francisco,9,611234.63332029933,2.7984588737116197e-19,1.0000000000000001e-20,4.2999596967711293e-05,5.7631732503090069e-05,1884160,401,na_qae_abc,21,1320218597
46026,San Francisco,10,611234.63332029933,2.7984588737116197e-19,1.0000000000000001e-20,4.2999596967711293e-05,5.7631732503090069e-05,2113536,447,na_qae_abc,21,1320218597
46026,San Francisco,11,611234.63332029933,2.7984588737116197e-19,1.0000000000000001e-20,4.2999596967711293e-05,5.7631732503090069e-05,2342912,493,na_qae_abc,21,1320218597
46026,San Francisco,12,611234.63332029933,2.7984588737116197e-19,1.0000000000000001e-20,4.2999596967711293e-05,5.7631732503090069e-05,2572288,539,na_qae_abc,21,1320218597
46026,San Francisco,13,600090.7344025718,1.0085169636824116e-20,1.0000000000000001e-20,4.5328669121987415e-05,6.0164965774634834e-05,2777088,582,na_qae_abc,21,1320218597
46026,San Francisco,14,600090.7344025718,1.0085169636824116e-20,1.0000000000000001e-20,4.5328669121987415e-05,6.0164965774634834e-05,3014656,629,na_qae_abc,21,1320218597
46026,San Francisco,15,555327.18766276771,1.1724018228433977e-05,1.0000000000000001e-20,6.8339821966558454e-05,3.6884350831319624e-05,3244032,675,na_qae_abc,21,1320218597
46026,San Francisco,16,555327.18766276771,1.1724018228433977e-05,1.0000000000000001e-20,6.8339821966558454e-05,3.6884350831319624e-05,3457024,719,na_qae_abc,21,1320218597
46026,San Francisco,17,545543.20624298567,7.4299052226806633e-06,1.0000000000000001e-20,6.5705875361086604e-05,4.6738613766225546e-05,3702784,767,na_qae_abc,21,1320218597
46026,San Francisco,18,545543.20624298567,7.4299052226806633e-06,1.0000000000000001e-20,6.5705875361086604e-05,4.6738613766225546e-05,3940352,814,na_qae_abc,21,1320218597
46026,San Francisco,19,545543.20624298567,7.4299052226806633e-06,1.0000000000000001e-20,6.5705875361086604e-05,4.6738613766225546e-05,4161536,859,na_qae_abc,21,1320218597
46026,San Francisco,20,545543.20624298567,7.4299052226806633e-06,1.0000000000000001e-20,6.5705875361086604e-05,4.6738613766225546e-05,4390912,905,na_qae_abc,21,1320218597
46026,San Francisco,21,545543.20624298567,7.4299052226806633e-06,1.0000000000000001e-20,6.5705875361086604e-05,4.6738613766225546e-05,4620288,951,na_qae_abc,21,1320218597
46026,San Francisco,22,539056.86002309818,1.5553227374292012e-19,1.0000000000000001e-20,4.9263870496902323e-05,2.5522840420532094e-05,4857856,998,na_qae_abc,21,1320218597
46026,San Francisco,23,523476.01562377246,2.7565804836207376e-20,1.0000000000000001e-20,6.8689093877138721e-05,3.2461043630838979e-05,5089280,1045,na_qae_abc,21,1320218597
46026,San Francisco,24,523476.01562377246,2.7565804836207376e-20,1.0000000000000001e-20,6.8689093877138721e-05,3.2461043630838979e-05,5294080,1088,na_qae_abc,21,1320218597
46026,San Francisco,25,520731.5364312288,5.1317976916471051e-06,1.0000000000000001e-20,6.188016905223522e-05,5.5559750085757356e-05,5507072,1132,na_qae_abc,21,1320218597
46026,San Francisco,26,520731.5364312288,5.1317976916471051e-06,1.0000000000000001e-20,6.188016905223522e-05,5.5559750085757356e-05,5728256,1177,na_qae_abc,21,1320218597
46026,San Francisco,27,520731.5364312288,5.1317976916471051e-06,1.0000000000000001e-20,6.188016905223522e-05,5.5559750085757356e-05,5941248,1221,na_qae_abc,21,1320218597
46026,San Francisco,28,519716.02417740348,2.0000133239513549e-06,1.0000000000000001e-20,5.8632428864352455e-05,6.2180290871539763e-05,6154240,1265,na_qae_abc,21,1320218597
46026,San Francisco,29,519716.02417740348,2.0000133239513549e-06,1.0000000000000001e-20,5.8632428864352455e-05,6.2180290871539763e-05,6383616,1311,na_qae_abc,21,1320218597
46026,San Francisco,30,519716.02417740348,2.0000133239513549e-06,1.0000000000000001e-20,5.8632428864352455e-05,6.2180290871539763e-05,6604800,1356,na_qae_abc,21,1320218597
46026,San Francisco,31,519716.02417740348,2.0000133239513549e-06,1.0000000000000001e-20,5.8632428864352455e-05,6.2180290871539763e-05,6825984,1401,na_qae_abc,21,1320218597
46026,San Francisco,32,519716.02417740348,2.0000133239513549e-06,1.0000000000000001e-20,5.8632428864352455e-05,6.2180290871539763e-05,7057408,1448,na_qae_abc,21,1320218597
46026,San Francisco,33,519716.02417740348,2.0000133239513549e-06,1.0000000000000001e-20,5.8632428864352455e-05,6.2180290871539763e-05,7262208,1491,na_qae_abc,21,1320218597
46026,San Francisco,34,519716.02417740348,2.0000133239513549e-06,1.0000000000000001e-20,5.8632428864352455e-05,6.2180290871539763e-05,7499776,1538,na_qae_abc,21,1320218597
46026,San Francisco,35,519716.02417740348,2.0000133239513549e-06,1.0000000000000001e-20,5.8632428864352455e-05,6.2180290871539763e-05,7712768,1582,na_qae_abc,21,1320218597
46026,San Francisco,36,519716.02417740348,2.0000133239513549e-06,1.0000000000000001e-20,5.8632428864352455e-05,6.2180290871539763e-05,7950336,1629,na_qae_abc,21,1320218597
46026,San Francisco,37,519716.02417740348,2.0000133239513549e-06,1.0000000000000001e-20,5.8632428864352455e-05,6.2180290871539763e-05,8189952,1677,na_qae_abc,21,1320218597
46026,San Francisco,38,519716.02417740348,2.0000133239513549e-06,1.0000000000000001e-20,5.8632428864352455e-05,6.2180290871539763e-05,8419328,1723,na_qae_abc,21,1320218597
46026,San Francisco,39,519716.02417740348,2.0000133239513549e-06,1.0000000000000001e-20,5.8632428864352455e-05,6.2180290871539763e-05,8648704,1769,na_qae_abc,21,1320218597
46026,San Francisco,40,519716.02417740348,2.0000133239513549e-06,1.0000000000000001e-20,5.8632428864352455e-05,6.2180290871539763e-05,8878080,1815,na_qae_abc,21,1320218597
46026,San Francisco,1,672549.58130972343,4.1011621984386553e-19,1.0000000000000001e-20,4.130078863417271e-05,4.3815640370883144e-05,229376,55,na_qae_abc,22,4258311112
46026,San Francisco,2,664353.07429562905,2.857877848897585e-06,1.0000000000000001e-20,6.0797680613141158e-05,4.7175941578937413e-05,450560,100,na_qae_abc,22,4258311112
46026,San Francisco,3,664353.07429562905,2.857877848897585e-06,1.0000000000000001e-20,6.0797680613141158e-05,4.7175941578937413e-05,614400,138,na_qae_abc,22,4258311112
46026,San Francisco,4,639416.45879685006,5.8155750721212488e-07,1.0000000000000001e-20,5.667400616055726e-05,4.251848524968811e-05,827392,182,na_qae_abc,22,4258311112
46026,San Francisco,5,639416.45879685006,5.8155750721212488e-07,1.0000000000000001e-20,5.667400616055726e-05,4.251848524968811e-05,1048576,227,na_qae_abc,22,4258311112
46026,San Francisco,6,639416.45879685006,5.8155750721212488e-07,1.0000000000000001e-20,5.667400616055726e-05,4.251848524968811e-05,1277952,273,na_qae_abc,22,4258311112
46026,San Francisco,7,639416.45879685006,5.8155750721212488e-07,1.0000000000000001e-20,5.667400616055726e-05,4.251848524968811e-05,1499136,318,na_qae_abc,22,4258311112
46026,San Francisco,8,626703.18210687337,3.7344012800116461e-20,1.0000000000000001e-20,6.6669043613376197e-05,6.2720999182793073e-05,1679360,358,na_qae_abc,22,4258311112
46026,San Francisco,9,626703.18210687337,3.7344012800116461e-20,1.0000000000000001e-20,6.6669043613376197e-05,6.2720999182793073e-05,1900544,403,na_qae_abc,22,4258311112
46026,San Francisco,10,626703.18210687337,3.7344012800116461e-20,1.0000000000000001e-20,6.6669043613376197e-05,6.2720999182793073e-05,2113536,447,na_qae_abc,22,4258311112
46026,San Francisco,11,626703.18210687337,3.7344012800116461e-20,1.0000000000000001e-20,6.6669043613376197e-05,6.2720999182793073e-05,2334720,492,na_qae_abc,22,4258311112
46026,San Francisco,12,626703.18210687337,3.7344012800116461e-20,1.0000000000000001e-20,6.6669043613376197e-05,6.2720999182793073e-05,2572288,539,na_qae_abc,22,4258311112
46026,San Francisco,13,626703.18210687337,3.7344012800116461e-20,1.0000000000000001e-20,6.6669043613376197e-05,6.2720999182793073e-05,2785280,583,na_qae_abc,22,4258311112
46026,San Francisco,14,626703.18210687337,3.7344012800116461e-20,1.0000000000000001e-20,6.6669043613376197e-05,6.2720999182793073e-05,2981888,625,na_qae_abc,22,4258311112
46026,San Francisco,15,626703.18210687337,3.7344012800116461e-20,1.0000000000000001e-20,6.6669043613376197e-05,6.2720999182793073e-05,3194880,669,na_qae_abc,22,4258311112
46026,San Francisco,16,605182.0629161736,5.3125977502456871e-07,1.0000000000000001e-20,5.544350402716006e-05,4.8579618968452919e-05,3432448,716,na_qae_abc,22,4258311112
46026,San Francisco,17,605182.0629161736,5.3125977502456871e-07,1.0000000000000001e-20,5.544350402716006e-05,4.8579618968452919e-05,3629056,758,na_qae_abc,22,4258311112
46026,San Francisco,18,605182.0629161736,5.3125977502456871e-07,1.0000000000000001e-20,5.544350402716006e-05,4.8579618968452919e-05,3842048,802,na_qae_abc,22,4258311112
46026,San Francisco,19,605182.0629161736,5.3125977502456871e-07,1.0000000000000001e-20,5.544350402716006e-05,4.8579618968452919e-05,4046848,845,na_qae_abc,22,4258311112
46026,San Francisco,20,601402.71478691685,4.376538853908977e-18,1.0000000000000001e-20,5.3913323441560885e-05,2.8819522867509089e-05,4268032,890,na_qae_abc,22,4258311112
46026,San Francisco,21,601402.71478691685,4.376538853908977e-18,1.0000000000000001e-20,5.3913323441560885e-05,2.8819522867509089e-05,4481024,934,na_qae_abc,22,4258311112
46026,San Francisco,22,601402.71478691685,4.376538853908977e-18,1.0000000000000001e-20,5.3913323441560885e-05,2.8819522867509089e-05,4685824,977,na_qae_abc,22,4258311112
46026,San Francisco,23,575800.31635075307,2.270040009255502e-06,1.0000000000000001e-20,5.9403996468586045e-05,3.1037999489396969e-05,4923392,1024,na_qae_abc,22,4258311112
46026,San Francisco,24,530685.01683302969,1.2965372483513868e-05,1.0000000000000001e-20,7.0461337106788381e-05,5.3943248441056073e-05,5152768,1070,na_qae_abc,22,4258311112
46026,San Francisco,25,530685.01683302969,1.2965372483513868e-05,1.0000000000000001e-20,7.0461337106788381e-05,5.3943248441056073e-05,5357568,1113,na_qae_abc,22,4258311112
46026,San Francisco,26,530685.01683302969,1.2965372483513868e-05,1.0000000000000001e-20,7.0461337106788381e-05,5.3943248441056073e-05,5570560,1157,na_qae_abc,22,4258311112
46026,San Francisco,27,530685.01683302969,1.2965372483513868e-05,1.0000000000000001e-20,7.0461337106788381e-05,5.3943248441056073e-05,5775360,1200,na_qae_abc,22,4258311112
46026,San Francisco,28,530685.01683302969,1.2965372483513868e-05,1.0000000000000001e-20,7.0461337106788381e-05,5.3943248441056073e-05,5980160,1243,na_qae_abc,22,4258311112
46026,San Francisco,29,530685.01683302969,1.2965372483513868e-05,1.0000000000000001e-20,7.0461337106788381e-05,5.3943248441056073e-05,6209536,1289,na_qae_abc,22,4258311112
46026,San Francisco,30,530685.01683302969,1.2965372483513868e-05,1.0000000000000001e-20,7.0461337106788381e-05,5.3943248441056073e-05,6430720,1334,na_qae_abc,22,4258311112
46026,San Francisco,31,530685.01683302969,1.2965372483513868e-05,1.0000000000000001e-20,7.0461337106788381e-05,5.3943248441056073e-05,6651904,1379,na_qae_abc,22,4258311112
46026,San Francisco,32,530685.01683302969,1.2965372483513868e-05,1.0000000000000001e-20,7.0461337106788381e-05,5.3943248441056073e-05,6891520,1427,na_qae_abc,22,4258311112
46026,San Francisco,33,530685.01683302969,1.2965372483513868e-05,1.0000000000000001e-20,7.0461337106788381e-05,5.3943248441056073e-05,7071744,1467,na_qae_abc,22,4258311112
46026,San Francisco,34,530685.01683302969,1.2965372483513868e-05,1.0000000000000001e-20,7.0461337106788381e-05,5.3943248441056073e-05,7284736,1511,na_qae_abc,22,4258311112
46026,San Francisco,35,530685.01683302969,1.2965372483513868e-05,1.0000000000000001e-20,7.0461337106788381e-05,5.3943248441056073e-05,7481344,1553,na_qae_abc,22,4258311112
46026,San Francisco,36,530685.01683302969,1.2965372483513868e-05,1.0000000000000001e-20,7.0461337106788381e-05,5.3943248441056073e-05,7696384,1598,na_qae_abc,22,4258311112
46026,San Francisco,37,530685.01683302969,1.2965372483513868e-05,1.0000000000000001e-20,7.0461337106788381e-05,5.3943248441056073e-05,7919616,1644,na_qae_abc,22,4258311112
46026,San Francisco,38,530685.01683302969,1.2965372483513868e-05,1.0000000000000001e-20,7.0461337106788381e-05,5.3943248441056073e-05,8140800,1689,na_qae_abc,22,4258311112
46026,San Francisco,39,530685.01683302969,1.2965372483513868e-05,1.0000000000000001e-20,7.0461337106788381e-05,5.3943248441056073e-05,8345600,1732,na_qae_abc,22,4258311112
46026,San Francisco,40,530685.01683302969,1.2965372483513868e-05,1.0000000000000001e-20,7.0461337106788381e-05,5.3943248441056073e-05,8583168,1779,na_qae_abc,22,4258311112
46026,San Francisco,1,714674.32597269607,1.7074887576116661e-05,1.0000000000000001e-20,7.7564345754943764e-05,2.8951010939943102e-05,155648,46,na_qae_abc,23,3647640339
46026,San Francisco,2,639865.76669843507,4.2332850084407818e-19,1.0000000000000001e-20,5.3309028525847815e-05,6.8289123605942304e-05,311296,83,na_qae_abc,23,3647640339
46026,San Francisco,3,639474.60023200302,1.242110145815533e-19,1.0000000000000001e-20,2.8028694750535798e-05,2.6935534136912098e-05,491520,123,na_qae_abc,23,3647640339
46026,San Francisco,4,633670.24066537875,4.1762875894224722e-20,1.0000000000000001e-20,4.7134206286237427e-05,2.8498922224221099e-05,704512,167,na_qae_abc,23,3647640339
46026,San Francisco,5,633670.24066537875,4.1762875894224722e-20,1.0000000000000001e-20,4.7134206286237427e-05,2.8498922224221099e-05,917504,211,na_qae_abc,23,3647640339
46026,San Francisco,6,584866.56433055247,1.158413000946289e-19,1.0000000000000001e-20,6.6210232011228905e-05,3.0730999350709213e-05,1138688,256,na_qae_abc,23,3647640339
46026,San Francisco,7,584866.56433055247,1.158413000946289e-19,1.0000000000000001e-20,6.6210232011228905e-05,3.0730999350709213e-05,1368064,302,na_qae_abc,23,3647640339
46026,San Francisco,8,581652.56990422285,1.1138882840452975e-05,1.0000000000000001e-20,7.0654398051795672e-05,4.469975810394707e-05,1572864,345,na_qae_abc,23,3647640339
46026,San Francisco,9,574322.37168186996,3.8418462562958789e-17,1.0000000000000001e-20,5.6447372746785589e-05,3.9514567988980591e-05,1794048,390,na_qae_abc,23,3647640339
46026,San Francisco,10,574322.37168186996,3.8418462562958789e-17,1.0000000000000001e-20,5.6447372746785589e-05,3.9514567988980591e-05,2023424,436,na_qae_abc,23,3647640339
46026,San Francisco,11,572524.65454750066,1.0085474378886592e-20,1.0000000000000001e-20,4.7469061314432463e-05,9.3960620561863155e-05,2244608,481,na_qae_abc,23,3647640339
46026,San Francisco,12,572524.65454750066,1.0085474378886592e-20,1.0000000000000001e-20,4.7469061314432463e-05,9.3960620561863155e-05,2473984,527,na_qae_abc,23,3647640339
46026,San Francisco,13,572524.65454750066,1.0085474378886592e-20,1.0000000000000001e-20,4.7469061314432463e-05,9.3960620561863155e-05,2695168,572,na_qae_abc,23,3647640339
46026,San Francisco,14,572524.65454750066,1.0085474378886592e-20,1.0000000000000001e-20,4.7469061314432463e-05,9.3960620561863155e-05,2916352,617,na_qae_abc,23,3647640339
46026,San Francisco,15,572524.65454750066,1.0085474378886592e-20,1.0000000000000001e-20,4.7469061314432463e-05,9.3960620561863155e-05,3121152,660,na_qae_abc,23,3647640339
46026,San Francisco,16,572524.65454750066,1.0085474378886592e-20,1.0000000000000001e-20,4.7469061314432463e-05,9.3960620561863155e-05,3342336,705,na_qae_abc,23,3647640339
46026,San Francisco,17,572524.65454750066,1.0085474378886592e-20,1.0000000000000001e-20,4.7469061314432463e-05,9.3960620561863155e-05,3571712,751,na_qae_abc,23,3647640339
46026,San Francisco,18,572524.65454750066,1.0085474378886592e-20,1.0000000000000001e-20,4.7469061314432463e-05,9.3960620561863155e-05,3784704,795,na_qae_abc,23,3647640339
46026,San Francisco,19,572524.65454750066,1.0085474378886592e-20,1.0000000000000001e-20,4.7469061314432463e-05,9.3960620561863155e-05,3999744,840,na_qae_abc,23,3647640339
46026,San Francisco,20,554534.21580650029,9.6980360699863593e-06,1.0000000000000001e-20,6.8100935764427888e-05,4.0773556776582749e-05,4220928,885,na_qae_abc,23,3647640339
46026,San Francisco,21,554534.21580650029,9.6980360699863593e-06,1.0000000000000001e-20,6.8100935764427888e-05,4.0773556776582749e-05,4450304,931,na_qae_abc,23,3647640339
46026,San Francisco,22,554534.21580650029,9.6980360699863593e-06,1.0000000000000001e-20,6.8100935764427888e-05,4.0773556776582749e-05,4687872,978,na_qae_abc,23,3647640339
46026,San Francisco,23,554534.21580650029,9.6980360699863593e-06,1.0000000000000001e-20,6.8100935764427888e-05,4.0773556776582749e-05,4900864,1022,na_qae_abc,23,3647640339
46026,San Francisco,24,554534.21580650029,9.6980360699863593e-06,1.0000000000000001e-20,6.8100935764427888e-05,4.0773556776582749e-05,5113856,1066,na_qae_abc,23,3647640339
46026,San Francisco,25,554534.21580650029,9.6980360699863593e-06,1.0000000000000001e-20,6.8100935764427888e-05,4.0773556776582749e-05,5343232,1112,na_qae_abc,23,3647640339
46026,San Francisco,26,554534.21580650029,9.6980360699863593e-06,1.0000000000000001e-20,6.8100935764427888e-05,4.0773556776582749e-05,5564416,1157,na_qae_abc,23,3647640339
46026,San Francisco,27,554534.21580650029,9.6980360699863593e-06,1.0000000000000001e-20,6.8100935764427888e-05,4.0773556776582749e-05,5795840,1204,na_qae_abc,23,3647640339
46026,San Francisco,28,554534.21580650029,9.6980360699863593e-06,1.0000000000000001e-20,6.8100935764427888e-05,4.0773556776582749e-05,6000640,1247,na_qae_abc,23,3647640339
46026,San Francisco,29,554534.21580650029,9.6980360699863593e-06,1.0000000000000001e-20,6.8100935764427888e-05,4.0773556776582749e-05,6221824,1292,na_qae_abc,23,3647640339
46026,San Francisco,30,554534.21580650029,9.6980360699863593e-06,1.0000000000000001e-20,6.8100935764427888e-05,4.0773556776582749e-05,6451200,1338,na_qae_abc,23,3647640339
46026,San Francisco,31,554534.21580650029,9.6980360699863593e-06,1.0000000000000001e-20,6.8100935764427888e-05,4.0773556776582749e-05,6688768,1385,na_qae_abc,23,3647640339
46026,San Francisco,32,554534.21580650029,9.6980360699863593e-06,1.0000000000000001e-20,6.8100935764427888e-05,4.0773556776582749e-05,6926336,1432,na_qae_abc,23,3647640339
46026,San Francisco,33,543167.4769039317,1.2649430482785253e-20,1.0000000000000001e-20,4.4013171824369491e-05,5.1360690853861907e-05,7163904,1479,na_qae_abc,23,3647640339
46026,San Francisco,34,543167.4769039317,1.2649430482785253e-20,1.0000000000000001e-20,4.4013171824369491e-05,5.1360690853861907e-05,7360512,1521,na_qae_abc,23,3647640339
46026,San Francisco,35,543167.4769039317,1.2649430482785253e-20,1.0000000000000001e-20,4.4013171824369491e-05,5.1360690853861907e-05,7573504,1565,na_qae_abc,23,3647640339
46026,San Francisco,36,543167.4769039317,1.2649430482785253e-20,1.0000000000000001e-20,4.4013171824369491e-05,5.1360690853861907e-05,7778304,1608,na_qae_abc,23,3647640339
46026,San Francisco,37,530534.53365301725,7.3670194732973591e-06,1.0000000000000001e-20,6.5385011671166107e-05,5.1626524493209765e-05,7983104,1651,na_qae_abc,23,3647640339
46026,San Francisco,38,530534.53365301725,7.3670194732973591e-06,1.0000000000000001e-20,6.5385011671166107e-05,5.1626524493209765e-05,8179712,1693,na_qae_abc,23,3647640339
46026,San Francisco,39,530534.53365301725,7.3670194732973591e-06,1.0000000000000001e-20,6.5385011671166107e-05,5.1626524493209765e-05,8400896,1738,na_qae_abc,23,3647640339
46026,San Francisco,40,526435.31196611701,1.1187946122301541e-18,1.0000000000000001e-20,4.6870914781915498e-05,4.8196777450664262e-05,8630272,1784,na_qae_abc,23,3647640339
46026,San Francisco,1,692477.66939695168,3.2050546204945815e-05,1.0000000000000001e-20,9.4786411666695778e-05,6.1837127321775367e-05,163840,47,na_qae_abc,24,247198484
46026,San Francisco,2,687201.04991589079,1.3480710742256231e-20,1.0000000000000001e-20,6.2103216982724335e-05,0.00010261344344075616,294912,81,na_qae_abc,24,247198484
46026,San Francisco,3,637532.05304523022,2.0350651824108067e-06,1.0000000000000001e-20,5.919475268678149e-05,4.3233899706684647e-05,425984,115,na_qae_abc,24,247198484
46026,San Francisco,4,637532.05304523022,2.0350651824108067e-06,1.0000000000000001e-20,5.919475268678149e-05,4.3233899706684647e-05,557056,149,na_qae_abc,24,247198484
46026,San Francisco,5,612257.35393691447,3.6318726969078575e-06,1.0000000000000001e-20,6.2059488584411193e-05,5.5026451369712316e-05,770048,193,na_qae_abc,24,247198484
46026,San Francisco,6,612257.35393691447,3.6318726969078575e-06,1.0000000000000001e-20,6.2059488584411193e-05,5.5026451369712316e-05,942080,232,na_qae_abc,24,247198484
46026,San Francisco,7,612257.35393691447,3.6318726969078575e-06,1.0000000000000001e-20,6.2059488584411193e-05,5.5026451369712316e-05,1155072,276,na_qae_abc,24,247198484
46026,San Francisco,8,612257.35393691447,3.6318726969078575e-06,1.0000000000000001e-20,6.2059488584411193e-05,5.5026451369712316e-05,1376256,321,na_qae_abc,24,247198484
46026,San Francisco,9,612257.35393691447,3.6318726969078575e-06,1.0000000000000001e-20,6.2059488584411193e-05,5.5026451369712316e-05,1581056,364,na_qae_abc,24,247198484
46026,San Francisco,10,612257.35393691447,3.6318726969078575e-06,1.0000000000000001e-20,6.2059488584411193e-05,5.5026451369712316e-05,1802240,409,na_qae_abc,24,247198484
46026,San Francisco,11,612257.35393691447,3.6318726969078575e-06,1.0000000000000001e-20,6.2059488584411193e-05,5.5026451369712316e-05,2015232,453,na_qae_abc,24,247198484
46026,San Francisco,12,612257.35393691447,3.6318726969078575e-06,1.0000000000000001e-20,6.2059488584411193e-05,5.5026451369712316e-05,2236416,498,na_qae_abc,24,247198484
46026,San Francisco,13,577636.64335599507,7.9021122600638207e-06,1.0000000000000001e-20,6.4809896608271144e-05,3.3696304634364173e-05,2473984,545,na_qae_abc,24,247198484
46026,San Francisco,14,577636.64335599507,7.9021122600638207e-06,1.0000000000000001e-20,6.4809896608271144e-05,3.3696304634364173e-05,2686976,589,na_qae_abc,24,247198484
46026,San Francisco,15,577636.64335599507,7.9021122600638207e-06,1.0000000000000001e-20,6.4809896608271144e-05,3.3696304634364173e-05,2908160,634,na_qae_abc,24,247198484
46026,San Francisco,16,577636.64335599507,7.9021122600638207e-06,1.0000000000000001e-20,6.4809896608271144e-05,3.3696304634364173e-05,3129344,679,na_qae_abc,24,247198484
46026,San Francisco,17,577636.64335599507,7.9021122600638207e-06,1.0000000000000001e-20,6.4809896608271144e-05,3.3696304634364173e-05,3350528,724,na_qae_abc,24,247198484
46026,San Francisco,18,577636.64335599507,7.9021122600638207e-06,1.0000000000000001e-20,6.4809896608271144e-05,3.3696304634364173e-05,3571712,769,na_qae_abc,24,247198484
46026,San Francisco,19,575514.76084109582,1.8705289477657011e-20,1.0000000000000001e-20,4.4145681471087383e-05,2.5256797791155305e-05,3792896,814,na_qae_abc,24,247198484
46026,San Francisco,20,575514.76084109582,1.8705289477657011e-20,1.0000000000000001e-20,4.4145681471087383e-05,2.5256797791155305e-05,4038656,862,na_qae_abc,24,247198484
46026,San Francisco,21,575514.76084109582,1.8705289477657011e-20,1.0000000000000001e-20,4.4145681471087383e-05,2.5256797791155305e-05,4276224,909,na_qae_abc,24,247198484
46026,San Francisco,22,573462.39066637086,4.4444505725299489e-06,1.0000000000000001e-20,6.1079166578578895e-05,6.1841723948301812e-05,4521984,957,na_qae_abc,24,247198484
46026,San Francisco,23,555522.08187563252,3.9740297902228741e-06,1.0000000000000001e-20,6.1801484694209343e-05,4.7226440396293582e-05,4743168,1002,na_qae_abc,24,247198484
46026,San Francisco,24,555522.08187563252,3.9740297902228741e-06,1.0000000000000001e-20,6.1801484694209343e-05,4.7226440396293582e-05,4956160,1046,na_qae_abc,24,247198484
46026,San Francisco,25,555522.08187563252,3.9740297902228741e-06,1.0000000000000001e-20,6.1801484694209343e-05,4.7226440396293582e-05,5185536,1092,na_qae_abc,24,247198484
46026,San Francisco,26,552449.25427956262,1.2499965581493066e-20,1.0000000000000001e-20,6.8476532964723393e-05,4.9844318593577199e-05,5398528,1136,na_qae_abc,24,247198484
46026,San Francisco,27,552449.25427956262,1.2499965581493066e-20,1.0000000000000001e-20,6.8476532964723393e-05,4.9844318593577199e-05,5636096,1183,na_qae_abc,24,247198484
46026,San Francisco,28,552449.25427956262,1.2499965581493066e-20,1.0000000000000001e-20,6.8476532964723393e-05,4.9844318593577199e-05,5865472,1229,na_qae_abc,24,247198484
46026,San Francisco,29,549840.76583132683,1.9942087928766092e-06,1.0000000000000001e-20,5.633599203346687e-05,5.0658064374943041e-05,6070272,1272,na_qae_abc,24,247198484
46026,San Francisco,30,548094.47946706077,1.0521538321200592e-05,1.0000000000000001e-20,6.9511742090275629e-05,5.1399648222442527e-05,6299648,1318,na_qae_abc,24,247198484
46026,San Francisco,31,548094.47946706077,1.0521538321200592e-05,1.0000000000000001e-20,6.9511742090275629e-05,5.1399648222442527e-05,6529024,1364,na_qae_abc,24,247198484
46026,San Francisco,32,548094.47946706077,1.0521538321200592e-05,1.0000000000000001e-20,6.9511742090275629e-05,5.1399648222442527e-05,6758400,1410,na_qae_abc,24,247198484
46026,San Francisco,33,548094.47946706077,1.0521538321200592e-05,1.0000000000000001e-20,6.9511742090275629e-05,5.1399648222442527e-05,6987776,1456,na_qae_abc,24,247198484
46026,San Francisco,34,548094.47946706077,1.0521538321200592e-05,1.0000000000000001e-20,6.9511742090275629e-05,5.1399648222442527e-05,7217152,1502,na_qae_abc,24,247198484
46026,San Francisco,35,548094.47946706077,1.0521538321200592e-05,1.0000000000000001e-20,6.9511742090275629e-05,5.1399648222442527e-05,7430144,1546,na_qae_abc,24,247198484
46026,San Francisco,36,548094.47946706077,1.0521538321200592e-05,1.0000000000000001e-20,6.9511742090275629e-05,5.1399648222442527e-05,7651328,1591,na_qae_abc,24,247198484
46026,San Francisco,37,541249.42030230886,4.2613947514660695e-20,1.0000000000000001e-20,5.6069136928722702e-05,5.5481523686026048e-05,7864320,1635,na_qae_abc,24,247198484
46026,San Francisco,38,541249.42030230886,4.2613947514660695e-20,1.0000000000000001e-20,5.6069136928722702e-05,5.5481523686026048e-05,8060928,1677,na_qae_abc,24,247198484
46026,San Francisco,39,541249.42030230886,4.2613947514660695e-20,1.0000000000000001e-20,5.6069136928722702e-05,5.5481523686026048e-05,8306688,1725,na_qae_abc,24,247198484
46026,San Francisco,40,541249.42030230886,4.2613947514660695e-20,1.0000000000000001e-20,5.6069136928722702e-05,5.5481523686026048e-05,8527872,1770,na_qae_abc,24,247198484
46026,San Francisco,1,701812.71722325508,3.5532327386519761e-05,1.0000000000000001e-20,9.9160576968187981e-05,5.1943549076581268e-05,253952,58,na_qae_abc,25,3957858703
46026,San Francisco,2,701812.71722325508,3.5532327386519761e-05,1.0000000000000001e-20,9.9160576968187981e-05,5.1943549076581268e-05,417792,96,na_qae_abc,25,3957858703
46026,San Francisco,3,766300.54504693835,2.9774667424399517e-05,1.0000000000000001e-20,9.2607051201975754e-05,3.2752026517347075e-05,589824,135,na_qae_abc,25,3957858703
46026,San Francisco,4,675949.42727574985,2.2411132788421279e-06,1.0000000000000001e-20,5.7039517857936967e-05,3.8242470512259732e-05,770048,175,na_qae_abc,25,3957858703
46026,San Francisco,5,675949.42727574985,2.2411132788421279e-06,1.0000000000000001e-20,5.7039517857936967e-05,3.8242470512259732e-05,999424,221,na_qae_abc,25,3957858703
46026,San Francisco,6,617624.627760623,1.158413000946289e-19,1.0000000000000001e-20,6.6210232011228905e-05,7.7424988340784576e-05,1204224,264,na_qae_abc,25,3957858703
46026,San Francisco,7,617624.627760623,1.158413000946289e-19,1.0000000000000001e-20,6.6210232011228905e-05,7.7424988340784576e-05,1425408,309,na_qae_abc,25,3957858703
46026,San Francisco,8,617624.627760623,1.158413000946289e-19,1.0000000000000001e-20,6.6210232011228905e-05,7.7424988340784576e-05,1646592,354,na_qae_abc,25,3957858703
46026,San Francisco,9,617624.627760623,1.158413000946289e-19,1.0000000000000001e-20,6.6210232011228905e-05,7.7424988340784576e-05,1875968,400,na_qae_abc,25,3957858703
46026,San Francisco,10,617624.627760623,1.158413000946289e-19,1.0000000000000001e-20,6.6210232011228905e-05,7.7424988340784576e-05,2088960,444,na_qae_abc,25,3957858703
46026,San Francisco,11,617624.627760623,1.158413000946289e-19,1.0000000000000001e-20,6.6210232011228905e-05,7.7424988340784576e-05,2293760,487,na_qae_abc,25,3957858703
46026,San Francisco,12,617624.627760623,1.158413000946289e-19,1.0000000000000001e-20,6.6210232011228905e-05,7.7424988340784576e-05,2523136,533,na_qae_abc,25,3957858703
46026,San Francisco,13,617624.627760623,1.158413000946289e-19,1.0000000000000001e-20,6.6210232011228905e-05,7.7424988340784576e-05,2727936,576,na_qae_abc,25,3957858703
46026,San Francisco,14,617624.627760623,1.158413000946289e-19,1.0000000000000001e-20,6.6210232011228905e-05,7.7424988340784576e-05,2957312,622,na_qae_abc,25,3957858703
46026,San Francisco,15,617624.627760623,1.158413000946289e-19,1.0000000000000001e-20,6.6210232011228905e-05,7.7424988340784576e-05,3203072,670,na_qae_abc,25,3957858703
46026,San Francisco,16,617624.627760623,1.158413000946289e-19,1.0000000000000001e-20,6.6210232011228905e-05,7.7424988340784576e-05,3407872,713,na_qae_abc,25,3957858703
46026,San Francisco,17,617624.627760623,1.158413000946289e-19,1.0000000000000001e-20,6.6210232011228905e-05,7.7424988340784576e-05,3653632,761,na_qae_abc,25,3957858703
46026,San Francisco,18,617624.627760623,1.158413000946289e-19,1.0000000000000001e-20,6.6210232011228905e-05,7.7424988340784576e-05,3874816,806,na_qae_abc,25,3957858703
46026,San Francisco,19,617624.627760623,1.158413000946289e-19,1.0000000000000001e-20,6.6210232011228905e-05,7.7424988340784576e-05,4112384,853,na_qae_abc,25,3957858703
46026,San Francisco,20,616879.96262321179,1.031528447837355e-19,1.0000000000000001e-20,4.160735705224134e-05,4.5021804183799537e-05,4317184,896,na_qae_abc,25,3957858703
46026,San Francisco,21,616879.96262321179,1.031528447837355e-19,1.0000000000000001e-20,4.160735705224134e-05,4.5021804183799537e-05,4538368,941,na_qae_abc,25,3957858703
46026,San Francisco,22,616879.96262321179,1.031528447837355e-19,1.0000000000000001e-20,4.160735705224134e-05,4.5021804183799537e-05,4775936,988,na_qae_abc,25,3957858703
46026,San Francisco,23,616879.96262321179,1.031528447837355e-19,1.0000000000000001e-20,4.160735705224134e-05,4.5021804183799537e-05,5013504,1035,na_qae_abc,25,3957858703
46026,San Francisco,24,616879.96262321179,1.031528447837355e-19,1.0000000000000001e-20,4.160735705224134e-05,4.5021804183799537e-05,5242880,1081,na_qae_abc,25,3957858703
46026,San Francisco,25,599107.91787398537,4.1762875894224722e-20,1.0000000000000001e-20,5.3780235180546787e-05,6.3047310109974939e-05,5455872,1125,na_qae_abc,25,3957858703
46026,San Francisco,26,599107.91787398537,4.1762875894224722e-20,1.0000000000000001e-20,5.3780235180546787e-05,6.3047310109974939e-05,5693440,1172,na_qae_abc,25,3957858703
46026,San Francisco,27,599107.91787398537,4.1762875894224722e-20,1.0000000000000001e-20,5.3780235180546787e-05,6.3047310109974939e-05,5898240,1215,na_qae_abc,25,3957858703
46026,San Francisco,28,599107.91787398537,4.1762875894224722e-20,1.0000000000000001e-20,5.3780235180546787e-05,6.3047310109974939e-05,6144000,1263,na_qae_abc,25,3957858703
46026,San Francisco,29,599107.91787398537,4.1762875894224722e-20,1.0000000000000001e-20,5.3780235180546787e-05,6.3047310109974939e-05,6348800,1306,na_qae_abc,25,3957858703
46026,San Francisco,30,599107.91787398537,4.1762875894224722e-20,1.0000000000000001e-20,5.3780235180546787e-05,6.3047310109974939e-05,6569984,1351,na_qae_abc,25,3957858703
46026,San Francisco,31,599107.91787398537,4.1762875894224722e-20,1.0000000000000001e-20,5.3780235180546787e-05,6.3047310109974939e-05,6774784,1394,na_qae_abc,25,3957858703
46026,San Francisco,32,599107.91787398537,4.1762875894224722e-20,1.0000000000000001e-20,5.3780235180546787e-05,6.3047310109974939e-05,7004160,1440,na_qae_abc,25,3957858703
46026,San Francisco,33,599107.91787398537,4.1762875894224722e-20,1.0000000000000001e-20,5.3780235180546787e-05,6.3047310109974939e-05,7241728,1487,na_qae_abc,25,3957858703
46026,San Francisco,34,599107.91787398537,4.1762875894224722e-20,1.0000000000000001e-20,5.3780235180546787e-05,6.3047310109974939e-05,7479296,1534,na_qae_abc,25,3957858703
46026,San Francisco,35,599107.91787398537,4.1762875894224722e-20,1.0000000000000001e-20,5.3780235180546787e-05,6.3047310109974939e-05,7708672,1580,na_qae_abc,25,3957858703
46026,San Francisco,36,577840.26592370798,1.839380520324212e-20,1.0000000000000001e-20,4.5307514806164642e-05,5.5914067024739295e-05,7940096,1627,na_qae_abc,25,3957858703
46026,San Francisco,37,576061.24573307659,2.6993551418547028e-19,1.0000000000000001e-20,4.1675487041363589e-05,3.8660684959005326e-05,8153088,1671,na_qae_abc,25,3957858703
46026,San Francisco,38,576061.24573307659,2.6993551418547028e-19,1.0000000000000001e-20,4.1675487041363589e-05,3.8660684959005326e-05,8382464,1717,na_qae_abc,25,3957858703
46026,San Francisco,39,576061.24573307659,2.6993551418547028e-19,1.0000000000000001e-20,4.1675487041363589e-05,3.8660684959005326e-05,8570880,1758,na_qae_abc,25,3957858703
46026,San Francisco,40,568294.0280779876,1.2366157159563477e-20,1.0000000000000001e-20,4.8737928648241338e-05,5.0015474118074819e-05,8792064,1803,na_qae_abc,25,3957858703
46026,San Francisco,1,686732.47783494287,1.2407149247404008e-05,1.0000000000000001e-20,7.0059317854248037e-05,4.6335785529181913e-05,163840,47,na_qae_abc,26,2204627553
46026,San Francisco,2,648099.74841009104,1.2347046795647505e-19,1.0000000000000001e-20,6.5141634935878917e-05,2.3924730368203742e-05,335872,86,na_qae_abc,26,2204627553
46026,San Francisco,3,639971.6922058732,1.3022075465354734e-19,1.0000000000000001e-20,4.2357712920597395e-05,2.2559725539157005e-05,524288,127,na_qae_abc,26,2204627553
46026,San Francisco,4,607289.25855621172,4.0139286938659807e-06,1.0000000000000001e-20,6.0751169938731322e-05,3.2226261081915709e-05,737280,171,na_qae_abc,26,2204627553
46026,San Francisco,5,607289.25855621172,4.0139286938659807e-06,1.0000000000000001e-20,6.0751169938731322e-05,3.2226261081915709e-05,974848,218,na_qae_abc,26,2204627553
46026,San Francisco,6,607289.25855621172,4.0139286938659807e-06,1.0000000000000001e-20,6.0751169938731322e-05,3.2226261081915709e-05,1179648,261,na_qae_abc,26,2204627553
46026,San Francisco,7,607289.25855621172,4.0139286938659807e-06,1.0000000000000001e-20,6.0751169938731322e-05,3.2226261081915709e-05,1417216,308,na_qae_abc,26,2204627553
46026,San Francisco,8,607289.25855621172,4.0139286938659807e-06,1.0000000000000001e-20,6.0751169938731322e-05,3.2226261081915709e-05,1662976,356,na_qae_abc,26,2204627553
46026,San Francisco,9,579928.54435318906,1.2956429895883289e-20,1.0000000000000001e-20,6.3482153556423124e-05,4.8694378683497115e-05,1900544,403,na_qae_abc,26,2204627553
46026,San Francisco,10,579928.54435318906,1.2956429895883289e-20,1.0000000000000001e-20,6.3482153556423124e-05,4.8694378683497115e-05,2129920,449,na_qae_abc,26,2204627553
46026,San Francisco,11,579825.21019823558,7.143496610767247e-19,1.0000000000000001e-20,4.9581543180639063e-05,3.3959885543003284e-05,2375680,497,na_qae_abc,26,2204627553
46026,San Francisco,12,579825.21019823558,7.143496610767247e-19,1.0000000000000001e-20,4.9581543180639063e-05,3.3959885543003284e-05,2613248,544,na_qae_abc,26,2204627553
46026,San Francisco,13,577306.61831578775,2.731310493674666e-19,1.0000000000000001e-20,5.304817111840235e-05,4.8401357213232497e-05,2859008,592,na_qae_abc,26,2204627553
46026,San Francisco,14,561018.49698735913,1.2122675636864891e-05,1.0000000000000001e-20,7.0372009956873999e-05,2.7445366058702839e-05,3080192,637,na_qae_abc,26,2204627553
46026,San Francisco,15,561018.49698735913,1.2122675636864891e-05,1.0000000000000001e-20,7.0372009956873999e-05,2.7445366058702839e-05,3325952,685,na_qae_abc,26,2204627553
46026,San Francisco,16,558781.88216463826,1.2044994221048184e-19,1.0000000000000001e-20,3.9387630355870204e-05,3.8483560071181677e-05,3563520,732,na_qae_abc,26,2204627553
46026,San Francisco,17,558781.88216463826,1.2044994221048184e-19,1.0000000000000001e-20,3.9387630355870204e-05,3.8483560071181677e-05,3809280,780,na_qae_abc,26,2204627553
46026,San Francisco,18,558781.88216463826,1.2044994221048184e-19,1.0000000000000001e-20,3.9387630355870204e-05,3.8483560071181677e-05,4046848,827,na_qae_abc,26,2204627553
46026,San Francisco,19,546572.04301226651,5.2448918277467153e-19,1.0000000000000001e-20,5.1951417055631117e-05,2.777945912722288e-05,4284416,874,na_qae_abc,26,2204627553
46026,San Francisco,20,543419.74840969511,1.008024165982315e-19,1.0000000000000001e-20,6.0019969664013576e-05,3.0777910678313928e-05,4497408,918,na_qae_abc,26,2204627553
46026,San Francisco,21,543419.74840969511,1.008024165982315e-19,1.0000000000000001e-20,6.0019969664013576e-05,3.0777910678313928e-05,4743168,966,na_qae_abc,26,2204627553
46026,San Francisco,22,543419.74840969511,1.008024165982315e-19,1.0000000000000001e-20,6.0019969664013576e-05,3.0777910678313928e-05,4988928,1014,na_qae_abc,26,2204627553
46026,San Francisco,23,543419.74840969511,1.008024165982315e-19,1.0000000000000001e-20,6.0019969664013576e-05,3.0777910678313928e-05,5218304,1060,na_qae_abc,26,2204627553
46026,San Francisco,24,543419.74840969511,1.008024165982315e-19,1.0000000000000001e-20,6.0019969664013576e-05,3.0777910678313928e-05,5439488,1105,na_qae_abc,26,2204627553
46026,San Francisco,25,543419.74840969511,1.008024165982315e-19,1.0000000000000001e-20,6.0019969664013576e-05,3.0777910678313928e-05,5685248,1153,na_qae_abc,26,2204627553
46026,San Francisco,26,543419.74840969511,1.008024165982315e-19,1.0000000000000001e-20,6.0019969664013576e-05,3.0777910678313928e-05,5931008,1201,na_qae_abc,26,2204627553
46026,San Francisco,27,541641.19311940519,7.5878209320994736e-06,1.0000000000000001e-20,6.5569218708443224e-05,2.6427723585378524e-05,6168576,1248,na_qae_abc,26,2204627553
46026,San Francisco,28,541641.19311940519,7.5878209320994736e-06,1.0000000000000001e-20,6.5569218708443224e-05,2.6427723585378524e-05,6406144,1295,na_qae_abc,26,2204627553
46026,San Francisco,29,540310.47943293815,1.2610361219273774e-19,1.0000000000000001e-20,4.2566117316131478e-05,2.9980753571860512e-05,6651904,1343,na_qae_abc,26,2204627553
46026,San Francisco,30,540310.47943293815,1.2610361219273774e-19,1.0000000000000001e-20,4.2566117316131478e-05,2.9980753571860512e-05,6897664,1391,na_qae_abc,26,2204627553
46026,San Francisco,31,522150.53504610609,1.2956429895883289e-20,1.0000000000000001e-20,6.3482153556423124e-05,5.7677703488367999e-05,7135232,1438,na_qae_abc,26,2204627553
46026,San Francisco,32,522150.53504610609,1.2956429895883289e-20,1.0000000000000001e-20,6.3482153556423124e-05,5.7677703488367999e-05,7356416,1483,na_qae_abc,26,2204627553
46026,San Francisco,33,522150.53504610609,1.2956429895883289e-20,1.0000000000000001e-20,6.3482153556423124e-05,5.7677703488367999e-05,7602176,1531,na_qae_abc,26,2204627553
46026,San Francisco,34,522150.53504610609,1.2956429895883289e-20,1.0000000000000001e-20,6.3482153556423124e-05,5.7677703488367999e-05,7839744,1578,na_qae_abc,26,2204627553
46026,San Francisco,35,522150.53504610609,1.2956429895883289e-20,1.0000000000000001e-20,6.3482153556423124e-05,5.7677703488367999e-05,8085504,1626,na_qae_abc,26,2204627553
46026,San Francisco,36,522150.53504610609,1.2956429895883289e-20,1.0000000000000001e-20,6.3482153556423124e-05,5.7677703488367999e-05,8323072,1673,na_qae_abc,26,2204627553
46026,San Francisco,37,522150.53504610609,1.2956429895883289e-20,1.0000000000000001e-20,6.3482153556423124e-05,5.7677703488367999e-05,8568832,1721,na_qae_abc,26,2204627553
46026,San Francisco,38,521204.53367912711,8.0916116766469004e-06,1.0000000000000001e-20,6.5378146841802359e-05,5.9519068064147319e-05,8798208,1767,na_qae_abc,26,2204627553
46026,San Francisco,39,521204.53367912711,8.0916116766469004e-06,1.0000000000000001e-20,6.5378146841802359e-05,5.9519068064147319e-05,9035776,1814,na_qae_abc,26,2204627553
46026,San Francisco,40,521204.53367912711,8.0916116766469004e-06,1.0000000000000001e-20,6.5378146841802359e-05,5.9519068064147319e-05,9281536,1862,na_qae_abc,26,2204627553
46026,San Francisco,1,661756.60718321952,3.4866083412491555e-05,1.0000000000000001e-20,9.8679825229712915e-05,7.3596426917796611e-05,131072,43,na_qae_abc,27,159269519
46026,San Francisco,2,629639.18639694841,1.0962421656287837e-05,1.0000000000000001e-20,7.198889081174608e-05,4.1923935725687898e-05,319488,84,na_qae_abc,27,159269519
46026,San Francisco,3,669369.92628279713,3.4324448206234642e-20,1.0000000000000001e-20,5.8344812294446661e-05,9.3789671544952506e-05,507904,125,na_qae_abc,27,159269519
46026,San Francisco,4,669369.92628279713,3.4324448206234642e-20,1.0000000000000001e-20,5.8344812294446661e-05,9.3789671544952506e-05,712704,168,na_qae_abc,27,159269519
46026,San Francisco,5,658782.73092187627,4.1352236679408249e-19,1.0000000000000001e-20,4.608792038893564e-05,6.301818205780824e-05,892928,208,na_qae_abc,27,159269519
46026,San Francisco,6,608505.73972869187,1.383010606910404e-19,1.0000000000000001e-20,3.0862207281631567e-05,3.7621719984533213e-05,1089536,250,na_qae_abc,27,159269519
46026,San Francisco,7,608505.73972869187,1.383010606910404e-19,1.0000000000000001e-20,3.0862207281631567e-05,3.7621719984533213e-05,1302528,294,na_qae_abc,27,159269519
46026,San Francisco,8,608505.73972869187,1.383010606910404e-19,1.0000000000000001e-20,3.0862207281631567e-05,3.7621719984533213e-05,1515520,338,na_qae_abc,27,159269519
46026,San Francisco,9,608505.73972869187,1.383010606910404e-19,1.0000000000000001e-20,3.0862207281631567e-05,3.7621719984533213e-05,1720320,381,na_qae_abc,27,159269519
46026,San Francisco,10,608505.73972869187,1.383010606910404e-19,1.0000000000000001e-20,3.0862207281631567e-05,3.7621719984533213e-05,1941504,426,na_qae_abc,27,159269519
46026,San Francisco,11,608505.73972869187,1.383010606910404e-19,1.0000000000000001e-20,3.0862207281631567e-05,3.7621719984533213e-05,2179072,473,na_qae_abc,27,159269519
46026,San Francisco,12,608505.73972869187,1.383010606910404e-19,1.0000000000000001e-20,3.0862207281631567e-05,3.7621719984533213e-05,2383872,516,na_qae_abc,27,159269519
46026,San Francisco,13,608505.73972869187,1.383010606910404e-19,1.0000000000000001e-20,3.0862207281631567e-05,3.7621719984533213e-05,2596864,560,na_qae_abc,27,159269519
46026,San Francisco,14,597149.34973002225,1.0533164883288967e-05,1.0000000000000001e-20,6.8474593889119884e-05,6.7553827845322263e-05,2793472,602,na_qae_abc,27,159269519
46026,San Francisco,15,597149.34973002225,1.0533164883288967e-05,1.0000000000000001e-20,6.8474593889119884e-05,6.7553827845322263e-05,3014656,647,na_qae_abc,27,159269519
46026,San Francisco,16,597149.34973002225,1.0533164883288967e-05,1.0000000000000001e-20,6.8474593889119884e-05,6.7553827845322263e-05,3211264,689,na_qae_abc,27,159269519
46026,San Francisco,17,597149.34973002225,1.0533164883288967e-05,1.0000000000000001e-20,6.8474593889119884e-05,6.7553827845322263e-05,3407872,731,na_qae_abc,27,159269519
46026,San Francisco,18,597149.34973002225,1.0533164883288967e-05,1.0000000000000001e-20,6.8474593889119884e-05,6.7553827845322263e-05,3645440,778,na_qae_abc,27,159269519
46026,San Francisco,19,597149.34973002225,1.0533164883288967e-05,1.0000000000000001e-20,6.8474593889119884e-05,6.7553827845322263e-05,3866624,823,na_qae_abc,27,159269519
46026,San Francisco,20,597149.34973002225,1.0533164883288967e-05,1.0000000000000001e-20,6.8474593889119884e-05,6.7553827845322263e-05,4096000,869,na_qae_abc,27,159269519
46026,San Francisco,21,597149.34973002225,1.0533164883288967e-05,1.0000000000000001e-20,6.8474593889119884e-05,6.7553827845322263e-05,4341760,917,na_qae_abc,27,159269519
46026,San Francisco,22,597149.34973002225,1.0533164883288967e-05,1.0000000000000001e-20,6.8474593889119884e-05,6.7553827845322263e-05,4571136,963,na_qae_abc,27,159269519
46026,San Francisco,23,597149.34973002225,1.0533164883288967e-05,1.0000000000000001e-20,6.8474593889119884e-05,6.7553827845322263e-05,4800512,1009,na_qae_abc,27,159269519
46026,San Francisco,24,597149.34973002225,1.0533164883288967e-05,1.0000000000000001e-20,6.8474593889119884e-05,6.7553827845322263e-05,5046272,1057,na_qae_abc,27,159269519
46026,San Francisco,25,597149.34973002225,1.0533164883288967e-05,1.0000000000000001e-20,6.8474593889119884e-05,6.7553827845322263e-05,5283840,1104,na_qae_abc,27,159269519
46026,San Francisco,26,597149.34973002225,1.0533164883288967e-05,1.0000000000000001e-20,6.8474593889119884e-05,6.7553827845322263e-05,5513216,1150,na_qae_abc,27,159269519
46026,San Francisco,27,597149.34973002225,1.0533164883288967e-05,1.0000000000000001e-20,6.8474593889119884e-05,6.7553827845322263e-05,5750784,1197,na_qae_abc,27,159269519
46026,San Francisco,28,597149.34973002225,1.0533164883288967e-05,1.0000000000000001e-20,6.8474593889119884e-05,6.7553827845322263e-05,5980160,1243,na_qae_abc,27,159269519
46026,San Francisco,29,597149.34973002225,1.0533164883288967e-05,1.0000000000000001e-20,6.8474593889119884e-05,6.7553827845322263e-05,6209536,1289,na_qae_abc,27,159269519
46026,San Francisco,30,583942.83927381318,1.1925366113593021e-18,1.0000000000000001e-20,5.2101945224674127e-05,8.2986999577877888e-05,6430720,1334,na_qae_abc,27,159269519
46026,San Francisco,31,583942.83927381318,1.1925366113593021e-18,1.0000000000000001e-20,5.2101945224674127e-05,8.2986999577877888e-05,6668288,1381,na_qae_abc,27,159269519
46026,San Francisco,32,583942.83927381318,1.1925366113593021e-18,1.0000000000000001e-20,5.2101945224674127e-05,8.2986999577877888e-05,6905856,1428,na_qae_abc,27,159269519
46026,San Francisco,33,583942.83927381318,1.1925366113593021e-18,1.0000000000000001e-20,5.2101945224674127e-05,8.2986999577877888e-05,7145472,1476,na_qae_abc,27,159269519
46026,San Francisco,34,583942.83927381318,1.1925366113593021e-18,1.0000000000000001e-20,5.2101945224674127e-05,8.2986999577877888e-05,7358464,1520,na_qae_abc,27,159269519
46026,San Francisco,35,583942.83927381318,1.1925366113593021e-18,1.0000000000000001e-20,5.2101945224674127e-05,8.2986999577877888e-05,7579648,1565,na_qae_abc,27,159269519
46026,San Francisco,36,583942.83927381318,1.1925366113593021e-18,1.0000000000000001e-20,5.2101945224674127e-05,8.2986999577877888e-05,7800832,1610,na_qae_abc,27,159269519
46026,San Francisco,37,583942.83927381318,1.1925366113593021e-18,1.0000000000000001e-20,5.2101945224674127e-05,8.2986999577877888e-05,8005632,1653,na_qae_abc,27,159269519
46026,San Francisco,38,583942.83927381318,1.1925366113593021e-18,1.0000000000000001e-20,5.2101945224674127e-05,8.2986999577877888e-05,8235008,1699,na_qae_abc,27,159269519
46026,San Francisco,39,583942.83927381318,1.1925366113593021e-18,1.0000000000000001e-20,5.2101945224674127e-05,8.2986999577877888e-05,8466432,1746,na_qae_abc,27,159269519
46026,San Francisco,40,578254.0061647651,3.122451341754233e-06,1.0000000000000001e-20,6.1321934215561035e-05,6.0784891844449473e-05,8654848,1787,na_qae_abc,27,159269519
46026,San Francisco,1,702815.31654463103,3.7344012800116461e-20,1.0000000000000001e-20,6.6669043613376197e-05,8.1247097920781458e-05,163840,47,na_qae_abc,28,1603438866
46026,San Francisco,2,652300.29276586603,1.158413000946289e-19,1.0000000000000001e-20,6.6210232011228905e-05,6.2712264634233559e-05,335872,86,na_qae_abc,28,1603438866
46026,San Francisco,3,652300.29276586603,1.158413000946289e-19,1.0000000000000001e-20,6.6210232011228905e-05,6.2712264634233559e-05,540672,129,na_qae_abc,28,1603438866
46026,San Francisco,4,652300.29276586603,1.158413000946289e-19,1.0000000000000001e-20,6.6210232011228905e-05,6.2712264634233559e-05,737280,171,na_qae_abc,28,1603438866
46026,San Francisco,5,652300.29276586603,1.158413000946289e-19,1.0000000000000001e-20,6.6210232011228905e-05,6.2712264634233559e-05,950272,215,na_qae_abc,28,1603438866
46026,San Francisco,6,652300.29276586603,1.158413000946289e-19,1.0000000000000001e-20,6.6210232011228905e-05,6.2712264634233559e-05,1171456,260,na_qae_abc,28,1603438866
46026,San Francisco,7,652300.29276586603,1.158413000946289e-19,1.0000000000000001e-20,6.6210232011228905e-05,6.2712264634233559e-05,1392640,305,na_qae_abc,28,1603438866
46026,San Francisco,8,652300.29276586603,1.158413000946289e-19,1.0000000000000001e-20,6.6210232011228905e-05,6.2712264634233559e-05,1581056,346,na_qae_abc,28,1603438866
46026,San Francisco,9,591874.03017142811,2.7266828959253294e-20,1.0000000000000001e-20,4.7219939931734316e-05,6.0587821569251576e-05,1794048,390,na_qae_abc,28,1603438866
46026,San Francisco,10,591874.03017142811,2.7266828959253294e-20,1.0000000000000001e-20,4.7219939931734316e-05,6.0587821569251576e-05,2015232,435,na_qae_abc,28,1603438866
46026,San Francisco,11,591874.03017142811,2.7266828959253294e-20,1.0000000000000001e-20,4.7219939931734316e-05,6.0587821569251576e-05,2211840,477,na_qae_abc,28,1603438866
46026,San Francisco,12,591874.03017142811,2.7266828959253294e-20,1.0000000000000001e-20,4.7219939931734316e-05,6.0587821569251576e-05,2408448,519,na_qae_abc,28,1603438866
46026,San Francisco,13,591874.03017142811,2.7266828959253294e-20,1.0000000000000001e-20,4.7219939931734316e-05,6.0587821569251576e-05,2637824,565,na_qae_abc,28,1603438866
46026,San Francisco,14,591874.03017142811,2.7266828959253294e-20,1.0000000000000001e-20,4.7219939931734316e-05,6.0587821569251576e-05,2859008,610,na_qae_abc,28,1603438866
46026,San Francisco,15,591874.03017142811,2.7266828959253294e-20,1.0000000000000001e-20,4.7219939931734316e-05,6.0587821569251576e-05,3055616,652,na_qae_abc,28,1603438866
46026,San Francisco,16,591874.03017142811,2.7266828959253294e-20,1.0000000000000001e-20,4.7219939931734316e-05,6.0587821569251576e-05,3260416,695,na_qae_abc,28,1603438866
46026,San Francisco,17,591874.03017142811,2.7266828959253294e-20,1.0000000000000001e-20,4.7219939931734316e-05,6.0587821569251576e-05,3483648,741,na_qae_abc,28,1603438866
46026,San Francisco,18,589839.05122982664,1.158413000946289e-19,1.0000000000000001e-20,6.6210232011228905e-05,5.93491890090946e-05,3672064,782,na_qae_abc,28,1603438866
46026,San Francisco,19,589839.05122982664,1.158413000946289e-19,1.0000000000000001e-20,6.6210232011228905e-05,5.93491890090946e-05,3885056,826,na_qae_abc,28,1603438866
46026,San Francisco,20,589839.05122982664,1.158413000946289e-19,1.0000000000000001e-20,6.6210232011228905e-05,5.93491890090946e-05,4122624,873,na_qae_abc,28,1603438866
46026,San Francisco,21,589839.05122982664,1.158413000946289e-19,1.0000000000000001e-20,6.6210232011228905e-05,5.93491890090946e-05,4352000,919,na_qae_abc,28,1603438866
46026,San Francisco,22,586094.65413381287,4.4741899904273765e-20,1.0000000000000001e-20,5.0374130968028214e-05,5.5057773530948901e-05,4589568,966,na_qae_abc,28,1603438866
46026,San Francisco,23,579152.89538742788,1.206552773092949e-19,1.0000000000000001e-20,5.931817924580867e-05,7.0132338870255938e-05,4794368,1009,na_qae_abc,28,1603438866
46026,San Francisco,24,573746.35491811414,7.7254117047442369e-06,1.0000000000000001e-20,6.5333188469774597e-05,4.2170402732591069e-05,5031936,1056,na_qae_abc,28,1603438866
46026,San Francisco,25,573746.35491811414,7.7254117047442369e-06,1.0000000000000001e-20,6.5333188469774597e-05,4.2170402732591069e-05,5261312,1102,na_qae_abc,28,1603438866
46026,San Francisco,26,569021.79662517062,1.0961729793951313e-05,1.0000000000000001e-20,6.9896111576045478e-05,4.8209398043820898e-05,5482496,1147,na_qae_abc,28,1603438866
46026,San Francisco,27,569021.79662517062,1.0961729793951313e-05,1.0000000000000001e-20,6.9896111576045478e-05,4.8209398043820898e-05,5720064,1194,na_qae_abc,28,1603438866
46026,San Francisco,28,569021.79662517062,1.0961729793951313e-05,1.0000000000000001e-20,6.9896111576045478e-05,4.8209398043820898e-05,5941248,1239,na_qae_abc,28,1603438866
46026,San Francisco,29,569021.79662517062,1.0961729793951313e-05,1.0000000000000001e-20,6.9896111576045478e-05,4.8209398043820898e-05,6187008,1287,na_qae_abc,28,1603438866
46026,San Francisco,30,569021.79662517062,1.0961729793951313e-05,1.0000000000000001e-20,6.9896111576045478e-05,4.8209398043820898e-05,6432768,1335,na_qae_abc,28,1603438866
46026,San Francisco,31,569021.79662517062,1.0961729793951313e-05,1.0000000000000001e-20,6.9896111576045478e-05,4.8209398043820898e-05,6662144,1381,na_qae_abc,28,1603438866
46026,San Francisco,32,569021.79662517062,1.0961729793951313e-05,1.0000000000000001e-20,6.9896111576045478e-05,4.8209398043820898e-05,6899712,1428,na_qae_abc,28,1603438866
46026,San Francisco,33,569021.79662517062,1.0961729793951313e-05,1.0000000000000001e-20,6.9896111576045478e-05,4.8209398043820898e-05,7137280,1475,na_qae_abc,28,1603438866
46026,San Francisco,34,562827.18517428346,3.6737825165098129e-20,1.0000000000000001e-20,5.2976217625898533e-05,5.3727975327373609e-05,7374848,1522,na_qae_abc,28,1603438866
46026,San Francisco,35,562827.18517428346,3.6737825165098129e-20,1.0000000000000001e-20,5.2976217625898533e-05,5.3727975327373609e-05,7612416,1569,na_qae_abc,28,1603438866
46026,San Francisco,36,562827.18517428346,3.6737825165098129e-20,1.0000000000000001e-20,5.2976217625898533e-05,5.3727975327373609e-05,7841792,1615,na_qae_abc,28,1603438866
46026,San Francisco,37,555126.97621746059,9.647054568445179e-18,1.0000000000000001e-20,5.5429669250885796e-05,5.9911002200127073e-05,8054784,1659,na_qae_abc,28,1603438866
46026,San Francisco,38,551366.18416579638,6.370168656099126e-06,1.0000000000000001e-20,6.4607183414102008e-05,6.3348852585044506e-05,8284160,1705,na_qae_abc,28,1603438866
46026,San Francisco,39,551366.18416579638,6.370168656099126e-06,1.0000000000000001e-20,6.4607183414102008e-05,6.3348852585044506e-05,8521728,1752,na_qae_abc,28,1603438866
46026,San Francisco,40,551366.18416579638,6.370168656099126e-06,1.0000000000000001e-20,6.4607183414102008e-05,6.3348852585044506e-05,8767488,1800,na_qae_abc,28,1603438866
46026,San Francisco,1,720732.94900777889,1.008024165982315e-19,1.0000000000000001e-20,6.0019969664013576e-05,4.3236151533875987e-05,172032,48,na_qae_abc,29,2994618833
46026,San Francisco,2,653615.55676111672,1.158413000946289e-19,1.0000000000000001e-20,6.6210232011228905e-05,4.8922365741152896e-05,335872,86,na_qae_abc,29,2994618833
46026,San Francisco,3,653615.55676111672,1.158413000946289e-19,1.0000000000000001e-20,6.6210232011228905e-05,4.8922365741152896e-05,516096,126,na_qae_abc,29,2994618833
46026,San Francisco,4,642075.48661029257,6.7124921896720699e-06,1.0000000000000001e-20,6.5510423475277104e-05,5.3757987155331681e-05,729088,170,na_qae_abc,29,2994618833
46026,San Francisco,5,642075.48661029257,6.7124921896720699e-06,1.0000000000000001e-20,6.5510423475277104e-05,5.3757987155331681e-05,974848,218,na_qae_abc,29,2994618833
46026,San Francisco,6,609577.26429674495,1.4954853119087865e-19,1.0000000000000001e-20,3.913300754381428e-05,1.8643825847778195e-05,1204224,264,na_qae_abc,29,2994618833
46026,San Francisco,7,609577.26429674495,1.4954853119087865e-19,1.0000000000000001e-20,3.913300754381428e-05,1.8643825847778195e-05,1441792,311,na_qae_abc,29,2994618833
46026,San Francisco,8,609577.26429674495,1.4954853119087865e-19,1.0000000000000001e-20,3.913300754381428e-05,1.8643825847778195e-05,1687552,359,na_qae_abc,29,2994618833
46026,San Francisco,9,598856.07896207995,8.2646397008642109e-19,1.0000000000000001e-20,4.9069142368680613e-05,2.5537151079828538e-05,1933312,407,na_qae_abc,29,2994618833
46026,San Francisco,10,598856.07896207995,8.2646397008642109e-19,1.0000000000000001e-20,4.9069142368680613e-05,2.5537151079828538e-05,2162688,453,na_qae_abc,29,2994618833
46026,San Francisco,11,582711.16525964893,1.481746170913393e-20,1.0000000000000001e-20,6.957574992856575e-05,2.3788479759055847e-05,2375680,497,na_qae_abc,29,2994618833
46026,San Francisco,12,582711.16525964893,1.481746170913393e-20,1.0000000000000001e-20,6.957574992856575e-05,2.3788479759055847e-05,2588672,541,na_qae_abc,29,2994618833
46026,San Francisco,13,582711.16525964893,1.481746170913393e-20,1.0000000000000001e-20,6.957574992856575e-05,2.3788479759055847e-05,2793472,584,na_qae_abc,29,2994618833
46026,San Francisco,14,582711.16525964893,1.481746170913393e-20,1.0000000000000001e-20,6.957574992856575e-05,2.3788479759055847e-05,3039232,632,na_qae_abc,29,2994618833
46026,San Francisco,15,582711.16525964893,1.481746170913393e-20,1.0000000000000001e-20,6.957574992856575e-05,2.3788479759055847e-05,3252224,676,na_qae_abc,29,2994618833
46026,San Francisco,16,582643.34656259289,1.1519022947103255e-19,1.0000000000000001e-20,3.5957893465667243e-05,2.2214789034305579e-05,3473408,721,na_qae_abc,29,2994618833
46026,San Francisco,17,582643.34656259289,1.1519022947103255e-19,1.0000000000000001e-20,3.5957893465667243e-05,2.2214789034305579e-05,3702784,767,na_qae_abc,29,2994618833
46026,San Francisco,18,582643.34656259289,1.1519022947103255e-19,1.0000000000000001e-20,3.5957893465667243e-05,2.2214789034305579e-05,3932160,813,na_qae_abc,29,2994618833
46026,San Francisco,19,582643.34656259289,1.1519022947103255e-19,1.0000000000000001e-20,3.5957893465667243e-05,2.2214789034305579e-05,4128768,855,na_qae_abc,29,2994618833
46026,San Francisco,20,572047.17002436984,8.1494118828921603e-06,1.0000000000000001e-20,6.4698187099410722e-05,2.6638692137026784e-05,4349952,900,na_qae_abc,29,2994618833
46026,San Francisco,21,572047.17002436984,8.1494118828921603e-06,1.0000000000000001e-20,6.4698187099410722e-05,2.6638692137026784e-05,4571136,945,na_qae_abc,29,2994618833
46026,San Francisco,22,572047.17002436984,8.1494118828921603e-06,1.0000000000000001e-20,6.4698187099410722e-05,2.6638692137026784e-05,4800512,991,na_qae_abc,29,2994618833
46026,San Francisco,23,548711.01181285537,1.7960495200131476e-20,1.0000000000000001e-20,4.6099518174965847e-05,1.9935792118512535e-05,5029888,1037,na_qae_abc,29,2994618833
46026,San Francisco,24,546891.13776075467,9.845792485711697e-06,1.0000000000000001e-20,6.9153832899429161e-05,3.5387093261807482e-05,5251072,1082,na_qae_abc,29,2994618833
46026,San Francisco,25,546891.13776075467,9.845792485711697e-06,1.0000000000000001e-20,6.9153832899429161e-05,3.5387093261807482e-05,5488640,1129,na_qae_abc,29,2994618833
46026,San Francisco,26,546891.13776075467,9.845792485711697e-06,1.0000000000000001e-20,6.9153832899429161e-05,3.5387093261807482e-05,5718016,1175,na_qae_abc,29,2994618833
46026,San Francisco,27,546891.13776075467,9.845792485711697e-06,1.0000000000000001e-20,6.9153832899429161e-05,3.5387093261807482e-05,5947392,1221,na_qae_abc,29,2994618833
46026,San Francisco,28,546009.52178453025,7.1742234520139564e-06,1.0000000000000001e-20,6.3664349012502756e-05,4.7751995671698339e-05,6176768,1267,na_qae_abc,29,2994618833
46026,San Francisco,29,546009.52178453025,7.1742234520139564e-06,1.0000000000000001e-20,6.3664349012502756e-05,4.7751995671698339e-05,6414336,1314,na_qae_abc,29,2994618833
46026,San Francisco,30,546009.52178453025,7.1742234520139564e-06,1.0000000000000001e-20,6.3664349012502756e-05,4.7751995671698339e-05,6660096,1362,na_qae_abc,29,2994618833
46026,San Francisco,31,546009.52178453025,7.1742234520139564e-06,1.0000000000000001e-20,6.3664349012502756e-05,4.7751995671698339e-05,6889472,1408,na_qae_abc,29,2994618833
46026,San Francisco,32,546009.52178453025,7.1742234520139564e-06,1.0000000000000001e-20,6.3664349012502756e-05,4.7751995671698339e-05,7102464,1452,na_qae_abc,29,2994618833
46026,San Francisco,33,546009.52178453025,7.1742234520139564e-06,1.0000000000000001e-20,6.3664349012502756e-05,4.7751995671698339e-05,7323648,1497,na_qae_abc,29,2994618833
46026,San Francisco,34,546009.52178453025,7.1742234520139564e-06,1.0000000000000001e-20,6.3664349012502756e-05,4.7751995671698339e-05,7571456,1546,na_qae_abc,29,2994618833
46026,San Francisco,35,543916.74717442656,1.4311375622881457e-19,1.0000000000000001e-20,5.0181596283201586e-05,2.729598474159039e-05,7792640,1591,na_qae_abc,29,2994618833
46026,San Francisco,36,543916.74717442656,1.4311375622881457e-19,1.0000000000000001e-20,5.0181596283201586e-05,2.729598474159039e-05,8030208,1638,na_qae_abc,29,2994618833
46026,San Francisco,37,543916.74717442656,1.4311375622881457e-19,1.0000000000000001e-20,5.0181596283201586e-05,2.729598474159039e-05,8275968,1686,na_qae_abc,29,2994618833
46026,San Francisco,38,542148.19815398846,1.0727452491056456e-19,1.0000000000000001e-20,3.0391562790542207e-05,3.4586308161301344e-05,8513536,1733,na_qae_abc,29,2994618833
46026,San Francisco,39,542148.19815398846,1.0727452491056456e-19,1.0000000000000001e-20,3.0391562790542207e-05,3.4586308161301344e-05,8742912,1779,na_qae_abc,29,2994618833
46026,San Francisco,40,542148.19815398846,1.0727452491056456e-19,1.0000000000000001e-20,3.0391562790542207e-05,3.4586308161301344e-05,8988672,1827,na_qae_abc,29,2994618833
