station_id,site_label,design_id,D_L1,t_L1,D_L2,t_L2,D_B1,t_B1,D_B2,t_B2,structural_mass_kg,failure_count,environment_samples,empirical_probability,smoothed_probability,system_ratio_quantile,empirical_feasible
44025,Long Island,META00000,1.2,0.050000000000000003,1.2,0.035000000000000003,0.80000000000000004,0.02,0.80000000000000004,0.02,673882.7346821574,43,8192,0.0052490234375,0.0053094104723544486,1.0925232969042138,False
44025,Long Island,META00001,1.1865901453711691,0.039236337249946213,1.2341039199580197,0.040092020004591028,0.79325946072554387,0.021828068542688376,0.74390076119091653,0.021473055766292781,687508.54203168035,105,8192,0.0128173828125,0.012876846088124009,1.086864495625262,False
44025,Long Island,META00002,1.3708830950248168,0.052368168163383279,1.1665604337326607,0.026379417594571585,0.69024726024886174,0.019485787121257009,0.70604396249126855,0.022949722615958137,631964.1059168051,132,8192,0.01611328125,0.016172342243378494,1.1444267333539297,False
44025,Long Island,META00003,1.3264575701684862,0.060948271337195999,1.233934058113396,0.043279995320417985,0.79360242350630339,0.0170275468161868,0.75178975583329766,0.022421895757563468,740434.96876574471,8129,8192,0.9923095703125,0.99224948126449408,1.3998491093319645,False
44025,Long Island,META00004,1.0567775719439012,0.050939233129563014,1.1156288986407596,0.031019867364694798,0.73176033142809271,0.018444236889807293,0.7802456064119192,0.01820575550336103,599616.02559361758,141,8192,0.0172119140625,0.017270840961796655,1.1743586600408946,False
44025,Long Island,META00005,1.1550329493984335,0.044417381860858272,1.4072654684345758,0.044521972296498472,0.76077245777488356,0.02404702255700247,0.69560766320765155,0.017280490640918775,733337.24469699396,3231,8192,0.3944091796875,0.39442206761869891,1.2391748764564623,False
44025,Long Island,META00006,1.3243675633488858,0.059981158245661269,0.9654458221943677,0.028911945938872884,0.90670292010985287,0.017078275055747983,0.84376176959558846,0.016474336346573901,641085.73299048201,8192,8192,1,0.99993897229342121,1.3095785702223603,False
44025,Long Island,META00007,1.4297185899398104,0.047249843531169664,1.0414344855470758,0.02567660152789452,0.82299017880431535,0.01451203664035383,0.73758190280495484,0.01410434517822636,563304.73469825741,426,8192,0.052001953125,0.052056633711705116,1.3039935183149483,False
44025,Long Island,META00008,1.1922673979783909,0.046485378341690212,1.2108597306206637,0.025034334182637594,0.80765061925883352,0.014994421832743715,0.89485617886779389,0.014347243901892324,568834.06089416577,275,8192,0.0335693359375,0.033626266324911509,1.2568821283015874,False
44025,Long Island,META00009,1.0702719405719687,0.037016287714138299,1.0583281889355656,0.042011388486634459,0.72404329880244322,0.017179546432636111,0.79936587126536152,0.023674001026722943,626797.08922988677,16,8192,0.001953125,0.0020139143170999634,1.0156748262875952,False
44025,Long Island,META00010,1.0535568366774415,0.052315276870499715,1.0928808895756781,0.040025972143792617,0.80456358820230955,0.024883221993920721,0.94645448975086621,0.01742599759106328,707096.19995217095,43,8192,0.0052490234375,0.0053094104723544486,1.0878100401824919,False
44025,Long Island,META00011,1.11047541700552,0.049387040900899834,1.3535702576787667,0.028801862126065152,0.67645823859569842,0.024010202631066214,0.95271115845505949,0.020949541906707014,676817.39762238867,204,8192,0.02490234375,0.02496033199072379,1.3346626693696095,False
44025,Long Island,META00012,1.0670077143919141,0.054965634567717719,1.2468905121795011,0.02900233218638746,0.73298325051357993,0.017756794903274569,0.73171778380699537,0.025114619421118166,634357.45169821614,57,8192,0.0069580078125,0.0070181862565604786,1.1107619220345033,False
44025,Long Island,META00013,1.0581615108805955,0.043668726374950978,1.1273838666202312,0.027442592743510914,0.89942237861857699,0.016012868574437195,0.77834456225723869,0.024256053625730512,606794.71737699211,8192,8192,1,0.99993897229342121,1.3140339127637055,False
44025,Long Island,META00014,1.3850687489929094,0.058841265472638279,0.99036651055535674,0.032800950300350136,0.94433068937581077,0.015999373758133834,0.74825616112443483,0.015388072468860267,645911.03292044718,8192,8192,1,0.99993897229342121,1.6473364047662633,False
44025,Long Island,META00015,1.3317396132919042,0.053775970125854874,1.2815912263100235,0.044060508689534136,0.91337361597416844,0.022257587318960138,0.94394800465125162,0.018584686929000095,800636.15087839006,8192,8192,1,0.99993897229342121,2.2002056307233513,False
44025,Long Island,META00016,1.4037569381458872,0.054150215151568593,1.147840554371067,0.032648573227736642,0.81611932179105251,0.01922381347943752,0.68320915825291706,0.015768227609227824,655593.12026537908,190,8192,0.023193359375,0.023251556206517757,1.0953479000393227,False
44025,Long Island,META00017,1.113107554924436,0.055588515340182276,1.2776769020875567,0.034794254123304086,0.64663572299244421,0.018182877572800699,0.6606571161104341,0.023215331283476512,643538.61415190238,14,8192,0.001708984375,0.0017698034907848163,1.0059147283783627,False
44025,Long Island,META00018,1.3260345288049595,0.04894605727844431,1.0474383537050853,0.034130670149103731,0.84439621706623291,0.022210287676862176,0.75459799732978883,0.016507304832177501,663242.1234151395,403,8192,0.0491943359375,0.049249359209080926,1.1375031644173004,False
44025,Long Island,META00019,1.0267729857137757,0.055469810152138851,1.0860657161765306,0.030590261681366079,0.78633322740835565,0.015402869686324936,0.7643824539359827,0.014411639202264088,569587.64922973316,170,8192,0.020751953125,0.020810447943366287,1.1904262995723112,False
44025,Long Island,META00020,1.32896740984715,0.053326561409636181,1.318186225604371,0.045424965189753905,0.83160383648917524,0.025021678129867001,0.84670365422914573,0.025253477583995765,836781.49563526537,8192,8192,1,0.99993897229342121,1.715943469588044,False
44025,Long Island,META00021,1.3583795464632775,0.053562205086737764,1.2567836228993696,0.038243332156596949,0.93694037417076403,0.025030721614484115,0.66388746236939256,0.020301197580831102,773836.27676852036,8192,8192,1,0.99993897229342121,2.0814942641685108,False
44025,Long Island,META00022,0.96065985326863379,0.061649837446131055,1.3304228987545912,0.039845680246390597,0.64542383760994526,0.02489377233796343,0.7601487645152557,0.014028243494919726,680441.97671688779,27,8192,0.0032958984375,0.0033565238618332724,1.0465744613808512,False
44025,Long Island,META00023,1.1580967142335472,0.063865752793049999,1.0351566144915549,0.029331713049271547,0.65454712396404224,0.015779895346214802,0.80857258526484632,0.023836783167102561,622100.36503066588,167,8192,0.0203857421875,0.020444281703893567,1.1823224358914708,False
44025,Long Island,META00024,1.0619903045864245,0.038657289383097759,1.0424129234250403,0.040955324504140286,0.91699878114162425,0.024825327026051738,0.85765675006450048,0.017615540974186755,692939.00629759138,8192,8192,1,0.99993897229342121,1.2458262760444738,False
44025,Long Island,META00025,1.2206941806843175,0.035538545004186517,1.1587249997811402,0.040576611380345233,0.67989348728661247,0.020732420826331619,0.83793185462275155,0.019177364916475929,643580.75224454945,12,8192,0.00146484375,0.0015256926644696693,0.99967220721423955,False
44025,Long Island,META00026,1.2357511769414551,0.039608613947952495,1.2549500033508605,0.032503626568293226,0.77107612592933317,0.018916845221421334,0.84720078781523822,0.02528572630180962,667198.83410910342,44,8192,0.00537109375,0.0054314658855120221,1.0957506176215634,False
44025,Long Island,META00027,1.3922458274196412,0.045801019637980764,1.3311699768823773,0.043516760276898207,0.69645218456814229,0.023323742811353711,0.67492462752175841,0.025437046086577288,750316.52501303121,308,8192,0.03759765625,0.037654094959111435,1.0785359028033044,False
44025,Long Island,META00028,1.2166566079074412,0.057750581159916131,1.0438531990879052,0.041697121620761238,0.84534252432556733,0.024420171464362171,0.75255523516615508,0.021948334782978671,740663.58457626461,3166,8192,0.386474609375,0.38648846576345663,1.2017192886555441,False
44025,Long Island,META00029,1.3087740440166167,0.042087741400215331,0.96942103097525345,0.031319112667331124,0.82573138704363891,0.01666240475146228,0.89555111914900354,0.021690670757846208,620017.79587923049,315,8192,0.0384521484375,0.03850848285121445,1.2678211570074196,False
44025,Long Island,META00030,0.99671840523591604,0.059736581156942886,1.0504970728713188,0.04073835036189237,0.69958539855379431,0.022496833764439228,0.74140924192097934,0.017134781674076158,649789.48367126961,3,8192,0.0003662109375,0.0004271939460515074,0.96761495117968044,True
44025,Long Island,META00031,1.0560308942584713,0.054236422062220159,0.98169500483490579,0.042415821223487013,0.83070764664282259,0.01689715747255429,0.88674720584224498,0.015298352803194828,633148.6360026286,31,8192,0.0037841796875,0.0038447455144635665,1.0106531076133076,False
44025,Long Island,META00032,1.1720277653104565,0.056020543139341378,0.9709453174978655,0.02577824110911504,0.76514128873731801,0.02456787484263645,0.71116044463717032,0.021005762487073597,635317.4602768179,662,8192,0.080810546875,0.080861711216892465,1.3987736512168008,False
44025,Long Island,META00033,1.2496562507924611,0.060832071506319939,0.99267610939170758,0.027578325768782261,0.92249419900425655,0.022580623940840094,0.68913839895430706,0.025521049333283904,698585.97097591218,8192,8192,1,0.99993897229342121,1.275213894720802,False
44025,Long Island,META00034,1.1882605175077903,0.043171213779010911,1.3126049316851962,0.037531147217826903,0.90451287585847362,0.022824340410676013,0.79624302459202867,0.021534869928294106,733579.72071643732,8192,8192,1,0.99993897229342121,1.5268017887682865,False
44025,Long Island,META00035,1.0918350074455627,0.041636811081904125,0.97838555060207399,0.040632994784349383,0.77591034034462403,0.015095201974816896,0.82830128337359388,0.018681002880801427,594255.07792508556,49,8192,0.0059814453125,0.0060417429512998905,1.0750280977652851,False
44025,Long Island,META00036,0.9747545164681839,0.035442822575714975,1.3353863185199344,0.025833738053880399,0.81179275929363215,0.015324425377846538,0.86975052249630025,0.020233895110636519,574441.42104090808,351,8192,0.0428466796875,0.042902477724887096,1.3355069034286156,False
44025,Long Island,META00037,1.2530432416162871,0.050289259379493405,1.3411618936279139,0.026412722918119341,0.838689361358949,0.0151852467392722,0.95843492687211718,0.019766872151889832,645020.80428822176,8192,8192,1,0.99993897229342121,1.2516491992398451,False
44025,Long Island,META00038,1.1716480699287528,0.047475382790430093,1.3573316616980602,0.037781861064289796,0.94066526578820198,0.018833810195037895,0.94671754789203189,0.019517452502898443,732922.65661073383,8192,8192,1,0.99993897229342121,1.9146289808699215,False
44025,Long Island,META00039,1.3304419561060303,0.064930168084254447,1.3457806236930629,0.031435492607223607,0.91049878882635449,0.025044417649142888,0.83509904435842186,0.015320632011592002,768931.14273967606,8192,8192,1,0.99993897229342121,1.7552887974538676,False
44025,Long Island,META00040,1.2869735293372371,0.058166566121724439,1.3848277900284391,0.027231505157073631,0.75917793167954239,0.018085992103779445,0.84510369498180138,0.024339781965379333,693420.34692786564,19,8192,0.0023193359375,0.0023800805565726839,1.018609426648581,False
44025,Long Island,META00041,0.98997917734085794,0.046370624026408749,1.3594811040952284,0.043946702594786641,0.82681367139485606,0.015523871694894463,0.88944202530105132,0.015078028782144079,672222.09351290518,3107,8192,0.3792724609375,0.3792871963871598,1.2840183383362804,False
44025,Long Island,META00042,1.0745030639308648,0.039228697052479514,1.3150272296368466,0.039227303808543404,0.75470836389200691,0.016065036828760232,0.79912385988750934,0.015926369406516028,623577.54095566471,34,8192,0.004150390625,0.004210911753936287,1.0730028024877745,False
44025,Long Island,META00043,1.4347182505809513,0.064602138982542356,1.121703890416281,0.036470408195749406,0.66179131757932985,0.018300110311784461,0.64781104624505848,0.01952910079086434,678191.90407405852,1,8192,0.0001220703125,0.00018308311973636029,0.95400161043779841,True
44025,Long Island,META00044,1.3875607576908908,0.04494008755394787,1.3421474342578099,0.041617778109048431,0.86914227731124394,0.024520541365217245,0.88282289336153497,0.025451540768674299,817330.19269605447,8192,8192,1,0.99993897229342121,1.7755693399512544,False
44025,Long Island,META00045,1.3394233449800281,0.061057460176803885,1.3371448646927733,0.039159215023446291,0.77980450295730663,0.025632136173528931,0.65402543153410342,0.022102764383998739,781116.95177788485,7782,8192,0.949951171875,0.94989625289881607,1.3519459396826117,False
44025,Long Island,META00046,1.2966591644884269,0.043423996141283852,1.238334371010068,0.037839325801663562,0.73225853555215381,0.014345589022479302,0.802586000038917,0.025701076199496874,663837.02357046132,8,8192,0.0009765625,0.0010374710118393751,0.98996081327882457,True
44025,Long Island,META00047,1.4065208114990326,0.046896325532385374,1.1266307376706868,0.038686342025530882,0.66709235224653274,0.016999779229083797,0.77329533618247814,0.020227821099734124,648302.24480567058,2,8192,0.000244140625,0.00030513853289393383,0.95457987108277864,True
44025,Long Island,META00048,1.1012093218764751,0.041062990933373969,1.1957994144202271,0.031560856315027627,0.87566396473562269,0.01821329301003595,0.76120430718916499,0.016333082760031051,608515.4403223797,6382,8192,0.779052734375,0.77901867447821316,1.2167191755404188,False
44025,Long Island,META00049,1.352631592460583,0.043899276467515583,1.0569093590125509,0.037580980708348137,0.89095811933270497,0.016931775128578852,0.653476445953318,0.019843137700340106,638464.6284767139,8192,8192,1,0.99993897229342121,1.4343343755906002,False
44025,Long Island,META00050,1.0071490318636767,0.043311894659463397,1.0376581880124136,0.035547568174020154,0.68241370913684729,0.025401072225586872,0.7161606689782869,0.019142255588157426,617134.4253391783,205,8192,0.0250244140625,0.025082387403881364,1.2255898651918389,False
44025,Long Island,META00051,1.093173600762203,0.046448403214213937,0.98964456128052192,0.043591897980960928,0.71640966305877818,0.019648720139361798,0.69704972579716751,0.024648359778206168,645786.79806655191,6,8192,0.000732421875,0.00079336018552422804,0.96683567853853825,True
44025,Long Island,META00052,1.1149815767131639,0.043562281000175951,1.4256566115804912,0.041186714558828511,0.68360642855802856,0.01762019283939616,0.81925232114435298,0.018550496068187095,677156.72079793958,32,8192,0.00390625,0.00396680092762114,1.0624829510065297,False
44025,Long Island,META00053,1.3868342408291487,0.060449113404016153,1.3079826705376543,0.038399007719027475,0.81018295236989202,0.01756430340950843,0.94007349024170317,0.023924972683002258,775122.55810919986,8190,8192,0.999755859375,0.99969486146710607,1.4823787898641676,False
44025,Long Island,META00054,1.1272255837949872,0.058732433829133623,0.97121751799470302,0.038197943919086479,0.75545458393405718,0.024986713148712814,0.66752983314077985,0.014687362989757263,652427.47060664685,21,8192,0.0025634765625,0.0026241913828878309,1.0335442273611866,False
44025,Long Island,META00055,1.1991045263191713,0.048152634676947199,1.0744438390265663,0.036563836635590867,0.8381360765658612,0.023459605274983863,0.7718781746678991,0.024322691463908343,705742.6183608165,74,8192,0.009033203125,0.0090931282802392283,1.1040893662129825,False
44025,Long Island,META00056,0.9789308664115296,0.057828360360853578,1.2393112252691547,0.034316900512277662,0.75334416756554723,0.018807683474675738,0.89809335137263946,0.024601723620443165,686290.73258401256,35,8192,0.0042724609375,0.0043329671670938605,1.0705881986957675,False
44025,Long Island,META00057,1.1877717585307543,0.039199750490460969,1.2246707200861358,0.038226545631010536,0.85826651324897063,0.014173176648598814,0.92972828221922132,0.014205217451712058,617846.94633636053,8192,8192,1,0.99993897229342121,1.3369474863143398,False
44025,Long Island,META00058,1.1408202384215811,0.05978037333093042,1.3621107308400895,0.026039462658840655,0.77158953704536337,0.019715856606647097,0.78412662587268944,0.014360934823805394,630267.58614702744,38,8192,0.004638671875,0.0046991334065665811,1.0928525712118071,False
44025,Long Island,META00059,0.98297713973917855,0.064687331976427898,1.0019688879117277,0.027064182397605385,0.77634205574556436,0.018670098532138135,0.64177678682659645,0.024015150233519487,602019.98898823198,475,8192,0.0579833984375,0.058037348956426218,1.3353015156853294,False
44025,Long Island,META00060,1.0708843997791544,0.063841147013802932,0.98988525040712827,0.04367773504911579,0.64829364155401736,0.020788615903196059,0.75730752580904748,0.018705317918345687,656105.94436873496,1,8192,0.0001220703125,0.00018308311973636029,0.95443332132522241,True
44025,Long Island,META00061,1.1411154071049121,0.060561540589662434,1.0623965062402385,0.037752702250120992,0.93713273651941376,0.017985003647676488,0.91889813773011464,0.014279385182310741,674342.5279144845,8192,8192,1,0.99993897229342121,1.5993575921173979,False
44025,Long Island,META00062,1.3721399295148229,0.052178315513013704,1.3575229980507468,0.024945213413741778,0.85097849093084221,0.022966199916302582,0.94408030492458173,0.014640761816003264,686364.03062183224,8192,8192,1,0.99993897229342121,1.2809779917074877,False
44025,Long Island,META00063,1.2413763844309265,0.047146023270605172,1.2530210729712663,0.033674916007448027,0.92510427004729756,0.016199254957519772,0.93258596214309208,0.0191282521858115,675728.59637310286,8192,8192,1,0.99993897229342121,1.6601311609282119,False
44025,Long Island,META00064,1.3819417010802337,0.04751484640909126,1.4129459438397789,0.036330396480694901,0.73956735150951769,0.021932372827027292,0.91541664499893671,0.014599209883252445,709912.53768102021,69,8192,0.0084228515625,0.0084828512144513608,1.1647656982331054,False
44025,Long Island,META00065,1.2307822299589741,0.047371488832072095,1.2838838992117736,0.038658524626732971,0.7092832719880513,0.020325734099142651,0.66629747725364763,0.017525127909248376,660715.55099645979,10,8192,0.001220703125,0.0012815818381545221,0.9877893661630297,True
44025,Long Island,META00066,1.1358742242394466,0.049693557112739678,1.018043657557592,0.026962163479782662,0.67505476554161603,0.015714619935989927,0.65470918578145632,0.017566784817429484,535841.47170802578,586,8192,0.071533203125,0.071585499816916878,1.3762838141903699,False
44025,Long Island,META00067,1.0171370195042511,0.062200300001510542,1.1987017327348446,0.041887041809984739,0.8621314457384015,0.016566585689438328,0.67139835725885111,0.022546624046250928,688366.51103842061,4298,8192,0.524658203125,0.52465519345782985,1.2682656454668262,False
44025,Long Island,META00068,1.3964792837215603,0.038221345453725859,1.0104730451004045,0.033447521857400103,0.74764423494314469,0.022657389724318924,0.80366740267994352,0.024729022571381123,659181.71041662747,143,8192,0.0174560546875,0.017514951788111802,1.1661041945117872,False
44025,Long Island,META00069,0.9703384675675738,0.046119738419798946,1.1940487841818821,0.043365021681629,0.94848046807097575,0.022143142939920563,0.73698583556672703,0.017628226548376549,707430.9062984772,8192,8192,1,0.99993897229342121,1.5223068092443595,False
44025,Long Island,META00070,1.098985670045681,0.061987052826074751,1.1510415270639796,0.024811812658222829,0.82351066884917445,0.014876986811140139,0.80697395152216878,0.020867963103966804,608371.69203108537,265,8192,0.0323486328125,0.032405712193335774,1.2395514037900321,False
44025,Long Island,META00071,1.340290195645242,0.048335981672122011,1.0130934341649507,0.038736191010328644,0.86393101158144914,0.016179086550028272,0.82602617165431758,0.025317154896541544,682529.11726628593,8192,8192,1,0.99993897229342121,1.2921635225224475,False
44025,Long Island,META00072,1.429948368525505,0.040087667406950314,1.345240498435706,0.037603711402170961,0.74491926561442656,0.020061479373923052,0.76355617985630453,0.020086129388042093,690351.73514778633,19,8192,0.0023193359375,0.0023800805565726839,1.0148891667865862,False
44025,Long Island,META00073,1.2119354700043199,0.044384936094096918,1.3658097402108624,0.039315959661297563,0.74262023742363947,0.020223348255253862,0.79385071834116627,0.01491838808301984,675165.74452633469,48,8192,0.005859375,0.005919687538142317,1.0903478006075227,False
44025,Long Island,META00074,1.2124338304864957,0.059080512638897645,0.96708494637171416,0.040060784087605369,0.92524505391514034,0.02123925992434151,0.91792274881965841,0.020805698941728828,732397.11208489316,8192,8192,1,0.99993897229342121,1.539505808330742,False
44025,Long Island,META00075,0.9674036795646801,0.040358591664156132,1.2043863570186524,0.038037978806127082,0.66223578317417275,0.015833722194616359,0.9429700632327449,0.019963803086992603,614719.36194822961,148,8192,0.01806640625,0.01812522885389967,1.2473880340349861,False
44025,Long Island,META00076,1.2833846847506023,0.063418643572704006,1.0830203178333142,0.036757260406002225,0.93382199369260266,0.018400477555063372,0.84452050173269655,0.024459898929778932,743514.39759843913,8192,8192,1,0.99993897229342121,1.7416292189232956,False
44025,Long Island,META00077,1.3663759658980148,0.060075660075163531,1.3905135718307271,0.029521749713487148,0.93351215649473052,0.025439748235139982,0.7630931580679976,0.025585747753706676,802847.30643567431,8192,8192,1,0.99993897229342121,1.803889023995155,False
44025,Long Island,META00078,1.4322634128537119,0.039802633536823236,1.4188986055198578,0.040522603836765703,0.84578953363932508,0.017345917912582887,0.68488681367548454,0.016279876600576088,690925.01127174799,8192,8192,1,0.99993897229342121,1.7238967171104256,False
44025,Long Island,META00079,1.2262810590458297,0.049751242169555288,1.0983903012591865,0.026471456787152511,0.83039404227458824,0.024322746181982446,0.80871902256483708,0.021908141343816859,672500.53068976104,363,8192,0.0443115234375,0.044367142682777978,1.2676998843991332,False
44025,Long Island,META00080,1.2524446154966395,0.042112088429386206,1.0590444016511247,0.035687996120577964,0.86891933763696305,0.015406780244447428,0.79807489017876732,0.02257056068108669,632246.51466333843,7629,8192,0.9312744140625,0.93122177468570733,1.1917692264022388,False
44025,Long Island,META00081,1.2646904550631255,0.03746428606156546,1.164360672082849,0.04241075265468329,0.8839863136736843,0.01686262756887932,0.78559964868474763,0.014648367853752663,642880.04060405609,8192,8192,1,0.99993897229342121,1.4689252576375034,False
44025,Long Island,META00082,1.0402082931013876,0.038459433843584565,1.1345418258503723,0.031205393321780895,0.74859881657247551,0.016736707235015764,0.90140621506661955,0.017475434984798043,577654.95530917414,267,8192,0.0325927734375,0.032649823019650921,1.2898335421799243,False
44025,Long Island,META00083,1.2071275411784115,0.045484957182815845,1.3689003398896151,0.037929720972192681,0.87399922431704891,0.017951576460170014,0.8255295749900402,0.021962340144472209,713441.8081268993,8192,8192,1,0.99993897229342121,1.5141855010599696,False
44025,Long Island,META00084,1.2908836587371844,0.051161390703685916,1.402776964511925,0.029603007946544593,0.74535382205231571,0.022187434870831683,0.69402226219693308,0.016205284909317531,662130.49537612195,23,8192,0.0028076171875,0.0028683022092029779,1.0344629372360337,False
44025,Long Island,META00085,1.2275139902530778,0.037664984763950034,1.08080729256338,0.039132461988792985,0.74355892892839692,0.022761366487334414,0.95549792905914632,0.020737021361036601,677627.67009001342,46,8192,0.005615234375,0.0056755767118271691,1.0798649428673996,False
44025,Long Island,META00086,1.3272492881385727,0.045073610715821853,1.1391671002708561,0.043260146859054133,0.6857612313152468,0.0186651627933461,0.71868916843460617,0.015851452886908906,645794.17572273524,1,8192,0.0001220703125,0.00018308311973636029,0.94033089580509532,True
44025,Long Island,META00087,1.0542047884380981,0.060687531202716638,0.97802249508581141,0.040798692361038238,0.8245348342018799,0.023253979620806199,0.95995643987286727,0.019970207709717264,716089.7765318345,25,8192,0.0030517578125,0.0031124130355181254,1.0274412981940373,False
44025,Long Island,META00088,1.2954383672913208,0.045443853373621557,1.2831988107956922,0.03973348431362568,0.65322244327842738,0.025066893623415215,0.78484951951333715,0.017801955496803457,696925.46881419793,10,8192,0.001220703125,0.0012815818381545221,0.98799826517558109,True
44025,Long Island,META00089,1.1860124654419144,0.04683450658604893,1.237908031487478,0.028127245917659149,0.92158376698842481,0.016952326743854274,0.69593692430598209,0.017338166251935856,612871.3618299549,8192,8192,1,0.99993897229342121,1.3418473708602476,False
44025,Long Island,META00090,1.0036143637290174,0.036642648336794675,1.0109852754979498,0.029753027289929127,0.87037303087334117,0.019347905289286611,0.93081735822835543,0.016493621075548904,586566.89007005666,8192,8192,1,0.99993897229342121,1.4160273545461548,False
44025,Long Island,META00091,1.3654826005329856,0.056932525300296244,1.0049172627246281,0.040784602142846377,0.8097480681054039,0.022051733598218274,0.65702203261421688,0.01810867177892304,695230.50330666406,2946,8192,0.359619140625,0.35963627486879041,1.1997264732852382,False
44025,Long Island,META00092,1.1708601390034208,0.059634279020325157,1.4006434788405828,0.042309599431542971,0.87967696793444339,0.02421069510351738,0.89435102661260735,0.018100135277575639,807464.45386857761,8192,8192,1,0.99993897229342121,1.8387519320346934,False
44025,Long Island,META00093,1.0706701394450548,0.050916291823761707,1.0089572924811605,0.024517030187771342,0.78037227687420985,0.025625586209609502,0.79610807656680838,0.014777719300267002,605413.68483975623,842,8192,0.102783203125,0.10283168558525571,1.4681534164154639,False
44025,Long Island,META00094,1.0337280127137181,0.05935569423284659,1.2083822962830557,0.042533246714961712,0.81819460075108297,0.018993124602203013,0.87533394420110266,0.014478769364196887,687488.5324524343,151,8192,0.0184326171875,0.01849139509337239,1.1367978333601916,False
44025,Long Island,META00095,1.0349222150717448,0.056293929591627774,1.3470552557668161,0.026078664750249149,0.72793413842106125,0.02348764673392563,0.69177858164117234,0.015543046971309754,621730.57450662181,93,8192,0.0113525390625,0.011412181130233125,1.1617442296898945,False
44025,Long Island,META00096,1.3703081095039886,0.063294280920447463,1.3509776271102718,0.029991329637848136,0.71853062251728794,0.016401349451751489,0.93106721867158604,0.021270904665982495,706298.92973941809,11,8192,0.0013427734375,0.0014036372513120956,0.99794325807346185,True
44025,Long Island,META00097,1.3160163514290437,0.058971778384028381,1.3962193331336226,0.037461691428718503,0.92665300327518163,0.017362496275545619,0.72737874566495375,0.017025446820328926,729740.83935504372,8192,8192,1,0.99993897229342121,2.2042468877594734,False
44025,Long Island,META00098,1.0061582844909582,0.060025855210711576,1.2142502442040575,0.044390751254417542,0.70654070941567804,0.016555172190455637,0.79307206733536062,0.016250600859821454,661376.90365668992,1,8192,0.0001220703125,0.00018308311973636029,0.93242881807513822,True
44025,Long Island,META00099,1.3744623544023413,0.04902916582959798,1.1734439213589904,0.041070765423865729,0.77825282511152938,0.020815693897270129,0.73521164621270019,0.017667832704852084,696480.33942527883,1410,8192,0.172119140625,0.17215916025875747,1.143273483807089,False
44025,Long Island,META00100,1.0004950673111759,0.04280720426621145,1.2751809683884461,0.040532505918958323,0.83493285539857887,0.024487733297939289,0.94185456566389314,0.022598628172436123,746851.19985723903,7707,8192,0.9407958984375,0.94074209691199806,1.2608188070984818,False
44025,Long Island,META00101,1.0044096605248394,0.051420794966728259,1.3229323209036672,0.036378405894303009,0.85214648350975786,0.024542427490798643,0.82654881993993645,0.023007563585379504,740934.46536874201,8177,8192,0.9981689453125,0.99810814109605761,1.2740417017566796,False
44025,Long Island,META00102,1.4147101263612536,0.035456374037961272,1.0695126818398255,0.034505075697608301,0.9129786270252136,0.015154640056774631,0.71945381283311083,0.017150666069321484,596331.23358119745,8192,8192,1,0.99993897229342121,1.409481532396788,False
44025,Long Island,META00103,1.1826983756934133,0.050323043105555985,1.2782453261377249,0.026559259506906529,0.71395197752547346,0.022033627026595243,0.95898226177224033,0.024831805282040618,684590.36950002844,132,8192,0.01611328125,0.016172342243378494,1.2210725688464099,False
44025,Long Island,META00104,1.295613475302329,0.054398948023624882,1.4379845558380029,0.037058455747625618,0.90092810032159942,0.020772052357187487,0.75619777578214853,0.021117293938115508,763469.0601937481,8192,8192,1,0.99993897229342121,1.9159677178033023,False
44025,Long Island,META00105,1.2087434067886274,0.042284851593482116,1.0174153711888219,0.040074792116528757,0.65902329394257664,0.02487180736907791,0.85010446389229399,0.023390271871400331,674421.20622289658,28,8192,0.00341796875,0.0034785792749908459,1.0568447986036698,False
44025,Long Island,META00106,1.2049789766588663,0.057510246290987707,1.1328176099989586,0.030443963866032649,0.93315238825478963,0.020699263110709507,0.74288034370035527,0.023658928503613147,700860.58317676827,8192,8192,1,0.99993897229342121,1.4171251909236164,False
44025,Long Island,META00107,1.2151998172387901,0.051599514360619839,1.3921740393337525,0.044885925172678823,0.77384759849460705,0.022702617017450053,0.88415552053258417,0.021029996764901537,786934.12594421417,6769,8192,0.8262939453125,0.82625411937019411,1.3396742333035498,False
44025,Long Island,META00108,1.2661462446034581,0.049124069404085896,1.2922529175742319,0.026448189814898146,0.65134830037653468,0.025549315226836997,0.9108319461155614,0.020620538442810449,669225.96509832935,120,8192,0.0146484375,0.014707677285487612,1.2461585144907654,False
44025,Long Island,META00109,1.2566765670781253,0.05947870139222193,1.0189496472018247,0.025140322586492382,0.93286924270079175,0.014255722261433771,0.69682559221557261,0.018294158523041063,596673.79045681353,8192,8192,1,0.99993897229342121,1.3351174732837698,False
44025,Long Island,META00110,1.1661486041104692,0.057180482920553721,1.0736037706922881,0.02590785155061302,0.72955351867704621,0.021562004381788472,0.81256109274526211,0.020287371416985212,630967.86109835468,352,8192,0.04296875,0.04302453313804467,1.2913222061388061,False
44025,Long Island,META00111,1.1898204127657757,0.036909975251130711,1.1737734080481279,0.027934211009684254,0.71995649864419298,0.019031974319874939,0.7485336578434878,0.019751195024482093,579905.88204527274,287,8192,0.0350341796875,0.035090931282802391,1.2667418455452779,False
44025,Long Island,META00112,1.2227694752653075,0.042767201528862993,1.2112314130066077,0.035759224345493161,0.89840870026781283,0.020321343391681537,0.87347778597295223,0.023265171748362429,709904.39603106538,8192,8192,1,0.99993897229342121,1.4421504184243901,False
44025,Long Island,META00113,1.3833252958092617,0.038663690535416892,0.973063819465943,0.030011297726226589,0.76381473940475186,0.025510497323336708,0.89996536199628319,0.019234587538361464,649883.37137290114,379,8192,0.0462646484375,0.046320029293299154,1.3017182463403485,False
44025,Long Island,META00114,1.2251672826426951,0.050422019315626926,1.0141466788523053,0.039721752256881841,0.75360092073719875,0.015110341231848179,0.77251160432109101,0.018784362118156633,619915.33586411341,9,8192,0.0010986328125,0.0011595264249969486,0.97017457912852478,True
44025,Long Island,META00115,1.2930179054752846,0.047901956153107099,1.045551581971264,0.024537759422899735,0.88669218248864001,0.021207353012856988,0.89097108534994107,0.01874216398304213,644664.62208713312,8192,8192,1,0.99993897229342121,1.3705678770852321,False
44025,Long Island,META00116,1.373824733205534,0.036413157405625472,1.0314876041173704,0.025304954654092823,0.78798604275075856,0.019479084278551034,0.81313619763815093,0.016085870871810622,571743.56063347228,704,8192,0.0859375,0.085988038569510553,1.4098006620321664,False
44025,Long Island,META00117,1.1005478569334737,0.059578557471535933,1.2219203865716628,0.038700763571610522,0.82002169294729665,0.015286120567725209,0.70242953744142378,0.014187548170765478,638414.02587727283,371,8192,0.0452880859375,0.045343585988038566,1.1196011160052306,False
44025,Long Island,META00118,1.0250686864555503,0.062230955639791481,1.1922002138330041,0.025865637925277952,0.7051115353838997,0.021483362836459886,0.88565511067269653,0.019591900534326929,635981.88153433579,188,8192,0.02294921875,0.02300744538020261,1.2354603358888347,False
44025,Long Island,META00119,1.1029887045348878,0.044738817611589696,1.3755826456005136,0.026675967348307218,0.93866644663824494,0.01855467302869953,0.76527954933978992,0.019629563241491114,641365.17463096313,8192,8192,1,0.99993897229342121,1.4509921929531611,False
44025,Long Island,META00120,1.4241286785165841,0.053077669697348007,1.2958096490839552,0.035593550596341214,0.72840130667408054,0.02053772197621978,0.75997871780120263,0.020840481379348942,710926.24710856343,10,8192,0.001220703125,0.0012815818381545221,0.99116930219374721,True
44025,Long Island,META00121,0.99031638362473839,0.058544532404348884,1.2608263320784459,0.031474560076700242,0.93935264173307487,0.022130232674508574,0.79294161807247243,0.019824315636362774,700748.47439020791,8192,8192,1,0.99993897229342121,1.4290286167758466,False
44025,Long Island,META00122,1.1281373353132989,0.063760569163287317,1.05577905575104,0.042809696589469683,0.86721638130988077,0.014166996965696231,0.91280106066866651,0.025658509970119463,716287.01348754147,8192,8192,1,0.99993897229342121,1.3063906677275048,False
44025,Long Island,META00123,1.3241708806947858,0.047977356195257906,1.4122457715990857,0.02946075396356175,0.73275682813545162,0.015046055535398811,0.70513656268396119,0.024048769671194029,642170.56348479341,8,8192,0.0009765625,0.0010374710118393751,0.97885914809446406,True
44025,Long Island,META00124,1.4196533927410535,0.052588934868814566,1.1495787037911325,0.031903817352346028,0.85002693970573784,0.023022938417430645,0.70815794825744738,0.024192608753040724,720074.61848260055,2244,8192,0.27392578125,0.2739533748321738,1.2150208584835189,False
44025,Long Island,META00125,1.1385461948234041,0.052060782399613648,1.108528809597831,0.037619517281824652,0.71576453800494477,0.022871889773699111,0.74801388507596145,0.01750540777334195,655472.14409787254,11,8192,0.0013427734375,0.0014036372513120956,0.99951938299455878,True
44025,Long Island,META00126,1.1082337759330618,0.041111654171506862,1.4208370503112089,0.02692670621650832,0.90548056640006713,0.02039938688010752,0.87784735534800451,0.023243014329923723,680614.8165227779,8192,8192,1,0.99993897229342121,1.4196018104052175,False
44025,Long Island,META00127,1.2807853931738193,0.036871094630580019,1.0000850577445448,0.038898155910136137,0.70897419840965648,0.021616877198220495,0.78808884263848444,0.017316975513447772,616030.92282894801,44,8192,0.00537109375,0.0054314658855120221,1.0708679934027094,False
44025,Long Island,META00128,1.2981107094570201,0.062321299108434675,1.2492938469072594,0.032859789705250185,0.93760633047452813,0.015116153816160719,0.79487375746223499,0.021623334956785398,702447.29458907701,8192,8192,1,0.99993897229342121,1.8114777158209308,False
44025,Long Island,META00129,1.2576571096591791,0.036181021779893449,1.4382799191401268,0.026195716867080228,0.85124114049162758,0.015427156469779746,0.86760370632959927,0.023412596676600551,631315.10125840479,8192,8192,1,0.99993897229342121,1.2078153412898192,False
44025,Long Island,META00130,1.1571133474232074,0.052905413691553368,1.3812834767377777,0.030104537383053409,0.91445859908250826,0.023841252356551594,0.71347568675832607,0.023187388393909634,729315.5679191954,8192,8192,1,0.99993897229342121,1.4922111222795607,False
44025,Long Island,META00131,0.97383785913698984,0.062507717218542466,1.4394212705936804,0.037625466403129769,0.84064392028440915,0.021501205706582802,0.80724286055238248,0.016671988269972529,724922.67199529451,8189,8192,0.9996337890625,0.99957280605394849,1.3633883911190525,False
44025,Long Island,META00132,1.2736183909433803,0.060612209336408158,1.1880039793146122,0.03782643652196032,0.65392231504284892,0.018594676202220155,0.85952837824619566,0.022464051140794208,702423.60683524294,1,8192,0.0001220703125,0.00018308311973636029,0.95967276177450345,True
44025,Long Island,META00133,1.0687202300791145,0.035936264556635282,1.1794225913543199,0.029639311583824456,0.76422472664002583,0.015005195075345841,0.77479413610341852,0.019157792491970176,558329.7435069218,269,8192,0.0328369140625,0.032893933845966068,1.2680620275257084,False
44025,Long Island,META00134,1.3338376887389629,0.04271117163185658,0.96290949421871841,0.038839324571965449,0.86055969488015749,0.02499815170131419,0.92544932447528805,0.016294271675546847,693021.81037933927,8192,8192,1,0.99993897229342121,1.2642226288315603,False
44025,Long Island,META00135,1.3715642435159412,0.056253453036274124,1.1405952522402667,0.04094114222746946,0.74090397761303972,0.015775834895089519,0.65040488074792546,0.021018683779386663,672795.24991542962,39,8192,0.0047607421875,0.0048211888197241546,1.0231304817382441,False
44025,Long Island,META00136,1.3333876089532259,0.053424692831214864,1.1833341992598547,0.045385834288473814,0.9206426272947712,0.019587574832357971,0.85617670058388795,0.025718187555285994,793187.66855186585,8192,8192,1,0.99993897229342121,2.1872483942029151,False
44025,Long Island,META00137,1.1269949117249709,0.057664588074558737,1.1016089943864213,0.042443321193593016,0.70048129970206297,0.016802957246587032,0.84565225047430126,0.023961063398275421,686087.42585579318,1,8192,0.0001220703125,0.00018308311973636029,0.94603963334457608,True
44025,Long Island,META00138,1.2432813888366936,0.05185719631618263,1.0644730820559032,0.033129582832761392,0.91517612886920929,0.018371248835146702,0.67363913174559442,0.02467494472338987,666591.75998601038,8192,8192,1,0.99993897229342121,1.3394531001853471,False
44025,Long Island,META00139,1.1632219254602942,0.047042610774654603,1.1703864330205274,0.024751167234283063,0.69474123228908491,0.022527531286502381,0.8706622494143067,0.018654449205122874,611170.17632132233,399,8192,0.0487060546875,0.048761137556450632,1.345122307733787,False
44025,Long Island,META00140,1.4058266107423369,0.046621049122793648,1.307016937459577,0.035344972689906148,0.72961920342817588,0.0259109226185739,0.86409890876682161,0.017355630912400589,721466.85626296012,31,8192,0.0037841796875,0.0038447455144635665,1.0663397969380539,False
44025,Long Island,META00141,1.3082340712552329,0.043296079618491974,0.9608835917266968,0.044332630355692196,0.79566392074672621,0.02114525158937931,0.64653166460847411,0.0144343438178966,636140.1721418713,311,8192,0.0379638671875,0.038020261198584156,1.0601473331449458,False
44025,Long Island,META00142,1.2179358407550467,0.064197882340148782,1.0077068355929624,0.029798910398627761,0.7363980182814388,0.014817630082310657,0.6525705062635897,0.020574469462586474,600844.57067150436,160,8192,0.01953125,0.019589893811790552,1.1726755374810762,False
44025,Long Island,META00143,1.0092162312284239,0.053505405289875019,1.012616639910167,0.043208456640791398,0.71692960565191444,0.022345691146435028,0.79010827613374168,0.021602712256458649,670486.41367160284,3,8192,0.0003662109375,0.0004271939460515074,0.96429415524337314,True
44025,Long Island,META00144,1.0484209441249637,0.044825849488937898,1.3034146244286267,0.04424852146041805,0.87584904428845822,0.021398587543581801,0.72418027239765692,0.023368235898828704,737398.51043133554,8192,8192,1,0.99993897229342121,1.4497702872680407,False
44025,Long Island,META00145,1.4306762370132682,0.043871512026077177,1.1942630828790273,0.039935139450877608,0.91752313650179573,0.014735436089845681,0.84844866141501996,0.023664190366959485,704576.57130361116,8192,8192,1,0.99993897229342121,1.9459120915306329,False
44025,Long Island,META00146,1.3310217738108323,0.063541246909053592,1.1120483785623207,0.029554645926414477,0.85252354428854327,0.016631707485345579,0.76177257704843371,0.017709055560608339,656059.75219749869,1119,8192,0.1365966796875,0.13664103502990357,1.1450109213837796,False
44025,Long Island,META00147,1.1999654218541991,0.062552117884156239,1.3218860220363762,0.041570227435601001,0.70230083461644388,0.018622417396717977,0.93166919412636406,0.015837677020306057,719376.92591023934,30,8192,0.003662109375,0.003722690101305993,1.0540762736726963,False
44025,Long Island,META00148,0.98511038613462576,0.050982431263416783,1.3876854047636256,0.024920832423127735,0.82316571752905721,0.022618565956431361,0.67826916058022668,0.018894912201017432,630267.68584266305,135,8192,0.0164794921875,0.016538508482851214,1.2037132254054819,False
44025,Long Island,META00149,1.288099749528524,0.039886680956571052,1.0028220156815173,0.025862183550528793,0.66167163933312523,0.021681947620050032,0.6753356973252429,0.015190689851999955,546534.88388790679,780,8192,0.09521484375,0.095264249969486153,1.435832679207466,False
44025,Long Island,META00150,1.3339538578167973,0.035817529235686728,1.1970959593494215,0.041533657638721813,0.70255038029861994,0.020905762061710353,0.76404426570188144,0.023998957150492405,680799.41619718785,1,8192,0.0001220703125,0.00018308311973636029,0.96087267852084157,True
44025,Long Island,META00151,1.1821175674580489,0.053583487626225834,1.0465847711565046,0.043061092318764219,0.76159881453215239,0.016771567062147767,0.76051887295316412,0.015789646358296269,638484.08912186255,2,8192,0.000244140625,0.00030513853289393383,0.95758984121677249,True
44025,Long Island,META00152,1.0015327864501191,0.049177283155095793,1.4345351170455198,0.037454804717982383,0.79008902906865219,0.017924467083621408,0.85554919091311765,0.018717358420817225,682679.12427094218,234,8192,0.028564453125,0.028621994385450995,1.2322197558472983,False
44025,Long Island,META00153,1.4273932893533816,0.062582099331183833,1.0323863193360614,0.030637819610428538,0.69023188582538908,0.025091728827044326,0.72466437655981619,0.018850816216125971,687129.5895295128,50,8192,0.006103515625,0.0061637983644574641,1.0701218095427867,False
44025,Long Island,META00154,1.2895877477619275,0.03789472530261747,1.1186869405677724,0.033712875061696283,0.88514815307429118,0.0193785336566039,0.70671129103337893,0.025055085160930791,655812.76427683735,7776,8192,0.94921875,0.94916392041987063,1.227095653338256,False
44025,Long Island,META00155,1.1926812154575335,0.053115798691724947,0.97524761036436325,0.041053238791181251,0.71095970906842954,0.014088929844690111,0.81827817703936456,0.014667390826946302,594753.08554464986,8,8192,0.0009765625,0.0010374710118393751,0.96833450244563612,True
44025,Long Island,META00156,1.383374785885841,0.047893505760830887,1.43676725574722,0.030997863440701118,0.90601311703538134,0.021213337896678345,0.79812761854881153,0.025110295922586068,750203.61104314856,8192,8192,1,0.99993897229342121,1.6424100216268476,False
44025,Long Island,META00157,1.2101982775479276,0.043200608239780107,1.3428548118759176,0.036597690573842101,0.67682376372943875,0.015761166761443724,0.74249476241243251,0.021104012038769021,637957.53127150924,10,8192,0.001220703125,0.0012815818381545221,0.99111871152063635,True
44025,Long Island,META00158,1.0328139677078803,0.048049355304255914,1.2992952485355997,0.03209719558259394,0.64167082029597544,0.024843769060876871,0.92185697490914698,0.018366262849982006,655881.41844394011,588,8192,0.07177734375,0.071829610643232025,1.4285647779143322,False
44025,Long Island,META00159,1.4351056199004697,0.043124121831233937,1.378987299520916,0.030935728926266375,0.65119654763151513,0.014023835627802293,0.84770443942091034,0.020168977359461653,628400.49368909816,3,8192,0.0003662109375,0.0004271939460515074,0.96119908288182598,True
44025,Long Island,META00160,1.3807495980419184,0.055312609992009341,1.1432674871014932,0.045317534609908276,0.8726265863756022,0.025724912371317358,0.93936250619829065,0.021249893725356961,822550.51539871772,8192,8192,1,0.99993897229342121,1.8601888870193664,False
44025,Long Island,META00161,1.3384077612315153,0.061840285234571357,1.3917901956344556,0.03738281444531269,0.69451728683043479,0.021265744871608337,0.65881584829486306,0.019931735832446711,728955.65626967116,25,8192,0.0030517578125,0.0031124130355181254,1.0248832794619163,False
44025,Long Island,META00162,1.1531612172861627,0.04309162147215001,1.0564268952031268,0.043873915589573612,0.748987286565858,0.017023320887929214,0.86874438214887806,0.025844672422595714,676834.92316527024,2,8192,0.000244140625,0.00030513853289393383,0.96217165736870236,True
44025,Long Island,META00163,1.1254222620869254,0.04433083592857686,1.1112925710504902,0.038493280182814144,0.94280148691359722,0.024364871842839593,0.85105741546238822,0.017390999872912035,711631.58179613599,8192,8192,1,0.99993897229342121,1.4875086161685207,False
44025,Long Island,META00164,1.1121262904191498,0.050576866973873313,1.3496686919358942,0.042666779753178598,0.80125305073413355,0.016292725543168053,0.7951826558171371,0.025779580072669291,725936.18280813133,2671,8192,0.3260498046875,0.32607103625045769,1.2596607135298132,False
44025,Long Island,META00165,1.1863278887756399,0.045148639815956515,1.1952010859152886,0.033015459901757777,0.79091633889653079,0.018774727854673434,0.83670641109359922,0.021448068214158417,653037.72572857328,51,8192,0.0062255859375,0.0062858537776150376,1.10368716915127,False
44025,Long Island,META00166,1.0177669920220964,0.053654119082340648,1.4316886004927376,0.038972792784452981,0.75039014368118662,0.024379756497907846,0.78439844416853999,0.018669907015515699,727757.32876076177,114,8192,0.013916015625,0.013975344806542171,1.1749208559603885,False
44025,Long Island,META00167,1.4156884195458956,0.03928071816078281,1.0948867286019854,0.041817077230157845,0.92216218512108683,0.019898438518593905,0.78513693314003385,0.024222982549689152,718346.8888335611,8192,8192,1,0.99993897229342121,1.8176533939807413,False
44025,Long Island,META00168,1.4029757068341371,0.039907623460709113,1.0225902191859508,0.025486145098743793,0.86202670961537753,0.020452902334148183,0.71583272784136365,0.022542134984957524,620554.39035550237,606,8192,0.073974609375,0.074026608080068348,1.3755775570339503,False
44025,Long Island,META00169,1.2546461252106711,0.055836079588582777,1.3779585102566383,0.031676475745898054,0.82138358575059978,0.017240893362742826,0.83125793693144079,0.017331897663880616,676093.50805653562,261,8192,0.0318603515625,0.03191749054070548,1.2529073724894761,False
44025,Long Island,META00170,0.97646230993153804,0.054985378116874262,1.2521406607522827,0.041671308748491717,0.77200590314759743,0.01637570839917827,0.87119595511237569,0.019578841394944334,675613.38323892164,16,8192,0.001953125,0.0020139143170999634,1.0189095298540107,False
44025,Long Island,META00171,0.97698564792810028,0.060226241517600837,1.1319830114565368,0.028685303051535584,0.77316416603361149,0.021872548056787032,0.67420104028060801,0.019339818676301267,622526.83532232232,172,8192,0.02099609375,0.021054558769681434,1.1908735000457509,False
44025,Long Island,META00172,1.153518799818217,0.054427823980562534,1.0206945605699167,0.032470601679257236,0.78521471104927121,0.016110371260244231,0.69967416123438997,0.025301972269862302,623083.76434149116,130,8192,0.015869140625,0.015928231417063347,1.1476140379823598,False
44025,Long Island,META00173,1.2097065748041493,0.063281633458296058,1.3052052210583807,0.025727863767259374,0.86544100522339873,0.023831717771663558,0.69131833755166971,0.023738071244761884,715519.37908381841,8192,8192,1,0.99993897229342121,1.1849477962885107,False
44025,Long Island,META00174,1.1485255910570795,0.047489614863767196,1.1033634265837942,0.039989115934065601,0.87911381276903078,0.021871573983144058,0.76066285441685288,0.017837103341926973,684944.04002127331,8178,8192,0.998291015625,0.99823019650921518,1.2414654383835158,False
44025,Long Island,META00175,1.3694747687346562,0.037042194985267882,1.3652182862737239,0.042249354704744307,0.95939522687950074,0.022435278721456477,0.86451569145512686,0.02235249089760552,786759.59309627453,8192,8192,1,0.99993897229342121,2.3477212313276823,False
44025,Long Island,META00176,1.3647672089199918,0.06034324564105386,1.2809944357984073,0.026255469150623507,0.80785855054586253,0.017899459010290074,0.83362104113977231,0.015253427083614289,654158.34741259716,35,8192,0.0042724609375,0.0043329671670938605,1.0921848672705152,False
44025,Long Island,META00177,1.1440570701236046,0.038299468555199875,1.1464392242848427,0.032791864395711627,0.64792949906669073,0.022183249341465632,0.94722098404823751,0.022125417093436031,638832.28378745739,480,8192,0.05859375,0.058647626022214086,1.3982327642083454,False
44025,Long Island,META00178,1.1427374783438864,0.058458792943857155,1.2373070897803971,0.034754815945237084,0.71805147031040018,0.023197443221099796,0.79553838248590603,0.016578492437085944,678842.35198246059,17,8192,0.0020751953125,0.0021359697302575369,1.0104945783712955,False
44025,Long Island,META00179,1.1366062853849719,0.062279843872727877,1.3259454719670059,0.044800881503535187,0.72809166038581075,0.023395766850339356,0.72503538107007537,0.018807940349823526,754480.18719108391,262,8192,0.031982421875,0.032039545953863054,1.0801015471312105,False
44025,Long Island,META00180,1.3690791806957876,0.056616136472679879,1.259873966752564,0.025886925873034101,0.64567826641759285,0.019571730612800847,0.75515763940673231,0.016817601879460155,623409.09168377984,47,8192,0.0057373046875,0.0057976321249847427,1.071756518843664,False
44025,Long Island,META00181,1.3866111048786616,0.064737391812204143,1.4285884666407695,0.036437718235679803,0.81518692607145493,0.01881922834799803,0.73364053822792075,0.021389963111910285,764064.04599149397,8192,8192,1,0.99993897229342121,1.5688587608290387,False
44025,Long Island,META00182,1.3773790385891322,0.037354799828510817,1.3721667787844383,0.042307263970118469,0.81663925571332507,0.02236029919978412,0.77352115087037521,0.019001208872987525,733092.5019853377,8114,8192,0.990478515625,0.99041865006713048,1.4338019143195491,False
44025,Long Island,META00183,1.1545612803997578,0.04889824913207802,1.322497661639737,0.035113477024023024,0.7299356485662658,0.016689359393367242,0.74963736257556646,0.021416373890278034,650804.99319327134,19,8192,0.0023193359375,0.0023800805565726839,1.016841713054252,False
44025,Long Island,META00184,1.2234635877149207,0.036817711077945202,1.3141957874719017,0.034061667346447819,0.75303507407325532,0.0232077014987177,0.8167882802597296,0.015556340329976374,650305.28996935883,48,8192,0.005859375,0.005919687538142317,1.108103561165481,False
44025,Long Island,META00185,1.1242836022660849,0.060257268567018962,1.0035535983152648,0.044025598930109995,0.82856954107824676,0.014474271527965224,0.75166348050743492,0.019230668800239548,649501.84497460118,43,8192,0.0052490234375,0.0053094104723544486,1.0262262346301292,False
44025,Long Island,META00186,1.1989686467648417,0.039316312307131028,1.1015226132741596,0.042366416642554666,0.93991547956027821,0.022860991259692768,0.64418677065334318,0.014195446710294509,675153.50751578156,8192,8192,1,0.99993897229342121,1.6644837634985974,False
44025,Long Island,META00187,1.0601131375648456,0.045225983427004519,1.1569099580069602,0.044598233872409257,0.7844712454891839,0.021234876791827055,0.71814206968917971,0.015776446534339791,664096.9897993122,6,8192,0.000732421875,0.00079336018552422804,0.98599193208755387,True
44025,Long Island,META00188,1.2773213590907817,0.03633086393749408,1.3746557796337036,0.025821061825550037,0.72500494013183692,0.019083033104079862,0.8467255893406892,0.01523768741560151,587391.59678303567,100,8192,0.01220703125,0.012266569022336141,1.1622120975443211,False
44025,Long Island,META00189,1.0357085604029299,0.062672404371362192,1.4161612021975378,0.038925633602598965,0.95519074100903167,0.02484831119608806,0.94822246749143735,0.014747986659594618,790532.53045974916,8192,8192,1,0.99993897229342121,2.0805630567354445,False
44025,Long Island,META00190,1.4161998841754992,0.059524300692804122,1.2028072248320563,0.033439056103642645,0.85494035045813932,0.019698695168242249,0.81497033906983685,0.021459837225050616,731439.32556816656,8192,8192,1,0.99993897229342121,1.3949315843119072,False
44025,Long Island,META00191,1.1018516850049722,0.063097291249729334,1.3248824756513886,0.034526431448670909,0.84374982353377403,0.021842139827115831,0.95640012138993513,0.016832280549719081,728464.14682818635,8192,8192,1,0.99993897229342121,1.3962594749996995,False
44025,Long Island,META00192,1.1843934732341712,0.059242750170020161,1.4270281076155127,0.031734026965042579,0.65045717860010865,0.025014896750393468,0.76220441018436347,0.014076357675719154,677039.09185143269,40,8192,0.0048828125,0.0049432442328817281,1.098714968352354,False
44025,Long Island,META00193,1.1494490184861321,0.03519035431284448,1.0216148441694435,0.03731614307096523,0.76575530689212268,0.020201772818055085,0.72553809120616819,0.016041296623026589,589783.0084595494,120,8192,0.0146484375,0.014707677285487612,1.1465671794979171,False
44025,Long Island,META00194,1.4310723431975605,0.064411968759343824,1.1730654491518626,0.034740405535367787,0.76663772428167209,0.018779507855547769,0.83460076971356401,0.01480500454853423,697013.20810799859,35,8192,0.0042724609375,0.0043329671670938605,1.0719123171289,False
44025,Long Island,META00195,1.1849889391442476,0.042359638843452334,1.1890487951941053,0.03925856130511475,0.86336974141227718,0.016463617955464156,0.71732348590626283,0.017053933917906987,635709.3555732182,5863,8192,0.7156982421875,0.71567191504943239,1.2812762045171922,False
44025,Long Island,META00196,1.2728042237498742,0.050837844101530381,1.1264897630662931,0.028870540349237632,0.76328158621426234,0.022196801155147376,0.89731328185015036,0.014354126034979951,637150.40179673256,135,8192,0.0164794921875,0.016538508482851214,1.1816277881097259,False
44025,Long Island,META00197,1.0122520355663052,0.058877883400764788,1.3645958203002007,0.029868268749550828,0.86311244680140931,0.017587372275855037,0.93052849336547183,0.015998941953736478,654954.51000614127,8192,8192,1,0.99993897229342121,1.3499048345922238,False
44025,Long Island,META00198,1.015343554851287,0.064724982237847395,1.2683802666919943,0.029822049379717528,0.78926360463660661,0.016577619924742864,0.86337030012890759,0.019417589384497228,645920.53689733823,32,8192,0.00390625,0.00396680092762114,1.0679799969602708,False
44025,Long Island,META00199,0.96399003064205868,0.064045466917112243,1.3092102563088444,0.026316871143011865,0.72126699724846888,0.018096827123122283,0.81723779407704111,0.025687392026248441,647887.64678045723,68,8192,0.00830078125,0.0083607958012937873,1.1386431473686884,False
44025,Long Island,META00200,1.061442075352949,0.03675636922837737,1.1863864087382188,0.024557307743382537,0.67265858873864526,0.016379512362382446,0.8309906714145685,0.01945835600127958,540472.04603272059,1116,8192,0.13623046875,0.13627486879043085,1.5542100696290189,False
44025,Long Island,META00201,1.4280877560046903,0.058021904818904776,1.3115205029487373,0.040296900326337259,0.69162323292125338,0.015738030391644755,0.82232083046344495,0.018617214736570662,712133.30055586318,9,8192,0.0010986328125,0.0011595264249969486,0.97462339536934484,True
44025,Long Island,META00202,1.0663081756245045,0.055755408153163391,1.1712949948768321,0.026829823322321145,0.67573735673018653,0.015671834414339406,0.66096681108153654,0.020994132258467409,569993.31014484249,211,8192,0.0257568359375,0.025814719882826805,1.2126538092170811,False
44025,Long Island,META00203,1.0842874628164203,0.055176000199500114,0.96878150806936369,0.028012316673561546,0.95781119333097542,0.024488960316788443,0.83891100314527911,0.019898655005562753,684856.88909365679,8192,8192,1,0.99993897229342121,1.3662788205038372,False
44025,Long Island,META00204,1.2705129990385109,0.041245580230698818,1.0479073092665783,0.029839131720343498,0.79550468694468601,0.016809515047571048,0.84028553643022397,0.014904249809683282,575372.65456882177,294,8192,0.035888671875,0.035945319174905406,1.2560131072244749,False
44025,Long Island,META00205,1.3757707313155172,0.042326926034546915,1.1243972400066133,0.030765235471047397,0.95098471788072636,0.017484133219743781,0.82453581235723883,0.019067267383821626,648152.64974074333,8192,8192,1,0.99993897229342121,1.5783382887865729,False
44025,Long Island,META00206,1.1574296886994979,0.050043292425732189,1.0114969681121173,0.042935363523512654,0.66115345453288443,0.02363730922796552,0.82240324406315102,0.025277892647500154,695143.81614049338,3,8192,0.0003662109375,0.0004271939460515074,0.95928854011658027,True
44025,Long Island,META00207,1.0381055348084816,0.039965569704446445,1.2460009654001645,0.025238993831730526,0.76228018920494589,0.023339762868891792,0.84804609392242936,0.020720637460644991,621716.87584743369,450,8192,0.054931640625,0.054985963627486881,1.3617863260053604,False
44025,Long Island,META00208,1.4270163965282558,0.041914410641433017,1.3395006741282842,0.026101223570802756,0.80351490867529085,0.021653051067755752,0.92329668815722321,0.021791671006116134,685185.59736844723,62,8192,0.007568359375,0.0076284633223483462,1.1387719587039824,False
44025,Long Island,META00209,1.0143595545511908,0.035714720940448107,1.4006021930145396,0.027813737375169886,0.69763108179067645,0.021044918177233182,0.7466923801539298,0.018258335619330344,590769.76723383856,522,8192,0.063720703125,0.063773953374832174,1.4133456493002399,False
44025,Long Island,META00210,1.0939915392065911,0.052716827511184859,1.4152281055183806,0.027522484224971736,0.89055763309571445,0.017234612038899109,0.90751998480262375,0.015147635302715975,640668.02415318869,8192,8192,1,0.99993897229342121,1.4355359589177843,False
44025,Long Island,META00211,1.0385952290868654,0.047662532219945229,1.2725572141023627,0.029165806617673609,0.68718719605626921,0.017042983244964099,0.9158798785791773,0.021318248962239335,617043.07143026509,179,8192,0.0218505859375,0.021908946661784449,1.2864148068784476,False
44025,Long Island,META00212,1.1166577612863828,0.038139354896399434,1.0263286111976655,0.028935680766467423,0.90357233297801842,0.021374365742519406,0.86309081493172235,0.023778593435074831,647944.14128809015,8192,8192,1,0.99993897229342121,1.3756073117553036,False
44025,Long Island,META00213,1.2888141450310968,0.045832578126947493,1.0098310985234409,0.038061410526797512,0.69261560439971337,0.019884512138440519,0.94559224845027401,0.014861230159011685,626660.31148610637,26,8192,0.003173828125,0.0032344684486756989,1.0673062676328877,False
44025,Long Island,META00214,1.1078311177568001,0.049782665239123322,1.2168022148771669,0.03140572484858032,0.86594829232828807,0.020372429560619375,0.81432979632517755,0.016343548755861113,649256.60871516156,8192,8192,1,0.99993897229342121,1.227808414670148,False
44025,Long Island,META00215,1.3446524396323478,0.039696922537438936,1.1972636315198293,0.041495066471109392,0.76107654899837129,0.025417994420967004,0.73655788596201821,0.025140615118810924,733024.39604972734,113,8192,0.0137939453125,0.013853289393384597,1.0393621150985368,False
44025,Long Island,META00216,1.1233965461782427,0.049060046937364918,1.2462675796497313,0.030515313425744286,0.77488660793768083,0.025349296417215117,0.75347485251981228,0.015525633627326516,655570.9646844354,69,8192,0.0084228515625,0.0084828512144513608,1.1231051410584525,False
44025,Long Island,META00217,1.0100858818106271,0.045137416925020976,1.0763768353395011,0.026998731085600417,0.74807932890959972,0.025524639360125091,0.83449883752285303,0.015712068248366476,604707.35233015672,614,8192,0.074951171875,0.075003051385328937,1.3978069337994627,False
44025,Long Island,META00218,1.2614606144646761,0.063078447694021919,1.2478621124749005,0.038999077288737083,0.78682833721319512,0.021428999221897983,0.82412563054799504,0.020389462659726871,748869.36038857384,1319,8192,0.1610107421875,0.16105211766141828,1.1931188029189808,False
44025,Long Island,META00219,0.98343911708425868,0.056411432562055691,1.0798769126339813,0.037157744372203552,0.78430742437875156,0.019558399218046734,0.83983743311658965,0.02496550544838283,677404.54013062199,21,8192,0.0025634765625,0.0026241913828878309,1.0376248285964216,False
44025,Long Island,META00220,0.96884494257663989,0.041816159957102195,0.97241103717120492,0.025613383761840507,0.87273980383443572,0.023967637914327617,0.78744682311080672,0.017868707705593203,601062.76414690318,8125,8192,0.9918212890625,0.99176125961186379,1.5487155728234527,False
44025,Long Island,META00221,1.069176567621916,0.053222525034275575,1.222479121352513,0.039528516826906605,0.92058205843409469,0.015987594224743964,0.81189971882995593,0.014782974133209928,657730.92907880363,8192,8192,1,0.99993897229342121,1.5427129262544508,False
44025,Long Island,META00222,1.189429050249708,0.046571406719724616,1.3730454424161573,0.028889841260942573,0.79131489247779641,0.019810980782466198,0.83266043980992532,0.024717037888473417,680433.20730993664,57,8192,0.0069580078125,0.0070181862565604786,1.1396012446128061,False
44025,Long Island,META00223,1.1979704792284172,0.048079110191260516,1.1366613776649608,0.04435931271397562,0.87499228507198246,0.020278463215903639,0.87572144938301533,0.018773611839445106,718978.66506036953,8192,8192,1,0.99993897229342121,1.4518734666732898,False
44025,Long Island,META00224,1.1706062183370527,0.043775249163005722,1.4187236028142691,0.028371312543751966,0.76307478991412558,0.014837767008899274,0.83926364626365579,0.016035454250320463,596233.60727527551,49,8192,0.0059814453125,0.0060417429512998905,1.1088388835627649,False
44025,Long Island,META00225,1.3098455200970407,0.040717176868584171,1.1758813522597753,0.026557699903463787,0.90740015958902198,0.023989923750026086,0.90517239734555799,0.025432617659775968,712164.17126410734,8192,8192,1,0.99993897229342121,1.3423303354667506,False
44025,Long Island,META00226,1.2648599591906085,0.043924960991310366,1.225947184289895,0.044946294009332366,0.81588952507099144,0.02169370808876913,0.80163649101838275,0.023860035392265638,747985.29708710592,5807,8192,0.7088623046875,0.70883681191260828,1.3059981500633162,False
44025,Long Island,META00227,1.1038708673682731,0.051524183963465142,1.2116718258600987,0.039608879576786445,0.78837965033102253,0.025543271722276342,0.74613536149219462,0.024521228323452264,737888.37084429816,34,8192,0.004150390625,0.004210911753936287,1.0676288498874977,False
44025,Long Island,META00228,0.96212829664984012,0.051285396336545504,1.4319467409713502,0.03947945583178377,0.71497061286334573,0.018235012248215311,0.82813831900602874,0.022013005966448805,695120.9917183962,59,8192,0.0072021484375,0.0072622970828756257,1.1190990773853684,False
44025,Long Island,META00229,1.0576431315557702,0.047801201824219611,0.99236664306079625,0.033335545026699283,0.69083950922584025,0.022548633174973236,0.69185770327014906,0.014737518026850973,581009.18611213309,260,8192,0.03173828125,0.031795435127547907,1.2400241772336673,False
44025,Long Island,META00230,1.0814291554583524,0.04173527214697164,1.3214214138839266,0.033256545008419458,0.64278491597466714,0.019335593829656272,0.95475211554401551,0.018135261665212048,628949.03845795011,310,8192,0.037841796875,0.037898205785426582,1.3589604254497087,False
44025,Long Island,META00231,1.0501452863157517,0.053277243798126463,1.3300206976073494,0.031240855265162879,0.95440793876140639,0.014534676894064461,0.64732370571674269,0.019435073926301852,626022.25397936103,8192,8192,1,0.99993897229342121,1.601190182591792,False
44025,Long Island,META00232,1.0647956309189126,0.05033733323775199,1.3818472933676986,0.041586282366800259,0.67736094911087541,0.019453381893195849,0.68894581312275915,0.017943287992737922,673979.35837618064,24,8192,0.0029296875,0.0029903576223605519,1.0290484954490919,False
44025,Long Island,META00233,1.3504989325089602,0.059542995026178325,1.1876331340792852,0.027200753963840606,0.93747931043216115,0.024644598816493793,0.85669475089102853,0.020367780602383301,748369.24264381069,8192,8192,1,0.99993897229342121,1.5654838001967604,False
44025,Long Island,META00234,1.3408357332056484,0.054007549345953559,1.4360955036935836,0.034582699341094675,0.82735671155666357,0.018925274630896279,0.69907699475627472,0.015376760121736187,696499.08184873255,7695,8192,0.9393310546875,0.93927743195410718,1.411296083435849,False
44025,Long Island,META00235,1.1276596876465745,0.040132126218067006,1.0989179075420261,0.035870556327912917,0.89192943905260114,0.01710227568214652,0.73063306855498544,0.020824125469483094,623943.58989202045,8188,8192,0.99951171875,0.99945075064079092,1.2119146662498252,False
44025,Long Island,META00236,1.4099402712891138,0.036158901305205986,1.2730335774344295,0.036033651613917903,0.8561024287976462,0.01444813444937066,0.89056550579259652,0.01955516673434755,650131.17377383867,8192,8192,1,0.99993897229342121,1.3515489225489246,False
44025,Long Island,META00237,1.3346515139581605,0.035020333324287813,1.1798724856603522,0.028982431824893951,0.70684855515849654,0.018210334234822767,0.90354636580076819,0.019290049924208356,600012.63509448827,173,8192,0.0211181640625,0.021176614182839008,1.2042797774437333,False
44025,Long Island,META00238,1.1250244344132725,0.043670813531897106,1.3991757658646695,0.025987552937220847,0.65279059786594351,0.024433456054725869,0.78261182066498503,0.022371374765878055,638341.4933680119,334,8192,0.040771484375,0.040827535701208346,1.380476620651786,False
44025,Long Island,META00239,1.1934222824680782,0.062755691950803424,1.0906985306924548,0.042644443961199902,0.6795068321540394,0.023983930074051491,0.91835863465414258,0.016155486086411087,712412.24722748401,1,8192,0.0001220703125,0.00018308311973636029,0.95429628914097975,True
44025,Long Island,META00240,1.348779722275117,0.061095653379876741,1.3334082483051324,0.025154424555376066,0.84319548377328868,0.019789044462318293,0.90681492945024633,0.025099162677349199,731198.29488234548,8192,8192,1,0.99993897229342121,1.2173442194472512,False
44025,Long Island,META00241,1.0517853283977083,0.062147780716016801,1.1470359859934416,0.033677071159695607,0.68873618213160837,0.025213077243428576,0.89175845127939568,0.021054455530950922,695566.16337286681,40,8192,0.0048828125,0.0049432442328817281,1.0721922629002649,False
44025,Long Island,META00242,0.99947864659433516,0.049466877073045541,1.201306835908756,0.041927878558772995,0.92280784660247661,0.019012421849682958,0.87295491488031973,0.015751503244799694,685716.33828607085,8192,8192,1,0.99993897229342121,1.4718263796498521,False
44025,Long Island,META00243,1.351577805869826,0.035784654382184457,1.1089005954469768,0.039690676346542608,0.92103640486301019,0.021950270815631476,0.87308213086581299,0.015478186687741115,683029.1755235272,8192,8192,1,0.99993897229342121,1.5888507182652456,False
44025,Long Island,META00244,0.99212681866829588,0.041479051985964542,1.2254848031942875,0.026002688712125143,0.70769772945798315,0.025743326466573471,0.92630331849597569,0.021102448080543734,636812.16185497469,1368,8192,0.1669921875,0.16703283290613938,1.6039308009824322,False
44025,Long Island,META00245,1.0781025312026986,0.048816565457280386,0.98878301808383384,0.027883274278110819,0.94114734661942601,0.015962027004636323,0.68599995889244281,0.020715882251893875,584179.90721943555,8192,8192,1,0.99993897229342121,1.3811284267134141,False
44025,Long Island,META00246,1.173580090772548,0.049091039480546605,1.0396378422744512,0.035288571109243848,0.66607774057975055,0.016091601257035855,0.78299001480572583,0.024680838981343205,619261.32391418354,59,8192,0.0072021484375,0.0072622970828756257,1.0921390685292243,False
44025,Long Island,META00247,1.0925619067381391,0.062719515001680215,1.29702439573309,0.026284709518825153,0.86116611478989702,0.019054858801711941,0.76475806144071434,0.020451363997712177,660650.24292139185,1973,8192,0.2408447265625,0.24087635786647138,1.1549774654567084,False
44025,Long Island,META00248,1.0082604968635518,0.062873029615902409,1.2552159026908973,0.030580814411986519,0.81436265894881332,0.017611168338937402,0.70472826245206666,0.02208854008485292,647047.26933094021,29,8192,0.0035400390625,0.0036006346881484195,1.0581468262066684,False
44025,Long Island,META00249,0.96659202801443056,0.061278524240432078,1.395800818577821,0.036079724496047329,0.87331083724864556,0.020517973472790271,0.74110866601359848,0.020075314661320065,713691.91417445336,8192,8192,1,0.99993897229342121,1.3780599588097973,False
44025,Long Island,META00250,1.2821059015407252,0.043824753973681442,1.2658502859123939,0.042823547380768809,0.64418163015145824,0.02425914815649971,0.7019537665552037,0.017112037958855228,685619.36379266751,3,8192,0.0003662109375,0.0004271939460515074,0.96639845276607139,True
44025,Long Island,META00251,1.1111716333328483,0.053520934200170386,1.2317375810332087,0.043484689727260217,0.85754698598011891,0.020180726783793269,0.73574212895103575,0.017551207345120241,709905.36448741332,8189,8192,0.9996337890625,0.99957280605394849,1.3813817987693924,False
44025,Long Island,META00252,1.0683220370537432,0.044172390858602528,1.3589094665748744,0.035396577010123262,0.90011531555153945,0.015528218523222753,0.81780387176731639,0.017438278179459105,646193.6824617862,8192,8192,1,0.99993897229342121,1.4682402023007477,False
44025,Long Island,META00253,1.0400181803894681,0.03534460822295387,1.344540182056658,0.032997764795578671,0.85879004423333472,0.025947431761166172,0.68806552785184483,0.019189452758250344,677063.99709692621,918,8192,0.112060546875,0.1121078969852313,1.2652606674009543,False
44025,Long Island,META00254,1.342040110408993,0.062603581753261736,0.98395020545339329,0.02732740905346108,0.81074822848259498,0.021453379427326093,0.8234040253387942,0.021478335446951657,683463.79893310647,281,8192,0.0343017578125,0.03435859880385695,1.2390074376512166,False
44025,Long Island,META00255,1.375266014429942,0.053693593795422337,1.0937451716573656,0.031467209849727423,0.92289427610590713,0.024246052366801697,0.93576533126640249,0.016736993387440079,727350.58986058005,8192,8192,1,0.99993897229342121,1.606006673812101,False
44025,Long Island,META00256,0.96004234627344265,0.055372162833342363,1.0448963080648397,0.026754513349175713,0.91806878764203748,0.0224743211632259,0.80090079718617091,0.014964027227278996,622615.56097065471,8192,8192,1,0.99993897229342121,1.3603043730064006,False
44025,Long Island,META00257,1.0319340630105374,0.062994833623309279,1.2325965728488364,0.034097425359725833,0.91025851259541635,0.025996139255538644,0.91567077368875593,0.023325971114582261,780212.20174396434,8192,8192,1,0.99993897229342121,1.4436223559023389,False
44025,Long Island,META00258,1.2129865261398804,0.056152893222857728,1.2690946511525958,0.040850280094041153,0.77410571022229935,0.019934557875716661,0.86052288264811716,0.015222038272091998,705622.63113955979,395,8192,0.0482177734375,0.048272915903820338,1.1552729384489515,False
44025,Long Island,META00259,1.0795862855700955,0.05136987042697324,1.1917329811378423,0.033995623365519596,0.73818158411007095,0.016289961096357049,0.80903918796270269,0.020832358714689449,628302.50650638598,24,8192,0.0029296875,0.0029903576223605519,1.062145407848569,False
44025,Long Island,META00260,1.1753891585100928,0.04776406583346636,1.3042176540450754,0.027473286929455106,0.89375307166603135,0.019623073612189179,0.84909114161022092,0.015897807553240106,643590.37770262361,8192,8192,1,0.99993897229342121,1.3374076861301643,False
44025,Long Island,META00261,1.4231157006355055,0.04998340446716934,1.1658676562361701,0.024991194442693467,0.80049983135800939,0.014284246326860142,0.95153356624666841,0.019391625344249881,622298.90532716445,204,8192,0.02490234375,0.02496033199072379,1.1990856401673486,False
44025,Long Island,META00262,1.1873008479431826,0.060900493510955486,1.4176736428487824,0.034160834649494286,0.85402250619596976,0.021292548992070354,0.92793038616664014,0.020538257909189998,760488.55404622259,8192,8192,1,0.99993897229342121,1.5432934914398528,False
44025,Long Island,META00263,1.3030171689635126,0.043353038377187618,0.97638543374265474,0.043349235521330312,0.88236808716463022,0.024689366747310579,0.80997774913618892,0.021714811766756614,726634.31355012744,8192,8192,1,0.99993897229342121,1.3834017000342957,False
44025,Long Island,META00264,1.3460663571767757,0.05915729293849406,1.0359029216848632,0.033867863380131029,0.76174109936809697,0.019749384695514436,0.79874910795733312,0.021730618597505844,683796.3208143519,20,8192,0.00244140625,0.0025021359697302574,1.0334673496641036,False
44025,Long Island,META00265,0.98926980073898729,0.045040810807055916,1.4065576122002952,0.030203566130909028,0.91213701269423586,0.015233095677599737,0.93540512980486079,0.025751005431411525,675182.16340726335,8192,8192,1,0.99993897229342121,1.5167597949701799,False
44025,Long Island,META00266,1.3682586582120166,0.03826457289403519,1.0572712355765634,0.033926381429327489,0.75247000123097307,0.016615182465818657,0.94566650036178634,0.022978387206834337,638450.33992276015,91,8192,0.0111083984375,0.011168070303917978,1.1452906627806951,False
44025,Long Island,META00267,0.96374617047771161,0.043132691518300154,1.2534305624194233,0.025193444517161875,0.69220625845618733,0.020748594828775415,0.83004479306018353,0.016770783022570603,570657.94528615894,1035,8192,0.1263427734375,0.1263883803246674,1.5467675462229198,False
44025,Long Island,META00268,1.0141089760977897,0.040862020981785208,1.3861553634853818,0.042996083216585407,0.70097491797776978,0.017328581853633816,0.86185711180457814,0.016384630703814962,660901.47731532296,37,8192,0.0045166015625,0.0045770779934090075,1.0788758306219308,False
44025,Long Island,META00269,1.1296293961365056,0.042383882884388817,1.230894015669608,0.041845748315877292,0.94544302684541326,0.02141881986020161,0.69876761689646605,0.025510548152094796,734214.20226563176,8192,8192,1,0.99993897229342121,1.7544994503004403,False
44025,Long Island,META00270,1.0981116402426352,0.039024971834549019,1.3678027390897218,0.032773994193028323,0.76055990426209208,0.017434353965688543,0.78826652552553955,0.023470165415212137,642371.57668798487,66,8192,0.008056640625,0.0081166849749786402,1.1361976249878254,False
44025,Long Island,META00271,1.1258886034781102,0.050021697352181121,1.3256846200066608,0.039018504202177104,0.76638658907562041,0.023361684588824649,0.89587300462888619,0.020794200049780956,735813.24358847574,82,8192,0.010009765625,0.010069571585499816,1.1711346214500062,False
44025,Long Island,META00272,1.0312006766447213,0.044012384233419979,1.2805966777777353,0.04066913520455135,0.64066994446167791,0.017395141691148246,0.64835808718817833,0.015264092906552566,604825.4165388667,33,8192,0.0040283203125,0.0040888563407787135,1.0554983653140186,False
44025,Long Island,META00273,1.0866354688978284,0.064989922564554659,1.4150305439706192,0.035201608550654698,0.71676157409810792,0.022300746606377504,0.90187818095108907,0.025014202841771416,760381.46948181803,48,8192,0.005859375,0.005919687538142317,1.1288934820575316,False
44025,Long Island,META00274,1.3016165830557465,0.041302149825863096,1.3724086614243285,0.031836355267216329,0.88789588188377144,0.019442359415972513,0.67185634055492616,0.017370033088101183,656812.5501445824,8192,8192,1,0.99993897229342121,1.4050242530552381,False
44025,Long Island,META00275,1.2494084858896903,0.04841229388576325,1.2137673809808767,0.02967339124237257,0.64946742050885775,0.023659849589068319,0.76248922878111758,0.020518194674970097,643009.63132773736,76,8192,0.00927734375,0.0093372391065543753,1.13688301104983,False
44025,Long Island,META00276,1.1951864073505933,0.040636071348448058,1.3680085032746494,0.036840413174697897,0.65639560607463043,0.015140290605155877,0.87371989771484615,0.015231805739738875,616400.58277843497,26,8192,0.003173828125,0.0032344684486756989,1.0464904163594086,False
44025,Long Island,META00277,1.3763429472523896,0.059371637193932181,1.1001714828291964,0.042603858154736926,0.83268280444674014,0.01442621659074861,0.90161607565234503,0.021498708832128871,718903.29058720462,8192,8192,1,0.99993897229342121,1.4985209845076648,False
44025,Long Island,META00278,1.3184513656379726,0.04694176300546208,1.2162880582954765,0.035786531035881801,0.92410508075746089,0.014374232957230707,0.93371672834563246,0.02487022450282984,703029.97794310667,8192,8192,1,0.99993897229342121,1.7445066934987681,False
44025,Long Island,META00279,1.4179417898116775,0.050861928571362444,1.0144896254739453,0.032210274989854057,0.88619933026735465,0.019543039379352672,0.87981122891620678,0.021042499583954648,688892.68349510711,8192,8192,1,0.99993897229342121,1.3639418626651187,False
44025,Long Island,META00280,1.1062110620765242,0.060736873148483528,1.3800355449473005,0.038559969810858359,0.78242911227227563,0.020344194407365467,0.92997805191480931,0.025416263794858628,773565.29986030061,531,8192,0.0648193359375,0.064872452093250335,1.260109801739153,False
44025,Long Island,META00281,1.3500608393922484,0.038790813340498394,1.3207758740562825,0.032564695690628989,0.94493451441180587,0.01913086603692566,0.90439750501468952,0.023351619963996102,713915.20946032286,8192,8192,1,0.99993897229342121,1.7463858967404529,False
44025,Long Island,META00282,0.99857299049583781,0.040054390286927005,1.4024460963682119,0.024602388753622292,0.9547661698558213,0.015878454993210039,0.76150969065194818,0.016543254645308262,580918.73643045395,8192,8192,1,0.99993897229342121,1.456134732788898,False
44025,Long Island,META00283,1.1089783929935007,0.041528953699890368,1.2795435046040355,0.029942643625263693,0.92791326879047764,0.019361698647538752,0.80299852676455163,0.019264417315446838,648412.03557957627,8192,8192,1,0.99993897229342121,1.4134343873602939,False
44025,Long Island,META00284,1.1480396566965281,0.045869374083552419,1.0543700134620753,0.033102085762142977,0.84964172475535626,0.023162860264552693,0.66267267923491802,0.019995173018432507,647503.3730630239,136,8192,0.0166015625,0.016660563896008788,1.1715043173235733,False
44025,Long Island,META00285,0.97342308371573039,0.049951655978706981,1.1829495033481499,0.026152788864596471,0.92622161831189687,0.020877001741426968,0.80614353689117313,0.023955680643832213,656982.30753133062,8192,8192,1,0.99993897229342121,1.3162504422928241,False
44025,Long Island,META00286,1.2620643761973831,0.04719537183310462,1.063702352471501,0.044122364659696656,0.94677248765201694,0.02238334627128083,0.66207979527836114,0.017648002366311262,711825.66854220489,8192,8192,1,0.99993897229342121,1.9331153988763192,False
44025,Long Island,META00287,1.1301245505246325,0.057390217495067286,1.0364385147062458,0.041764697458651953,0.89786892049744882,0.019425741186491936,0.77710864137509872,0.020331639760666313,697470.77770931087,8192,8192,1,0.99993897229342121,1.336579399181085,False
44025,Long Island,META00288,1.0346037397686942,0.060385378270021592,1.2212773364633402,0.035445777484998116,0.86405464829982326,0.022979256801872634,0.81731444744175574,0.025358180479297485,742515.39639464894,8192,8192,1,0.99993897229342121,1.2224283150267923,False
44025,Long Island,META00289,1.0984682027848218,0.037303211502975511,1.2734472596643089,0.045442106558445328,0.79589280198256829,0.015979411407191838,0.88014012878413306,0.024488281261990069,700684.44581260509,402,8192,0.049072265625,0.049127303795923352,1.1298629731944267,False
44025,Long Island,META00290,1.3012441683023914,0.035501685939002874,1.0157379516794152,0.041722669934581985,0.88923556211625854,0.015433145522202544,0.70769812664139253,0.017925990405038984,608781.56923901779,8192,8192,1,0.99993897229342121,1.3751935158937789,False
44025,Long Island,META00291,0.96555488163201741,0.040491990506217782,1.2180444734223532,0.029891369759882658,0.81836437875200307,0.02096348712182803,0.75892162958799447,0.015468961276593156,597119.24500023306,204,8192,0.02490234375,0.02496033199072379,1.2536829278197443,False
44025,Long Island,META00292,1.1219603990101716,0.049836728399792168,1.0812977954073459,0.043083577234223271,0.74970110104706567,0.019235355350103699,0.8116493146267425,0.019661589871781932,667076.87177850807,2,8192,0.000244140625,0.00030513853289393383,0.95946767726261539,True
44025,Long Island,META00293,1.214620653376959,0.047715586888997984,1.2664708799145028,0.031086165893298167,0.93538309095724159,0.016348196079099316,0.92143238935308258,0.015274728103005807,644825.28294802236,8192,8192,1,0.99993897229342121,1.6343532346820058,False
44025,Long Island,META00294,1.2639248548997388,0.048969650008076564,1.1445442438125166,0.026178305201004486,0.73745422043993081,0.025691809433256128,0.76505038266631242,0.024841875204904815,672915.62714616989,250,8192,0.030517578125,0.030574880995972172,1.2308206875140011,False
44025,Long Island,META00295,1.4094638123956145,0.055810931433720679,1.1021032869134491,0.030878606372027922,0.65771737173475053,0.021626506248078652,0.84411124452546404,0.014876698671649851,643790.69871582044,36,8192,0.00439453125,0.004455022580251434,1.0563085538841857,False
44025,Long Island,META00296,1.2609250355571426,0.06264725566518943,1.0960627326412156,0.026478897347579158,0.72717015055644119,0.014320749828293218,0.8678598460393766,0.017746904600408297,607624.82580658828,187,8192,0.0228271484375,0.022885389967045037,1.1843736471993431,False
44025,Long Island,META00297,1.2161704506234088,0.061236646902542977,1.1498201015776486,0.035899220090060385,0.71906735478464845,0.018458188427073086,0.68769288541371099,0.02265859333103315,670426.64814129798,3,8192,0.0003662109375,0.0004271939460515074,0.96243799751267356,True
44025,Long Island,META00298,0.98588008197342825,0.051820643135144458,1.2481173406261452,0.044578912259796169,0.65742292586248663,0.022493913035231024,0.70377874502896154,0.019026169631802307,679562.54795878113,2,8192,0.000244140625,0.00030513853289393383,0.96006180828685905,True
44025,Long Island,META00299,1.2720998596355828,0.04942469674556401,1.1026989727536427,0.029214641516101827,0.76012096820911879,0.018944104087838816,0.91459576186308067,0.021878210341865829,651232.84940482001,151,8192,0.0184326171875,0.01849139509337239,1.1848640640014672,False
44025,Long Island,META00300,1.3105609903921203,0.058325241687489766,1.1625156740853517,0.036237708603709236,0.73331064651691069,0.018614838702173214,0.66568827137115616,0.016460413851430211,655769.70806101291,3,8192,0.0003662109375,0.0004271939460515074,0.97021167529555619,True
44025,Long Island,META00301,1.2272432251601477,0.04046226722010135,1.3325647333122899,0.037102730002760792,0.64473989782331143,0.019460079185062346,0.71709066929274612,0.024538471723311278,660613.75269849913,18,8192,0.002197265625,0.0022580251434151104,1.0207401404963188,False
44025,Long Island,META00302,1.2256502060967456,0.036770973417069405,1.2418829003079825,0.045124821990658884,0.84666008522401914,0.025363618043467658,0.85144872038811581,0.019081078118038251,748223.45588791615,8192,8192,1,0.99993897229342121,1.3575677918093245,False
44025,Long Island,META00303,1.3935456007559521,0.056633042953271977,1.2580754718874645,0.042859696318193849,0.93827422136036009,0.015570457899360169,0.72596518109713681,0.015086927794496899,716606.4356046454,8192,8192,1,0.99993897229342121,2.5703304081265532,False
44025,Long Island,META00304,1.279031866435939,0.036739438234717335,1.3177527549848349,0.037805152793881525,0.77869968621458541,0.025715628029866332,0.85487089802662963,0.017915149148933447,710870.76179639937,89,8192,0.0108642578125,0.010923959477602831,1.1534481348625423,False
44025,Long Island,META00305,1.4120284254386197,0.044246442849549962,1.2058890233832988,0.039369585823147396,0.919645671771952,0.024969026401019005,0.72657332547549347,0.020348201476437493,755129.25239048165,8192,8192,1,0.99993897229342121,1.8698455442517341,False
44025,Long Island,META00306,1.3927269031209155,0.054511926224310031,1.1768502148136317,0.035477166556530305,0.83098024700008133,0.017753382121924215,0.95192230502667918,0.023306103030949571,730034.26104451332,8150,8192,0.994873046875,0.99481264494080313,1.3592858989723686,False
44025,Long Island,META00307,0.97210696072615688,0.047338647088887721,1.2679448365752546,0.033769305612908834,0.82808545176245474,0.014657583714159402,0.91033349337622349,0.025128436440178648,655232.32429453928,100,8192,0.01220703125,0.012266569022336141,1.2078551618219491,False
44025,Long Island,META00308,1.0430193528458043,0.053814309625364674,1.1932498022166909,0.033294108251227507,0.75392948633938484,0.023661265831326897,0.71194992774097898,0.017380542026489164,650708.48616835801,33,8192,0.0040283203125,0.0040888563407787135,1.0802103179419587,False
44025,Long Island,META00309,1.2111142526714607,0.056532939125152351,1.1311232222351306,0.031804633852439555,0.79752592981389869,0.016512345577468144,0.91321530936072337,0.014491787350623802,626425.27489833103,59,8192,0.0072021484375,0.0072622970828756257,1.1125925712437967,False
44025,Long Island,META00310,1.278471448736441,0.053983650565265315,1.4280034503311192,0.031762044174790241,0.86260840824869578,0.017053163177329314,0.94795143593324904,0.025079129690569236,740230.39321649563,8192,8192,1,0.99993897229342121,1.5348586102862702,False
44025,Long Island,META00311,1.0747427211522909,0.037574649489174647,1.288225549945649,0.043851787900263201,0.88323646308802173,0.014210967265811753,0.82763284453964692,0.019504436227535303,662438.01776605134,8192,8192,1,0.99993897229342121,1.4619902196177799,False
44025,Long Island,META00312,1.147568546741021,0.056385350834643744,1.2817967599216751,0.039660162588642869,0.95713405911262961,0.019743168107888544,0.89854009846750171,0.021413590065648455,761929.23276087327,8192,8192,1,0.99993897229342121,2.0100503217056662,False
44025,Long Island,META00313,1.2239535297052961,0.058272462019531887,1.22688412866453,0.030476684287184436,0.72379704429293013,0.023410959240007682,0.6844830072881154,0.015153833338097866,652751.09323406708,19,8192,0.0023193359375,0.0023800805565726839,1.0323929553845574,False
44025,Long Island,META00314,0.9710117171985162,0.041767167868129618,1.3837642512014128,0.03846106471352663,0.94790608776813989,0.023232587929264387,0.85851393115472918,0.024068995554990633,760033.27822630294,8192,8192,1,0.99993897229342121,1.6476129222317082,False
44025,Long Island,META00315,1.2023878129896171,0.0608144674691138,1.2755556878480074,0.039806266154890503,0.79490901367380862,0.01503944046499563,0.72121074998257317,0.024777133113815734,706834.00696794584,1697,8192,0.2071533203125,0.20718906383498109,1.206075637817033,False
44025,Long Island,META00316,1.3783733746041635,0.05730917871795696,0.9916259889577933,0.036279423616284112,0.77509043613856921,0.023682910314852458,0.91617467083672932,0.019561525151268098,718466.65446527454,40,8192,0.0048828125,0.0049432442328817281,1.0727003527309724,False
44025,Long Island,META00317,1.4233729197375347,0.064170600770310088,1.3512363822055538,0.045251828079990244,0.87847647052844757,0.015798309388533879,0.71000252509557327,0.023804671140160244,795301.1783769842,8192,8192,1,0.99993897229342121,2.5823762655457916,False
44025,Long Island,META00318,1.4154274048479591,0.051126144568706781,1.3245444042854404,0.028051152785998887,0.84126537130403933,0.017183048723427564,0.76628802431667098,0.017228882145585187,652167.77370074997,86,8192,0.010498046875,0.01055779323813011,1.1682360078151701,False
44025,Long Island,META00319,1.1341213916913941,0.057618664944007789,1.2103438632938075,0.037215268284230538,0.91642474789356398,0.024268474741994041,0.8762723852958253,0.01623254925441614,740376.01485831384,8192,8192,1,0.99993897229342121,1.5685936928739841,False
44025,Long Island,META00320,1.1693926541179702,0.042698077855769075,1.3979319568710156,0.044989940223149033,0.86718190291961994,0.019555426913477329,0.88434278697757329,0.023689812949923061,772894.8820925391,8192,8192,1,0.99993897229342121,1.6951262693034219,False
44025,Long Island,META00321,1.1157946203713993,0.06427777331828366,1.0692960193851655,0.03172195843692141,0.83920356326416012,0.01568937451650829,0.80005507911609008,0.015758646701153456,619208.11450967134,127,8192,0.0155029296875,0.015562065177590626,1.114987961818295,False
44025,Long Island,META00322,1.0846901856847533,0.057878692225473878,1.1134770476551712,0.039919345062040715,0.79968563898660339,0.021675170700607108,0.93285622891018838,0.018477952567041999,705526.03225970548,36,8192,0.00439453125,0.004455022580251434,1.0785350821383703,False
44025,Long Island,META00323,0.98218014461738834,0.054658387878746037,1.0749697135751681,0.0306594009566818,0.76400793783787957,0.020293950611137694,0.95924251684572703,0.022263068387103145,651349.47323903767,202,8192,0.024658203125,0.024716221164408643,1.2442045667693249,False
44025,Long Island,META00324,1.3941327336422649,0.064957582448639667,1.0687210187570071,0.045146753898965622,0.94928968323723262,0.023519989267307081,0.65576007907615597,0.024749808643304949,811806.63818612671,8192,8192,1,0.99993897229342121,2.5940198643203796,False
44025,Long Island,META00325,1.4220321722713463,0.057006946696806518,1.2940385215917649,0.03305952182535022,0.89707904010601514,0.020634774217993257,0.91756732106429317,0.016306214508039492,736788.06487694406,8192,8192,1,0.99993897229342121,1.7473815897837894,False
44025,Long Island,META00326,1.0442900900716168,0.048478471796530045,1.4296319767905172,0.033173650738863442,0.79713349762302199,0.014926866500369177,0.68844766338203867,0.023731822384327618,642363.25230611069,129,8192,0.0157470703125,0.015806176003905773,1.1714835931670053,False
44025,Long Island,META00327,1.2004063130988976,0.053733737044422442,1.0005994440693642,0.035524685200332057,0.68945232405680812,0.014724070163080931,0.78626635420285806,0.015447936008523254,582404.55756260862,55,8192,0.0067138671875,0.0067740754302453316,1.082211230963356,False
44025,Long Island,META00328,1.3424831172175153,0.050405255426830733,1.2912331758684794,0.038285876496429151,0.95601440717167119,0.016154184590556623,0.77675126410178441,0.020026539864285497,712104.69016006053,8192,8192,1,0.99993897229342121,2.2364890134164526,False
44025,Long Island,META00329,1.4177182190607132,0.060133242905584562,1.4030439139811441,0.032068695662114781,0.68221647574519817,0.025254173269660941,0.86826218728356708,0.021868031871709159,762925.31185319892,13,8192,0.0015869140625,0.0016477480776272428,1.0091133132121826,False
44025,Long Island,META00330,1.1505343770783047,0.054367261599174453,1.2023278295098323,0.030427137576651636,0.80891439477670735,0.017225550831687371,0.80254624426222632,0.02291736292909401,653185.0414787872,54,8192,0.006591796875,0.0066520200170877581,1.1145028642800936,False
44025,Long Island,META00331,1.146862660256784,0.06313843441769236,1.3868370297509174,0.025101160337249368,0.8298627603025166,0.018014769213404863,0.90413652392328636,0.021296027845999876,680058.26109799906,7917,8192,0.9664306640625,0.9663737336750885,1.1907617586521453,False
44025,Long Island,META00332,1.3470771813220959,0.043805614084746064,1.2637992108266516,0.033547788409289944,0.95066532766234491,0.025457177463164352,0.73300358279237088,0.014672697628774727,717569.59796095267,8192,8192,1,0.99993897229342121,1.7301374184911165,False
44025,Long Island,META00333,1.2225091062513251,0.035563640161014293,0.97253460002251035,0.041225065145569922,0.79852274717849325,0.016870351859127442,0.64124627264285672,0.019495542347287509,589940.69309891912,42,8192,0.005126953125,0.0051873550591968751,1.0644188892808419,False
44025,Long Island,META00334,1.1446473395367167,0.040459660918007109,1.284913266491938,0.03755979522063576,0.83956754073560325,0.022815182535077347,0.69479682432337075,0.02573795606036644,709301.71716794209,1986,8192,0.242431640625,0.24246307823751984,1.2165158622124361,False
44025,Long Island,META00335,1.0859555834229602,0.054080751449141734,1.376684447068615,0.042091719383695103,0.78070659934526732,0.025114141526943093,0.71976124775191885,0.023642034961044972,768368.15615680593,2206,8192,0.269287109375,0.26931526913218601,1.2056332667157879,False
44025,Long Island,META00336,1.3597207464579792,0.048211628993303696,1.1816321264979452,0.04262415110166301,0.65595886830652339,0.017427649093372646,0.81994357433004372,0.021350223323006734,684758.11033132731,1,8192,0.0001220703125,0.00018308311973636029,0.93485376642841489,True
44025,Long Island,META00337,1.2469224574682589,0.056780487264618845,1.0758944780885282,0.0424638910188916,0.89019393400535007,0.025396602905579838,0.9169746275757823,0.019686812190900529,777681.60772701574,8192,8192,1,0.99993897229342121,1.554322819437747,False
44025,Long Island,META00338,1.3932512642773278,0.046807191276213592,1.0248395691323284,0.039449763197728971,0.94041295529485325,0.02290171034416421,0.9203647943019333,0.014147166796633599,710525.94182443165,8192,8192,1,0.99993897229342121,1.8482452511618841,False
44025,Long Island,META00339,1.336179819508003,0.045942207300080987,1.4140219934467304,0.02663519795948955,0.94994195834903739,0.02125955624819564,0.71263302635766246,0.024270954115866175,706655.76684419403,8192,8192,1,0.99993897229342121,1.6086842819221716,False
44025,Long Island,META00340,1.335581828696556,0.036364533204522168,1.4249902220464776,0.037366167577674067,0.83231849051701046,0.02059740622961756,0.9122865360836796,0.020457019533834036,723329.24678172194,7410,8192,0.904541015625,0.90449163920419873,1.3941721420848003,False
44025,Long Island,META00341,1.2212678546091964,0.050134807457608212,1.3273025959508784,0.033488177511142546,0.7342867096430854,0.021591510112876057,0.72935835867516552,0.018986333598844145,672119.59665435087,24,8192,0.0029296875,0.0029903576223605519,1.0392216428720673,False
44025,Long Island,META00342,1.3531020991455041,0.049258531538257988,1.0972279998773846,0.038015527086841361,0.83184989062731796,0.023597332227499213,0.71386753448763052,0.014985522725522336,686868.04121265048,3053,8192,0.3726806640625,0.37269620407665077,1.2076647170863135,False
44025,Long Island,META00343,1.2850913176970671,0.049544130724266666,1.2145567841161433,0.040694809496000309,0.86625365367002405,0.020010362063100542,0.81547445698671095,0.014697199441828381,699037.96293097851,8192,8192,1,0.99993897229342121,1.5041778896120768,False
44025,Long Island,META00344,1.2295075249506386,0.037278946672400011,1.4335968720517458,0.02817727681754938,0.93176202077584525,0.020433161163655025,0.79648325611027271,0.016101883561116356,651751.55132634379,8192,8192,1,0.99993897229342121,1.5026211819546076,False
44025,Long Island,META00345,1.3944331667825336,0.045689249593130435,1.4052426643899123,0.025602496174381519,0.7729744303019237,0.014069933516824061,0.78071621044155826,0.020166414986891111,613861.4665968403,18,8192,0.002197265625,0.0022580251434151104,1.0380698010892453,False
44025,Long Island,META00346,1.1654342663729182,0.040546896945880657,1.13845572658355,0.039908802506567233,0.78493806487675666,0.025256163112919151,0.90212739716111034,0.020695291033641601,710264.28625956993,45,8192,0.0054931640625,0.0055535212986695956,1.0952872345786662,False
44025,Long Island,META00347,1.0545685071538526,0.06139791696414533,1.2240466831211068,0.044822426030906456,0.81463438218295925,0.020540325646106018,0.85338737459505687,0.019944411251480932,742290.45603860612,1333,8192,0.1627197265625,0.16276089344562431,1.1637558604477476,False
44025,Long Island,META00348,1.1591825256113213,0.038022388462752021,1.1807449044312439,0.032246482525524298,0.90962516839702845,0.014201105062343969,0.6482458700449617,0.024590812041724586,600211.60876935173,8192,8192,1,0.99993897229342121,1.2942546450438686,False
44025,Long Island,META00349,1.0077359666234227,0.042789221318178985,1.0821980781786105,0.045078113643251996,0.83263324226569657,0.022920196095332183,0.83687069186467056,0.017088322725492249,682066.43241831474,12,8192,0.00146484375,0.0015256926644696693,1.0007309393404473,False
44025,Long Island,META00350,1.0850234430697003,0.058909167922618945,1.3894047799283571,0.044778380126272013,0.8348310905842915,0.021597994720124622,0.74997170029794591,0.02517715555670514,791961.16021197743,8192,8192,1,0.99993897229342121,1.5412116501510764,False
44025,Long Island,META00351,1.2861127458308705,0.042150004022654348,1.2823117087048397,0.027973124723977658,0.71195778991525283,0.018288839407796798,0.92080033041408615,0.015805620896764891,606163.26932473364,80,8192,0.009765625,0.0098254607591846694,1.1588651457238373,False
44025,Long Island,META00352,1.2589601406912536,0.051583206866847475,1.3405713453382286,0.041756867309639595,0.95999776223809419,0.017311118471251285,0.83231127608953359,0.017457596764985893,736294.90810317791,8192,8192,1,0.99993897229342121,2.4108502846126667,False
44025,Long Island,META00353,0.98780659598397436,0.046027823017656441,1.2177437058578191,0.030691760085062678,0.67100090395364953,0.016923179233709125,0.77138357360259624,0.01614455716718553,565454.67174566269,243,8192,0.0296630859375,0.029720493103869157,1.2837036987413382,False
44025,Long Island,META00354,1.4244066913576208,0.036315881990083058,1.3996259505420559,0.03196284300695356,0.9030971023082075,0.015659786801644322,0.6589228210759368,0.015029657461609402,620180.84525247826,8192,8192,1,0.99993897229342121,1.5446217388772834,False
44025,Long Island,META00355,1.2549706974590247,0.048786923269735785,1.4231418556797235,0.04189968335648369,0.89302746185115767,0.0200891822428786,0.94458489325816952,0.021585509380480788,788995.43437270576,8192,8192,1,0.99993897229342121,1.9761034006312395,False
44025,Long Island,META00356,1.3891672436026705,0.047101000501927295,1.4270718360797221,0.025642297028503926,0.78581538534947293,0.022117201492452884,0.81388591163527257,0.023131245305324562,694046.66308738652,27,8192,0.0032958984375,0.0033565238618332724,1.0615799081417283,False
44025,Long Island,META00357,1.2593662061747528,0.059279843749643651,1.4182253172283548,0.031264295270431494,0.66298571039758836,0.01460392282742367,0.72237941771585379,0.019200640795507262,643848.03949883929,2,8192,0.000244140625,0.00030513853289393383,0.96014819475406543,True
44025,Long Island,META00358,1.0137000361640822,0.046429068122928463,1.0330699450924137,0.027436594222609436,0.89866453825872528,0.016337652245818728,0.74239884547459623,0.024443436701180443,595640.7777691955,8192,8192,1,0.99993897229342121,1.3897160525912593,False
44025,Long Island,META00359,1.3439283684734815,0.053258132173521822,1.3324414000977245,0.034615789401217484,0.84239104234660256,0.015588375334318233,0.86254611299725836,0.019796516965549536,695440.6420776645,8192,8192,1,0.99993897229342121,1.4082810313472278,False
44025,Long Island,META00360,1.2636297872699978,0.040556096525897159,1.0932176817657666,0.042339973765038508,0.95766739157202685,0.015948229489421976,0.89781419099843451,0.020876535612786899,683407.25177092629,8192,8192,1,0.99993897229342121,1.9003484054074755,False
44025,Long Island,META00361,1.3882294960797867,0.037678627085040696,1.2764847890128139,0.041130630088279996,0.72141860474430008,0.01625372460450478,0.751255706297426,0.015019037129247771,635696.51537771686,3,8192,0.0003662109375,0.0004271939460515074,0.97175693204415392,True
44025,Long Island,META00362,1.1040654961890688,0.038965251277076403,1.0275826034230822,0.036941031034125861,0.81917077794313575,0.014005911760656058,0.66407519330571174,0.017168388639428597,557719.49477636907,116,8192,0.01416015625,0.014219455632857318,1.1428555568843284,False
44025,Long Island,META00363,1.1592606495659223,0.047285861438615046,1.336317676625383,0.038260637189287086,0.70980105231180035,0.017287961184942302,0.68002024606913891,0.016717690528922372,639430.68113329704,13,8192,0.0015869140625,0.0016477480776272428,1.0048833459421569,False
44025,Long Island,META00364,1.0698963088701938,0.064505370374660365,1.3442489747968769,0.043121899541457967,0.75833819398316094,0.019252485256708994,0.73145372365768513,0.018079541025014498,722107.50383949326,334,8192,0.040771484375,0.040827535701208346,1.1085095335862514,False
44025,Long Island,META00365,1.4204199722576423,0.048632302531246702,1.0470280856815708,0.043325649956634071,0.92993495451848474,0.019686164098085476,0.76929790984732971,0.022313129597397313,731375.87896699924,8192,8192,1,0.99993897229342121,2.0556040706637844,False
44025,Long Island,META00366,1.3020641675847173,0.055784956624237325,1.0613080402349624,0.031046135253630931,0.79911018728720562,0.014247923199345532,0.66851263389154514,0.019011466800386075,603502.76419022202,77,8192,0.0093994140625,0.0094592945197119489,1.110828954306023,False
44025,Long Island,META00367,1.2668975669190217,0.05445232566335384,1.1387102513444303,0.027836730120869384,0.68901909467123179,0.017977708549615671,0.76994783561706881,0.014248992316190971,590629.23247647006,138,8192,0.016845703125,0.016904674722323935,1.1611470932070884,False
44025,Long Island,META00368,1.011581229069205,0.038838638686331722,1.3530750346609812,0.030227939596007811,0.92373139017308747,0.025226406640061559,0.9372297560951014,0.016910969116994891,694432.18447562819,8192,8192,1,0.99993897229342121,1.5027978966238227,False
44025,Long Island,META00369,1.3230019763895822,0.05478941140083133,1.0071772928144753,0.041444610206507762,0.75515720953016641,0.02119829214984871,0.92604230051601322,0.023759981994091239,730037.91586045304,15,8192,0.0018310546875,0.0018918589039423899,1.0068033233806286,False
44025,Long Island,META00370,1.2030908144533436,0.05501970336476613,1.4339535129328911,0.027639151066243657,0.80717869571651302,0.022151558553415884,0.86488221340120597,0.017822431659603226,691258.92361633037,76,8192,0.00927734375,0.0093372391065543753,1.2091869231500056,False
44025,Long Island,META00371,1.257166000163157,0.064012129933805104,1.2951497702280241,0.043030741201754985,0.72628368113587438,0.014766003143656951,0.82071870351663911,0.024363407821807605,741676.57398684649,116,8192,0.01416015625,0.014219455632857318,1.076918781860589,False
44025,Long Island,META00372,1.1959514003938365,0.050526538079655722,1.253786677073655,0.025793096295069814,0.7837420500021347,0.024665785195959026,0.7345595139568698,0.018240878394476759,651457.54689361493,131,8192,0.0159912109375,0.01605028683022092,1.1790929953038265,False
44025,Long Island,META00373,1.3156135624922161,0.04565812663566287,1.3873970655964054,0.025516637617438373,0.64199754019042332,0.024036390548054093,0.91131712828182065,0.017555835689811075,644345.23626283847,81,8192,0.0098876953125,0.0099475161723422429,1.1885649922324082,False
44025,Long Island,META00374,1.2139297194253431,0.037500873586414692,1.0398352488681222,0.045203489592140683,0.92849525759158547,0.023898496602645519,0.79755287807590369,0.015616392036326879,697941.85635759006,8192,8192,1,0.99993897229342121,1.5621426186611314,False
44025,Long Island,META00375,1.1672566951617751,0.042533724058556266,1.4234552677066776,0.024727307780422526,0.82233503353917525,0.016719422826447145,0.67937122299492791,0.014977098734101524,575854.54633435002,95,8192,0.0115966796875,0.011656291956548272,1.1682311136332399,False
44025,Long Island,META00376,1.1788579191843973,0.05604679948712471,1.0012364970672216,0.041138574581373863,0.94893852191938322,0.015029311019056737,0.77396302367221548,0.020669237817124406,665457.55449678283,8192,8192,1,0.99993897229342121,1.6891065856166669,False
44025,Long Island,META00377,1.0629169158665512,0.054603878767892418,0.97928184103715477,0.044475765162853884,0.76733348621518616,0.017939650934541987,0.95348552209042592,0.016856741239051946,653480.29520642327,2,8192,0.000244140625,0.00030513853289393383,0.95991283963758278,True
44025,Long Island,META00378,0.96851131980674421,0.041613001493780444,1.4304174601718169,0.032352496018670719,0.72079972524437808,0.022946803361535515,0.65158816749083892,0.025364593085657791,658254.48126975226,366,8192,0.044677734375,0.044733308922250699,1.2914429291847782,False
44025,Long Island,META00379,1.3645111630996931,0.045717577312054766,1.2153289483443024,0.032669643895687266,0.79165100212466011,0.01824273460156544,0.86544423095174494,0.017603316388261354,653373.23482878937,44,8192,0.00537109375,0.0054314658855120221,1.0868527357484878,False
44025,Long Island,META00380,1.0529289527991432,0.042891832773826882,1.1707862875486823,0.033356210012453646,0.91998770043683176,0.021070775552398283,0.64453484333706257,0.015006569408037487,627065.08522466221,8192,8192,1,0.99993897229342121,1.2920313674107815,False
44025,Long Island,META00381,1.2533559773857812,0.060295570984997882,1.029366925782023,0.040677185403353827,0.89229754942027406,0.024527475091920832,0.69843849534848157,0.023826050060140967,756211.95804642828,8192,8192,1,0.99993897229342121,1.4881040616038663,False
44025,Long Island,META00382,1.4354418331182253,0.037137344184182089,1.229176254153395,0.029156084610414103,0.77442304649081928,0.018723536661053759,0.78338354083598494,0.024394463679648769,643227.38424141135,61,8192,0.0074462890625,0.0075064079091907727,1.0903921877404865,False
44025,Long Island,META00383,1.3324358957948803,0.06203532193227744,1.4203891042775187,0.041093992728540953,0.65996809482429852,0.016193567119129393,0.75061173944543169,0.017130974523427427,716433.75069769006,8,8192,0.0009765625,0.0010374710118393751,0.98243921910478726,True
44025,Long Island,META00384,0.98090598741362256,0.044523554964161771,1.4364295818013231,0.039785815240934858,0.67352575282461047,0.020845662567691721,0.87870864263880732,0.020417394650271863,694064.71033763746,110,8192,0.013427734375,0.013487123153911876,1.2047110553805713,False
44025,Long Island,META00385,1.3061787124523203,0.056702240770776194,1.3913983379042971,0.040393753508508823,0.90828059265819872,0.021970634969719183,0.6578933542535047,0.016677177318900751,763089.92160335719,8192,8192,1,0.99993897229342121,2.1914818269641048,False
44025,Long Island,META00386,1.0823040794149756,0.05393118150792213,1.0270353142292497,0.029707709349257108,0.94636745243459219,0.024949882784038271,0.9070009467825364,0.02495145438119685,730613.1433216579,8192,8192,1,0.99993897229342121,1.373442671856175,False
44025,Long Island,META00387,1.255264584582914,0.063679722204765046,1.1488658797380109,0.03326653520311923,0.91670933738396199,0.01729077978615225,0.90057868833125554,0.019445497145211516,705757.31186059013,8192,8192,1,0.99993897229342121,1.6081090533869227,False
44025,Long Island,META00388,1.1518949958769591,0.038117777238161753,1.2051760745041189,0.038000828162256167,0.67146158702243053,0.025482650883522626,0.89210652952058367,0.016214971048178005,656794.7558764742,74,8192,0.009033203125,0.0090931282802392283,1.1711139029792641,False
44025,Long Island,META00389,1.169132579139772,0.04535316912774548,1.1307924746001854,0.029130934064014742,0.81400051123404271,0.017711589726552426,0.65614313370809929,0.022287356608626109,602983.69923848938,193,8192,0.0235595703125,0.023617722445990481,1.2034335700810028,False
44025,Long Island,META00390,1.2044079473504841,0.042307885687001778,1.4089337105617263,0.034433356384870467,0.8481395149130051,0.019101423149293247,0.64578385919103498,0.017404281124715298,657404.96057507303,4614,8192,0.563232421875,0.56322470401562308,1.3256932214024326,False
44025,Long Island,META00391,1.2798121983297985,0.057717780474941444,1.3602074178716228,0.026532813659175068,0.74235686134323409,0.021904312085886994,0.73323026081246123,0.021572468916392699,679254.12342894915,20,8192,0.00244140625,0.0025021359697302574,1.0320919409302394,False
44025,Long Island,META00392,1.3890787034841872,0.04560061871265584,1.1516769227095816,0.02902717984465086,0.94828548296565573,0.021366422731350729,0.68400902769687444,0.022296200156085896,682085.14657856489,8192,8192,1,0.99993897229342121,1.5021023466025345,False
44025,Long Island,META00393,1.3613751034014001,0.053052343285955851,1.1743327851493521,0.028739270941431815,0.87759933250401034,0.018067888836118182,0.7877086313727435,0.020937167005368258,668908.10601598735,8192,8192,1,0.99993897229342121,1.2545292849581848,False
44025,Long Island,META00394,1.3201992831966227,0.056205934875701705,1.0150179626011433,0.030965351354191425,0.82106769129385626,0.024391293081020879,0.92878949981008641,0.0189297126149831,705066.12607592414,138,8192,0.016845703125,0.016904674722323935,1.1965792303023777,False
44025,Long Island,META00395,1.0287295236638911,0.06395851390405774,1.140163512997628,0.031920437106772732,0.81244517534386129,0.023781366694217182,0.74066190435352652,0.01548926163346144,663613.04698630108,39,8192,0.0047607421875,0.0048211888197241546,1.0772986168803544,False
44025,Long Island,META00396,1.1196541232054094,0.051025521031566767,1.0594305914304631,0.037883523880464176,0.9531470327759356,0.017502994952345943,0.75954439079576241,0.023487382779399525,676571.52272044658,8192,8192,1,0.99993897229342121,1.5080716294495706,False
44025,Long Island,META00397,1.033926042177332,0.053140209967320939,1.0916202017568835,0.045287939956745391,0.73141362007486155,0.019960400048122384,0.65475339684919087,0.02593396985294983,680828.41238042794,0,8192,0,6.1027706578786769e-05,0.94982668684359883,True
44025,Long Island,META00398,1.2267043916206828,0.041150347130790382,1.0509246530974381,0.025536482652613296,0.95266887692301805,0.014798898549263386,0.75279176373943235,0.022031845855799398,584428.1421406439,8192,8192,1,0.99993897229342121,1.4145388410543012,False
44025,Long Island,META00399,1.2336894987660232,0.063510920758125602,1.1275949225005304,0.045098497771326643,0.912701726240704,0.014502305278108476,0.67598576284973433,0.014763035302208015,682578.43751696183,8192,8192,1,0.99993897229342121,2.0379129463720802,False
44025,Long Island,META00400,1.0612763025756831,0.060438992251165627,1.1205103378605763,0.034401690600498191,0.89417890477263673,0.014412569037451323,0.7086037537023776,0.017702966311392947,619511.60458601813,8192,8192,1,0.99993897229342121,1.2097507894017641,False
44025,Long Island,META00401,1.1888498580371938,0.036104869445645803,1.1719948327482803,0.043464504914773786,0.68334558211316476,0.016589804624822971,0.93203798368912272,0.016727770068591608,631220.10385687463,9,8192,0.0010986328125,0.0011595264249969486,0.98601960435933989,True
44025,Long Island,META00402,1.3914098904480277,0.039342920189933905,1.1689008035288611,0.035698183665278722,0.89272737711633987,0.021447798506758944,0.91947399812354158,0.018191413134086225,696682.17391678563,8192,8192,1,0.99993897229342121,1.4885366025652307,False
44025,Long Island,META00403,1.110166725811951,0.064903535271537652,1.4102368344423797,0.03381616971815727,0.8495407919989264,0.015065247919979968,0.88047928116179819,0.018515142237775228,692892.34664682637,8192,8192,1,0.99993897229342121,1.4300146248914962,False
44025,Long Island,META00404,1.0835957762719586,0.038862958075219355,0.9639070644174218,0.040141044879623472,0.64977515390360374,0.022009641934980125,0.76591634912781692,0.024938137591555117,625031.44046464481,104,8192,0.0126953125,0.012754790674966435,1.1495335475797543,False
44025,Long Island,META00405,1.3608159963426667,0.049347438452299754,0.9932344129572509,0.035999851959767973,0.85223797642307952,0.022699712174948813,0.92711746657718774,0.023746826250090936,727806.51772376709,8192,8192,1,0.99993897229342121,1.2799712800766672,False
44025,Long Island,META00406,1.3736485570378707,0.036691184707167063,1.3700372935371721,0.034929166678100601,0.93502860675644717,0.018500523317004667,0.95579116379351547,0.025626106593332035,741599.21252102591,8192,8192,1,0.99993897229342121,1.8465868324692594,False
44025,Long Island,META00407,1.3898847902005267,0.062474268031330403,1.1646480258334744,0.042026464087965121,0.76877955962911604,0.023935494028934086,0.6821627725876378,0.016781321685823421,746028.81639870035,4243,8192,0.5179443359375,0.51794214573416331,1.2566550447278559,False
44025,Long Island,META00408,1.2938977550202124,0.062095644392018853,1.2349655017570691,0.039494002634556415,0.81335400801381508,0.022222580407776284,0.70881503822210568,0.025315731721771588,767245.67681627919,7536,8192,0.919921875,0.91987062126205299,1.3320615884219971,False
44025,Long Island,META00409,1.3434588765292053,0.040834862968256135,1.1558716677181664,0.035435222080793853,0.86837348652778168,0.01564681043076557,0.77922307087059228,0.0248062197457792,658622.59287638508,6083,8192,0.7425537109375,0.74252410594409857,1.2712978012723346,False
44025,Long Island,META00410,1.096665405130087,0.036220193187749355,1.0304079763210319,0.032308105339534543,0.83773576081940715,0.025755864484923403,0.72832241351628368,0.024348382528204142,657955.50588209985,335,8192,0.0408935546875,0.04094959111436592,1.2844316102787661,False
44025,Long Island,META00411,1.2440458241688452,0.051668904018807915,1.1787552370607415,0.031333547189546451,0.84459695133343904,0.019879111924555409,0.87003972434579024,0.015179575481431794,654556.61006247811,8192,8192,1,0.99993897229342121,1.2151361076388052,False
44025,Long Island,META00412,1.0421681817065649,0.043258019050663538,1.0460846975261571,0.031184797244254891,0.64360069863797631,0.017741193242732645,0.69101927962083176,0.022797797404053282,564376.98724312638,659,8192,0.0804443359375,0.080495544977419745,1.3606686286167056,False
44025,Long Island,META00413,1.4216685776974474,0.052845987009380715,1.0495056707473716,0.03981526548113231,0.66681643719313966,0.019273837203556861,0.64018601452781931,0.015348267591025783,637788.9584387528,1,8192,0.0001220703125,0.00018308311973636029,0.95615646205645832,True
44025,Long Island,META00414,1.2694206728708934,0.043047746182293657,1.1425255643982866,0.042484453923001153,0.76685688105906213,0.016520673124596652,0.71551087324384177,0.016061902872464388,632818.6970794946,15,8192,0.0018310546875,0.0018918589039423899,1.0073281676535542,False
44025,Long Island,META00415,1.3145835025408323,0.055679734579710358,1.3822496423702733,0.04504376518479998,0.8168671651680981,0.020132614948451873,0.80209304727346564,0.014890290366531658,759072.45032263594,8192,8192,1,0.99993897229342121,1.7308863843106359,False
44025,Long Island,META00416,1.4226046967327852,0.036830770792309245,0.98488857939644714,0.043307951629173204,0.87074325057280511,0.01613800479219165,0.95676470095953103,0.015428345272321538,637608.54471983784,8192,8192,1,0.99993897229342121,1.4762300010864013,False
44025,Long Island,META00417,1.3847235286900568,0.052244450470342776,1.1823498198446245,0.030322138409849798,0.86670483954782662,0.021729999454480162,0.77608727856812898,0.025769241287571194,722884.29487141769,8192,8192,1,0.99993897229342121,1.2608043053535642,False
44025,Long Island,META00418,1.3000885072366817,0.054064708436621062,1.016393170533159,0.029897228991028688,0.92758594943653994,0.024081119269560806,0.74893001838518858,0.018085054854740289,690903.0655044124,8192,8192,1,0.99993897229342121,1.355103366774485,False
44025,Long Island,META00419,1.2289783100365517,0.050251614993271305,1.1552728443772982,0.03730146830866625,0.89481759505447056,0.025687733817504246,0.95051772237992049,0.014307518195444166,729532.21707807051,8192,8192,1,0.99993897229342121,1.5201102618639855,False
44025,Long Island,META00420,1.3724007819388357,0.035733905879961975,1.1538345965662176,0.035085899276954199,0.77816660624544431,0.017408177278612293,0.89235313754799472,0.014110920678965683,606987.7762336178,32,8192,0.00390625,0.00396680092762114,1.0834999540891994,False
44025,Long Island,META00421,1.0593171811596045,0.035891833097499735,1.3374097662396558,0.03512942210345156,0.78548158443446037,0.016650700252418452,0.94165028314124455,0.018231072104379839,632850.92821226222,109,8192,0.0133056640625,0.013365067740754303,1.240937251963703,False
44025,Long Island,META00422,1.0717034193190771,0.049298961964254248,1.2928248977189862,0.040861080562662008,0.85548678160081337,0.023281298949287745,0.9374942438111904,0.014634437845769451,723056.64544833486,8192,8192,1,0.99993897229342121,1.3945928681555422,False
44025,Long Island,META00423,1.332705507650896,0.055961272527849798,1.1483837199108107,0.037710605321340511,0.89546940693462629,0.022888947075746173,0.70587370795092697,0.024983405942220684,755516.12245550193,8192,8192,1,0.99993897229342121,1.6041296296074448,False
44025,Long Island,META00424,1.2915652545890037,0.044093545835869427,1.2015036011130977,0.036121039411407943,0.94616725150947634,0.016445089800756964,0.84285815399485542,0.018056474316887193,666991.73355448677,8192,8192,1,0.99993897229342121,1.7522117689839236,False
44025,Long Island,META00425,1.3839045105699033,0.048862005083318998,1.4144635601836615,0.039397571052070077,0.71730401547634315,0.014187256815120357,0.8849796039431147,0.020406780254474663,704529.75424886984,54,8192,0.006591796875,0.0066520200170877581,1.0651773511908482,False
44025,Long Island,META00426,0.98007722564601185,0.056101636480964737,0.99690645888933149,0.037648928885083262,0.9117776130855354,0.017628639606695258,0.7376330622916506,0.023623142845903645,652491.44905570522,8192,8192,1,0.99993897229342121,1.1276973417512604,False
44025,Long Island,META00427,0.97507091640697996,0.035858719907539888,0.97005400447365753,0.039293849185342691,0.77270750119843878,0.018903816465880779,0.73014368435785715,0.022702681787375667,598241.07932268246,196,8192,0.02392578125,0.023983888685463202,1.1920070988972531,False
44025,Long Island,META00428,1.3044549570899395,0.057328250831690727,0.96457474552448408,0.03264304322696078,0.66355639423097512,0.014661340091475785,0.88077981762388236,0.016651185858351167,598188.0200885362,129,8192,0.0157470703125,0.015806176003905773,1.1419251244255457,False
44025,Long Island,META00429,1.1908688753385825,0.05299272452428147,1.2946286501113851,0.027254099297508882,0.72762764051957474,0.017519336902188775,0.82022812929599687,0.018039026616809745,618933.91879649914,51,8192,0.0062255859375,0.0062858537776150376,1.1052358518305347,False
44025,Long Island,META00430,1.2197247898626815,0.061764677747330181,1.3220000633679247,0.042062679884055987,0.82948741362278211,0.017147214976264945,0.66316660239890868,0.0258405445047864,745292.55334031349,8192,8192,1,0.99993897229342121,1.5859340900127246,False
44025,Long Island,META00431,1.1724679617165883,0.062243235549050126,1.0306179111205045,0.039147917028596477,0.72925015458782583,0.019824860195316686,0.90802525583966265,0.022583927127041103,702114.13687708881,3,8192,0.0003662109375,0.0004271939460515074,0.9687582905439367,True
44025,Long Island,META00432,1.2518595742424872,0.036112959476557127,1.0037647793391467,0.035238108039896361,0.73679388614177832,0.019630586583790979,0.82277069495669353,0.018314681376287487,600003.20262429828,163,8192,0.0198974609375,0.019956060051263273,1.1810188100872001,False
44025,Long Island,META00433,1.2991546973266956,0.037818387791194327,1.3121191873810729,0.029395254101200721,0.81359390601369352,0.016131641757598111,0.68278962635326668,0.022453826704592096,611693.22483742808,53,8192,0.0064697265625,0.0065299646039301846,1.1076132069906064,False
44025,Long Island,META00434,1.4327005655079634,0.0632238948243532,1.1851192152934404,0.031418603384668786,0.69305447681486365,0.023251614986564362,0.70689604968264008,0.019606003021409284,702724.57528878225,4,8192,0.00048828125,0.00054924935920908091,0.97224802446764935,True
44025,Long Island,META00435,1.0408836477688443,0.04477172372518675,1.1341469576936207,0.040498960272057835,0.7724281937461035,0.018165376593364688,0.69619611162313189,0.020124317491643423,632166.7488674816,9,8192,0.0010986328125,0.0011595264249969486,0.98791863348685438,True
44025,Long Island,META00436,1.1956289116242798,0.044465959682105712,1.0259197013820187,0.042505099780712041,0.80553389232257278,0.014463910651728872,0.73239156906509517,0.018016940557189453,610684.48010883376,10,8192,0.001220703125,0.0012815818381545221,0.9967084523848645,True
44025,Long Island,META00437,1.0184024348290126,0.038088112314301904,1.417220690012079,0.036977089073532476,0.686851640730057,0.018968793301553186,0.74740661343118509,0.02557857977692915,663895.09373432747,102,8192,0.012451171875,0.012510679848651288,1.1920398536059273,False
44025,Long Island,META00438,1.0762185170055054,0.046158522599823379,0.99922816600929265,0.025332696172361922,0.84717749908472717,0.020852675685457765,0.89518395655163974,0.020766147674545224,618707.72853895021,8192,8192,1,0.99993897229342121,1.4728775360707991,False
44025,Long Island,META00439,1.417185456083472,0.056755643196820013,1.2298727585808948,0.027007133114380941,0.90464867788857672,0.02560943525190186,0.66728669424347098,0.014255682652911978,706835.00095151179,8192,8192,1,0.99993897229342121,1.3818900607306683,False
44025,Long Island,META00440,1.1801846566466554,0.047071992459594418,1.3308160817496439,0.043240261830894619,0.92167615518518886,0.023422439110014751,0.64686614736362402,0.021321969635368331,761517.22037701739,8192,8192,1,0.99993897229342121,1.9807557689236588,False
44025,Long Island,META00441,1.0048805152649112,0.044616766015946704,1.4375222592688963,0.031985860992229401,0.84219272920730237,0.017118891299566581,0.71615519543983031,0.024531172858142644,655150.40888136113,483,8192,0.0589599609375,0.059013792261686807,1.2730731610609811,False
44025,Long Island,META00442,1.2376738340445765,0.037614696841348161,1.1629759863606828,0.030406699744181254,0.90431020077609181,0.020215837828018987,0.90297275980374891,0.017993970571544084,645595.96817397268,8192,8192,1,0.99993897229342121,1.3654797945764312,False
44025,Long Island,META00443,1.0891076042605055,0.063739424919784793,1.1558299603223716,0.040314945069215749,0.73195301877473518,0.018332572590848008,0.76565042125000127,0.021237698236809877,685211.8882613139,1,8192,0.0001220703125,0.00018308311973636029,0.94856378527353991,True
44025,Long Island,META00444,1.1839102771879242,0.0524670005177756,1.1885935725570402,0.02785692283553064,0.95664292281584884,0.017209173648705684,0.83622317835607041,0.01786305345047115,643075.33029532211,8192,8192,1,0.99993897229342121,1.5246933600807602,False
44025,Long Island,META00445,1.0540313061393254,0.064002312871207293,1.2402781516519963,0.027621029738282694,0.7469895422420656,0.015505240018478502,0.73887203439013927,0.024081928208743261,627362.53697106452,48,8192,0.005859375,0.005919687538142317,1.0757989811457667,False
44025,Long Island,META00446,1.178025529790967,0.046166716092639795,1.0500461074642915,0.035855659533673853,0.78954709826020342,0.025147357461058686,0.91366349874087871,0.016014349535609505,671126.02046940778,72,8192,0.0087890625,0.0088490174539240813,1.1366691590829348,False
44025,Long Island,META00447,1.0306542979094546,0.049147243356950691,0.96768022594363667,0.034490012461631754,0.71955342145267664,0.024711518344782975,0.75209296315110619,0.021666589656503581,635913.8960491874,233,8192,0.0284423828125,0.028499938972293422,1.2243137380374314,False
44025,Long Island,META00448,1.3543107865476895,0.055867960749733513,1.3950235406764728,0.02795610233214442,0.7800382251328426,0.015725530728037035,0.72015171198348937,0.017773257755268793,643273.12134735507,15,8192,0.0018310546875,0.0018918589039423899,1.0081272899219129,False
44025,Long Island,META00449,1.4374345673055142,0.060100652821777456,1.3380070270245712,0.027915982548732277,0.79810465442128475,0.0228365724151962,0.8934371288894869,0.020133792397048492,740177.1568595937,54,8192,0.006591796875,0.0066520200170877581,1.157136225433385,False
44025,Long Island,META00450,1.1350814509349301,0.060742322584655867,1.0170992880984839,0.044164131708297402,0.72453242704301601,0.021309909050443561,0.6729689492448524,0.023195841936703543,689946.04827034974,1,8192,0.0001220703125,0.00018308311973636029,0.95084778613702303,True
44025,Long Island,META00451,1.1791971942868718,0.047233548438711276,1.0852178561395041,0.03185951368332255,0.95212641107468188,0.025087442703977184,0.78603738172706172,0.01948134400484898,702556.8183066874,8192,8192,1,0.99993897229342121,1.4365752261374045,False
44025,Long Island,META00452,1.022553463618084,0.047317414526060114,1.0773059512492646,0.036009359152243584,0.73045989720866433,0.014689947598324347,0.83951096002284453,0.01730693870827878,582590.56541649939,61,8192,0.0074462890625,0.0075064079091907727,1.1148968578881882,False
44025,Long Island,META00453,1.3624057269957066,0.04850506327099003,1.2720477197283733,0.03470600538836402,0.78619779617299446,0.015807404413059098,0.64513770977499674,0.021222204124307264,650092.97395031212,149,8192,0.0181884765625,0.018247284267057243,1.0825655320915186,False
44025,Long Island,META00454,1.0010135154864619,0.057643519246197317,0.99445334345119241,0.039061298286092672,0.72583241897604189,0.016473110549615769,0.66600901733103579,0.018637587563814888,596647.34671383642,23,8192,0.0028076171875,0.0028683022092029779,1.0239229184959044,False
44025,Long Island,META00455,1.3368983891892952,0.040939594524192269,0.97391367912104732,0.036629018509338494,0.85454784740433565,0.014812776736243205,0.95255276153840762,0.020205575424352001,629199.10780277592,8192,8192,1,0.99993897229342121,1.2487925067793748,False
44025,Long Island,META00456,1.4063942784641186,0.050670335112630492,1.154115923633428,0.044663091761124804,0.642494611641792,0.014075440432712973,0.87508928979121892,0.022769949756042303,693255.38960869552,0,8192,0,6.1027706578786769e-05,0.92651057924988822,True
44025,Long Island,META00457,1.1051229469530106,0.04579876778629699,1.2641411226195836,0.028442278842745895,0.69203724015864543,0.019215561149897468,0.6457532125835479,0.022399500411667779,598497.93296761869,127,8192,0.0155029296875,0.015562065177590626,1.1870069968426649,False
44025,Long Island,META00458,1.0457204945119252,0.055497902639409992,1.4155266788816512,0.043975261344818037,0.84547285890452506,0.023942832899381566,0.90270099452480868,0.018029842887289881,786594.94112696161,8192,8192,1,0.99993897229342121,1.5254438159315549,False
44025,Long Island,META00459,1.3521333600847201,0.046725731169999188,1.4354701984213782,0.028147212837594554,0.85659431695687505,0.016121658499445621,0.91662366451142763,0.017973556404624565,660959.22692131635,8192,8192,1,0.99993897229342121,1.3479621475123809,False
44025,Long Island,META00460,1.2827403797322443,0.049815919227990169,1.2651434323947672,0.036709079409156381,0.83718141977577365,0.024056405844823797,0.6652026125791235,0.020921217328586275,722917.91661460488,5289,8192,0.6456298828125,0.6456121078969852,1.2896153445010166,False
44025,Long Island,META00461,1.3378442496697538,0.037539890676328402,0.99381037508379588,0.026054492811247811,0.73354898027080651,0.022807538167877013,0.87227423304933449,0.018826140658184477,601694.92337802227,763,8192,0.0931396484375,0.09318930794580739,1.4333323995095575,False
44025,Long Island,META00462,1.360258712564288,0.064778036086559604,1.0286445349844515,0.040219709601410664,0.87313600135147362,0.017834878726096265,0.70130830652429776,0.016971642268272549,697316.55060340418,8192,8192,1,0.99993897229342121,1.589323411216812,False
44025,Long Island,META00463,1.1617556923848678,0.037226982022735763,1.0281346515633321,0.043819394915526819,0.70844304243737133,0.024916307155255221,0.72042547219640163,0.017590497501219684,644890.74901671661,6,8192,0.000732421875,0.00079336018552422804,0.96527050440527074,True
44025,Long Island,META00464,1.2516437272104477,0.044134041744154695,1.3200494760422403,0.044417473454721287,0.72026582286590513,0.019307881558805626,0.71016626199786792,0.022613843392978235,709950.61158734688,115,8192,0.0140380859375,0.014097400219699744,1.0557121580096216,False
44025,Long Island,META00465,1.1378576695035472,0.056683793115220121,1.0887689170445838,0.034021822905209047,0.70356106074547531,0.023718768956359285,0.66530543058641456,0.024176539744109757,666207.9526163066,29,8192,0.0035400390625,0.0036006346881484195,1.0521507251041624,False
44025,Long Island,META00466,1.4053747119101172,0.060885015418563546,0.96628945942111821,0.026737186534638042,0.94755719034200037,0.016319440111710371,0.85086856390169752,0.025260548714214737,688783.72969520942,8192,8192,1,0.99993897229342121,1.5048214875336365,False
44025,Long Island,META00467,1.2459224959910731,0.041578897613134061,1.2629716300386553,0.027036689885225659,0.80288917437695217,0.018634379380654466,0.93957720804412692,0.018547810582029492,628778.63865946583,148,8192,0.01806640625,0.01812522885389967,1.2198094132423911,False
44025,Long Island,META00468,1.0874246648062509,0.052514890352459272,1.0232139286486144,0.025948880180438123,0.94340886528200307,0.018049533842327194,0.88854131529589053,0.017960443637499164,617708.23791647376,8192,8192,1,0.99993897229342121,1.4006382319136346,False
44025,Long Island,META00469,1.1397555855854062,0.061474497738411349,1.4275461307111146,0.034830528331099037,0.81027587852771499,0.02576974474486976,0.84047941071930954,0.022791029176815518,783467.38842275424,1809,8192,0.2208251953125,0.22085927010862932,1.3377274273551152,False
44025,Long Island,META00470,1.4337723070177981,0.06132685336171384,1.4348095746414937,0.045499266141392936,0.65152150091128569,0.022109837659491656,0.68534596563495653,0.024899583831511286,808851.36697578523,2006,8192,0.244873046875,0.24490418650067131,1.2118629206292746,False
44025,Long Island,META00471,1.1567972125297012,0.057578642126278362,1.1053647121625705,0.034082153095906863,0.89648750559931623,0.025158754906224587,0.64347791785261177,0.015588213649836815,691787.1147210187,8192,8192,1,0.99993897229342121,1.2642786877824024,False
44025,Long Island,META00472,1.3311803941133107,0.057228063672966518,1.2188947619326398,0.02543036483261121,0.75754307531364451,0.024757079107083586,0.92514712993233106,0.023870959227062172,722223.29908336524,97,8192,0.0118408203125,0.011900402782863421,1.1577576825824294,False
44025,Long Island,META00473,1.1910563092280964,0.056845971258814049,1.0741591529561612,0.034197533262697373,0.73474220776812194,0.015907428768779468,0.82585857100272697,0.020180282862694448,633137.5501782085,24,8192,0.0029296875,0.0029903576223605519,1.0358539018633062,False
44025,Long Island,META00474,1.4279040821132267,0.062414748732800625,1.0052573758479015,0.038161401855847252,0.9153945062264639,0.020682329784193806,0.88890454185317269,0.024753064813925085,776604.51329867565,8192,8192,1,0.99993897229342121,1.8392016616684321,False
44025,Long Island,META00475,0.99519079385797693,0.039746974517195416,1.3057402527974549,0.044210769455433188,0.90935645524964981,0.018873261483038379,0.67644835430433681,0.014125881494340855,667762.25485565723,8192,8192,1,0.99993897229342121,1.5546960875355678,False
44025,Long Island,META00476,1.0780263452456476,0.038178615234716003,1.0084498789894536,0.042767187124745136,0.87004086499577471,0.019166080568309769,0.91993109453060451,0.022935608288807231,675430.13716374198,8192,8192,1,0.99993897229342121,1.1389145253547299,False
44025,Long Island,META00477,1.2333459474731217,0.063355045960582168,1.4396140917724431,0.029563469437948249,0.72646319786038593,0.024932736498729798,0.86617070209947034,0.022516946146428324,749396.99687111937,38,8192,0.004638671875,0.0046991334065665811,1.1075383201460274,False
44025,Long Island,META00478,1.2843075233336498,0.037705609080416598,1.0652762545466721,0.037268204578163266,0.7762128627491246,0.017648212766620101,0.9093299732405451,0.024791632276928738,659853.31531797908,46,8192,0.005615234375,0.0056755767118271691,1.09725743382374,False
44025,Long Island,META00479,1.3618831340399791,0.041672947874394774,1.0755079821837339,0.040446362004725692,0.67043059840007557,0.01698178303766909,0.92218945824971166,0.024043571747503868,667739.66196610616,3,8192,0.0003662109375,0.0004271939460515074,0.96826550188582672,True
44025,Long Island,META00480,0.97774775728511287,0.05266686655385748,1.1353159838482392,0.039353774396925868,0.64692801212758444,0.021056810114167171,0.79108039469746882,0.020489359165745211,644245.98337348562,20,8192,0.00244140625,0.0025021359697302574,1.0283748711634193,False
44025,Long Island,META00481,1.0460682058931203,0.050697814935138905,0.99956879263282816,0.0351614446212897,0.87665624968132827,0.014888409233540754,0.93438920075228826,0.021924434099554573,632694.79939628521,8192,8192,1,0.99993897229342121,1.209596000665015,False
44025,Long Island,META00482,1.3453283782906786,0.051002055731991326,1.3085763121758678,0.043753499026164003,0.92696623047023419,0.015009965690563509,0.73809636405653811,0.015426788177089182,706032.80843560246,8192,8192,1,0.99993897229342121,2.4150337085708395,False
44025,Long Island,META00483,1.0514678190222051,0.048132697455796125,1.3673083918352433,0.028576811055665476,0.69149695467684924,0.020585857477910544,0.76344739660694549,0.023906910941155726,640812.66348796478,111,8192,0.0135498046875,0.01360917856706945,1.2240070798293377,False
44025,Long Island,META00484,1.1186479016742246,0.061457805070560569,1.1096198742692496,0.024700972786682613,0.83570098020798955,0.016835867109457624,0.93778957804294238,0.025470250739134788,662018.10717337159,7729,8192,0.9434814453125,0.94342731600146468,1.2757611552309935,False
44025,Long Island,META00485,1.2248137250573483,0.058792072920866675,1.3317631600041189,0.03679589547119886,0.89524371698051453,0.022536189020887221,0.76832794719265918,0.018179842138644254,749835.38382132549,8192,8192,1,0.99993897229342121,1.6612652277368123,False
44025,Long Island,META00486,1.4366206082387072,0.063909466094715164,1.2740140132746987,0.030123778027999343,0.87480028287489597,0.015475076003512001,0.84142050075824293,0.021887018250857652,715825.59566178615,8192,8192,1,0.99993897229342121,1.4984275716427513,False
44025,Long Island,META00487,1.0038779359840377,0.046253876779555426,1.1359080879254315,0.036688587440347663,0.87719876636133087,0.015250596896762744,0.92315544065070654,0.025201023485102059,664347.10647835035,8192,8192,1,0.99993897229342121,1.2485065261660153,False
44025,Long Island,META00488,1.3565061681112749,0.044575718211271403,1.4040162807140333,0.040366698286784561,0.69117951336785621,0.019782951582871702,0.89918401707395201,0.016544694034804686,706209.63595768332,27,8192,0.0032958984375,0.0033565238618332724,1.0432379986277107,False
44025,Long Island,META00489,1.0895469112885878,0.048603506691543091,1.3635517377583668,0.045029088008804674,0.75611554116746982,0.016735823206047919,0.65426952908154667,0.014232903583168968,666274.5168080444,1398,8192,0.170654296875,0.17069449530086658,1.1784210049246051,False
44025,Long Island,META00490,1.2907157169797983,0.038619901348538932,1.4325243244557695,0.040975458383311472,0.80283866822910432,0.025820166285995899,0.82891201702389261,0.015598205655699892,743835.53215019358,5793,8192,0.7071533203125,0.70712803612840225,1.329700493760366,False
44025,Long Island,META00491,1.0804336219885999,0.061112079020126178,1.3008595755477648,0.033375926950002861,0.9190239105758593,0.018799591178936946,0.70020394911445782,0.021826812773882584,697292.87479152717,8192,8192,1,0.99993897229342121,1.5062681752813805,False
44025,Long Island,META00492,1.3443805010653338,0.036021180703177315,1.4215133481841637,0.042883026450089665,0.66020939591240291,0.018580943991458161,0.94237895888704903,0.018970879814185361,704152.33302393404,11,8192,0.0013427734375,0.0014036372513120956,0.99865845825439159,True
44025,Long Island,META00493,1.3604812400129884,0.060515590325725226,0.98522983628813576,0.034362194916424976,0.6725350653478438,0.022284218333417809,0.73402704654889261,0.0205555788782485,669209.51969959505,29,8192,0.0035400390625,0.0036006346881484195,1.0335484151161478,False
44025,Long Island,META00494,1.3056204655488306,0.052677946797509992,1.2647568642205749,0.044179448980459418,0.75074120995689742,0.01678739806131636,0.89964854574239084,0.020784607506044862,730283.50738526939,1085,8192,0.1324462890625,0.13249115098254607,1.174134061462534,False
44025,Long Island,META00495,1.1228343010022241,0.050544502999790145,1.2711793656900792,0.04140032098551634,0.64314934175937466,0.021134265674353891,0.77819954885378273,0.01415998142250611,656914.4536699896,10,8192,0.001220703125,0.0012815818381545221,0.98019897033143222,True
44025,Long Island,META00496,1.4380854938193006,0.063597322003610776,1.1236283217741148,0.037701285829323194,0.82394055327819771,0.024668566977839868,0.79214623285596342,0.016709236851570851,758120.33488249592,8186,8192,0.999267578125,0.99920663981447577,1.3717580647404273,False
44025,Long Island,META00497,1.4199655227824839,0.039856148401603265,1.1296211560882741,0.031177111548225157,0.82595337701255367,0.023778614670400822,0.82489661801271796,0.017876496892463629,667227.84638486721,85,8192,0.0103759765625,0.010435737824972537,1.1490194879787894,False
44025,Long Island,META00498,1.1559494209817487,0.055703819813296855,1.0841613767187948,0.033082213962377947,0.65707189905915808,0.0216579947077827,0.77982417309673746,0.016259971603164478,621719.94162749511,55,8192,0.0067138671875,0.0067740754302453316,1.1067009858711905,False
44025,Long Island,META00499,1.3908885935519621,0.061497332417306233,1.0891960697677123,0.027600701053354944,0.75163166378117785,0.014125224979348445,0.93639633199673078,0.01869513600732749,639615.32602783071,106,8192,0.012939453125,0.012998901501281582,1.1359806740469038,False
44025,Long Island,META00500,1.0240041297240376,0.038445632181400652,1.1998447503199312,0.034968689277373996,0.79634426165177807,0.023732387897765155,0.64946078575306787,0.021064337976498107,644189.92294258042,81,8192,0.0098876953125,0.0099475161723422429,1.1359111132426223,False
44025,Long Island,META00501,1.3170994772765796,0.044927790336001971,1.0667629049770651,0.032930370418124834,0.73998257296818415,0.025131691419095402,0.84247889428424982,0.014314080726412135,645358.59748760122,78,8192,0.009521484375,0.0095813499328695224,1.1327644732963822,False
44025,Long Island,META00502,1.4386250598811359,0.045914259774105112,1.307308932496021,0.026844724330599375,0.95646915908930374,0.025959295879201913,0.64268530251521139,0.021129292004897271,724917.16999023175,8192,8192,1,0.99993897229342121,1.6024448185544717,False
44025,Long Island,META00503,1.1415622941146164,0.058000556999993853,1.3501045286849493,0.02872056820817976,0.92564246125827387,0.01688003073450341,0.7278480917402621,0.022732001605785226,673722.7771919365,8192,8192,1,0.99993897229342121,1.4970412683336503,False
44025,Long Island,META00504,0.9628302508984411,0.041709349868390574,1.1521969569042962,0.032430076548630039,0.74991986155379853,0.021498756888862824,0.88910528956485024,0.015204148924905757,603320.0371499561,234,8192,0.028564453125,0.028621994385450995,1.2748216855826322,False
44025,Long Island,META00505,1.145076739196512,0.048197465601677036,1.3101564308510434,0.040601573330057775,0.69522914156442384,0.019321668553830638,0.85988603004888264,0.025400721861489117,717851.01299086376,16,8192,0.001953125,0.0020139143170999634,1.0165502589802498,False
44025,Long Island,META00506,1.3731677002149665,0.039474489710899306,1.3615132435560302,0.030826066377733458,0.66246993686083344,0.016904751196519012,0.81860556324719513,0.023581033577971221,640783.42513439863,10,8192,0.001220703125,0.0012815818381545221,0.99664095955622023,True
44025,Long Island,META00507,1.3224128876005281,0.06155853555132345,0.96594293465115311,0.032357570175915257,0.7161152202646871,0.014976977422984289,0.91854797256561738,0.023146790952065673,656796.06251772284,88,8192,0.0107421875,0.010801904064445257,1.124164546637171,False
44025,Long Island,META00508,1.2942123846431246,0.06466881762891509,1.153241067433288,0.028607912656837108,0.89329775838977321,0.018157480457070326,0.92435391885370033,0.018792699176442204,695774.17609286413,8192,8192,1,0.99993897229342121,1.4168548387613835,False
44025,Long Island,META00509,1.0059698885454045,0.063257754219662343,0.97582752548823271,0.043702690928226637,0.83105743972184154,0.019184608772732075,0.86728054696249735,0.017843425981034795,675259.68182251567,16,8192,0.001953125,0.0020139143170999634,1.0004858179206666,False
44025,Long Island,META00510,0.9695626660716371,0.057446010999507316,1.2829696880889687,0.043573416136104229,0.8535364121555431,0.018680241417227236,0.90558339397632726,0.022228758811959425,740654.44191415852,8192,8192,1,0.99993897229342121,1.3076614957298964,False
44025,Long Island,META00511,1.284617755830407,0.043511189166363477,1.2885341593945008,0.029322121174241,0.88308502676653244,0.022601725578997929,0.89706178195321917,0.023978200503587038,718184.49551961757,8192,8192,1,0.99993897229342121,1.3603660550927932,False
44025,Long Island,META00512,1.2472403641615561,0.053627832242596554,1.1138832324084742,0.035525893613626049,0.7267337778499906,0.024021398211582144,0.71485716705490054,0.018738900886667069,673843.51331339346,14,8192,0.001708984375,0.0017698034907848163,1.0028211363218795,False
44025,Long Island,META00513,1.0150739475627333,0.038719899849145652,1.2199748257845104,0.03571578759817156,0.80446787893692728,0.018499246781378348,0.84880796568094186,0.021678406654871901,643600.76671437419,78,8192,0.009521484375,0.0095813499328695224,1.148699178933267,False
44025,Long Island,META00514,1.3676321023808982,0.036590478083138145,1.163413394173519,0.028357814529973741,0.90138607226131739,0.015743572070670984,0.93909164371016685,0.017636919749434633,609910.18792594189,8192,8192,1,0.99993897229342121,1.370035965881276,False
44025,Long Island,META00515,1.185274780023658,0.060651991087187121,1.1840576284320099,0.028081313830479099,0.84628266348728565,0.024798655954845119,0.70417632007698749,0.017765623778136432,685818.04300888884,80,8192,0.009765625,0.0098254607591846694,1.1441495264320807,False
44025,Long Island,META00516,1.0066338672910897,0.038194430179287205,1.3289672959105323,0.028543267117702519,0.76853988623645086,0.02004794591310758,0.79143612820603482,0.021561067045514783,617388.46772745589,211,8192,0.0257568359375,0.025814719882826805,1.2638232859192713,False
44025,Long Island,META00517,1.0280952894974218,0.035043410835207942,1.2194213477167253,0.033032402567585578,0.66055113714026503,0.021161862704135684,0.74636511954531592,0.023846678929142304,611483.46414517611,791,8192,0.0965576171875,0.096606859514219462,1.3851511797379681,False
44025,Long Island,META00518,0.99153410678924525,0.047406581133980961,1.2671475688437246,0.031695718328097533,0.90210369929754985,0.02357135715065824,0.94873220380136125,0.020703866149087792,709367.83832014294,8192,8192,1,0.99993897229342121,1.4120967333245964,False
44025,Long Island,META00519,1.2792933237073894,0.043370168297709025,1.05748621577979,0.026510593105474579,0.67877119498524419,0.021817434715407376,0.64912464111449986,0.023522440601533037,594866.23234713974,475,8192,0.0579833984375,0.058037348956426218,1.3371542096826403,False
44025,Long Island,META00520,1.3040764430243263,0.061210640179371126,1.0793938599987911,0.042386946188589694,0.67465122701444258,0.015319567807863735,0.70290354365040963,0.015518524921534133,645280.27971568087,0,8192,0,6.1027706578786769e-05,0.9412306017033254,True
44025,Long Island,META00521,1.1179004152561944,0.036288772575546809,1.176027055922001,0.03946013722139792,0.95846824929872543,0.023539731948099704,0.9348705764453622,0.023509100059398672,745997.21548777365,8192,8192,1,0.99993897229342121,1.6314247859539228,False
44025,Long Island,META00522,1.0450487819834022,0.041046580436483439,1.3135920957775238,0.038571852906251217,0.80075076589943417,0.022457230928544056,0.9058572698226528,0.016370021021917047,685095.84574243764,118,8192,0.014404296875,0.014463566459172465,1.2197977104453051,False
44025,Long Island,META00523,1.2364164563180333,0.05088969958368339,1.4386181743839352,0.037165856267138468,0.89466392730686406,0.018034665246728181,0.72634812589168407,0.016118435587470326,702396.39111265098,8192,8192,1,0.99993897229342121,1.7833972958989146,False
44025,Long Island,META00524,1.2315979366889025,0.038587265638395991,1.3387620404906229,0.032620828158426998,0.70321537470465345,0.014397069173487757,0.83309193994949782,0.024375937012624055,630191.01129886601,26,8192,0.003173828125,0.0032344684486756989,1.0403235574112277,False
44025,Long Island,META00525,1.3351040925255173,0.060631798265428388,1.0719158180683872,0.026806253526282384,0.6786068197643208,0.023923245962448325,0.79048075071978563,0.016637174934379724,647607.32760245481,197,8192,0.0240478515625,0.024105944098620775,1.1979965781766841,False
44025,Long Island,META00526,1.2565754162966196,0.048407648438179199,1.1908394741802308,0.033396601068059563,0.94171829395279938,0.024290934592872449,0.7682967212680164,0.019212225163207496,721296.13071746286,8192,8192,1,0.99993897229342121,1.575714493276765,False
44025,Long Island,META00527,1.250822690539604,0.051062344621640686,1.0380213637230753,0.035582453730149503,0.68126571105980682,0.025647286709045709,0.76927594595782312,0.014457159712423021,644227.97030706168,34,8192,0.004150390625,0.004210911753936287,1.070137627914572,False
44025,Long Island,META00528,1.1337288760420077,0.03957996781355938,1.412159950880411,0.042561995159751564,0.74293306812456006,0.017882195393263047,0.75752305886446925,0.025348957174199757,708698.52567526163,255,8192,0.0311279296875,0.031185158061760039,1.1116330404000854,False
44025,Long Island,META00529,1.2740657623999359,0.062724385401171034,1.223769596079036,0.030534194485777297,0.71043630346018805,0.021169982615285861,0.69453070585135934,0.024699965349146452,690944.0380704772,4,8192,0.00048828125,0.00054924935920908091,0.98138804424938608,True
44025,Long Island,META00530,1.1324172063266169,0.037403190563782683,1.3295433560732945,0.03575303583980266,0.66877233955249482,0.014027067345067003,0.71139331262305905,0.015102664008376671,572827.52238955034,34,8192,0.004150390625,0.004210911753936287,1.0622159028504012,False
44025,Long Island,META00531,1.4143561877915349,0.056481080149588879,1.2328722018056806,0.041377179225124489,0.86432991984811514,0.016849154379366519,0.90468181486163191,0.023103722612933204,764163.55540900375,8192,8192,1,0.99993897229342121,1.8355623783330608,False
44025,Long Island,META00532,1.1810042727507513,0.037000034101796926,1.1854300540726614,0.027278233584057853,0.67197074903921528,0.025330248360940888,0.815796672433999,0.025069287805166214,637953.22346341843,515,8192,0.0628662109375,0.062919565482729159,1.3953719393134207,False
44025,Long Island,META00533,1.2805595301148029,0.038409430188112284,1.3559012300612725,0.025703630527145346,0.70554378865897038,0.018256312565612567,0.73688772202360631,0.019313227004487871,588883.54095442756,92,8192,0.01123046875,0.011290125717075552,1.1472247786103036,False
44025,Long Island,META00534,0.96591064544609961,0.061416996015080619,1.2621042056063652,0.035053134354706375,0.90257805267408986,0.015299524422861933,0.67710879986995631,0.021935287567574388,653020.56472788507,8192,8192,1,0.99993897229342121,1.3111151357607542,False
44025,Long Island,META00535,1.3657373670879456,0.055653076131270802,1.1285257217563602,0.041848874924501886,0.65925073854211802,0.025898120856873527,0.87670582655764884,0.025888977370173011,770278.48615179898,2,8192,0.000244140625,0.00030513853289393383,0.96351831787059072,True
44025,Long Island,META00536,1.3539896478379965,0.044704006378433046,1.4165279125768628,0.043535323103004543,0.85958017576186774,0.018465633809857895,0.78211495268039422,0.018475426297205284,742963.17199304828,8192,8192,1,0.99993897229342121,1.9102425287449099,False
44025,Long Island,META00537,1.0488920345096169,0.05122274052050084,1.169289002582087,0.03434223664252388,0.81758134952245554,0.020715287328155148,0.81649113220958836,0.018326090161569587,655942.37380048377,52,8192,0.00634765625,0.0064079091907726111,1.0942925283981635,False
44025,Long Island,META00538,1.2216327036844201,0.063941070089966121,1.0816465086394116,0.04383592777592013,0.90145489314147198,0.020730352129163132,0.80409125085815158,0.015173023086871488,729600.59957550699,8192,8192,1,0.99993897229342121,1.7002587019700335,False
44025,Long Island,META00539,1.40707466919533,0.038998024517252428,1.2974778507409435,0.026701860813947827,0.9232882506161304,0.015220455777623536,0.68732392952959309,0.022248285130462026,616724.06224593404,8192,8192,1,0.99993897229342121,1.3534231191463852,False
44025,Long Island,META00540,1.3860896002028225,0.036019196947300512,1.1858258270721731,0.030982135031916623,0.78296860284101566,0.025271563966569086,0.76965452075835461,0.020778322514307352,667684.22606177756,63,8192,0.0076904296875,0.0077505187355059197,1.1170168345804186,False
44025,Long Island,META00541,1.1638233274963581,0.04114323270594996,1.3762541545714271,0.027759872503988457,0.82416524760380483,0.024115829726323309,0.71515838059182835,0.025646919026049833,683319.23249264585,91,8192,0.0111083984375,0.011168070303917978,1.1765544303740916,False
44025,Long Island,META00542,1.1429393108492627,0.064482767602596594,1.167761340247718,0.031140225773693804,0.76464598094444292,0.020177775775319932,0.83189347867478691,0.025608007360668344,701889.84823238826,21,8192,0.0025634765625,0.0026241913828878309,1.0431978060225018,False
44025,Long Island,META00543,1.3173902786881639,0.049490496506333963,1.0531957303493951,0.039280574875882324,0.6831552531273325,0.018696435865856072,0.85526256412596868,0.014567426724814151,631834.16900320502,3,8192,0.0003662109375,0.0004271939460515074,0.96713904108542126,True
44025,Long Island,META00544,1.3969897090361294,0.055224075329019573,1.3193750759863181,0.029367094742406646,0.85918704942426571,0.020303704510729163,0.65224257693368559,0.01835397753890395,685911.87668333552,3449,8192,0.4210205078125,0.42103014768704994,1.2997802742928957,False
44025,Long Island,META00545,1.0186139862140251,0.043458845426289555,1.2442752035181301,0.036852625213770557,0.75044456815249716,0.021893343793233683,0.83584165263646881,0.018577725945541114,658393.45869656478,56,8192,0.0068359375,0.0068961308434029051,1.1150503643946676,False
44025,Long Island,META00546,1.1584281581499631,0.060951239230834939,1.1128992883945448,0.029264609657518634,0.88066250772539301,0.018852022018117726,0.71424228902975284,0.02034420664346772,653836.85113533924,8148,8192,0.99462890625,0.99456853411448798,1.1784956841175029,False
44025,Long Island,META00547,1.1944113255100248,0.064523257786450142,1.2893153725906132,0.028454976006941766,0.79329502866757184,0.024409263480918219,0.77761736609045373,0.017450510845692241,700975.5888202535,41,8192,0.0050048828125,0.0050652996460393016,1.0722726758450314,False
44025,Long Island,META00548,1.2948605162029359,0.053394186940971949,1.3608287423987671,0.041263382807609314,0.78172744849162323,0.017677169024379918,0.93514742375226423,0.024405590196655572,767452.77713688568,4929,8192,0.6016845703125,0.60167215916025873,1.3382525959833114,False
44025,Long Island,META00549,1.3560998880280253,0.063409627835243648,1.3718122656747287,0.033745284745348408,0.80634833027236374,0.024398900419206608,0.67355324956892559,0.021744157777951589,765269.30965521396,4910,8192,0.599365234375,0.59935310631026484,1.3190787920681413,False
44025,Long Island,META00550,1.2898338847778728,0.042511176444703175,1.3856993898293988,0.034993485572734767,0.91587101422550532,0.0236033230668957,0.95213469768212722,0.022484193709379242,772352.70351029804,8192,8192,1,0.99993897229342121,1.7580158776936081,False
44025,Long Island,META00551,1.3797485686387874,0.044569735772358086,1.3186840148840258,0.024831664718427328,0.83689460548754602,0.018599862245651449,0.82192679430292681,0.018953656467513076,637473.94003652874,416,8192,0.05078125,0.050836079580129381,1.1513633027399595,False
44025,Long Island,META00552,1.0435523992706501,0.054290409243248711,1.2068716519431317,0.030913480456617438,0.84923314460450883,0.022750828589038131,0.82685167597906306,0.023290653225257092,696139.20486030634,3007,8192,0.3670654296875,0.36708165507140239,1.1686985610202869,False
44025,Long Island,META00553,1.0606417891110902,0.050496130970034865,1.1459739556899426,0.02496726338489302,0.91101547305115638,0.017348812101750204,0.70237594728241215,0.01636082728658601,582031.62637548218,8192,8192,1,0.99993897229342121,1.3177929172988485,False
44025,Long Island,META00554,1.0675116909694289,0.057784186838143937,1.3705677408853196,0.033736937374116593,0.86012041347683499,0.014115281338761889,0.7585104824245954,0.025487667559309014,677985.06822224334,8190,8192,0.999755859375,0.99969486146710607,1.3217745837974384,False
44025,Long Island,META00555,1.3254626363428383,0.051237665154032691,0.96820531445059388,0.032894761221404459,0.78178308425517029,0.014781193046398324,0.8077794328888972,0.022157768564762741,621465.20991651306,140,8192,0.01708984375,0.017148785548639082,1.1631014433644442,False
44025,Long Island,META00556,1.3532607493611584,0.047953675923439312,1.0155112221586844,0.044861681986407859,0.69908911072273128,0.02040918007117138,0.82879821080465532,0.016558340383347473,666717.08376220847,1,8192,0.0001220703125,0.00018308311973636029,0.94474091707728503,True
44025,Long Island,META00557,1.1207023479753824,0.039156584216182511,1.3385522358881816,0.042157987089890041,0.74526168688826533,0.021710273085812096,0.91413880559922656,0.017692397305822571,701048.20312459709,68,8192,0.00830078125,0.0083607958012937873,1.1348276153959143,False
44025,Long Island,META00558,1.4046533982766443,0.045756817406259725,1.0341528987730479,0.043557693571447967,0.72548684409405995,0.015480403376243682,0.81109487033445726,0.022181824790641437,662277.00989424414,1,8192,0.0001220703125,0.00018308311973636029,0.94609423381144386,True
44025,Long Island,META00559,1.1286728487537117,0.058387248888551721,1.0618099674086794,0.026721436487399403,0.86488560038799212,0.019593309673033441,0.71649851530541575,0.014548519850884097,608027.27174670261,8192,8192,1,0.99993897229342121,1.2796944417193226,False
44025,Long Island,META00560,1.268598085468869,0.06457175586094871,1.1778779401624602,0.041523760855655484,0.945774833935772,0.022777539655765566,0.86166330907925437,0.019409165401394014,795499.26786636712,8192,8192,1,0.99993897229342121,2.164489112418619,False
44025,Long Island,META00561,1.1746153918585835,0.047637872434910258,1.2920802678618946,0.040473958393939413,0.74590953562104567,0.014105564494783826,0.75706617156222733,0.018918299320252803,647783.88717239583,15,8192,0.0018310546875,0.0018918589039423899,1.0037412935020043,False
44025,Long Island,META00562,1.0298998139514106,0.05697353500030404,1.1043483829717602,0.032823234390724189,0.80184183690922262,0.022508058887849947,0.88777160745777561,0.020099673043388028,675786.21728950075,72,8192,0.0087890625,0.0088490174539240813,1.1303463005524426,False
44025,Long Island,META00563,1.0497213163487027,0.046666032854482883,1.3555043892256911,0.038144649169261025,0.7353929105860878,0.014587178092117181,0.80476528568890959,0.017241746908321184,631409.6407824218,32,8192,0.00390625,0.00396680092762114,1.061371463412826,False
44025,Long Island,META00564,1.2667023305294696,0.057548759356138929,1.0325447373415955,0.031115771208372427,0.64904573883130923,0.015603693278306135,0.95592354255691991,0.025149966252898989,654433.35324658616,104,8192,0.0126953125,0.012754790674966435,1.1388789404495634,False
44025,Long Island,META00565,1.210869517939865,0.039070263399629344,1.3271070479014726,0.031652753613140128,0.74455859742015096,0.023101558876567493,0.92854446241842781,0.020291338947642019,677279.61578916747,76,8192,0.00927734375,0.0093372391065543753,1.1916272589301937,False
44025,Long Island,META00566,0.96808978769734311,0.061609851483428651,1.024190323000757,0.031526431886758119,0.67005534178434634,0.023697537166129233,0.88136204397468609,0.018169189722718998,630225.95639734087,203,8192,0.0247802734375,0.024838276577566216,1.2349669850577663,False
44025,Long Island,META00567,0.98974691342900745,0.060199830929096296,1.4057851719216421,0.033300026305800097,0.83353933913428646,0.014593859114089077,0.77641994493129818,0.016753098612219221,640038.90824344568,208,8192,0.025390625,0.025448553643354084,1.2349253183797662,False
44025,Long Island,META00568,1.0625101355739941,0.05868679772627048,1.3539759217363487,0.041358825214032058,0.7461259895010306,0.023747571189222959,0.77512028994372484,0.021995795023314977,751169.05719410558,52,8192,0.00634765625,0.0064079091907726111,1.0923842159835062,False
44025,Long Island,META00569,1.1684652447112183,0.040025526529460481,1.2412446574619982,0.043783955872621211,0.68627953584074408,0.021550096261596437,0.90983618430388247,0.024175429755905066,718377.40961833973,11,8192,0.0013427734375,0.0014036372513120956,0.99904217914583748,True
44025,Long Island,META00570,1.3590799966489751,0.047553305543029854,1.1124393673634612,0.024664618887558876,0.74422838385649925,0.017803109112829507,0.77430069174769467,0.018760497237638327,594886.80777751876,371,8192,0.0452880859375,0.045343585988038566,1.285168737118408,False
44025,Long Island,META00571,1.3951647272675678,0.045435847001452354,1.105890976247542,0.044629350314417289,0.84157066758167653,0.018517976628994019,0.89626176375285105,0.018603440434147779,709356.17579038453,8192,8192,1,0.99993897229342121,1.4914780410444961,False
44025,Long Island,META00572,1.0939053879997587,0.041276202802053824,1.2544697623546193,0.042974378486945894,0.86291357310293382,0.025819000079612138,0.77890087877719749,0.018451742820657507,735966.42371141457,8192,8192,1,0.99993897229342121,1.2867471783777473,False
44025,Long Island,META00573,1.0639724952278091,0.049567185850175034,1.2772453603302665,0.028650574167960085,0.90771727217891851,0.025887362465252702,0.65834850681034873,0.022385073661384182,696814.76787397324,8192,8192,1,0.99993897229342121,1.2912622958179885,False
44025,Long Island,META00574,1.2422145185306706,0.04552938582869414,1.1105500625057638,0.035178791275288016,0.77071873316876272,0.018268389331265168,0.72294189189402325,0.019370379887361525,627092.34040484484,25,8192,0.0030517578125,0.0031124130355181254,1.052074206245269,False
44025,Long Island,META00575,1.275687891104573,0.051445480537220478,1.2573985024509644,0.044652247810925819,0.80354264242940854,0.020974315693945991,0.7552076764744069,0.023119796199539654,754389.46301106177,7922,8192,0.967041015625,0.96698401074087637,1.368212765218473,False
44025,Long Island,META00576,1.0192956396856698,0.052023377711344743,1.4108027109477592,0.027695926548960453,0.81141046754306156,0.021760846973698487,0.79421910462184164,0.024416527369420384,682687.40854248998,91,8192,0.0111083984375,0.011168070303917978,1.2071498891951467,False
44025,Long Island,META00577,1.3818927511896333,0.059427192885767581,1.3279750533942378,0.042738933184428493,0.78704332216613038,0.020653208555066832,0.70084116861211787,0.014958055674016401,744582.34500334307,8192,8192,1,0.99993897229342121,1.5332817326511576,False
44025,Long Island,META00578,1.114146541455411,0.055411141651920882,1.1398138085962843,0.033563715743135061,0.95348996248039253,0.021723234922005924,0.86705674069146599,0.025671392753408087,739849.68584199285,8192,8192,1,0.99993897229342121,1.5548573973333688,False
44025,Long Island,META00579,1.4012688394001964,0.058302212328885342,1.3544093355084956,0.043175163557266749,0.93266015369015021,0.019666251260476424,0.79726866882809122,0.019471567921077779,799352.92718534789,8192,8192,1,0.99993897229342121,2.6970767165422136,False
44025,Long Island,META00580,0.97174320272347825,0.050460347439183893,1.1450849451636236,0.043014330400625023,0.84833302251804643,0.015203521445391412,0.65504807694489731,0.015884344256620195,618531.91531296633,298,8192,0.036376953125,0.0364335408275357,1.0919062668204311,False
44025,Long Island,META00581,1.3190082514428387,0.061759027145933565,0.96754243738845702,0.027351874045041438,0.74136652720208029,0.016498328881921084,0.75573096760458291,0.022059397437334118,625008.89108838455,342,8192,0.041748046875,0.041803979006468935,1.2728338545359963,False
44025,Long Island,META00582,1.2325362918144893,0.03793873976810503,1.0119294237467815,0.026898014027498314,0.75617366340188674,0.016489142893397771,0.88577498900095031,0.015661549464352949,548392.3699452891,709,8192,0.0865478515625,0.08659831563529842,1.4211932418670987,False
44025,Long Island,META00583,1.4009857386259885,0.052733790429107447,1.072537905191469,0.027149174504902431,0.89972936819917604,0.015544732079812131,0.64404402657283177,0.022775671701017852,626418.10625700559,8192,8192,1,0.99993897229342121,1.2547482300484751,False
44025,Long Island,META00584,1.2188316378171558,0.057704552317214185,0.99187410553873812,0.026019598911056766,0.95707791813806864,0.019978219851260564,0.91453527554598479,0.019035298283852749,667679.15428319934,8192,8192,1,0.99993897229342121,1.4557175093247634,False
44025,Long Island,META00585,1.3207452388706704,0.058044925475006698,1.0845227133359068,0.035026840075319858,0.85711325368657465,0.021541314839407195,0.87411009759421443,0.021717082645417763,729607.88072357897,8192,8192,1,0.99993897229342121,1.311325752133061,False
44025,Long Island,META00586,1.3584074813700298,0.04407577037472947,1.029632440729656,0.031052911998200414,0.87974662204936582,0.021915200410614157,0.82312532592568455,0.016977567376761073,653294.33869547991,8192,8192,1,0.99993897229342121,1.2465217109928584,False
44025,Long Island,META00587,1.3373590482331299,0.052127144883601345,1.2961215717324734,0.035494709749935287,0.75952569008690429,0.018004988848540328,0.92100134509208842,0.02287690574459016,718400.99451075296,48,8192,0.005859375,0.005919687538142317,1.1298184754975844,False
44025,Long Island,META00588,0.96442770328641614,0.036068132233473313,1.1978053728894396,0.036180993360988178,0.83393327867448919,0.019907797161532795,0.65997032529505251,0.015341404536302942,600859.46364995476,89,8192,0.0108642578125,0.010923959477602831,1.1435350159223849,False
44025,Long Island,META00589,1.131878181318053,0.040223698133198552,1.2590224396536711,0.035226334484765337,0.72231408438900124,0.015165002624530908,0.86391453890170511,0.025734670403259739,646291.46925510734,41,8192,0.0050048828125,0.0050652996460393016,1.0699673584355813,False
44025,Long Island,META00590,1.3801113816777497,0.06101412981062504,1.2229633594261149,0.025963424903582177,0.71220253849448278,0.016951538884650216,0.67451644990779003,0.015969070297634776,617038.47177186969,48,8192,0.005859375,0.005919687538142317,1.0619745827712654,False
44025,Long Island,META00591,1.4211744947721354,0.047996342830220487,0.97996100964111832,0.031290267579477879,0.76791563577919275,0.018119129054955038,0.71807765129117207,0.023434325606176958,632206.38438828895,173,8192,0.0211181640625,0.021176614182839008,1.1812852017889102,False
44025,Long Island,META00592,1.1970785799563453,0.057899785789324629,1.3363721430737896,0.040176791243103867,0.84388932958358398,0.015139794157155918,0.85727518533456248,0.015966960736305935,695978.40905556572,8192,8192,1,0.99993897229342121,1.502859544986793,False
44025,Long Island,META00593,1.0413003968873913,0.035070888039156006,0.98270892328386716,0.041707784946168294,0.90070829936279817,0.02104394163403767,0.79102902421996968,0.025786966190828816,673210.02808480128,8192,8192,1,0.99993897229342121,1.1359923119041457,False
44025,Long Island,META00594,1.0510856629655758,0.035617213856818493,1.3028368831491266,0.041030205366166264,0.84164481470553187,0.018565325064504999,0.69038342088903482,0.020427864402069822,659814.04766466375,2461,8192,0.3004150390625,0.30043939948736725,1.224825964527956,False
44025,Long Island,META00595,1.4018766615758751,0.050798013458257449,1.0444614487516244,0.027537311267739815,0.64998071705904903,0.015088345440273033,0.88740730637055987,0.022745449060335255,614647.22937605553,266,8192,0.032470703125,0.032527767606493348,1.2310012953523897,False
44025,Long Island,META00596,1.1609626392867303,0.035410724058507072,1.2413886196647952,0.028828416399535338,0.827529924623716,0.02141179130618194,0.92764430642726603,0.02379529136357747,664502.15160457208,1014,8192,0.123779296875,0.12382521664835835,1.2648330865965303,False
44025,Long Island,META00597,1.3467928915554188,0.061867483195436709,1.0518031053429375,0.028405596667039221,0.87532068816207242,0.02246435358246443,0.89310443733352307,0.014049883423782371,685282.39788583526,8192,8192,1,0.99993897229342121,1.2840745830153231,False
44025,Long Island,META00598,1.436991579713075,0.039369213267911457,1.2438960296044543,0.03240219493696516,0.86043194275087609,0.017465516242093967,0.74344500139016856,0.019298986711691994,644940.7228003107,2224,8192,0.271484375,0.27151226656902233,1.235113575482919,False
44025,Long Island,META00599,0.98465070871207427,0.048981321889146903,1.0203747837720152,0.030242973430332203,0.85513719412521283,0.020246233763244834,0.75793267655000807,0.024610284202153297,632737.32495424699,382,8192,0.046630859375,0.046686195532771875,1.3082519209645569,False
44025,Long Island,META00600,1.3137545284527106,0.040895575094630286,1.0539007754129297,0.042940117560022847,0.67396219322978068,0.022444509728153077,0.69984391193173012,0.019735575014016606,651333.58624993311,2,8192,0.000244140625,0.00030513853289393383,0.9521196259567084,True
44025,Long Island,META00601,1.1421243682103221,0.059933115865822714,1.3579890339331244,0.031883521808030821,0.88564899017444909,0.020020504347278877,0.66456453171009611,0.023703926547397933,708503.65223585034,8192,8192,1,0.99993897229342121,1.4239156090301148,False
44025,Long Island,META00602,1.2372903275835281,0.047434746788013751,0.9636425709269314,0.04043241503714963,0.82197931653334921,0.016023924981875836,0.80592057754715662,0.024583709473379275,654794.50265410182,27,8192,0.0032958984375,0.0033565238618332724,1.0505252796484588,False
44025,Long Island,META00603,1.0651870120194056,0.042032496022578421,1.1176200362561217,0.03712628285948439,0.76264601670665877,0.016665526746146957,0.69281890874592611,0.021189022963531881,604196.4172102696,37,8192,0.0045166015625,0.0045770779934090075,1.0731646405552411,False
44025,Long Island,META00604,1.3233975631493038,0.041401965562858946,1.378288320091609,0.043216637977406401,0.80854795917859268,0.017203900504795505,0.86118981750134549,0.020057699884307941,722308.60432317143,8080,8192,0.986328125,0.98626876601977298,1.4412441435656593,False
44025,Long Island,META00605,1.0975780458357183,0.039138177737834193,1.0827023103860103,0.027106754066967276,0.7114090632554958,0.02014879482878033,0.65746856758434025,0.020022440532093899,559559.11674279347,615,8192,0.0750732421875,0.07512510679848651,1.3912528605784458,False
44025,Long Island,META00606,1.350833231383386,0.040598270288579978,0.99458705881994836,0.035623732352789483,0.70784435392127165,0.025176684912197024,0.67718546515651257,0.022898534935143711,649206.91873029771,80,8192,0.009765625,0.0098254607591846694,1.1156042786599745,False
44025,Long Island,META00607,1.037695472341374,0.055214454987227719,1.2499052340262542,0.029720775186467516,0.87123145462699969,0.020057377564164772,0.6725385617305244,0.017207396364248378,636682.8850521706,5241,8192,0.6397705078125,0.63975344806542167,1.180002480953769,False
44025,Long Island,META00608,1.1466105930718689,0.058070471312106707,0.9982665459689074,0.02705045721785564,0.73780692741047027,0.02386937150558717,0.72683661646288278,0.01652782745763318,617426.32849933766,466,8192,0.056884765625,0.056938850238008057,1.3299631092307818,False
44025,Long Island,META00609,1.2038809775545174,0.055988400231530192,1.2089043834556004,0.044140644601102466,0.69864242319310743,0.023227165993617314,0.65957475523446818,0.020195347968303849,715436.0743718734,1,8192,0.0001220703125,0.00018308311973636029,0.95469610175292274,True
44025,Long Island,META00610,1.3557835676426526,0.057150454315834057,1.3005676630392411,0.030397698062073954,0.69691703969506946,0.024505851484795241,0.72803438821320654,0.020969023515408733,703060.64011767902,10,8192,0.001220703125,0.0012815818381545221,0.99508665596043322,True
44025,Long Island,META00611,1.1065857539581376,0.059908715015602798,1.1316199617020564,0.030750853354630819,0.7735254488435479,0.023816138179419934,0.65189298899368964,0.022522649549958813,668870.98738483037,52,8192,0.00634765625,0.0064079091907726111,1.0872556879863937,False
44025,Long Island,META00612,1.0753088676073981,0.03656849674014908,1.2610851653648676,0.042847767383997787,0.6518601833173604,0.019515106515072975,0.67276775061010885,0.021987876955352492,642111.80387316318,20,8192,0.00244140625,0.0025021359697302574,1.0235602881248684,False
44025,Long Island,META00613,1.328338110401706,0.035649614849428031,1.1364829840005877,0.024763281786898475,0.84329660625703284,0.022737004328310061,0.68125696304712957,0.023258322485303323,623205.86151954334,487,8192,0.0594482421875,0.059502013914317101,1.3355278254753162,False
44025,Long Island,META00614,0.9971889454627787,0.044668608370747091,1.3623154044958272,0.032732596324810341,0.82066805466897641,0.018029330285743328,0.83342687592398534,0.014218138285263757,620189.97880811885,113,8192,0.0137939453125,0.013853289393384597,1.2363487716313788,False
44025,Long Island,META00615,1.2005974962856329,0.050175265933898372,0.98569040754352144,0.040262867861758873,0.89815416922088764,0.025297082920661049,0.95308642556885359,0.025390026464642453,770157.98192467401,8192,8192,1,0.99993897229342121,1.3776230990094227,False
44025,Long Island,META00616,1.2541322284798635,0.05849952587256517,1.1750587540530626,0.035071845813563027,0.83872405151075446,0.023049139000660711,0.75409245537766778,0.020317657094654572,721494.06834197789,1593,8192,0.1944580078125,0.19449530086659345,1.2142014003016879,False
44025,Long Island,META00617,1.234161962229952,0.055282124694921553,1.043333061727022,0.0383574868038499,0.68159138966670318,0.019858889868575733,0.72979934606860186,0.018963905421599151,645609.2594079338,4,8192,0.00048828125,0.00054924935920908091,0.96728728881042925,True
44025,Long Island,META00618,1.3092759943458956,0.043525387819103749,1.145655371173276,0.031934351781496777,0.74180662768888417,0.015489667664154104,0.87755163214156262,0.024925724311695097,641902.7869567197,56,8192,0.0068359375,0.0068961308434029051,1.1004465011089286,False
44025,Long Island,META00619,1.1833961889602445,0.064292855623806988,1.3830682906770797,0.03056126170743546,0.65851318253099755,0.018192556570088551,0.64380429557684482,0.016993225004708165,640283.17559194239,8,8192,0.0009765625,0.0010374710118393751,0.98500778327160343,True
44025,Long Island,META00620,1.2750533522577943,0.064873773511986033,1.0065137292665429,0.034046071299646125,0.70739840769580298,0.022929703363634261,0.90326514586514683,0.022666357303925182,713233.84764473687,23,8192,0.0028076171875,0.0028683022092029779,1.0357870546042274,False
44025,Long Island,META00621,1.0857452483814738,0.048854076025620016,1.4199769721874991,0.038638043596932022,0.88761378284629,0.02566360569616145,0.7288179151167643,0.019977403195951229,761515.79754780978,8192,8192,1,0.99993897229342121,1.5507830320460629,False
44025,Long Island,META00622,1.0733911824319518,0.064354297273865213,1.1082680296289011,0.0266567865465288,0.71390659497125208,0.020109599374712437,0.94884067979304243,0.015943213571538987,621738.39087539737,242,8192,0.029541015625,0.029598437690711583,1.2457868920510238,False
44025,Long Island,META00623,1.0503155575640786,0.040955150599696261,0.96043047181577623,0.035798738540370731,0.70715946041894351,0.022715447321207321,0.85938811831345274,0.015952397103815758,596376.21108406165,265,8192,0.0323486328125,0.032405712193335774,1.2586375360711048,False
44025,Long Island,META00624,1.3297691698200436,0.055887878836620233,1.051321443502865,0.026394309611592434,0.85948185197892213,0.019159585089210104,0.94135112317217318,0.0156459253543632,644798.28175423481,8192,8192,1,0.99993897229342121,1.2846608745070882,False
44025,Long Island,META00625,1.123690443259328,0.056443278330689101,1.2396935800303157,0.025420249656995342,0.89670362357563371,0.016214152607209043,0.94328726171253963,0.023709144510898256,664554.27988649963,8192,8192,1,0.99993897229342121,1.337708722896003,False
44025,Long Island,META00626,1.0824537505285206,0.064322556768924691,1.1248677516615668,0.037916232881544193,0.70485541593210432,0.021114786638389536,0.88979349428149668,0.015462693298272188,669074.66220364592,3,8192,0.0003662109375,0.0004271939460515074,0.97357656556777405,True
44025,Long Island,META00627,1.0323966518503385,0.036498125406319727,1.1280244201296139,0.025364699085639528,0.95383124659800034,0.016683366803229085,0.88120341181685857,0.023239459809084807,604912.69351977564,8192,8192,1,0.99993897229342121,1.4560907029069139,False
44025,Long Island,META00628,1.3049607233803611,0.044312112125842289,1.0682637466001996,0.025496193743345122,0.890741964110632,0.025168141650989739,0.77155307298798648,0.020495375120011226,668709.33280857699,8192,8192,1,0.99993897229342121,1.3319422829989844,False
44025,Long Island,META00629,1.0264114306301446,0.039101820396255725,0.97017830454721921,0.031826057338284273,0.81922310741460969,0.024722791749519357,0.81225658816574642,0.02537649627385094,654019.17908990942,524,8192,0.06396484375,0.064018064201147321,1.3632821652444775,False
44025,Long Island,META00630,0.9811281001149561,0.048658704387770618,1.0903734159257923,0.033642064664929805,0.94193277563387745,0.01913732232494781,0.7440085864410394,0.016397025606003653,624779.99655339529,8192,8192,1,0.99993897229342121,1.2762733243185456,False
44025,Long Island,META00631,1.1161930457628713,0.03597846269099636,1.3629125157834803,0.027401536669989551,0.82518419731584813,0.019841833181654375,0.66336642379856814,0.021080318130579593,609796.47757442051,134,8192,0.016357421875,0.016416453069693641,1.1959769347911935,False
44025,Long Island,META00632,1.1198769303011267,0.049934109895425773,0.97154205539505767,0.036256096152193114,0.93209775561235797,0.022325104165392514,0.76799532473155374,0.01505174908188678,655460.30417688028,8192,8192,1,0.99993897229342121,1.276762039301556,False
44025,Long Island,META00633,1.1214095838340081,0.035258316992057274,1.0703357237506441,0.044441937688164582,0.69796484032134365,0.024146849560645674,0.95436049552040103,0.024888958928707364,704753.04535993852,15,8192,0.0018310546875,0.0018918589039423899,1.0155932698844825,False
44025,Long Island,META00634,1.2430053825224143,0.052925644385664522,1.2888911389159925,0.024774138240550778,0.68769503474348104,0.017871017447769342,0.7688309396610532,0.021617821303089025,617237.26303700299,100,8192,0.01220703125,0.012266569022336141,1.1319017456503921,False
44025,Long Island,META00635,1.2063097564199994,0.042593853136376286,1.0601898063982937,0.034946239740576812,0.81096429640983814,0.017562870932354955,0.94055927928793936,0.024431517920693535,662849.31949026755,104,8192,0.0126953125,0.012754790674966435,1.1710455452015274,False
44025,Long Island,META00636,1.3194530782768354,0.040984688038536381,1.4220416367942339,0.04430524068353496,0.80245608503936672,0.022063845511950824,0.93390164380598106,0.022677170952427834,789955.75128012372,8190,8192,0.999755859375,0.99969486146710607,1.4957265119695975,False
44025,Long Island,META00637,1.3428123150212254,0.038049726854313418,1.2424286874269208,0.030133257873348418,0.69406968572071759,0.014769804260645943,0.80643353886557301,0.015822341434829308,571251.88366356061,51,8192,0.0062255859375,0.0062858537776150376,1.0752089133857547,False
44025,Long Island,META00638,1.297810692677428,0.05023009996272533,1.348665428937702,0.033977423098433684,0.8127350985431544,0.014325991442595967,0.89447064967934187,0.019817810582288153,672503.74074628972,436,8192,0.05322265625,0.053277187843280852,1.2601326740117609,False
44025,Long Island,META00639,1.0881706244027509,0.04078443684883188,0.96140707630324496,0.032527878284478763,0.74671766015909979,0.020508818731245167,0.74037738472633263,0.014014923061169434,562081.72997530876,437,8192,0.0533447265625,0.053399243256438425,1.3262639341591087,False
44025,Long Island,META00640,1.0201335430417096,0.044044615542131661,1.2875503678486897,0.041168755009514738,0.95423512554819578,0.020083745800487943,0.78973777392232958,0.021070445230196119,718839.62329396931,8192,8192,1,0.99993897229342121,1.7061718598747948,False
44025,Long Island,META00641,1.2815865939607267,0.062964407401874131,1.1701540434469795,0.025185723219316548,0.85431692128669812,0.023303852804918493,0.64049968337481022,0.017272687047878831,671069.42357743066,137,8192,0.0167236328125,0.016782619309166361,1.1649852169322694,False
44025,Long Island,META00642,1.3068923779041728,0.054226610415279222,1.0866256403163788,0.028953813249533188,0.69704059412877173,0.020428337905379512,0.80739495883989953,0.019542225885395201,637053.18893850665,138,8192,0.016845703125,0.016904674722323935,1.1599567167891047,False
44025,Long Island,META00643,1.1366657916373912,0.056129330747455422,1.1141529421182128,0.036140016378910962,0.70618316759905753,0.017770946785224999,0.68628605678404919,0.015634916885333153,611771.69862865913,10,8192,0.001220703125,0.0012815818381545221,0.97804206926358128,True
44025,Long Island,META00644,1.208304369364444,0.05434147256267173,1.2034612514804692,0.02534404982864585,0.68492590536807352,0.014228747114001586,0.72732581747059633,0.025477354367418374,598907.70585481601,175,8192,0.0213623046875,0.021420725009154155,1.1911810437460209,False
44025,Long Island,META00645,1.1262425959731235,0.046233493761388321,1.4244774205928372,0.040348819562487058,0.84792830989835233,0.015814125205493513,0.68952218560520828,0.019671072166603853,682172.57968696393,8192,8192,1,0.99993897229342121,1.5089117707761239,False
44025,Long Island,META00646,1.0113073630066833,0.06236574001759787,0.97726885830609933,0.028504441769875898,0.91248499931905847,0.018430066203139955,0.69081610431549356,0.014553459615921102,595742.02445182868,8192,8192,1,0.99993897229342121,1.3161445671621947,False
44025,Long Island,META00647,1.2446120916686259,0.059622629377841185,1.0913974144390342,0.031379791423424085,0.64886452908750503,0.020614806410593992,0.80328951563848239,0.020856727028418474,650839.82404554926,45,8192,0.0054931640625,0.0055535212986695956,1.0727131178279188,False
44025,Long Island,META00648,1.10699987134886,0.044975779044296546,1.1680233061147183,0.038471074787844048,0.82628463620931858,0.016532119843331639,0.75098933314581306,0.0248736805812938,659043.55894362438,67,8192,0.0081787109375,0.0082387403881362137,1.0905037102203134,False
44025,Long Island,META00649,0.97844496994930885,0.058779066793273396,1.3565238857148363,0.029243911693686994,0.75709794032097866,0.014050287037840869,0.83552520094191185,0.022435015067692153,627471.76922778715,42,8192,0.005126953125,0.0051873550591968751,1.0827899233953455,False
44025,Long Island,META00650,1.2609824372273586,0.052283547934727774,1.0872072196569156,0.037091048046619945,0.87372233648093978,0.014146648887805745,0.90763470066813423,0.018424236823363124,651499.9078530235,8192,8192,1,0.99993897229342121,1.3714253752012098,False
44025,Long Island,META00651,1.1391236910669058,0.046750139410218265,1.1229635990623978,0.037431222807374258,0.81861824689911289,0.018326906181633882,0.92401641004435775,0.015826259053032789,644193.22934695892,68,8192,0.00830078125,0.0083607958012937873,1.1538388053348323,False
44025,Long Island,META00652,1.4259121227915907,0.05286660397392598,1.3797688281045375,0.027389739093449227,0.72334029468757322,0.020953349221725908,0.93221243673043996,0.014947033940580346,670625.7775389672,15,8192,0.0018310546875,0.0018918589039423899,1.0158446134420691,False
44025,Long Island,META00653,1.096808195668765,0.042574605094002821,1.2094803427644061,0.026852409194598505,0.84060583523532029,0.022082488824537429,0.94472199779227251,0.016947927759161041,634927.92451260774,8192,8192,1,0.99993897229342121,1.3132181805260876,False
44025,Long Island,META00654,1.0675890000591703,0.055615697567703043,1.4226986185773929,0.035942802065502238,0.9588014578982178,0.025787788963648306,0.92925459681993261,0.024815443488833144,826076.25895271671,8192,8192,1,0.99993897229342121,1.9617040233828571,False
44025,Long Island,META00655,1.4089795430180772,0.058406656593676588,1.2801164154560263,0.027487477788498919,0.68535545996267355,0.02036823017229665,0.95511776998715181,0.02431614016523817,715622.62663985393,19,8192,0.0023193359375,0.0023800805565726839,1.0328454857073308,False
44025,Long Island,META00656,1.0170777372647748,0.045573810797187461,1.0834392426384645,0.037741562577360666,0.91871657603068757,0.023404337813869552,0.77731037567834671,0.023589046078616758,703302.42294083501,8192,8192,1,0.99993897229342121,1.2322341536951837,False
44025,Long Island,META00657,1.0127689405175877,0.044809867392856251,1.1192517546527301,0.045014688645405129,0.68743739652983826,0.014219633479765376,0.73894979424156737,0.023631723619645675,627938.36931758572,1,8192,0.0001220703125,0.00018308311973636029,0.95239090526542614,True
44025,Long Island,META00658,1.2984240761605033,0.044635516130827273,1.0780562877840854,0.034299074296158256,0.80511932753662685,0.021322456232958101,0.84747367268837881,0.023452494855158518,683088.06438119221,62,8192,0.007568359375,0.0076284633223483462,1.1215295515370005,False
44025,Long Island,META00659,1.3176632096866099,0.03994267622308792,1.1527777686698615,0.045413647685996733,0.70964498544392995,0.016035871823152425,0.64152676771666062,0.018122791634031146,632238.49923991144,1,8192,0.0001220703125,0.00018308311973636029,0.95147219786095505,True
44025,Long Island,META00660,1.2760572182702457,0.061159855768795623,1.4293164964580924,0.038930479981167526,0.95197203096090832,0.016418584993881678,0.71400241230047012,0.019044141596247652,745989.53849484248,8192,8192,1,0.99993897229342121,2.5592952750906623,False
44025,Long Island,META00661,1.2819149552315801,0.064230812439093399,1.2517018803321913,0.039336757721373863,0.94105349420050821,0.020107139090475703,0.8042654799997615,0.01837884113640249,764219.45467964991,8192,8192,1,0.99993897229342121,2.1680517274774815,False
44025,Long Island,META00662,1.2061412434074006,0.039455639145003066,1.2563853526571873,0.027308666232138123,0.78340582482877852,0.024093465028295812,0.95718719385193562,0.014613380957350033,634948.32399110217,196,8192,0.02392578125,0.023983888685463202,1.2758463888449119,False
44025,Long Island,META00663,1.3955881001222892,0.045345799275134165,1.1779924265649213,0.033608436340909639,0.92717197811674423,0.020827594142182142,0.93867846884286488,0.01988592351312583,718158.61895530077,8192,8192,1,0.99993897229342121,1.6983065638601287,False
44025,Long Island,META00664,1.4361563913002411,0.041443339841872318,1.0420791653304939,0.028334914065830975,0.72179871243481508,0.022241083186740548,0.83155609520489415,0.021811177801053371,637920.06541781465,301,8192,0.0367431640625,0.036799707067008421,1.248320077647707,False
44025,Long Island,META00665,0.96175150886403171,0.044423433172700838,1.3173789123720849,0.029037633300457603,0.73394480063612422,0.023555849054708144,0.67918070751190274,0.01659940498733203,608703.96804854949,267,8192,0.0325927734375,0.032649823019650921,1.2924745324529625,False
44025,Long Island,META00666,1.3981081036930778,0.057948818709873631,0.97403497747498502,0.037401708604855637,0.69564110302828797,0.016230652503426101,0.70555607753930061,0.025599143182217,661309.27312397573,8,8192,0.0009765625,0.0010374710118393751,0.96955955667138793,True
44025,Long Island,META00667,0.99909495316566421,0.037173720581700528,1.2872810115470759,0.027094010197534234,0.92876561476213482,0.021094746727584053,0.73037500392709886,0.018630697778598458,620819.17706264369,8192,8192,1,0.99993897229342121,1.3361660511443862,False
44025,Long Island,META00668,1.2319002490650353,0.036381079808659109,1.1170060467828533,0.039179293353614156,0.8616421104950881,0.019017137065340702,0.6748791306051698,0.025048580679821839,658768.90963809518,2803,8192,0.3421630859375,0.34218235078725739,1.2140674154186566,False
44025,Long Island,META00669,1.374917860291319,0.060376123942400529,1.0022660332723654,0.042718135409790213,0.78334105913305219,0.017905503449237182,0.74525119831312714,0.023073234599819442,708868.22819138516,1198,8192,0.146240234375,0.14628341266935188,1.1147316139301757,False
44025,Long Island,META00670,1.0635822689032977,0.048312368226226497,1.2448896688226248,0.042282633468076439,0.71027959325808043,0.021785639987619759,0.90970405139989141,0.025919201411156272,735117.42685662059,17,8192,0.0020751953125,0.0021359697302575369,1.028994727982113,False
44025,Long Island,META00671,1.1192897423406127,0.037836641171885441,1.0237084515405956,0.029655754098713204,0.91399376523713105,0.014549200189030987,0.85303204940079858,0.016960284794952523,562754.29373858706,8192,8192,1,0.99993897229342121,1.3730567892790781,False
44025,Long Island,META00672,1.1982677503503489,0.037106133814732323,1.2204584557495179,0.044082967898267891,0.88941159871089681,0.01714246822949618,0.82961602989515293,0.01849097137953722,679263.10871350381,8192,8192,1,0.99993897229342121,1.532852739492103,False
44025,Long Island,META00673,1.0554194261678891,0.042004186469943985,1.2758940658740001,0.036108710165150895,0.88965976026371107,0.023135509339696145,0.77309760922596416,0.01749336137317321,685609.75756888883,8192,8192,1,0.99993897229342121,1.325671534399774,False
44025,Long Island,META00674,1.0284087363199657,0.062958763607510182,1.2998440219421512,0.036958149932480304,0.66969698293904312,0.023182989080980779,0.67024353834745432,0.023139030746800238,695067.05257979571,10,8192,0.001220703125,0.0012815818381545221,0.99849017558025943,True
44025,Long Island,META00675,1.0644492800999321,0.059149498906264766,1.1937440626994125,0.03239274530610687,0.89744656796730415,0.016602737200064152,0.78870446337249622,0.023407403818996073,670112.95040573506,8192,8192,1,0.99993897229342121,1.2839540138904555,False
44025,Long Island,META00676,1.2836286102530057,0.055573421651191855,1.3162522789189921,0.035002421625251669,0.88223024011726481,0.021992301442796666,0.86927593389944291,0.020436661079737461,753212.03146677488,8192,8192,1,0.99993897229342121,1.5876124045909816,False
44025,Long Island,META00677,1.4395755245289688,0.038370250253472141,1.1376578669759176,0.028629304930593198,0.86876551275678926,0.024308597168368501,0.74333557053031218,0.015874773370809614,650732.05414539587,8192,8192,1,0.99993897229342121,1.2008954725933167,False
44025,Long Island,META00678,1.3165582342675448,0.057240364478710178,1.207947197918519,0.039556169047959791,0.75728626340113725,0.022405697613574471,0.83731441033264542,0.023312275344435609,753928.75101627875,66,8192,0.008056640625,0.0081166849749786402,1.0903898614077467,False
44025,Long Island,META00679,1.092347143173074,0.054199098284696434,1.4035634343057284,0.04024851027699039,0.88679301516078624,0.016239789333752596,0.65141455438507634,0.022846271878843218,707315.60629111109,8192,8192,1,0.99993897229342121,1.7365441522770757,False
44025,Long Island,META00680,1.3880300439516939,0.055368286950038398,1.0550615733053883,0.044264996468831683,0.6800437703597163,0.024276040574550076,0.84942163126171921,0.018217835951401501,723639.9310835267,1,8192,0.0001220703125,0.00018308311973636029,0.94896767328414156,True
44025,Long Island,META00681,1.4288173345631547,0.047721509941093879,0.99565935106359837,0.03874400046248612,0.7205264852165546,0.020993768773230507,0.92647293758804927,0.020473660421475862,685566.75556030858,15,8192,0.0018310546875,0.0018918589039423899,1.0127398406477948,False
44025,Long Island,META00682,1.2303830166187093,0.061805405436143712,1.3417974700216533,0.028408266994086905,0.95133352051016917,0.021346312760001929,0.89139582648895876,0.015356129487547006,716372.10885679896,8192,8192,1,0.99993897229342121,1.7801816746766146,False
44025,Long Island,META00683,1.3998141352350264,0.051941355053460023,1.3977498909382069,0.043664707155277191,0.90202191809388377,0.02556009670859721,0.82399624437403207,0.021400970560825648,845163.04632284422,8192,8192,1,0.99993897229342121,2.3583839557099213,False
44025,Long Island,META00684,0.97572764241232812,0.050764582179932967,1.1595930322847527,0.038307385426354583,0.88124014690861008,0.025462694833198709,0.69019249171848107,0.019383622197453279,702011.03081454837,6867,8192,0.8382568359375,0.83821554985963631,1.1513949142272719,False
44025,Long Island,META00685,1.2560352488302153,0.042257631220231219,1.0767836326217302,0.036507532149473235,0.68040273614417557,0.015612746771975713,0.74184418569235344,0.017260134234694718,583619.76451062725,30,8192,0.003662109375,0.003722690101305993,1.0438100171115741,False
44025,Long Island,META00686,1.3572033676907254,0.049201217693925076,1.2388457940587867,0.030310340314324415,0.67814497380079808,0.01639385631542804,0.68147756031246243,0.015863378383711747,597814.02183207416,13,8192,0.0015869140625,0.0016477480776272428,1.0029198544700362,False
44025,Long Island,META00687,1.1743847918110695,0.037740598834530931,1.1868718910878382,0.043625945643435068,0.93424627744725475,0.015640012356728256,0.74170747671635018,0.024094274315775679,679210.64467458264,8192,8192,1,0.99993897229342121,1.7543943111265494,False
44025,Long Island,META00688,1.1513213876446586,0.06439594488124431,1.4330651700411414,0.029070874400793038,0.92976425676917329,0.023378347231256008,0.82098264270725907,0.015064325733807759,730283.58302728261,8192,8192,1,0.99993897229342121,1.6880887030556377,False
44025,Long Island,META00689,1.1459634255313218,0.054569778150430744,1.3039680375879281,0.029374418739753581,0.94497246123500922,0.015245979894907965,0.91152011619313067,0.021785810497271407,674244.96708386368,8192,8192,1,0.99993897229342121,1.6503940890266784,False
44025,Long Island,META00690,1.4376083071476362,0.048589396831252733,1.2120267679393528,0.042119319626926596,0.66304537459125201,0.024122643394062639,0.94603930003390735,0.015571013117442601,720361.98427413695,10,8192,0.001220703125,0.0012815818381545221,0.98188713135237404,True
44025,Long Island,META00691,1.4187875112626607,0.04032164723837816,1.1210281401020747,0.030173624221968953,0.70419250378833065,0.018487314345158171,0.72378417210217816,0.023897428346152487,618273.27174895664,113,8192,0.0137939453125,0.013853289393384597,1.1292682402952952,False
44025,Long Island,META00692,0.97922476302666728,0.052790592287744006,1.3650558234664696,0.025066288012530111,0.68984238295893174,0.01585904991358254,0.67650399746613699,0.025541702719698169,588448.7667272886,167,8192,0.0203857421875,0.020444281703893567,1.2287868587234223,False
44025,Long Island,META00693,1.1803443227001262,0.06413183490349518,1.0588340998862442,0.03651836148333102,0.88711019213894771,0.01841610149579553,0.88651366334914439,0.021501403907273779,710611.36207204906,8192,8192,1,0.99993897229342121,1.35119936556533,False
44025,Long Island,META00694,1.2477888046762957,0.038762086555080212,1.1636908424218304,0.038626092703855294,0.73827556522932281,0.016259183108987593,0.87079496411442836,0.022479885675072829,648147.38310709444,13,8192,0.0015869140625,0.0016477480776272428,1.011078684970625,False
44025,Long Island,META00695,1.3813956347892808,0.062817862939094901,1.1924983109236293,0.034389147552880285,0.75891659634339959,0.016964137898923079,0.6682508470446471,0.014867789105599143,659632.88645934593,10,8192,0.001220703125,0.0012815818381545221,0.99528126555887453,True
44025,Long Island,META00696,1.3686159134664329,0.040169128276665043,1.0547745766525587,0.028781502999571801,0.82918642703967149,0.020390087922307031,0.66944306876077153,0.018843796864370155,608301.03212604159,292,8192,0.03564453125,0.035701208348590259,1.2497897301178,False
44025,Long Island,META00697,1.1122531676603979,0.052947364057774823,1.0336181535846438,0.031355775666969204,0.66885406921590573,0.024071220311582101,0.94266495014757523,0.0226383768289962,663807.71818181151,265,8192,0.0323486328125,0.032405712193335774,1.2867108264539926,False
44025,Long Island,META00698,1.1676446449443307,0.054285246149874462,1.2844025345481465,0.02538999438370463,0.94723810790334428,0.019397684220299454,0.87443743114437311,0.024765589379800612,698887.85660870641,8192,8192,1,0.99993897229342121,1.5000658124628121,False
44025,Long Island,META00699,1.1000289210962568,0.059404841530163593,1.4237437762991567,0.026220487808671675,0.69990865605862163,0.01865339075673747,0.85818901934476965,0.01484418640806064,621325.75895623676,47,8192,0.0057373046875,0.0057976321249847427,1.1108539678084437,False
44025,Long Island,META00700,1.2595733584148243,0.045975998727471719,1.1109459593310929,0.041244539634229943,0.7403855236421224,0.024472189422410875,0.85373839531704954,0.021641976542829355,715757.53806873108,11,8192,0.0013427734375,0.0014036372513120956,0.99763469914680958,True
44025,Long Island,META00701,1.314946779695753,0.043039901252820936,1.38270973379121,0.044901996948979998,0.93465112213317281,0.01463580686987097,0.91184417492684533,0.015393626735977668,715605.385289534,8192,8192,1,0.99993897229342121,2.4476396537197256,False
44025,Long Island,META00702,1.302587413844986,0.059847216234882969,1.0221277676241547,0.040763597044018697,0.79484618592555767,0.014698054597313987,0.82940387935809934,0.016849437476587837,656396.52860777569,106,8192,0.012939453125,0.012998901501281582,1.0538808170207188,False
44025,Long Island,META00703,0.98167507502769447,0.062902573247170052,1.0629793713988007,0.042163188908394447,0.94318351796214417,0.025848494578404199,0.75024275524431649,0.02122462982427448,757024.89136372448,8192,8192,1,0.99993897229342121,1.3585467438249872,False
44025,Long Island,META00704,1.0770342556451999,0.064826285013965826,1.2860341941837972,0.034639359646557719,0.64127573905906421,0.017164109112685958,0.70920302894403953,0.014388874351602986,622858.65467771643,5,8192,0.0006103515625,0.00067130477236665442,0.97231921490016893,True
44025,Long Island,META00705,1.269020064673561,0.040699854338579859,1.0211366383287628,0.043722449535152988,0.82157955661002169,0.025969537753673787,0.69316904118706035,0.023025550244896699,711559.7637270391,1151,8192,0.1405029296875,0.14054680825094593,1.1208785629146918,False
44025,Long Island,META00706,1.3578159930104041,0.042977725878527703,1.1290648964290981,0.041323280025932108,0.85157025489738036,0.021807596557699614,0.72285866599441717,0.020752951674706217,705314.89044196636,8012,8192,0.97802734375,0.97796899792505798,1.3797177592716137,False
44025,Long Island,META00707,1.0914016098834862,0.051894331259612077,1.1239051764041064,0.036348450370418478,0.71761835423883247,0.02055491014962306,0.8986390877878756,0.022645148481756069,675193.80110188178,28,8192,0.00341796875,0.0034785792749908459,1.058572857228917,False
44025,Long Island,META00708,1.3825181581925174,0.055265204744911631,1.0882201957366409,0.030028845562085314,0.8399975117558971,0.021742340393682554,0.65655501115907278,0.021335259096691761,678165.79503384221,109,8192,0.0133056640625,0.013365067740754303,1.1264453231283682,False
44025,Long Island,META00709,1.0465814666673752,0.03566615149200051,1.0788487893699095,0.034209996916904288,0.70849789757256421,0.019733358933527869,0.90831621153261133,0.015285247242517857,579375.01804011082,308,8192,0.03759765625,0.037654094959111435,1.2992956021278983,False
44025,Long Island,META00710,1.2349742927756049,0.051402712306036352,1.2355330956670125,0.043910516463285067,0.76960407530706731,0.019075780172999181,0.64243784225255973,0.020582960534097423,698820.12969571445,2027,8192,0.2474365234375,0.24746735017698035,1.181173085424374,False
44025,Long Island,META00711,0.99580938946299791,0.056569385085448988,1.3791156982351029,0.026586804213986685,0.71424282715805165,0.022066137204289321,0.64986964273525605,0.0201489225716645,625130.4784838747,93,8192,0.0113525390625,0.011412181130233125,1.1816104300446253,False
44025,Long Island,META00712,1.3035434955306335,0.057058455752747983,1.2911633148514552,0.045294900631686008,0.88816482211945325,0.014135426320122218,0.74763581244868937,0.022837933500893033,741015.74255240895,8192,8192,1,0.99993897229342121,2.1809213538690959,False
44025,Long Island,META00713,1.0213530918379534,0.06349976197159507,1.3018937095449852,0.04130064144756701,0.80703481312931713,0.014962366867299256,0.95031607612766666,0.018162907487339036,699840.00645048753,487,8192,0.0594482421875,0.059502013914317101,1.2290835966472133,False
44025,Long Island,META00714,0.98415346944308491,0.052534091032479469,1.1046811374684335,0.032206298813337447,0.67382265675410291,0.016706547435038223,0.90099568542502295,0.018823569093380076,594872.94320358709,169,8192,0.0206298828125,0.020688392530208714,1.224206423869588,False
44025,Long Island,META00715,1.2602274458166973,0.051100392004329975,1.3747566056604994,0.037973732299131979,0.76511081124726266,0.017321396368546561,0.92454659929444416,0.023534276575699849,732166.34121211991,267,8192,0.0325927734375,0.032649823019650921,1.2065025898716659,False
44025,Long Island,META00716,0.99468778483974818,0.058226288041825787,1.1572971163555363,0.041279033322647624,0.67530994129678534,0.023434305562817816,0.83850840608380683,0.023986176780669822,709591.29602273065,3,8192,0.0003662109375,0.0004271939460515074,0.9675644819958612,True
44025,Long Island,META00717,1.013110545482234,0.039387534215324399,1.147484967995547,0.032493037034292613,0.64052517932778352,0.019944033861328498,0.79842294570186811,0.015671049874616302,566730.94856387179,1423,8192,0.1737060546875,0.17374588062980592,1.4580349691139003,False
44025,Long Island,META00718,1.2509420952545549,0.062014670474440287,0.99765841427479096,0.037685908095648799,0.81308883316380398,0.01810976843531923,0.94917549586159689,0.022188469481033236,707496.44682297506,61,8192,0.0074462890625,0.0075064079091907727,1.1301741889926811,False
44025,Long Island,META00719,1.0448991333258173,0.054624991593939201,1.0784841852624449,0.038871226745038949,0.92949930230350564,0.014748414669141563,0.83526575970763028,0.023542229284078522,667051.61883031973,8192,8192,1,0.99993897229342121,1.393139189899915,False
44025,Long Island,META00720,1.2015747362794285,0.045550303164566416,0.99610035992722423,0.029582584761274712,0.67134364143479885,0.018715919321589058,0.93812462945154618,0.0197881671575314,599244.08139865391,418,8192,0.051025390625,0.051080190406444528,1.3400615151754602,False
44025,Long Island,META00721,1.1917587261058389,0.048371776047380424,1.3639785089223007,0.040556671673480586,0.91159754824983363,0.014647503564224619,0.87832875693190915,0.024138219284435811,728718.90173245885,8192,8192,1,0.99993897229342121,1.8763121286951856,False
44025,Long Island,META00722,1.1699473041353627,0.059238403084572774,1.190118668428358,0.029487704658041753,0.64343296311290465,0.019043235218724114,0.95075452667132154,0.02176711106771544,658279.90801850869,76,8192,0.00927734375,0.0093372391065543753,1.1504316777824179,False
44025,Long Island,META00723,1.1645454965787365,0.04362498071547255,1.0729657469945959,0.026772493593919301,0.91724982167001279,0.017128722477782684,0.88292526791057491,0.018395983230699763,604905.26798981056,8192,8192,1,0.99993897229342121,1.3688404996531693,False
44025,Long Island,META00724,1.3635706532596772,0.054480859745468097,1.1506428155325465,0.036905208746829982,0.74746693645378726,0.020839478807296734,0.71098853879803192,0.02233106633096138,698201.06147844566,11,8192,0.0013427734375,0.0014036372513120956,0.99567483679453961,True
44025,Long Island,META00725,1.3399374605202257,0.06380454486398375,1.0953990605042285,0.032264089557104317,0.75860455482427158,0.018866421080240964,0.78701903108688209,0.02455619603683867,700767.96157356969,13,8192,0.0015869140625,0.0016477480776272428,1.0124579155349813,False
44025,Long Island,META00726,1.2407715252227254,0.053469086593054556,1.4311612844833217,0.043391155571098496,0.70118563344059892,0.022569164956318506,0.78683503566372825,0.022170753229581154,769963.95079585316,460,8192,0.05615234375,0.056206517759062616,1.1283288147786947,False
44025,Long Island,META00727,1.2917954362614892,0.058156533052804833,1.0671659316128361,0.032910595171226575,0.87202149725437483,0.017091782218837229,0.80058747774427219,0.023223799671522757,681748.26756081427,8192,8192,1,0.99993897229342121,1.2486340035727812,False
44025,Long Island,META00728,1.002949015193737,0.055103505836416308,1.0607270707061702,0.02545192292879396,0.79000799813824563,0.02088849145914368,0.94703037186637284,0.02316048011394619,643794.83214065479,556,8192,0.06787109375,0.067923837422189673,1.3771386653545712,False
44025,Long Island,META00729,1.250250971326462,0.051697806988653366,1.3283207854352244,0.038519159129690471,0.69417718611188783,0.015843914840279198,0.90024442088155232,0.02059719253299961,689597.15029149968,11,8192,0.0013427734375,0.0014036372513120956,0.99772863978665149,True
44025,Long Island,META00730,0.96520443378813769,0.058360863414140818,1.0660100613270187,0.044734499129574314,0.86944308409838467,0.025424766637301432,0.8250408768205254,0.022278800466979075,751421.65980706201,8192,8192,1,0.99993897229342121,1.082306438963859,False
44025,Long Island,META00731,1.3077742281112865,0.036500781484079037,1.3490205821531336,0.04015488708070393,0.83638960548414831,0.023290867987031713,0.75675372965611554,0.023069340640032861,736854.70082982443,7269,8192,0.8873291015625,0.88728182594898086,1.3661911063043564,False
44025,Long Island,META00732,1.0833076610869854,0.038514203426747079,1.0854961718769491,0.025113376202057242,0.79944490907006371,0.023580101535671687,0.91263312249272155,0.023016374919727862,635077.89727919747,789,8192,0.0963134765625,0.096362748687904315,1.4533390876281818,False
44025,Long Island,META00733,1.0244460113606597,0.062793644495060669,1.4131561352535424,0.031599161611183979,0.68429089798246912,0.019657302916502858,0.77078004575400683,0.019644358166337465,663212.5118353623,33,8192,0.0040283203125,0.0040888563407787135,1.0748525214063676,False
44025,Long Island,META00734,0.99611964846317913,0.035155986397901795,1.094105024514626,0.029087897448408735,0.66833327690630773,0.024774822122561192,0.83772901303409231,0.025632442698600606,619804.8841348273,8192,8192,1,0.99993897229342121,1.6985090060312535,False
44025,Long Island,META00735,1.0022863735190986,0.040371309558011985,1.3665183677173467,0.034273198532209517,0.92462208394009859,0.024823613651481231,0.87245856610482564,0.021902702695230328,734722.74845259509,8192,8192,1,0.99993897229342121,1.5071384846223637,False
44025,Long Island,META00736,1.3268604421816794,0.035210904665390362,1.2703119183256653,0.03885128464712289,0.87823778272281239,0.024619303595869189,0.84172649417893408,0.021551087333732781,739452.24179337267,8192,8192,1,0.99993897229342121,1.4277959490998189,False
44025,Long Island,META00737,1.2301219603166009,0.051300131174947389,1.0371427604001793,0.032594788889825484,0.90046377685655921,0.019975207679726138,0.70172718673702628,0.021841435379236621,661383.70261942514,8192,8192,1,0.99993897229342121,1.2437374496834015,False
44025,Long Island,META00738,1.0158487267960994,0.061938662603080522,1.1336164147024199,0.04455503373745566,0.73471900931243805,0.024810394451962949,0.89647332753943232,0.023345207639366587,755289.86565134116,1,8192,0.0001220703125,0.00018308311973636029,0.94901737459687285,True
44025,Long Island,META00739,1.236877991527608,0.063587175025603015,1.1101349445135815,0.03203458794381104,0.86578554605989311,0.022608441941677732,0.75614532749497076,0.024300245370014226,728747.58299186034,8192,8192,1,0.99993897229342121,1.2042397443524981,False
44025,Long Island,META00740,1.1529387310731785,0.058564495288350907,0.98444154945025009,0.028031882332624061,0.68257600826302789,0.016054749513788324,0.85457755881910757,0.017742759854670956,581974.78807579516,410,8192,0.050048828125,0.05010374710118394,1.3121562770108994,False
44025,Long Island,META00741,1.0417580701427238,0.049872821966204239,0.96203961622751699,0.031633367230744565,0.80605836669409592,0.014615894655825875,0.70642967192021167,0.022691095750703986,574275.21041697357,384,8192,0.046875,0.046930306359087029,1.3013687948254333,False
44025,Long Island,META00742,1.3196566922917528,0.046326727787898057,1.2281359408386474,0.043775408948609706,0.809005543390514,0.023959976138606807,0.78579022166484491,0.019712772081324027,747894.61043000559,6718,8192,0.820068359375,0.82002929329915786,1.3233058938896842,False
44025,Long Island,META00743,1.1433959250091208,0.044181314877028997,1.0316782006340746,0.032280877372300065,0.87879196673743287,0.019706926453759609,0.84960013963111103,0.021286385502444067,645467.14038889261,8192,8192,1,0.99993897229342121,1.2439164195707253,False
44025,Long Island,META00744,1.3670411093799644,0.038502012954405751,1.0068086090140898,0.044370852942330265,0.9193063607183789,0.017860923684581767,0.66979265165437152,0.019869063952072732,657101.73247686517,8192,8192,1,0.99993897229342121,1.7725830254225792,False
44025,Long Island,META00745,1.4080291482101104,0.064797113441023096,1.2745884292277636,0.02810727584342302,0.73707223607064765,0.020462750793369681,0.77117878492087522,0.023381720404134027,714383.43320086563,4,8192,0.00048828125,0.00054924935920908091,0.9806006225277808,True
44025,Long Island,META00746,1.0261884965715518,0.057480818811144058,1.0410041329018993,0.033528345992242102,0.74386083960989069,0.022683733841779255,0.89362280238689851,0.025940992717811501,690134.27431910473,89,8192,0.0108642578125,0.010923959477602831,1.1459804367105157,False
44025,Long Island,META00747,1.2719500006586919,0.053671639833917893,1.1601963498039052,0.027989128773049075,0.92912117668304073,0.019096318043212653,0.90633712920798493,0.025871421479844781,712671.25735435938,8192,8192,1,0.99993897229342121,1.4840912498219123,False
44025,Long Island,META00748,1.2454204827203124,0.053194127753954434,1.3506904335012022,0.03704764429026626,0.64149748364754833,0.016362085746371734,0.81462616555181089,0.017948424917295251,660983.22162483272,7,8192,0.0008544921875,0.00091541559868180155,0.97368492747608615,True
44025,Long Island,META00749,1.1655337268721737,0.047620335287800061,1.1871007187588933,0.039561661892720021,0.72433162750731395,0.024181498504898126,0.6592005538983694,0.019594624876821162,677565.18646210327,11,8192,0.0013427734375,0.0014036372513120956,0.99835323944760168,True
44025,Long Island,META00750,0.99751456169141128,0.042069219449431414,1.3199648582737056,0.034684027479795758,0.70186945956001812,0.02003526232363461,0.79186312894501221,0.024992929514277465,657050.8711867528,97,8192,0.0118408203125,0.011900402782863421,1.2000099797577106,False
44025,Long Island,META00751,1.242287561258367,0.056474382118652043,1.3346360443335155,0.029115811535839472,0.77912986983230947,0.014936077036829707,0.70334205033613262,0.022403098587909995,641951.17959498754,15,8192,0.0018310546875,0.0018918589039423899,1.0158904251000966,False
44025,Long Island,META00752,1.2033896819380183,0.041212988648912999,1.0611076854767014,0.032551275766081612,0.71828591615417658,0.015073994952890588,0.75425576484887247,0.022343458522890824,583491.65329186246,172,8192,0.02099609375,0.021054558769681434,1.1903117375653085,False
44025,Long Island,META00753,1.2449788411997478,0.053809890321407601,1.4301360447675453,0.027185164326911794,0.7155040420022093,0.02361564551119278,0.92370762379356108,0.016421460965823937,679456.64818971278,50,8192,0.006103515625,0.0061637983644574641,1.1383616427310901,False
44025,Long Island,META00754,1.2287918612627142,0.047811514921442991,1.0017036348423212,0.029936410924126664,0.82471659903931627,0.019368863406794667,0.68740780841390925,0.015701283805294466,594548.42252529215,314,8192,0.038330078125,0.038386427438056876,1.2626726470917271,False
44025,Long Island,META00755,0.97135023139016352,0.063342351829112603,1.1789833680193986,0.040831565162652392,0.76903300126202123,0.023906814211917767,0.70973805419032232,0.024664313522177968,724829.21735962608,2,8192,0.000244140625,0.00030513853289393383,0.96604433002296985,True
44025,Long Island,META00756,1.1496974458402098,0.042624797540594492,1.1166408566498531,0.033485539946415455,0.85569943210754063,0.015892062768727514,0.83049127637582376,0.01598895481399706,598496.64212461247,2450,8192,0.299072265625,0.29909678994263394,1.1805239926659383,False
44025,Long Island,META00757,1.4075708549981454,0.052212661680391258,1.3143028658783771,0.036174558910919211,0.94399796529872337,0.014680858354647075,0.68225660680576117,0.01887889261930599,686978.85334952944,8192,8192,1,0.99993897229342121,2.2264949574007415,False
44025,Long Island,META00758,1.0962000725620082,0.046070416279172931,1.0531050018954202,0.029975463655357134,0.68180701798866683,0.025489002916771364,0.69741187729959653,0.025545442047147406,634039.88088459615,383,8192,0.0467529296875,0.046808250945929449,1.3017583162163253,False
44025,Long Island,META00759,1.3637241498301194,0.064431156858830316,1.18958705060048,0.041609005200415633,0.79207492096198384,0.023332547659846818,0.92000473600222432,0.017104487941793214,776527.41612904647,8124,8192,0.99169921875,0.99163920419870621,1.3605583430553705,False
44025,Long Island,META00760,1.0737805592660483,0.05976392003403122,1.3351331698662003,0.044550017492322139,0.87197255544142926,0.025664656669724749,0.70049613223546314,0.017581764377797029,782110.60814117524,8192,8192,1,0.99993897229342121,1.6394363168803219,False
44025,Long Island,META00761,1.001882716965782,0.0555381861538123,1.368977338080442,0.033966258165725023,0.95810275202736861,0.018753237481064965,0.73624304955903697,0.019354089766822923,690226.53792598459,8192,8192,1,0.99993897229342121,1.6971284534023374,False
44025,Long Island,META00762,1.2155303773144897,0.062854824812299218,1.2038411088455319,0.042599069582408874,0.88029691823602374,0.020234716049485027,0.94513784795460531,0.019123261194811766,768780.74883163068,8192,8192,1,0.99993897229342121,1.7018057221628962,False
44025,Long Island,META00763,1.3669823580560054,0.051490531960276795,1.2232425134803067,0.025271177731272642,0.90519730276029553,0.018362311620220631,0.84333249137860011,0.024708116671656625,686586.56463785726,8192,8192,1,0.99993897229342121,1.3201233357141675,False
44025,Long Island,META00764,1.1739018764836784,0.05277962234027446,1.0485318903996328,0.032848806311024617,0.86504422429674943,0.019257237423075481,0.69532849260796337,0.018343125682326881,634798.77115191612,1356,8192,0.16552734375,0.1655681679482485,1.151012393799393,False
44025,Long Island,META00765,1.4084208720133977,0.037194137779743064,1.1434024011628192,0.040916075582665523,0.72269703792009865,0.024131244028565209,0.89939347203481979,0.019093122595994202,696630.73181194114,11,8192,0.0013427734375,0.0014036372513120956,0.99367770214735007,True
44025,Long Island,META00766,1.0087189836599397,0.059119280157034666,1.4075475893684883,0.037232402465113702,0.79047889013814943,0.016458269111776724,0.73825993027823811,0.015108829148572291,658268.42279623367,174,8192,0.021240234375,0.021298669595996581,1.1621324524818613,False
44025,Long Island,META00767,0.99359963645220706,0.038870643989117167,1.1770325384834983,0.034471896972962053,0.95033786267564935,0.019528665356648899,0.6787922254093498,0.023038200461330243,646869.15244328056,8192,8192,1,0.99993897229342121,1.3662969511827932,False
44025,Long Island,META00768,1.2079199018418967,0.049607209218239953,1.3710000784289518,0.030724446273373278,0.82545678357753038,0.021085139419538195,0.68170061031088869,0.022145648525900643,681937.65325663169,157,8192,0.0191650390625,0.019223727572317831,1.1954895100022043,False
44025,Long Island,META00769,1.1223587231479477,0.056570340130095209,1.3947139678590599,0.028820433180323211,0.68471170844586093,0.024921721483060176,0.80818752935525939,0.022758392470815042,695252.63733452,63,8192,0.0076904296875,0.0077505187355059197,1.1575665017557981,False
44025,Long Island,META00770,1.274669254923843,0.038327261704236948,1.1846005166654845,0.035822443222204903,0.69351077420099239,0.017528927914590466,0.78125659622740928,0.017804660132748108,608267.29521939601,19,8192,0.0023193359375,0.0023800805565726839,1.0275655666970536,False
44025,Long Island,META00771,0.9868675495477145,0.037315526346201326,1.3844358608119269,0.027683163117810796,0.75288570138460542,0.024000335060241341,0.71224823861930298,0.01856789435658112,616509.91123309778,344,8192,0.0419921875,0.042048089832784082,1.3445156431839584,False
44025,Long Island,META00772,1.3630566845314827,0.061166720289715246,1.2789438717233688,0.035665047932525618,0.69945081448244262,0.022647151906632825,0.77545044145695374,0.014045246159429163,702123.95461183402,9,8192,0.0010986328125,0.0011595264249969486,0.98723879878631671,True
44025,Long Island,META00773,1.05593267387853,0.059991829231607945,1.052611279267923,0.036313271824301142,0.81499795688488785,0.020492361507844663,0.83814996485486704,0.024387648964855995,694505.65473028854,22,8192,0.002685546875,0.0027462467960454044,1.0477945015485046,False
44025,Long Island,META00774,0.98038731466347573,0.039985765747846069,1.1064935931321154,0.043892731796314331,0.94402069719532666,0.018349819609429989,0.9595711925533581,0.021816446400927107,698119.51901092671,8192,8192,1,0.99993897229342121,1.4583576766045716,False
44025,Long Island,META00775,1.1666904658170445,0.042476060398889133,1.1199366631828225,0.040011203925385028,0.95258082136962818,0.024582232988095757,0.68422255764411055,0.022506328417710292,725305.58600449527,8192,8192,1,0.99993897229342121,1.621962123533192,False
44025,Long Island,META00776,1.2971372170491333,0.060778147172970066,1.3109810669076736,0.03488517220011076,0.73520698891809921,0.025858105312568973,0.93145908170833924,0.025503733345633807,795195.22754499165,62,8192,0.007568359375,0.0076284633223483462,1.1522942561572915,False
44025,Long Island,META00777,1.1756076508128375,0.054119873055593529,1.3098567291256662,0.030486134650506716,0.75437650593987371,0.020871925958736205,0.64995781174759015,0.016441975480398146,639752.61474259326,26,8192,0.003173828125,0.0032344684486756989,1.0382048438896512,False
44025,Long Island,META00778,1.1769022631531847,0.037390061519205924,0.96167031286769966,0.027725589000914593,0.78884530712490775,0.018963596079531957,0.77240607687593243,0.017003795336014576,557675.02911116602,835,8192,0.1019287109375,0.1019772976931527,1.4648532058730468,False
44025,Long Island,META00779,1.2887490810468529,0.051735923512159381,1.1413908019040444,0.042896254684767085,0.695876900727327,0.021519344780426806,0.88625260509794079,0.021365278785277851,720057.06538577809,3,8192,0.0003662109375,0.0004271939460515074,0.97114969662594952,True
44025,Long Island,META00780,0.98868524279308101,0.039429300450938724,1.1950740275970004,0.044468811655376722,0.68068121138792248,0.024307306093862446,0.73959096333682728,0.015043998050843091,649513.81663497235,10,8192,0.001220703125,0.0012815818381545221,0.99216420011384199,True
44025,Long Island,META00781,1.0104041909229973,0.048090004057429574,0.99542368136051596,0.044506986138281725,0.65795094470587878,0.015559240733714473,0.95361777325980057,0.020658919762412076,627637.84482522635,5,8192,0.0006103515625,0.00067130477236665442,0.97803945244667645,True
44025,Long Island,META00782,1.2960851014756027,0.056921157508958375,1.2030070568833633,0.037952208487142113,0.67610345403012895,0.015282591092018327,0.680407099375964,0.025958422113775598,672604.25012534927,1,8192,0.0001220703125,0.00018308311973636029,0.94609420948664358,True
44025,Long Island,META00783,1.2858231679626353,0.046677576772971345,1.0975670845252361,0.028288465303287869,0.77937384954487021,0.018143765051608939,0.74912546643061761,0.02485233383840231,630175.99093193351,221,8192,0.0269775390625,0.02703527401440254,1.2172054684568934,False
44025,Long Island,META00784,1.0388348424664138,0.053895804002316611,0.99854840846548398,0.036410901697678952,0.65237654097400077,0.023178970850562697,0.87196344902116851,0.02175725241172877,649662.13466279197,93,8192,0.0113525390625,0.011412181130233125,1.1471793746411445,False
44025,Long Island,META00785,1.2935570081085919,0.049897472987760656,1.3518749022428489,0.030895794653438748,0.8014653595932314,0.018276377716853691,0.69947103054354032,0.017788085441570251,650939.26320221752,48,8192,0.005859375,0.005919687538142317,1.1095261561144796,False
44025,Long Island,META00786,1.2996896874372421,0.035755379009502541,1.3459667284034427,0.029446536707235578,0.71319062914789466,0.023267178302313108,0.64868190935387726,0.017226851810110636,616377.41870031669,40,8192,0.0048828125,0.0049432442328817281,1.0953028341046938,False
44025,Long Island,META00787,1.3130340155110494,0.058111280839782009,1.1416577076314027,0.036286866756058016,0.73891858223511475,0.025595842836617796,0.95767586048052489,0.014292040607110359,714694.20171112206,44,8192,0.00537109375,0.0054314658855120221,1.1106071791905394,False
44025,Long Island,META00788,1.1056960846960291,0.051863294386975616,0.98900594339722347,0.040898658947128852,0.90625947392906059,0.019507186590294202,0.83404310754756628,0.019109413606090694,675334.92950367113,8192,8192,1,0.99993897229342121,1.2509479371115104,False
44025,Long Island,META00789,1.2679368497388328,0.041869076026074342,1.2334113715494106,0.02628635217739906,0.83522236337577049,0.017478566833659684,0.71915154246794022,0.014090678399728504,579003.64572710404,172,8192,0.02099609375,0.021054558769681434,1.1877894681309606,False
44025,Long Island,META00790,1.047614712749531,0.048708725049993407,1.3106407408772873,0.033943561918037254,0.80202429305435308,0.02423463145804098,0.66936891631547224,0.014139214816960897,657857.445019376,76,8192,0.00927734375,0.0093372391065543753,1.153712935202724,False
44025,Long Island,META00791,1.0368742072872761,0.059838470340328631,1.2368983535474283,0.036736696612433679,0.70371905017592529,0.017266162327235882,0.9249480065839808,0.02286406324916064,684934.23419134214,15,8192,0.0018310546875,0.0018918589039423899,1.0108885723441845,False
44025,Long Island,META00792,1.0333836021423481,0.054894563663378387,1.4079979010628279,0.042783597426016527,0.71474027652645411,0.024600167797695735,0.85754627949049578,0.016937035463576253,741524.40216880781,67,8192,0.0081787109375,0.0082387403881362137,1.1232729834399542,False
44025,Long Island,META00793,0.9981869430059741,0.052257412803611042,1.2285929347197893,0.041800001145290339,0.79882539184885615,0.025239901622864921,0.70456464244083317,0.020060113808410173,717540.55745551479,31,8192,0.0037841796875,0.0038447455144635665,1.046425155748822,False
44025,Long Island,META00794,1.05223420613598,0.036540032573663131,1.0712713278956152,0.024683378124566006,0.67222317730469994,0.014362158977302765,0.72134055319544943,0.023495375371061136,520188.10683900601,2166,8192,0.264404296875,0.26443305260588307,1.5648855700578215,False
44025,Long Island,META00795,1.4193456939570077,0.055044444279706492,1.0135339970006652,0.037497448230210187,0.806516821694369,0.018529184800619877,0.8622462153650996,0.01800639142804045,681851.99079675088,791,8192,0.0965576171875,0.096606859514219462,1.1332055037995961,False
44025,Long Island,META00796,1.1208167817449903,0.061962521292458078,1.1991231841319623,0.029184131250647585,0.80522255886246152,0.015934216385804185,0.65082857379100745,0.01815181178745395,611709.61929491605,40,8192,0.0048828125,0.0049432442328817281,1.0761632521900881,False
44025,Long Island,META00797,1.3412676935854884,0.05487281975889341,1.1685548371985299,0.02623436213349218,0.66423936360421332,0.024588527068428546,0.79245671207517443,0.024627562457584906,678293.59793772444,131,8192,0.0159912109375,0.01605028683022092,1.1535604742065775,False
44025,Long Island,META00798,1.1771480724596153,0.062521485201313176,1.3061424310672232,0.042547120899531152,0.85802120909574031,0.022366407268942241,0.85155049534816263,0.024145037356238852,805683.15517222858,8192,8192,1,0.99993897229342121,1.6101994152251353,False
44025,Long Island,META00799,1.0586659136688903,0.047166532353218077,1.3435261877560112,0.035975592814171765,0.664337913586725,0.025803112594552265,0.67212795183327501,0.024275013206823376,687675.75796864054,114,8192,0.013916015625,0.013975344806542171,1.1942889025694507,False
44025,Long Island,META00800,1.3902453778943558,0.04702987474344876,1.425286929875083,0.034243387504077585,0.78855874690773076,0.022961072344290279,0.8714738377210085,0.024226523057856129,760678.57959557592,587,8192,0.0716552734375,0.071707555230074452,1.2490931859571763,False
44025,Long Island,META00801,1.0095678813469482,0.040730253657730218,1.1608198917981574,0.038088960282077693,0.68546064684840124,0.015349769386464842,0.92701827674131176,0.019922479337739302,610840.62547686032,70,8192,0.008544921875,0.0086049066276089343,1.1447039063374493,False
44025,Long Island,META00802,1.3213054428824975,0.04360104037089331,1.0923866781254832,0.03750913099468825,0.70284549693864518,0.022911414653002476,0.73937744998788324,0.022808524384549431,669568.57308148558,10,8192,0.001220703125,0.0012815818381545221,0.99781608068405414,True
44025,Long Island,META00803,1.4123736903783199,0.051627936527176108,0.98682340130329171,0.028567843365189759,0.64002486454503282,0.022991014771578389,0.72087632645939081,0.016324195798595009,608859.19117316767,296,8192,0.0361328125,0.036189430001220553,1.2488944441738881,False
44025,Long Island,META00804,1.3855029269299037,0.043472615143031509,0.96489111377288406,0.034857146053786578,0.69730357741821103,0.017641333060323911,0.66126709332600597,0.025975984045204271,614354.41850426572,117,8192,0.0142822265625,0.014341511046014891,1.1334892176555151,False
44025,Long Island,META00805,1.3223524028060263,0.055910478676802537,1.4019927269124697,0.040115360262107547,0.68832050420850965,0.014959161483659167,0.72919666395937455,0.020246195814617549,699134.13471490808,12,8192,0.00146484375,0.0015256926644696693,1.0049227358159765,False
44025,Long Island,META00806,1.28766546754008,0.039792650006124274,0.98224302583417988,0.038784244904756342,0.9557543786137026,0.018991490420975567,0.71317133738690797,0.025160981205374494,671103.35624323657,8192,8192,1,0.99993897229342121,1.626020708040983,False
44025,Long Island,META00807,1.1611905560393685,0.059660382223542238,1.0490728182712794,0.041636969112838776,0.6679125496393773,0.018539507342101646,0.81352267999845884,0.020542763855461409,667103.84348759812,1,8192,0.0001220703125,0.00018308311973636029,0.95330136484116124,True
44025,Long Island,META00808,1.2763955826517661,0.044873928974424077,1.0635174299663193,0.030373231242146422,0.77774573704878724,0.020167363552813886,0.9039111469775869,0.017900360423770953,630059.35278912261,188,8192,0.02294921875,0.02300744538020261,1.2146061429904644,False
44025,Long Island,META00809,1.3280648830173789,0.045293618829190807,1.2857938451315793,0.026354260264033452,0.72290289880795822,0.021304951969069376,0.66900791516655744,0.015919125170102206,607581.0103508028,73,8192,0.0089111328125,0.0089710728670816548,1.1042401128664598,False
44025,Long Island,META00810,1.31110954627222,0.061354379332986042,1.1722548879326966,0.028521178224485629,0.8960796375789617,0.014517386009811577,0.80117415070337961,0.014799693409799138,631349.11861107603,8192,8192,1,0.99993897229342121,1.3489670975635486,False
44025,Long Island,META00811,1.0789124149864153,0.041504771539833528,1.2988557755858487,0.03034726393139478,0.94947531793555107,0.024191569355675381,0.88253193370411798,0.015130833204686977,682182.00410797703,8192,8192,1,0.99993897229342121,1.5359955518085382,False
44025,Long Island,META00812,1.403433685366456,0.054535525023817512,1.1251255745048967,0.042695747729014202,0.66099610665826414,0.017724291644220569,0.80531828298473129,0.024638882521459675,712211.20299761056,0,8192,0,6.1027706578786769e-05,0.93581450831361523,True
44025,Long Island,META00813,1.0907717840969391,0.050607398615153149,1.2931666084213247,0.030259903389115557,0.65287459652913682,0.015926912553825508,0.8690496618395247,0.0245718557218026,634404.12983650307,79,8192,0.0096435546875,0.0097034053460270959,1.1773341377899078,False
44025,Long Island,META00814,1.4004910371273422,0.035906100881608838,1.2362087301982103,0.036923371567525995,0.92587997850832748,0.023145408422323391,0.81610317221915141,0.016024197742771466,702286.4605127332,8192,8192,1,0.99993897229342121,1.6677134330964096,False
44025,Long Island,META00815,1.1311220055045619,0.038568639057375342,1.1152863132581969,0.025565994803314313,0.81545408684980425,0.025834964230022309,0.6706568729181992,0.017898572409502749,610728.28025645216,580,8192,0.07080078125,0.070853167337971437,1.3819798828561087,False
44025,Long Island,META00816,1.2171292763709167,0.053918323175119659,1.0661581167637713,0.034652888698258728,0.77563909390150465,0.020608259377753804,0.64628256316050525,0.016400223582165765,632584.01173240249,28,8192,0.00341796875,0.0034785792749908459,1.0426029272015771,False
44025,Long Island,META00817,1.1679664735941866,0.044281089891951404,0.98019559784597532,0.041986918941612869,0.66540197780893884,0.021795126851123919,0.95412805216022012,0.02391203187373802,677611.75954407221,21,8192,0.0025634765625,0.0026241913828878309,1.0441459048065405,False
44025,Long Island,META00818,1.1557784106766495,0.042863815845503819,1.394187627786273,0.037021948054905461,0.91123345066828132,0.021119619148620865,0.78312967097503616,0.019347015579973204,716138.38165584032,8192,8192,1,0.99993897229342121,1.6106321890484863,False
44025,Long Island,META00819,0.98698991691015114,0.060983005913143831,1.1620724164525795,0.03016248073249362,0.89155100638208262,0.022732160031646902,0.83248514370405491,0.020258531454944533,688102.94769673178,8192,8192,1,0.99993897229342121,1.1883972456538643,False
44025,Long Island,META00820,1.3974435672374099,0.063180829441881428,1.2513076479081209,0.03963575992331566,0.67325560085220171,0.019400396001356381,0.87904709674317982,0.018054026401177092,731357.71496603487,6,8192,0.000732421875,0.00079336018552422804,0.97186362249733427,True
44025,Long Island,META00821,1.2711787561667653,0.062441838171488781,0.98711675452171288,0.044839780330967513,0.88169605659727579,0.024695268941808526,0.77587381074002548,0.016162841653863051,747960.69607327052,8192,8192,1,0.99993897229342121,1.5635897740607578,False
44025,Long Island,META00822,0.99273722447497426,0.036970438490424355,1.038741436311261,0.034783951726628445,0.84882980595517576,0.015911125148278162,0.85588756116127529,0.022078176063098812,599902.82728694961,8192,8192,1,0.99993897229342121,1.2516876732753708,False
44025,Long Island,META00823,1.4138937323159659,0.05336228270581328,1.3523134228393687,0.037865605065726837,0.83425952661560965,0.021858335533376849,0.88209960295140011,0.017410467436425853,757723.27265768719,8192,8192,1,0.99993897229342121,1.556253816977029,False
44025,Long Island,META00824,0.9779179413912471,0.04499661981573546,1.0676760822228415,0.041011928583132934,0.80958342440151221,0.025185809237931456,0.77444946617140065,0.022447980831358134,692868.14127492346,17,8192,0.0020751953125,0.0021359697302575369,1.0261314676016526,False
44025,Long Island,META00825,0.9729338877347804,0.046586237323558891,1.107431609490819,0.037258398322886133,0.73070942501019076,0.018380728662997618,0.91731134022245575,0.016286809832778585,612222.07157844026,62,8192,0.007568359375,0.0076284633223483462,1.1185909706056012,False
44025,Long Island,META00826,1.138711285872589,0.059889622184223765,1.2306562819113673,0.031496594528478396,0.83610836156727841,0.022166229163421862,0.94950495750562869,0.01894097686907727,710866.17324905598,8192,8192,1,0.99993897229342121,1.2669185619480057,False
44025,Long Island,META00827,0.97626082871080633,0.046997464044976664,1.019135564457299,0.039889966849239233,0.92028026156563647,0.014856449018147002,0.65102265169180207,0.018409941260609609,595231.39696377853,8192,8192,1,0.99993897229342121,1.1794419137921075,False
44025,Long Island,META00828,1.3995347212681897,0.035092230788223412,1.4015121824077414,0.033827140047565547,0.64578996207350037,0.022250891608956172,0.74591884508329831,0.021202614277375319,658967.28683606721,8,8192,0.0009765625,0.0010374710118393751,0.98419515096418908,True
44025,Long Island,META00829,1.0805552260622522,0.06316091253682049,1.0181232855434865,0.035402012390492621,0.95918192734038876,0.02368892312962987,0.67991050409036735,0.016916084450766179,697560.90135455888,8192,8192,1,0.99993897229342121,1.404769204386952,False
44025,Long Island,META00830,0.98361995508849465,0.056356440635895323,1.2264081950408281,0.028856726491462349,0.90856034836329846,0.017513870451529679,0.86667825762408024,0.014532220037090426,618900.30767079594,8192,8192,1,0.99993897229342121,1.3075359534386812,False
44025,Long Island,META00831,1.1777285617620734,0.040129531212478801,1.1965484817188834,0.028245962455475403,0.73574414484068107,0.025316597073642984,0.66019096375514819,0.025030530193580716,641740.6232475501,191,8192,0.0233154296875,0.023373611619675331,1.2252327427959853,False
44025,Long Island,META00832,1.3473672536675547,0.051972027253025743,1.2404893525278355,0.042106079618384432,0.73108246161638712,0.015627458445258102,0.69416046943353582,0.023947409101872569,695403.86558544298,105,8192,0.0128173828125,0.012876846088124009,1.0541161833500141,False
44025,Long Island,META00833,1.0902367223001983,0.050652817188959545,1.4000652114686942,0.038335541295253378,0.65517101488203877,0.022389285595235679,0.69783201526590832,0.015505457788996852,666843.93464471505,53,8192,0.0064697265625,0.0065299646039301846,1.1009110923089991,False
44025,Long Island,META00834,1.2354437733159784,0.037788313370670262,1.3480717625682699,0.029299886958133927,0.66566560113049267,0.021468750565166065,0.89386801460630849,0.025336498784263445,662075.69951395551,95,8192,0.0115966796875,0.011656291956548272,1.2120530134059897,False
44025,Long Island,META00835,1.4246669949898005,0.039543073193253508,1.3049552618842735,0.037193738803092811,0.79699059007501594,0.017848826519723665,0.85887405198419176,0.01617477222293652,666695.21501184895,677,8192,0.0826416015625,0.082692542414256068,1.1718875580931583,False
44025,Long Island,META00836,0.98635735363836241,0.054857388493350076,1.0451597021397467,0.03859574614262417,0.66768259479852266,0.02127395987540092,0.84290132828332442,0.014331843587905402,613800.9149776866,25,8192,0.0030517578125,0.0031124130355181254,1.0566912564539523,False
44025,Long Island,META00837,1.0301270952288348,0.048246990470214912,1.3547014832508151,0.039589601262751434,0.89397455108489599,0.020927577871826065,0.68641619343894911,0.021428076247336586,714804.88908005191,8192,8192,1,0.99993897229342121,1.4977568906243131,False
44025,Long Island,META00838,1.2462422631910235,0.055151377592896442,1.221083182349346,0.034546828842586516,0.75172262770981735,0.01917647198819223,0.66474699074490218,0.019268290351374576,658578.19359251705,11,8192,0.0013427734375,0.0014036372513120956,0.99886764504777104,True
44025,Long Island,META00839,1.2699176610154661,0.059503680374697235,1.2098303464481024,0.035368991469100726,0.71248045377828162,0.014273369761199835,0.90903743624512934,0.014831535075413554,641448.49342808791,10,8192,0.001220703125,0.0012815818381545221,0.99089441423532965,True
44025,Long Island,META00840,1.0957608295041661,0.06411371161925071,1.323766755138384,0.038410850489725708,0.8837352865447039,0.02306811305593133,0.81290627459859865,0.02196818803578645,775806.15052342624,8192,8192,1,0.99993897229342121,1.5361607125099177,False
44025,Long Island,META00841,1.1760909433334954,0.040213312827077859,1.3023990287331724,0.03314754132111191,0.87623098193890914,0.023762510294600941,0.94102349537329455,0.021372038972855674,721498.91797142732,8192,8192,1,0.99993897229342121,1.4103774280485297,False
44025,Long Island,META00842,1.2052856261390399,0.051743692543486243,1.2274469591658916,0.027659801295803508,0.68809534288329588,0.018317795861731746,0.86637550831108889,0.017290381272373187,611902.91782679409,95,8192,0.0115966796875,0.011656291956548272,1.1553743859560932,False
44025,Long Island,META00843,1.0881428713755754,0.058912210762141815,1.1567570424062859,0.039079558414646207,0.74843147217365569,0.015332316798967962,0.8760606827645282,0.024158776980938556,681888.88763180899,6,8192,0.000732421875,0.00079336018552422804,0.98880826440000047,True
44025,Long Island,META00844,1.0218059700438455,0.041942904150257601,1.1671922416513856,0.039747873901961474,0.86085804706096225,0.017696513258511935,0.81792338485831884,0.022714055177875378,664796.48834370484,1156,8192,0.14111328125,0.14115708531673379,1.1644415874508318,False
44025,Long Island,META00845,1.276828452641616,0.048279087354892121,1.2253012432015946,0.02736613864304693,0.80402043297219994,0.025501733919008129,0.74488504263999666,0.01622472573374904,661803.15816763719,95,8192,0.0115966796875,0.011656291956548272,1.1525083889991372,False
44025,Long Island,META00846,1.1116570388177296,0.03965085786864251,1.340043250379255,0.031591529839209292,0.95520620010879931,0.02227833425688746,0.73435468214363797,0.014717962352198872,662734.00305526762,8192,8192,1,0.99993897229342121,1.5604313429527561,False
44025,Long Island,META00847,0.98814829198671483,0.037455921894310927,1.0091232878665981,0.04146190773475146,0.72530554776658496,0.023359625400626444,0.92247233621039904,0.01449447623201236,618834.93644003908,67,8192,0.0081787109375,0.0082387403881362137,1.1229740008628826,False
44025,Long Island,META00848,1.2657198576875424,0.043235910540699682,1.2995083762805422,0.024616401363174015,0.86814561689249548,0.024450301299736604,0.71271738527483408,0.019708607512644399,660891.29290720215,8158,8192,0.995849609375,0.99578908824606371,1.2077408384751158,False
44025,Long Island,META00849,1.4134642144117955,0.041383111427318847,1.2903185789247587,0.038189041312651904,0.71125626426482924,0.02454800255100743,0.89020102465973461,0.023604548475310076,741220.20170972787,18,8192,0.002197265625,0.0022580251434151104,1.0246199898449639,False
44025,Long Island,META00850,1.0731736466403401,0.063624925860860077,1.2616440151864055,0.026878709831936895,0.8885815944604275,0.024733960087074656,0.74690098222057966,0.025978875569273703,728627.01932301512,8192,8192,1,0.99993897229342121,1.2087751261458133,False
44025,Long Island,META00851,1.1975481390110427,0.059300107419686485,1.2672658386516702,0.038118462176909541,0.79453479320806553,0.02435417507883559,0.81121571077820054,0.023573895303989217,765548.91442500916,539,8192,0.0657958984375,0.065848895398510923,1.181870802117251,False
44025,Long Island,META00852,1.2780238129366608,0.061880846359706143,1.3897937347903073,0.035301493371400622,0.9090303682815053,0.016622012449098732,0.71896477317145158,0.023280929940612982,735395.46661035728,8192,8192,1,0.99993897229342121,1.9090027118723603,False
44025,Long Island,META00853,1.3546857158970567,0.045171094298293066,1.2709243038579932,0.026136670555440524,0.88049250307870941,0.019855507580239497,0.82115359958039391,0.017061008645830093,646502.21608098526,8192,8192,1,0.99993897229342121,1.2368861577190169,False
44025,Long Island,META00854,1.3003329133375472,0.043971485566570004,0.97769652563753473,0.02774011304969709,0.66392384275485083,0.01941427860345589,0.93673397673363645,0.02524178459116052,627141.14063006255,560,8192,0.068359375,0.068412059074819967,1.3770907712263063,False
44025,Long Island,META00855,1.410313154344794,0.038947564963984153,1.2980092521551869,0.03358914705245334,0.84757737360910312,0.017783068207092523,0.7676270843334112,0.014525388526213916,636749.96860843548,2108,8192,0.25732421875,0.2573538386427438,1.2457144090266721,False
44025,Long Island,META00856,1.0660266103757796,0.037070277397889935,1.3465671195096336,0.029739455781512793,0.88264848991040112,0.023883986018110384,0.79338870467042122,0.01853550807205108,664984.71828000434,8192,8192,1,0.99993897229342121,1.3113858465987285,False
44025,Long Island,META00857,0.96689190259531455,0.051178025152467027,0.97885883419045983,0.0356331785845675,0.93905421420555868,0.020125607736523964,0.92272729568106082,0.020108673558263925,664786.11485696526,8192,8192,1,0.99993897229342121,1.2781418560011133,False
44025,Long Island,META00858,1.3915351989061513,0.059051840687604655,1.4087473972162901,0.025586418843305796,0.90564467285623684,0.024636718616634204,0.64737922997505637,0.018300176714075175,727334.25264871831,8192,8192,1,0.99993897229342121,1.4776454750717933,False
44025,Long Island,META00859,0.96114605754587124,0.047869147840834209,1.1164722627070982,0.027863662723128988,0.78781340919263332,0.025935110627188694,0.91910956871433613,0.024064748282361867,676892.97024940921,418,8192,0.051025390625,0.051080190406444528,1.352949077509481,False
44025,Long Island,META00860,1.1629582780444674,0.040307382151542691,1.3740313838381133,0.036461317786143449,0.84494375522914111,0.021179945443181355,0.73099880658354721,0.017538959200598177,679275.21586273168,3332,8192,0.40673828125,0.40674966434761384,1.2953277988926515,False
44025,Long Island,META00861,0.99372933563859778,0.05870987235662746,1.1544927839399499,0.028487812972391641,0.65955010545696569,0.018933201983382154,0.73214664424667297,0.017484667803011431,583234.50673859345,179,8192,0.0218505859375,0.021908946661784449,1.231222103736902,False
44025,Long Island,META00862,1.0361099588037095,0.03537207079238032,0.99743260089806429,0.028274515732315375,0.842671243421932,0.021342074170008447,0.86591329143353712,0.02211687782045741,610376.44866595289,8192,8192,1,0.99993897229342121,1.467459384479838,False
44025,Long Island,META00863,1.355252181190856,0.039646095511193968,1.0870343449277959,0.026333071986207358,0.64499986538562326,0.016305939474258308,0.81063003517244281,0.02089766463614641,567649.5020639844,434,8192,0.052978515625,0.053033077016965705,1.320591600101471,False
44025,Long Island,META00864,1.1169951026108165,0.054934233171612973,1.3775918643771323,0.028311695520792192,0.73939605951790999,0.015870865654597659,0.91336282162129745,0.017672462152015341,628979.25812686002,51,8192,0.0062255859375,0.0062858537776150376,1.1218071615314766,False
44025,Long Island,META00865,1.2094891091683735,0.053173745089773766,0.98339557866050065,0.033206141150124768,0.85304992187035023,0.025200594648752996,0.78931105122164291,0.023887196660498908,709108.82052831573,1546,8192,0.188720703125,0.18875869644818749,1.1766433018330371,False
44025,Long Island,META00866,1.4021214820887948,0.050091013946286442,1.2781715138547398,0.035259696689058727,0.81956055324358834,0.023039123169452874,0.74540889200022942,0.018391072613529073,719101.02576654404,3170,8192,0.386962890625,0.38697668741608693,1.2564990044521838,False
44025,Long Island,META00867,1.3217983018398591,0.04450785368499019,1.2560341538880118,0.032979550275181443,0.6554069335223851,0.015271687933352311,0.92829308195335347,0.01618819729749946,612537.6498572767,18,8192,0.002197265625,0.0022580251434151104,1.0259248220405042,False
44025,Long Island,META00868,1.219438325141361,0.058196186240563358,1.2626443957099176,0.03178628369916349,0.91371694380933888,0.020273420804702375,0.65681861177801193,0.016448333668910044,680773.25085468637,8192,8192,1,0.99993897229342121,1.497620162262135,False
44025,Long Island,META00869,1.0208158885693881,0.049336942780941792,1.0344272240157382,0.032450812678674792,0.90280999548549401,0.016048370133786835,0.89252788058491728,0.01865661804212811,612573.92766973132,8192,8192,1,0.99993897229342121,1.2687190131851496,False
44025,Long Island,META00870,1.3127506928610146,0.036943415618817428,1.0041747728997414,0.0306158582985031,0.93796967202771997,0.023542368358937887,0.69368349018510533,0.022907764132991514,661152.97686995601,8192,8192,1,0.99993897229342121,1.3285195016206972,False
44025,Long Island,META00871,1.2385326085374149,0.036658298584067918,1.4265235981111879,0.044096656870806258,0.75663301963764817,0.014907507001390829,0.66291958771018433,0.022201825465908168,677674.35981697624,2368,8192,0.2890625,0.28908824606371292,1.2673359774660078,False
44025,Long Island,META00872,1.047004818063471,0.050724137015471259,1.2865894184707025,0.032117869288672732,0.93108837850792714,0.018736332588905266,0.72389297666771146,0.015680702403175296,644412.27093985863,8192,8192,1,0.99993897229342121,1.4484360708127288,False
44025,Long Island,META00873,1.3388371938530248,0.057131815351624239,1.1439373287658714,0.041954752970658621,0.85666509360815724,0.021983258710420683,0.77988574906908192,0.016799488464060135,736835.81546661886,8192,8192,1,0.99993897229342121,1.5537735953625236,False
44025,Long Island,META00874,1.2408784853280537,0.059192279674525297,1.090057457512249,0.038365544995081949,0.84023576309753401,0.015369848638266006,0.79543663270696496,0.015736755504756793,651249.31435259315,2052,8192,0.25048828125,0.25051873550591969,1.1917451344999377,False
44025,Long Island,META00875,1.2278800873688172,0.062089008761148631,1.2296501662718313,0.03664398506381087,0.65491461516606009,0.022094464100760172,0.83037201332597432,0.02299523478195805,719319.63303226256,4,8192,0.00048828125,0.00054924935920908091,0.98507782576495395,True
44025,Long Island,META00876,1.0897377770823011,0.040661250949905643,1.0058104498575957,0.039050480896720627,0.6983116199383903,0.017820380719469155,0.67134423986588465,0.020000184232897192,583988.09621170571,70,8192,0.008544921875,0.0086049066276089343,1.1045814641403822,False
44025,Long Island,META00877,1.1506969554933681,0.037970999200232072,1.3881808258289192,0.036869422444136983,0.89582628077511317,0.015694621777241506,0.65792066295259055,0.020974871506537748,649147.64317092462,8192,8192,1,0.99993897229342121,1.5430113717424458,False
44025,Long Island,META00878,1.4329168860674923,0.052154636335808073,1.3807352080744129,0.038948864026680227,0.77665076019926627,0.023452011344920053,0.80547352046048792,0.024974952182239829,792155.21685209614,5052,8192,0.61669921875,0.61668497497864028,1.3225648397424443,False
44025,Long Island,META00879,1.310120444355438,0.062353816516633173,1.0257149041883638,0.039861673645061609,0.64628596144368755,0.023722617987288027,0.84539581631903715,0.024507796243463338,729170.16243587655,2,8192,0.000244140625,0.00030513853289393383,0.95741664649106839,True
44025,Long Island,META00880,1.2706723038341179,0.042949954879116028,1.2064637891430365,0.03004427483960391,0.65364920019152262,0.023092693934539978,0.86093649429357277,0.021852862370345939,649015.88250656042,103,8192,0.0125732421875,0.012632735261808862,1.1781295536815422,False
44025,Long Island,META00881,1.4116516797438121,0.041802392630520109,1.3153324968662248,0.045215311633748867,0.73629739111907799,0.022422900918489551,0.84216234355847486,0.01445414131000021,722459.30605458363,1618,8192,0.197509765625,0.19754668619553278,1.1700679249426094,False
44025,Long Island,META00882,1.3492191806965432,0.064610638514561114,1.3929882196353129,0.028203753270756027,0.67768271127638202,0.015389428569230142,0.87471666685075,0.023177102066841006,692517.64812110504,2,8192,0.000244140625,0.00030513853289393383,0.96273089923159982,True
44025,Long Island,META00883,1.048210786877281,0.04197234605716308,1.4096839536833234,0.041479411355345407,0.79232777951202416,0.022786828135119612,0.71773674588688496,0.019741096187818708,713546.64452353492,1909,8192,0.2330322265625,0.23306481142438668,1.2137365873042398,False
44025,Long Island,META00884,1.3493190358177516,0.057425019277120105,1.3863212477427447,0.032014103683496123,0.64405313385507024,0.020484060242292323,0.68559311718056359,0.024121606234698591,694967.76607299177,2,8192,0.000244140625,0.00030513853289393383,0.96243329098312613,True
44025,Long Island,META00885,1.1305144060826977,0.059029090184836139,1.1745990383583589,0.024572594278193333,0.85040392000211329,0.02307509185428494,0.80973041236359578,0.020926128252074936,672685.29844352417,2291,8192,0.2796630859375,0.27968997925057976,1.2320622539863624,False
44025,Long Island,META00886,1.0724474669855784,0.037856553337970625,1.2435388227199367,0.036773232655187504,0.81705827669344699,0.021535733749413193,0.85894131158991571,0.021144131264210973,677195.19394746481,81,8192,0.0098876953125,0.0099475161723422429,1.1776073581900866,False
44025,Long Island,META00887,1.076091926824523,0.054815255530281576,1.3265969490272478,0.035959963140219604,0.79269591131739792,0.024220055570399378,0.78156961185182316,0.023784953214686745,735449.38322297984,74,8192,0.009033203125,0.0090931282802392283,1.1528367204068233,False
44025,Long Island,META00888,1.2631417071023314,0.045097817104761906,1.1577792383546226,0.031248913325762247,0.80021291603143541,0.016170687781319661,0.70823124315158625,0.020638817595533866,611032.80857362901,61,8192,0.0074462890625,0.0075064079091907727,1.1124161159798489,False
44025,Long Island,META00889,1.1941479158113992,0.05735447330447644,1.3969894569575649,0.036825278612211132,0.67778204961170341,0.020759639896524115,0.9385506938772481,0.016660355400504173,707891.19163028023,42,8192,0.005126953125,0.0051873550591968751,1.1035481846212596,False
44025,Long Island,META00890,1.2125519871266148,0.042452935642725481,1.4060065738396823,0.03362640055933052,0.89911408862140307,0.024173061414861308,0.90874731506508344,0.024287998451358369,765217.29202487611,8192,8192,1,0.99993897229342121,1.5781732115237825,False
44025,Long Island,META00891,1.3250891743666824,0.038332167721833073,1.3564341627744758,0.039107331236220212,0.81196564887301359,0.020257812020278092,0.75318298486703272,0.014396084007072662,674648.03147717065,3303,8192,0.4031982421875,0.40321005736604421,1.2662039090950001,False
44025,Long Island,META00892,1.1625286919009081,0.052433807480173303,1.3735148627779989,0.041942390913174435,0.78125471616945663,0.020642156481266518,0.88370193650228535,0.015116142126504167,722201.82901244971,2362,8192,0.288330078125,0.28835591358476748,1.263346368157751,False
44025,Long Island,META00893,1.1095444235702527,0.045386809377728238,1.3409807913485361,0.030790589434637049,0.66466084095788958,0.022306406614901027,0.85632262109225732,0.019320010067611214,644941.51456937136,139,8192,0.0169677734375,0.017026730135481508,1.2662024594913024,False
44025,Long Island,META00894,1.2482004776216196,0.049725545289563071,1.4046744790004455,0.042036542003183651,0.90804774363623686,0.025105355535314809,0.69273529427179414,0.016129496232266154,776725.59301275015,8192,8192,1,0.99993897229342121,2.0608681469220853,False
44025,Long Island,META00895,1.0254863708913842,0.05207823172033553,1.0947205587571887,0.025673520542430613,0.77033006873428367,0.021387497686572648,0.70751344731076737,0.021282165569214379,604071.15318414802,495,8192,0.0604248046875,0.060478457219577689,1.3521095347752177,False
44025,Long Island,META00896,0.96325650985811528,0.053011570287844298,1.1663934038702053,0.03966707978240766,0.87069359666141266,0.01471176090585883,0.86043165591469972,0.021546658362314321,657861.29345456581,8192,8192,1,0.99993897229342121,1.1844503080354358,False
44025,Long Island,META00897,1.4043959102508037,0.041870159994330532,1.0705559178463055,0.026603878799331192,0.77023561568636023,0.015442971941735628,0.68294394067668296,0.016613211171612446,557521.34747133835,375,8192,0.0457763671875,0.04583180764066886,1.2860605131595912,False
44025,Long Island,META00898,1.3990717261746715,0.044222744074952927,1.366991390540059,0.032128612116123459,0.7774547822226503,0.024341065292897465,0.94357206439323371,0.017158194883218333,714108.22804238042,70,8192,0.008544921875,0.0086049066276089343,1.1917360208857473,False
44025,Long Island,META00899,1.0996639716525205,0.064084840034076773,1.3967635430583583,0.043430778437684552,0.94717271775905854,0.018134020103164807,0.82745108117394028,0.022022889621313435,788791.64653685456,8192,8192,1,0.99993897229342121,2.3588822670873846,False
44025,Long Island,META00900,0.96973401936241788,0.04300748892998392,0.98816669653453426,0.025076972762531693,0.71338285371964405,0.017598368724841149,0.74002294137038083,0.020635555952465544,535388.09951139882,1333,8192,0.1627197265625,0.16276089344562431,1.560980507292002,False
44025,Long Island,META00901,1.4167085947492628,0.061308639122819197,1.2002326558401184,0.045365512655227064,0.73865870061944505,0.016782792481926198,0.95697922494897669,0.016695090234151454,742157.86634456518,3816,8192,0.4658203125,0.46582448431587942,1.2732264120168528,False
44025,Long Island,META00902,1.2868578913929172,0.037945778773499389,1.4195292181258337,0.032147873194979901,0.65860417963087481,0.024960623481164401,0.66165224480904916,0.014825575433682842,634548.29694920802,44,8192,0.00537109375,0.0054314658855120221,1.102109618671224,False
44025,Long Island,META00903,1.4291857051196679,0.052611263247230047,1.3603644884512258,0.039416873382645663,0.6744270887001288,0.025985863308716287,0.74451458917716562,0.023048970670556043,767693.17619678215,12,8192,0.00146484375,0.0015256926644696693,1.0009043221060439,False
44025,Long Island,META00904,1.0771443168407921,0.060270404592330781,1.0246895617500216,0.033892540596477921,0.76755597091874095,0.018072986427552413,0.93331617132749378,0.019854582922974588,649080.65957080503,63,8192,0.0076904296875,0.0077505187355059197,1.1144985873069677,False
44025,Long Island,META00905,1.2399561742162062,0.046780655373478475,1.1256522052605806,0.025294525700104865,0.82699553325194242,0.022017993814882592,0.84069966003687147,0.025816134788507687,670179.80627282511,365,8192,0.0445556640625,0.044611253509093125,1.2952300229211022,False
44025,Long Island,META00906,1.1150497374960542,0.056813054758555769,1.4112043938669516,0.034429780019065985,0.74063624734876854,0.014432392958773056,0.78203101208372894,0.016590947089587343,641849.84723406693,29,8192,0.0035400390625,0.0036006346881484195,1.0553914896992074,False
44025,Long Island,META00907,1.3780744228785049,0.045989130287622151,1.294255977227462,0.029773022255268268,0.87790494430595523,0.017670912944419526,0.66691656971524749,0.025894349543023276,671363.58411473769,6256,8192,0.763671875,0.7636396924203589,1.2968070818524646,False
44025,Long Island,META00908,1.1640423146779453,0.040795958078292061,1.0197646928593964,0.02867413045088802,0.70153302344914859,0.014355604852504242,0.78980637627553874,0.014584389239110861,521997.2281672089,547,8192,0.0667724609375,0.066825338703771511,1.3663942346015103,False
44025,Long Island,META00909,1.3767343346635446,0.04119993169099298,1.1811597369352407,0.043130227141861474,0.91467419687124418,0.020358792348892953,0.79426981428475629,0.02556639197520251,750245.69920727669,8192,8192,1,0.99993897229342121,1.9000717775917133,False
44025,Long Island,META00910,1.2397232656055728,0.039529091819454944,1.3130692633612449,0.040205595566915733,0.92424735318902806,0.021636116487051955,0.76264107369049994,0.016624043469025879,711852.90319663961,8192,8192,1,0.99993897229342121,1.7639432291221426,False
44025,Long Island,META00911,1.3073192826616968,0.04155031284077064,1.3334803407104936,0.034574804551023353,0.66498589462860236,0.020684101786747056,0.68682389111731745,0.023462257675334851,659404.40951944771,10,8192,0.001220703125,0.0012815818381545221,0.99638494682467049,True
44025,Long Island,META00912,1.1140694784183631,0.053858479546501248,1.1325840464946122,0.041201160680649065,0.83781644550340451,0.018744471415500678,0.73555513794203475,0.019858855364826573,679397.72118341085,915,8192,0.1116943359375,0.11174173074575858,1.1234072677205427,False
44025,Long Island,META00913,1.0945359978699782,0.04394923995571131,1.2167399951264393,0.032180725956450704,0.74175538946976072,0.024907750728105728,0.84444713827525841,0.022070467794754488,675669.69486120692,97,8192,0.0118408203125,0.011900402782863421,1.1778953278560638,False
44025,Long Island,META00914,1.217702533279972,0.058467590050825038,1.3699111818323293,0.030814500277370108,0.86752512697170547,0.025059515004038614,0.87018549148410773,0.016089437156123786,736359.30781920743,8192,8192,1,0.99993897229342121,1.4381686863282142,False
44025,Long Island,META00915,1.1726585413850912,0.063772462299139882,1.0406383654627638,0.034842618012534854,0.78218338344270166,0.016753228476900271,0.75388929016846451,0.019252711773540925,643994.94950542389,15,8192,0.0018310546875,0.0018918589039423899,1.0137432292168498,False
44025,Long Island,META00916,1.370566855338389,0.038927498656463076,1.3985237807868471,0.036067235501768581,0.75780547926323039,0.024153997961065935,0.6407608456496815,0.025914139359878904,717256.41484885162,266,8192,0.032470703125,0.032527767606493348,1.0918337974550385,False
44025,Long Island,META00917,1.0292437937882644,0.046294046275234813,1.1062994575380047,0.044970116322292385,0.91558337355527541,0.014481930149718275,0.76687871337016433,0.020509340623557661,652067.53719733818,8192,8192,1,0.99993897229342121,1.417037683265884,False
44025,Long Island,META00918,1.0222534560635972,0.041331715713911373,1.0430059253123756,0.04223680117289471,0.78734423438416434,0.014864011032286807,0.65288791262404844,0.025217711116953256,608634.53597068938,13,8192,0.0015869140625,0.0016477480776272428,1.0089249701629246,False
44025,Long Island,META00919,1.1031378959605151,0.042659133056369633,1.0879259742924443,0.033782696571125245,0.64767355770529567,0.017257708482711777,0.69802815782479111,0.018864581098576371,568011.61556953157,154,8192,0.018798828125,0.018857561332845111,1.2009464277196402,False
44025,Long Island,META00920,1.1087290707511377,0.046500505778212811,0.98084473729643307,0.030714598037481278,0.85323475988245423,0.023855492604616804,0.84631270806675984,0.017187375268300838,640717.69514996209,8192,8192,1,0.99993897229342121,1.3056999678436394,False
44025,Long Island,META00921,1.1371598317974503,0.049655897543421326,1.1597712212693976,0.036580644659608544,0.79781122641599378,0.017919133139512468,0.64314330812590881,0.024246750117825351,649520.17853107699,21,8192,0.0025634765625,0.0026241913828878309,1.0238555121724762,False
44025,Long Island,META00922,1.4394580102760381,0.054752008629461474,1.0358297062404811,0.038760583131920566,0.92822622645278308,0.018408757885421796,0.85421198459789194,0.016426591807992247,702626.70407772216,8192,8192,1,0.99993897229342121,1.9212969870534808,False
44025,Long Island,META00923,1.0814818522052356,0.061630099135933633,1.0714703617125827,0.032724926747412286,0.77138608860366342,0.021962034657355863,0.82696930313447192,0.019054887112136713,664251.43020920514,52,8192,0.00634765625,0.0064079091907726111,1.084776612914879,False
44025,Long Island,META00924,1.3365646541779501,0.046359983578874525,1.1584582869453044,0.034686264893918781,0.7043327476616088,0.024747179744741946,0.72203053859067967,0.015718552003085293,655724.44180311228,16,8192,0.001953125,0.0020139143170999634,1.0116870641424416,False
44025,Long Island,META00925,1.2485224162276745,0.055449065861722185,1.2582710052257133,0.03415474863095528,0.67932577731861565,0.025373592027804336,0.88460273078034934,0.018905941647476866,709553.51188518037,31,8192,0.0037841796875,0.0038447455144635665,1.0650793603785667,False
44025,Long Island,META00926,1.0195358545585327,0.053334403750845416,0.98743674756904853,0.025759857922396569,0.87697867823669384,0.02262918541659192,0.68360450220353985,0.025231025599575366,637327.71453235857,6305,8192,0.7696533203125,0.76962040766508,1.4387228620953529,False
44025,Long Island,META00927,1.2027890073099805,0.049231575532501293,0.97486470185483731,0.038067329959776443,0.79648225853681964,0.019989194001463775,0.81521911778543121,0.020375829623303948,654672.27449751634,39,8192,0.0047607421875,0.0048211888197241546,1.0738895221323932,False
44025,Long Island,META00928,1.0054841019241998,0.057024160166220028,1.2694220596781685,0.044046787124090089,0.65693072085769411,0.020567282587863417,0.66805034103905114,0.02164838854679689,687418.87141173391,1,8192,0.0001220703125,0.00018308311973636029,0.94644757646028566,True
44025,Long Island,META00929,1.1011120262840002,0.045234618587366639,1.0801756195370291,0.045105383855456385,0.8338020414768641,0.01769017262345628,0.90602665158218654,0.016874856376304037,663411.12082605157,3398,8192,0.414794921875,0.41480532161601369,1.0993537932599011,False
44025,Long Island,META00930,1.14556833199288,0.04220502074702201,1.1652485694729136,0.043408816269426449,0.71897913672104541,0.021003814224415586,0.93624877266951589,0.014174610035498957,659537.44959530374,11,8192,0.0013427734375,0.0014036372513120956,0.99938291099112042,True
44025,Long Island,META00931,1.0595912609783047,0.061685391051799682,0.98613760772282988,0.028161816436349262,0.81767672748281972,0.025918497016019684,0.7786119639274981,0.017013791958438822,655942.35564091313,396,8192,0.04833984375,0.048394971316977911,1.3065592243117516,False
44025,Long Island,META00932,1.2328232409832389,0.038738882931489367,1.100951902822231,0.028232468720710328,0.68405036918486717,0.025581103355627775,0.67760875036702684,0.020905856896688304,608683.76428990415,353,8192,0.0430908203125,0.043146588551202243,1.3025467664489332,False
44025,Long Island,META00933,1.1332197640047001,0.050364117423730106,1.1982288844813083,0.044289125018937288,0.76809746925570432,0.022847254235732108,0.80153152982031417,0.0235537975813363,738666.96831277641,16,8192,0.001953125,0.0020139143170999634,1.0180838472717491,False
44025,Long Island,META00934,0.99411485467805405,0.056874517099300234,1.3759442607337595,0.044710918692726614,0.693268371947111,0.015198716926639523,0.92948127525939284,0.021182656847572492,714002.51691094658,16,8192,0.001953125,0.0020139143170999634,1.0129379433595822,False
44025,Long Island,META00935,1.023714002514146,0.046919059260842118,1.3170375955430504,0.043156466403357942,0.90702308470510484,0.018847973598446227,0.85259616152075268,0.024911665988987149,747356.52726112877,8192,8192,1,0.99993897229342121,1.5904054947612709,False
44025,Long Island,META00936,1.4254580415085265,0.051777574830367087,1.2129641428577886,0.040417443548075138,0.75116822372971259,0.019297924901657857,0.78082244833273395,0.014431632464912587,688030.8787354693,395,8192,0.0482177734375,0.048272915903820338,1.092626256291243,False
44025,Long Island,META00937,1.2205383801368901,0.044855954549841176,1.2182746897041654,0.026936339309537611,0.9364504131234177,0.014918908317055864,0.81043328544856674,0.021698239577870298,621200.17216539837,8192,8192,1,0.99993897229342121,1.4059258375094987,False
44025,Long Island,META00938,1.2732398281375477,0.047580040749872779,1.3938158451838727,0.045469360452631044,0.8576183066538452,0.019116727144366838,0.75922121303754941,0.016825041022599428,743599.29832191381,8192,8192,1,0.99993897229342121,1.8894480880119326,False
44025,Long Island,META00939,1.1930527778684092,0.036246727264058448,1.3083525346757805,0.03154167137782083,0.77699580884943109,0.014393517068342524,0.77048588589781652,0.025807725610504123,619063.60530931852,53,8192,0.0064697265625,0.0065299646039301846,1.1091443494513302,False
44025,Long Island,META00940,1.0791790993930039,0.035130395285038869,1.2316226405788864,0.04517715911594658,0.88442269618541047,0.01682148137420102,0.65324393024928518,0.020041484565611192,656007.85518203431,8192,8192,1,0.99993897229342121,1.4543796507179678,False
44025,Long Island,META00941,1.3791926669869063,0.063452531572309248,1.3432436011044508,0.044237378373531235,0.65628469743231399,0.019607497103463978,0.85390021397697069,0.015407552865612618,750171.8656550945,13,8192,0.0015869140625,0.0016477480776272428,1.0077580153275882,False
44025,Long Island,META00942,1.0719256443715357,0.04853777400965547,1.1183729589547327,0.02950597569582071,0.79195227336185292,0.014552754897421314,0.87887079063706208,0.022213447068467854,604196.86728310876,216,8192,0.0263671875,0.026424996948614672,1.2268657894730095,False
44025,Long Island,META00943,1.3480777590495985,0.050200472961306253,1.2431322261094242,0.035918889842246657,0.70586218032083103,0.025773875107124287,0.81969397492284535,0.017043021050194177,706257.20433804765,15,8192,0.0018310546875,0.0018918589039423899,1.0071462989272684,False
44025,Long Island,META00944,1.1021723607807425,0.03531293279114546,1.2505127614954115,0.043647743383584375,0.93595854886972329,0.02233342544553964,0.91491449151917448,0.016886874600854276,722237.94973076275,8192,8192,1,0.99993897229342121,1.6427942495996906,False
44025,Long Island,META00945,1.1543469431436864,0.052008185102368716,1.3908782231689207,0.042217770177874835,0.66928746807689699,0.016083446461878141,0.95789080674848215,0.017196167429489033,695453.03973784589,30,8192,0.003662109375,0.003722690101305993,1.0555764894839899,False
44025,Long Island,META00946,1.398595776480444,0.058639299515813884,1.114842287551387,0.033220462198704719,0.94250983496373086,0.023797472093088742,0.95828227160561263,0.019773341193584291,772767.88757382357,8192,8192,1,0.99993897229342121,1.877288717208409,False
44025,Long Island,META00947,1.3121175518221797,0.056062133290791585,1.2699135633643608,0.024849808567170423,0.75993753090948757,0.023131787923179277,0.78895010168318391,0.019163569913314183,669071.19622359925,78,8192,0.009521484375,0.0095813499328695224,1.1072845700602367,False
44025,Long Island,META00948,1.1815950929397736,0.054026903171422946,1.2351867032559924,0.042193629110970604,0.88490711220029372,0.021572362294024969,0.66218277575021101,0.01531906986365361,713121.82655778888,8192,8192,1,0.99993897229342121,1.6274225697807017,False
44025,Long Island,META00949,1.4107256061751738,0.05631659753223861,1.2473485592902172,0.033408110667295786,0.95153184701030225,0.020921928553435928,0.79980555287068567,0.017731691270156495,736773.97111653211,8192,8192,1,0.99993897229342121,1.9940913291292635,False
44025,Long Island,META00950,0.97392179068323903,0.062171059179366883,1.0999758395931274,0.024859104798472233,0.93061032642005848,0.025871828668761761,0.85230954998563058,0.015580526630048077,671741.96384333982,8192,8192,1,0.99993897229342121,1.3248621292474914,False
44025,Long Island,META00951,1.2073748144608225,0.042183383658865439,1.0100005461463399,0.034258009766386197,0.88479729701370957,0.021931163259544278,0.8774243376223807,0.014066002145937629,636854.6504916714,8192,8192,1,0.99993897229342121,1.2527705104182281,False
44025,Long Island,META00952,1.200999473303785,0.05134470699294192,1.1504828431867964,0.037346077701467209,0.87444983180299407,0.024787713116442487,0.76651338765315757,0.024105185480684011,743877.40957435512,8192,8192,1,0.99993897229342121,1.2964622081031236,False
44025,Long Island,META00953,1.1292195225252488,0.036467896402178832,1.2127864773318,0.038441207989452615,0.66740995021435701,0.014299131454910694,0.69217256092557267,0.02116114332614203,589456.64232438139,21,8192,0.0025634765625,0.0026241913828878309,1.0300785964883761,False
44025,Long Island,META00954,1.1047139572974882,0.051554885013834637,1.0283690785364674,0.030279451061956467,0.78085003751260496,0.023004798003680826,0.86503875047332413,0.016793852895155646,633478.02397299535,271,8192,0.0330810546875,0.033138044672281215,1.2483954973931295,False
44025,Long Island,META00955,1.0393905221270459,0.057265318142633068,1.3927738936529779,0.039971628088243963,0.9423008306527163,0.016433662997650311,0.70359806618224863,0.024469953414828365,727380.48251344275,8192,8192,1,0.99993897229342121,1.9779641690659584,False
44025,Long Island,META00956,1.1487791857457059,0.03972687823374256,1.2718308238059874,0.03270379112731215,0.76592414570229117,0.024461512254094729,0.76728960077666619,0.018278181999065869,656958.98101121048,61,8192,0.0074462890625,0.0075064079091907727,1.1298964485706764,False
44025,Long Island,META00957,1.0365821693430295,0.048747152690134007,1.1910010777603226,0.02874372066000444,0.7127118573862874,0.014850167524012829,0.94019967704011376,0.017074467802671023,578032.00954128639,198,8192,0.024169921875,0.024227999511778349,1.2609616615808068,False
44025,Long Island,META00958,1.3787220333040417,0.042846752645424514,1.2593845794188856,0.027794341876808654,0.83309053221238749,0.015362873184815501,0.73485491642961254,0.024482338165390104,629917.21608852921,65,8192,0.0079345703125,0.0079946295618210667,1.1221607081572833,False
44025,Long Island,META00959,1.4337561136835555,0.041020352848659736,1.0385087163585713,0.032332553191670069,0.75553182366857041,0.020664126643606655,0.94761900800554266,0.022617278959820145,667898.86449483188,122,8192,0.014892578125,0.014951788111802759,1.1661668471523465,False
44025,Long Island,META00960,1.135617990290795,0.056721047182227258,1.3476293025807708,0.036391945687170066,0.93982292491002517,0.014044229916331955,0.82149042749931089,0.014611281173149287,662962.58925034502,8192,8192,1,0.99993897229342121,1.8520327015340046,False
44025,Long Island,META00961,1.3961901131303791,0.045623656586122233,1.2600695474486434,0.038803513497206107,0.72204877301654113,0.017067098457627251,0.67779645577750114,0.022316661256090099,670576.9898306831,3,8192,0.0003662109375,0.0004271939460515074,0.97864209627499799,True
44025,Long Island,META00962,1.2923654341379314,0.06014780431628905,1.3239485097964852,0.040992272564640636,0.89120776901291354,0.017544259331981227,0.845908749434926,0.019695557061613092,757242.61516600929,8192,8192,1,0.99993897229342121,1.9781405269915675,False
44025,Long Island,META00963,1.2676522697094923,0.058650393193900863,0.97616293062099724,0.045231693312298676,0.82903646410181686,0.018885621069082679,0.67093575388660409,0.020273536207570789,689787.13368251862,4282,8192,0.522705078125,0.52270230684730867,1.2539734646877747,False
44025,Long Island,META00964,1.2584757341662336,0.043737576249844978,1.1350716850688232,0.041415376532182822,0.93513082575457784,0.022666090739898961,0.81910655331198867,0.023420095669585334,747640.91280905926,8192,8192,1,0.99993897229342121,1.7241082393271783,False
44025,Long Island,META00965,1.1901618902517441,0.052560862121650669,1.1421322036628689,0.027131996481320322,0.90381122813132919,0.024620394877076769,0.86303231839281502,0.02296233498403916,713555.53066378855,8192,8192,1,0.99993897229342121,1.2991183886534441,False
44025,Long Island,META00966,1.2628357158971273,0.055092974348323075,1.2076645225151039,0.02489309838323682,0.88869950164986811,0.023494536640142897,0.73278847930783453,0.022974770061196883,694358.34864830121,8192,8192,1,0.99993897229342121,1.2331342808309014,False
44025,Long Island,META00967,1.1314147647419104,0.052409509471220653,1.2852528065985211,0.045341316015500718,0.74627325906994979,0.025315856499341094,0.9510525657702994,0.024203131940849255,799111.47397876997,148,8192,0.01806640625,0.01812522885389967,1.1391147277058788,False
44025,Long Island,META00968,1.0571736016127211,0.046865122916032724,1.3343383437282454,0.03085911499052674,0.66646076943928989,0.019197139967852772,0.94995284455296658,0.022826182417690515,654894.32810295653,218,8192,0.026611328125,0.026669107774929819,1.3256025138255245,False
44025,Long Island,META00969,1.1182752023578386,0.060479080397388953,1.2454776879937546,0.032943973731655585,0.70031062773926966,0.023033115142736246,0.88172891948333065,0.018500425484038727,686104.47479098698,32,8192,0.00390625,0.00396680092762114,1.0639454354478668,False
44025,Long Island,META00970,1.0231355289688351,0.054704797004319752,1.1302182569156023,0.036215930562920322,0.65429622705671064,0.014305225971797756,0.80494908730755088,0.018265223268645714,593631.21268278966,20,8192,0.00244140625,0.0025021359697302574,1.0393508255853092,False
44025,Long Island,META00971,1.2135227183196589,0.063700242526952361,1.1225354324128425,0.040712752580282764,0.75211872104958477,0.025579739538295607,0.72525531157005518,0.016072775308127819,721735.12567208707,8,8192,0.0009765625,0.0010374710118393751,0.99024586105589263,True
44025,Long Island,META00972,1.0949324692077889,0.059710821679106935,1.1817648240061123,0.040273160109085188,0.8857849382939702,0.015579300699165879,0.91040337661426707,0.016892228231326994,681996.31993966887,8192,8192,1,0.99993897229342121,1.4468868775936286,False
44025,Long Island,META00973,1.179546541732047,0.05785637709308275,1.098004151128839,0.035321068882239487,0.80826540584050077,0.019924734924379819,0.72188694587861879,0.025019503464921669,688030.35148731549,26,8192,0.003173828125,0.0032344684486756989,1.0353337002199348,False
44025,Long Island,META00974,1.3292387787840101,0.048731292966054635,1.2008433226863127,0.036999054576034682,0.82832493800786244,0.021017014833405172,0.64481289002844777,0.022556693668037586,696362.82801827241,3624,8192,0.4423828125,0.4423898449896253,1.2505591175814532,False
44025,Long Island,META00975,1.1601777177919119,0.035599071739535873,1.3890257734617517,0.030066922128910871,0.93150021670626071,0.023113075013056275,0.80955336952049273,0.022883666441147872,701869.84318749607,8192,8192,1,0.99993897229342121,1.4842182229622884,False
44025,Long Island,META00976,0.99227216875835011,0.057974772279794258,1.1373023557746773,0.024905440538337008,0.65062576372224834,0.019290410256460562,0.87695884968537585,0.019621743014629423,590401.70129311515,632,8192,0.0771484375,0.07720004882216526,1.4393521271379586,False
44025,Long Island,META00977,1.140412283088919,0.052372557198525266,0.99107410828215881,0.031107983269865531,0.93631334749248984,0.01740436921159208,0.75813608027643176,0.025830887326705562,652270.41625064181,8192,8192,1,0.99993897229342121,1.29240805890941,False
44025,Long Island,META00978,1.3137730145685276,0.035283285874484704,1.2501413446811596,0.033846164992694744,0.79413526794407763,0.025291999409849945,0.68963571014655711,0.020611189419813044,674264.93433065398,43,8192,0.0052490234375,0.0053094104723544486,1.0720206791329119,False
44025,Long Island,META00979,1.1962958138164641,0.050082621691040823,1.4106965105426614,0.033162315425842914,0.74333697367016882,0.019770473115009429,0.89671308092085966,0.025993141804961074,723566.85510486132,53,8192,0.0064697265625,0.0065299646039301846,1.1471301777387772,False
44025,Long Island,META00980,1.4131104297069035,0.04945036488677209,1.0647030163965063,0.043098997033182568,0.72869202275004341,0.025702416267398595,0.69663975998266414,0.018456184579919384,711647.70817845454,8,8192,0.0009765625,0.0010374710118393751,0.99774830284769411,True
44025,Long Island,META00981,1.2243994231433306,0.063040915706424144,1.3015014224085231,0.036669972390760738,0.67038448268575113,0.025378146879918982,0.88816611028928616,0.018436206665901796,738483.97235496377,20,8192,0.00244140625,0.0025021359697302574,1.037075635607521,False
44025,Long Island,META00982,1.0272021765508879,0.061706390871829976,1.3160861366183985,0.025023559493813435,0.7621479622815428,0.01545652438136927,0.93445497361096497,0.014004673906815299,590799.07205670164,104,8192,0.0126953125,0.012754790674966435,1.1832426230742337,False
44025,Long Island,META00983,1.3113947047618135,0.057096323325894406,1.2966378087198376,0.044749351740361452,0.82033695903604109,0.023632550906805432,0.79695018391769157,0.01991596809204469,793144.41310254065,8192,8192,1,0.99993897229342121,1.61025966645306,False
44025,Long Island,META00984,1.2380821023863973,0.04961735239954336,0.98140843632662245,0.029428882333540202,0.87167036772258177,0.021775698543628985,0.65557489743197628,0.021514889168920047,640445.73010669369,2910,8192,0.355224609375,0.35524227999511776,1.2831666892864659,False
44025,Long Island,META00985,0.99095424068041149,0.037582423921955904,1.0992619191895312,0.034896266890527147,0.8469955534828264,0.016270381873703492,0.6808596299652796,0.014376732086841853,559601.59274441295,163,8192,0.0198974609375,0.019956060051263273,1.1939510036598362,False
44025,Long Island,META00986,1.2183856896315728,0.058583354283937489,1.2899337380733531,0.040609997274782206,0.68643126946982869,0.019806053852002608,0.67571481479887963,0.025192596234118105,718307.5953680448,4,8192,0.00048828125,0.00054924935920908091,0.96963738919024034,True
44025,Long Island,META00987,1.1344812384330409,0.048449517094716274,1.2157247727500864,0.025221492631047705,0.64850554655198778,0.017001054906437642,0.71052479289307169,0.022232376455836329,574294.2181330641,291,8192,0.0355224609375,0.035579152935432685,1.2960614794392731,False
44025,Long Island,META00988,1.1523982602512137,0.040412493435916116,1.383867241413502,0.029274065431920317,0.76941930541857373,0.017966781410995603,0.88533146394055984,0.021173590438190969,640366.86994020396,75,8192,0.0091552734375,0.0092151836933968018,1.1779816114496222,False
44025,Long Island,META00989,1.2389334854357537,0.046062200100919791,1.2524882923620066,0.044913186845978545,0.69613182982580957,0.017376235455401765,0.88350648056801284,0.023095600147550941,713492.59872312821,6,8192,0.000732421875,0.00079336018552422804,0.97115288656361443,True
44025,Long Island,META00990,1.159928532064997,0.0605443794016918,1.3584460077227145,0.044701254105475048,0.67677587735914058,0.014565044076920192,0.78388273616763371,0.022046636356388094,717518.88953180087,4,8192,0.00048828125,0.00054924935920908091,0.9529502390513136,True
44025,Long Island,META00991,1.30555249993184,0.046212033964989185,1.2054580603339367,0.032059276496252641,0.88152331999610423,0.020799856448035756,0.72326903921920849,0.014271557975542196,650962.11423310847,8192,8192,1,0.99993897229342121,1.2994808839668177,False
44025,Long Island,META00992,1.3457738770498848,0.040258777136815992,1.1036923734378992,0.043937773342283409,0.74936137330615959,0.023810463610051173,0.84116461259582775,0.014730846735526642,681871.59246173792,9,8192,0.0010986328125,0.0011595264249969486,0.99045885409608736,True
44025,Long Island,META00993,1.0000915743401559,0.061526133178517517,1.1071281230151035,0.038537382883379989,0.9323251630867655,0.021029671153039692,0.64221145290640758,0.024030532122740041,704170.9922671481,8192,8192,1,0.99993897229342121,1.3480416043742967,False
44025,Long Island,META00994,1.0164093231267222,0.042419471077980553,0.96249088394607218,0.036541564217246331,0.85065552817904866,0.023477598084127208,0.67871318726546359,0.014924123267645186,613527.52836606081,214,8192,0.026123046875,0.026180886122299525,1.2079744085316635,False
44025,Long Island,META00995,1.1827610339054453,0.058944280914505938,1.248540516383698,0.024627915284209392,0.91834763369032135,0.020471202294030877,0.85037817200556531,0.020676759850194071,683820.18322260666,8192,8192,1,0.99993897229342121,1.3476902267149331,False
44025,Long Island,META00996,1.4315427116990982,0.056212524952546764,1.1221195586125692,0.043993344691778936,0.822671066670974,0.017815188173081989,0.88714553022179143,0.025689159355234303,768964.55465358158,8192,8192,1,0.99993897229342121,1.5532140934811369,False
44025,Long Island,META00997,1.4261605996730051,0.046522542562934137,1.0963985957233753,0.027555477185092644,0.83663452321086273,0.023506713083732658,0.85186416494638761,0.025859173084215495,708590.26087432716,6919,8192,0.8446044921875,0.84456243134383013,1.2152952492151077,False
44025,Long Island,META00998,1.1135865723687677,0.045282843706631951,1.161349631637639,0.039210817113152406,0.9099547709420478,0.022563293462234027,0.6666634111466857,0.015629856774971879,676117.83926886355,8192,8192,1,0.99993897229342121,1.3918960701449332,False
44025,Long Island,META00999,1.0871119132750782,0.043709100935855547,1.1198207749134872,0.027216670140969526,0.64730856623168354,0.020938996280407341,0.87937505366835134,0.014511624358429146,564005.16701631178,1197,8192,0.1461181640625,0.14616135725619431,1.5435917639120253,False
41025,Diamond Shoals,META00000,1.2,0.050000000000000003,1.2,0.035000000000000003,0.80000000000000004,0.02,0.80000000000000004,0.02,673882.7346821574,14,8192,0.001708984375,0.0017698034907848163,1.0256098597701404,False
41025,Diamond Shoals,META00001,1.3313531437578328,0.061380737678100872,1.0724652057142363,0.029016447553433671,0.93355548304561142,0.018500701723038571,0.706229607889717,0.020116982129294875,675233.21511806804,8192,8192,1,0.99993897229342121,1.3778423843103851,False
41025,Diamond Shoals,META00002,1.327754360807931,0.061912994496192836,1.4191000616494445,0.024619092478324788,0.80357947344461178,0.019136232151724095,0.70721399004630292,0.023490893056597482,688359.01033544505,14,8192,0.001708984375,0.0017698034907848163,1.0176712541667692,False
41025,Diamond Shoals,META00003,1.2689345894354747,0.0425251126947098,0.97317644281521498,0.03322061812351005,0.89815462267112844,0.022347269904962171,0.88517219725280294,0.015066372127117715,645872.34814760147,8192,8192,1,0.99993897229342121,1.2757624999668062,False
41025,Diamond Shoals,META00004,1.2851369177970988,0.037686805380386622,1.3335321985226436,0.043675260178314551,0.93170091645563646,0.02327350106167847,0.72334868313926626,0.022996420577414738,768583.83331854432,8192,8192,1,0.99993897229342121,2.0649935301591809,False
41025,Diamond Shoals,META00005,1.4363666337752508,0.060563581758805204,1.2296051088110223,0.039251244029024163,0.93995343751956462,0.014179983693094148,0.68491291828152234,0.018646922898419724,709525.1188800605,8192,8192,1,0.99993897229342121,2.4888798167302495,False
41025,Diamond Shoals,META00006,1.1836738146361312,0.044026825308020941,1.1102035538929074,0.025883914760676838,0.781336077786973,0.022202384815962289,0.84986778624520676,0.024534421028602465,646829.66548171209,380,8192,0.04638671875,0.046442084706456728,1.400176173251372,False
41025,Diamond Shoals,META00007,1.4387768095671474,0.057894213116466267,0.99253293001312659,0.031599156096974244,0.77992234592223175,0.018586587384122513,0.67951657800203713,0.017726561251672514,641930.75256897206,99,8192,0.0120849609375,0.012144513609178568,1.1683440346014267,False
41025,Diamond Shoals,META00008,1.4008771107624423,0.062701526261319682,1.0214487390804514,0.042663807610571133,0.67997533745517003,0.018672362950788612,0.91845573556343119,0.015802228966025827,694595.9184194603,9,8192,0.0010986328125,0.0011595264249969486,0.98793908112934337,True
41025,Diamond Shoals,META00009,1.0208291722316911,0.036378327111826939,1.4136381920055874,0.044833332163847051,0.70348423821581318,0.023819431703105156,0.77253169400823385,0.019059847376705612,710045.88344139559,53,8192,0.0064697265625,0.0065299646039301846,1.0595966130472418,False
41025,Diamond Shoals,META00010,1.1088141405396463,0.052882808021177424,1.1933557535920345,0.029259837789164064,0.6638064306903475,0.022446753080089234,0.64114443876888894,0.015451470961549651,597031.87172854156,113,8192,0.0137939453125,0.013853289393384597,1.1860931404564021,False
41025,Diamond Shoals,META00011,1.3605965835471752,0.051464943502680674,1.1498567467773282,0.03971989340430717,0.86863859183388692,0.016242491433043297,0.66823722533862384,0.02583550072129253,697511.5333679528,8192,8192,1,0.99993897229342121,1.5852757743399228,False
41025,Diamond Shoals,META00012,1.0520273144342558,0.059972200880270651,1.312337225932557,0.036707631987503743,0.83167754415506623,0.020779074845190277,0.80923627756334882,0.016216479574238708,697432.28633374278,918,8192,0.112060546875,0.1121078969852313,1.1203780439353703,False
41025,Diamond Shoals,META00013,1.1900454737946302,0.038327954279284371,1.0493232490357809,0.028994594689423801,0.84459450580439221,0.017560424489407662,0.74561115446216553,0.019149955948041718,581363.41725425085,376,8192,0.0458984375,0.045953863053826434,1.3929671025528512,False
41025,Diamond Shoals,META00014,1.0431050950526766,0.055478788148732881,1.269700594684863,0.025908639527091295,0.92934778311099353,0.018277025548988669,0.67179577278001446,0.020373520724384479,629603.76176682569,8192,8192,1,0.99993897229342121,1.2250655289656633,False
41025,Diamond Shoals,META00015,1.3031265423761726,0.046574463920487877,1.3604715410671731,0.032368785998540012,0.85452180144760381,0.018515073625072449,0.8510078012982637,0.019462526739182532,687281.53714240459,8192,8192,1,0.99993897229342121,1.2281543513258293,False
41025,Diamond Shoals,META00016,0.97809637916696635,0.05598127662908875,1.1635676356197955,0.038801044849656172,0.6997847791194618,0.024448251650175438,0.66544144674618688,0.020985205686012295,669240.51175043173,12,8192,0.00146484375,0.0015256926644696693,1.0079414746795261,False
41025,Diamond Shoals,META00017,1.38697885668656,0.05074741348416624,1.1985220777372494,0.041906644168746669,0.7242390809566811,0.021590353689474082,0.77584964494832864,0.019874235508326062,718760.82318165037,9,8192,0.0010986328125,0.0011595264249969486,0.99543178789048259,True
41025,Diamond Shoals,META00018,1.0477412248515947,0.043716585504176939,1.3374723727981996,0.039960066698440676,0.79374478286204975,0.0220488482883908,0.70180360816138754,0.019219217072685896,688527.90252022818,355,8192,0.0433349609375,0.04339069937751739,1.1050329525772258,False
41025,Diamond Shoals,META00019,1.1236515012354378,0.055833510856494246,1.1857291062513218,0.030148654915704676,0.77114112584560279,0.018067718002659328,0.86636204438631548,0.025998191168408322,673411.93827727111,69,8192,0.0084228515625,0.0084828512144513608,1.1409998936182906,False
41025,Diamond Shoals,META00020,1.0548059363556177,0.051925555551640357,1.3761081606936842,0.027280609237178365,0.87219713617753603,0.017872281936440668,0.65643707607838864,0.015812533713496148,611010.8058597421,7592,8192,0.9267578125,0.92670572439887711,1.1251057744290618,False
41025,Diamond Shoals,META00021,1.2265290137696307,0.064208123871258183,1.1658207513617502,0.030902474433892373,0.7100376922969498,0.021478679430665785,0.68317363918800156,0.017040325739403756,653489.82726362429,29,8192,0.0035400390625,0.0036006346881484195,1.0598672639574724,False
41025,Diamond Shoals,META00022,1.1223754389598497,0.055661549533582703,1.309211160728377,0.043159917483442958,0.66472360987632029,0.016332485161089452,0.87238864219029377,0.020161060650875973,697200.10033584316,5,8192,0.0006103515625,0.00067130477236665442,0.96389593275341412,True
41025,Diamond Shoals,META00023,1.2965267719809055,0.046847858837286885,1.2845698368791991,0.034193895255313772,0.82864442033954566,0.024779153480084033,0.78362532528189976,0.016795730952444566,707269.18169682019,927,8192,0.1131591796875,0.11320639570364946,1.1230918678174691,False
41025,Diamond Shoals,META00024,1.3475217261514016,0.045720601254604407,1.2811064768389122,0.0277165205326819,0.68286609713950597,0.0250500344039312,0.72871045213925201,0.016963039323252702,640739.70008489641,62,8192,0.007568359375,0.0076284633223483462,1.1239940338828824,False
41025,Diamond Shoals,META00025,1.4198108299410215,0.062391943104310177,1.1804877813169201,0.025372724820132225,0.66044642924217545,0.014285951875031552,0.92105578501183571,0.024037913327157476,661146.89052601496,105,8192,0.0128173828125,0.012876846088124009,1.1803468080126767,False
41025,Diamond Shoals,META00026,1.2624643816651921,0.054356273653004661,1.3239826172932814,0.037892073860726239,0.78248103155393256,0.024157587448075439,0.95383943325744491,0.023476767231752724,784873.30068936828,1031,8192,0.1258544921875,0.1259001586720371,1.1571321465917512,False
41025,Diamond Shoals,META00027,0.96991890031558337,0.052039352520245337,0.97627964252578681,0.039094015818597311,0.66536379481273022,0.014621608670297345,0.80318129383315873,0.016141477529130338,564231.84743794112,84,8192,0.01025390625,0.010313682411814963,1.158385930072684,False
41025,Diamond Shoals,META00028,0.9789981988731884,0.060866844777038999,1.2964715974620487,0.041070292356849572,0.73588434706230443,0.017308119775643251,0.95842981538553951,0.024349684547649811,727674.21070533548,9,8192,0.0010986328125,0.0011595264249969486,0.98666724353860225,True
41025,Diamond Shoals,META00029,1.4119545004276244,0.037138149695325702,1.3533632799870028,0.045465428908087392,0.69732526794974614,0.014407788928987393,0.89689943919421888,0.018942172278026428,689302.97731568478,23,8192,0.0028076171875,0.0028683022092029779,1.0223230081370767,False
41025,Diamond Shoals,META00030,1.3464280089356915,0.055872512594986629,1.252660718700048,0.043238750229377725,0.87609600081903571,0.015815244235818159,0.65503234050694548,0.023111762901878517,726202.23305787018,8192,8192,1,0.99993897229342121,2.0096139358512906,False
41025,Diamond Shoals,META00031,0.98787273006246012,0.057371278476826382,1.2409201032167823,0.038000456800751273,0.86139216710118238,0.015946299549646999,0.76677904763031668,0.018275735845608931,654436.34926069202,3669,8192,0.4478759765625,0.44788233858171611,1.1320474958060454,False
41025,Diamond Shoals,META00032,1.114414441223964,0.056205559594521295,1.3655608338197762,0.028363551179884212,0.76263966381328296,0.014298142409006705,0.7902425337435679,0.019948730982473989,620298.41762367962,21,8192,0.0025634765625,0.0026241913828878309,1.043335026499709,False
41025,Diamond Shoals,META00033,1.3811350146168435,0.046641431258737709,0.9604768057253954,0.033883488121513733,0.80493581867527553,0.015793575583269569,0.65265188984828415,0.019357181762241389,597292.01888757502,145,8192,0.0177001953125,0.017759062614426949,1.2142319452032573,False
41025,Diamond Shoals,META00034,1.1515067616411125,0.052689916763954042,1.3287620222708272,0.036898169665397711,0.87335643600655866,0.019165542573300158,0.90482826896518653,0.022798243342463241,736399.95829804789,8192,8192,1,0.99993897229342121,1.3978364155770224,False
41025,Diamond Shoals,META00035,1.0644630141936295,0.037054015622809244,1.0240395022176938,0.033164530736870583,0.92465379203109688,0.014887697888811681,0.68805619066160117,0.01458455701614296,548681.32087379508,8192,8192,1,0.99993897229342121,1.3369551847473236,False
41025,Diamond Shoals,META00036,0.97131125493407589,0.049135798422442686,1.1700858476933174,0.029634485733818331,0.78390449197350687,0.015358806116387007,0.7544662599687576,0.014356730263092251,556260.29591795977,184,8192,0.0224609375,0.022519223727572316,1.2645120922947433,False
41025,Diamond Shoals,META00037,1.1282349444494948,0.061275738996009993,1.0303909415959083,0.034851053964773254,0.92733815174591894,0.02007319406072176,0.91038248734991889,0.017225025553458555,688256.1500811337,8192,8192,1,0.99993897229342121,1.3042959861567878,False
41025,Diamond Shoals,META00038,1.0039212762126013,0.061036975073783965,1.3676637384997909,0.039459732474873423,0.9421852069154717,0.024890362176422251,0.71939256859608514,0.022570959888358853,787717.17570004915,8192,8192,1,0.99993897229342121,1.7812495063652272,False
41025,Diamond Shoals,META00039,1.0279447927588052,0.039863451372018271,1.1214158570728912,0.04335871050676806,0.89925066665008169,0.019794090768364685,0.74320116535836256,0.02428205535536767,688165.18344791885,8192,8192,1,0.99993897229342121,1.2376973088009287,False
41025,Diamond Shoals,META00040,1.1872833097875413,0.045166076807532027,1.3214049790720825,0.033132852648737894,0.85507617211514297,0.022982580994577367,0.71659431291358466,0.017110486007209748,679919.39128867385,1524,8192,0.18603515625,0.18607347735872085,1.1620503736781387,False
41025,Diamond Shoals,META00041,1.1722444839678099,0.040065812875363288,1.1436718901166869,0.02689190968806723,0.75994875159437736,0.015434099660834826,0.8026259434331694,0.019938537780857499,568063.53249814617,319,8192,0.0389404296875,0.038996704503844744,1.3702652362147838,False
41025,Diamond Shoals,META00042,1.2457619039561167,0.06272143820323306,0.96949496698329318,0.037270863913870328,0.81022936076984498,0.024322823989649769,0.8267837016776427,0.021315213375365034,725561.41901459696,24,8192,0.0029296875,0.0029903576223605519,1.0497270198551796,False
41025,Diamond Shoals,META00043,1.3138553209219734,0.057494170977256745,1.0536844168574175,0.027021515875562598,0.88229003576224141,0.024626675199966405,0.92146044117115167,0.017936387323623567,705908.7445219818,8192,8192,1,0.99993897229342121,1.2892941481643938,False
41025,Diamond Shoals,META00044,1.066021062531088,0.05294128486352663,1.2413965726039389,0.034306977137411092,0.81354121552416703,0.016087788167369676,0.88711877899525549,0.023124726390706687,669269.02592159738,21,8192,0.0025634765625,0.0026241913828878309,1.0465174145344849,False
41025,Diamond Shoals,META00045,1.3752922429376619,0.051812102728542836,0.98862294279453911,0.031532459785638518,0.76618200392862179,0.021955057872915934,0.95648121901748395,0.022526031622102691,693279.17725702701,152,8192,0.0185546875,0.018613450506529964,1.2317337829936705,False
41025,Diamond Shoals,META00046,1.1849505900674571,0.039922787469692869,1.0629085978835169,0.045020923963927137,0.89022974925652365,0.01873023216503469,0.94835881458857263,0.021531842342998927,702514.16594572656,8192,8192,1,0.99993897229342121,1.3950453317634204,False
41025,Diamond Shoals,META00047,0.97216365345641964,0.054644777441919118,1.2249525707065725,0.027766731400276232,0.67455466253679619,0.019722961549169075,0.77021191082603002,0.01990294428005027,599846.30375560874,161,8192,0.0196533203125,0.019711949224948126,1.2382702021794614,False
41025,Diamond Shoals,META00048,1.1017612373036982,0.041664607532959932,0.96878994307329802,0.044427571719196875,0.80147133935638992,0.01603954210697963,0.8161980537613247,0.017198272236917563,609022.44605430611,23,8192,0.0028076171875,0.0028683022092029779,1.0434512580071136,False
41025,Diamond Shoals,META00049,1.2027114225300171,0.054437081372482696,1.2315227662566093,0.032225056138212901,0.93677075630673845,0.021393806007398028,0.78445541863507706,0.020091160097511225,710622.326728557,8192,8192,1,0.99993897229342121,1.4668698863255571,False
41025,Diamond Shoals,META00050,1.2072066567821356,0.042329611219002611,1.1254208488688413,0.041523130126962987,0.83413367919001669,0.024585281125505773,0.66572368712662655,0.019476306107620911,695388.54710388568,2035,8192,0.2484130859375,0.24844379348224094,1.1692942683075864,False
41025,Diamond Shoals,META00051,1.0618063126015507,0.037620706143857811,1.1482415029050268,0.03849961796401867,0.69719118688531379,0.020497732742151237,0.71529484038973423,0.019842183811446049,616049.54461535718,41,8192,0.0050048828125,0.0050652996460393016,1.0801646364359319,False
41025,Diamond Shoals,META00052,1.3788358469581126,0.06341289269120097,1.0913128273555976,0.037699311052628345,0.75184424544841555,0.019269525387526187,0.78199084725617307,0.02280907699031838,719760.86355630436,11,8192,0.0013427734375,0.0014036372513120956,0.99874956235099632,True
41025,Diamond Shoals,META00053,1.3225885974951612,0.046978678432317011,1.2430531557987918,0.026409462155890191,0.75705788264919938,0.01680572047139918,0.83324734088180608,0.014618692762172132,593523.4217035498,123,8192,0.0150146484375,0.015073843524960332,1.2030023418203055,False
41025,Diamond Shoals,META00054,1.1502340007599741,0.060471344425207033,1.1942379790346389,0.042460658919407826,0.94818026313230241,0.02552158358905076,0.95394838983960872,0.021995988730886769,825841.61010289867,8192,8192,1,0.99993897229342121,1.9352749665502578,False
41025,Diamond Shoals,META00055,1.393402620191911,0.051896811681502758,1.1791486092205183,0.034610343079606733,0.73780907789871253,0.014998849070898218,0.91074332176201833,0.025236578396846367,690948.60664790834,12,8192,0.00146484375,0.0015256926644696693,1.0056324892234445,False
41025,Diamond Shoals,META00056,1.1988909675857398,0.035245019854245489,1.0891917906556092,0.039693176173392589,0.95938555385368152,0.023090450843217279,0.7529829019259533,0.016162869901475325,676450.80357042979,8192,8192,1,0.99993897229342121,1.5765716552212687,False
41025,Diamond Shoals,META00057,1.2564356265112762,0.036083071924234829,1.3982210955714378,0.027181920711682933,0.82222619293639843,0.021550442250920319,0.68720244083605897,0.021773637299898341,640492.06595817883,64,8192,0.0078125,0.0078725741486634932,1.1261574724752779,False
41025,Diamond Shoals,META00058,1.0338092212908443,0.058412963162340834,1.1746202258647487,0.032080731088001566,0.76137332527478085,0.015890248526307736,0.82264466841580308,0.023175524947612242,639355.31432400772,50,8192,0.006103515625,0.0061637983644574641,1.1054337571785218,False
41025,Diamond Shoals,META00059,1.2190699019708005,0.041729198441369644,1.3463535337499086,0.044723361517291269,0.74324437496939522,0.018923863018919872,0.92991471080157206,0.017554092889015195,711986.85460493667,243,8192,0.0296630859375,0.029720493103869157,1.1030965518453897,False
41025,Diamond Shoals,META00060,1.3924843585435749,0.060267909819073165,1.0330013682986969,0.042135767496224885,0.89383213091256541,0.022008223482734984,0.89765616380018276,0.023245391999402509,785816.89658618346,8192,8192,1,0.99993897229342121,1.809956633722162,False
41025,Diamond Shoals,META00061,1.2468880001107507,0.044168175489135771,1.0094409646521825,0.033583647640392095,0.95146892344485134,0.014156697931173658,0.82827210621840841,0.017481824352657029,602819.73684124765,8192,8192,1,0.99993897229342121,1.4354486877893857,False
41025,Diamond Shoals,META00062,1.4319799424223301,0.052546865544731772,1.1103404392409786,0.03037286431225273,0.95437936704687154,0.022257853265407693,0.88964945649839311,0.016320458822819562,711719.49585874309,8192,8192,1,0.99993897229342121,1.6553572721722494,False
41025,Diamond Shoals,META00063,1.2938142239420489,0.043562001829474735,1.1035135256591218,0.031006960082824882,0.86833192219745825,0.016727579544222042,0.79214980941053659,0.024514711219280491,644165.30691457808,8054,8192,0.983154296875,0.98309532527767607,1.2103024383751668,False
41025,Diamond Shoals,META00064,1.0719959028624928,0.050932629027967941,1.359018690968808,0.036385974422650638,0.76189211268483092,0.021319667773211388,0.74642930400539764,0.022471085431651695,697851.64004381781,18,8192,0.002197265625,0.0022580251434151104,1.0267814762891214,False
41025,Diamond Shoals,META00065,1.4062834081260418,0.039213346171129371,1.4384022897057125,0.025852581259938286,0.88800731125195353,0.019649191564909022,0.80946390294291515,0.023866924343505409,680886.09204374603,8192,8192,1,0.99993897229342121,1.1181883310856648,False
41025,Diamond Shoals,META00066,1.3186514418900026,0.05772955738998066,1.2378532838916567,0.036685915273633282,0.71122442251699691,0.014956990329198892,0.83110363405751575,0.014231906381793342,647535.72632605827,10,8192,0.001220703125,0.0012815818381545221,0.99015630542888544,True
41025,Diamond Shoals,META00067,1.0190258760071762,0.063323985368162056,1.1970817031089653,0.039872766887524461,0.72163276473126248,0.021766555037520723,0.71385329855061375,0.015097452104443443,668224.01691038685,11,8192,0.0013427734375,0.0014036372513120956,0.99240163571422346,True
41025,Diamond Shoals,META00068,1.3132271626121659,0.049102852720524448,1.2976236676100548,0.024516229830411993,0.92037577971178652,0.019440949379769749,0.69045281461916452,0.017066112769664923,637814.92852805834,8192,8192,1,0.99993897229342121,1.2019566417989729,False
41025,Diamond Shoals,META00069,1.1852508340061529,0.050829948590746347,1.3904268046968908,0.038250967540217569,0.64073209742838444,0.014136375520610462,0.66402293622127606,0.016334025388077683,626676.80952854583,7,8192,0.0008544921875,0.00091541559868180155,0.97526188209241382,True
41025,Diamond Shoals,META00070,0.97294869705736442,0.053107519357229419,1.0832564695521441,0.029985881749366259,0.7188551615192551,0.020260188673086897,0.88679682788346126,0.020141917759390754,616891.99888724391,235,8192,0.0286865234375,0.028744049798608569,1.3087328715981181,False
41025,Diamond Shoals,META00071,1.0708010724794808,0.044815487609652344,1.2569560013746364,0.040505952246297702,0.93909152604526747,0.01582665073000452,0.69087301739868401,0.021512974439978159,668140.43753039395,8192,8192,1,0.99993897229342121,1.7057326116166465,False
41025,Diamond Shoals,META00072,1.0859766332262404,0.057344402458899837,1.4254494923502135,0.03467066886447754,0.95668689832398557,0.017040191806767722,0.82928004955594359,0.016375769185329292,697027.19715534558,8192,8192,1,0.99993897229342121,1.8650140721391828,False
41025,Diamond Shoals,META00073,1.0026123246740362,0.06117486556660999,1.4187979395494836,0.036937750286394698,0.78178859559278679,0.022026140590918227,0.68756964715089908,0.015682745143407815,695570.53988028818,138,8192,0.016845703125,0.016904674722323935,1.0881929807304367,False
41025,Diamond Shoals,META00074,1.0292084003848729,0.050097196458787088,1.1950037174954913,0.039573388921172785,0.65267871426878932,0.022877142802540957,0.70069948747738864,0.020712609535072236,656436.54501057498,13,8192,0.0015869140625,0.0016477480776272428,1.0138462367624614,False
41025,Diamond Shoals,META00075,1.2390084551763327,0.03966319946033342,1.1019968031263905,0.032830758768668179,0.72310768377262169,0.017835455356428515,0.84009729238024233,0.022872077283442423,621386.11246595869,131,8192,0.0159912109375,0.01605028683022092,1.2090002507983497,False
41025,Diamond Shoals,META00076,1.3413309427649005,0.042065313393795156,1.0855890550844403,0.041040053805852239,0.90964886054297089,0.025384846821263865,0.79950058861291629,0.014210887877691161,712552.05762553459,8192,8192,1,0.99993897229342121,1.6011676158678669,False
41025,Diamond Shoals,META00077,1.0171404949791374,0.042642287182388779,1.0250316076226555,0.028513926725852207,0.70916735213870596,0.01523030921451364,0.71817956492627522,0.020034554638249977,535610.58936918643,550,8192,0.067138671875,0.067191504943244232,1.4723404783393435,False
41025,Diamond Shoals,META00078,1.209631671751042,0.037652452127172373,1.1038595025809546,0.038930095992642633,0.85800899043826639,0.016965871475166927,0.91348699126442545,0.014481827676227202,621482.03398676415,8192,8192,1,0.99993897229342121,1.1633121618913589,False
41025,Diamond Shoals,META00079,1.2784482648727353,0.035609046091665833,1.3106377855116584,0.026953605168531146,0.64137014603337228,0.020547548721655581,0.86046509067379318,0.021678932394463293,611126.94059384265,143,8192,0.0174560546875,0.017514951788111802,1.2184400475860868,False
41025,Diamond Shoals,META00080,1.3523246323124041,0.055435938865605987,1.0412221445926011,0.028670116081948582,0.65774529830507789,0.024338426839513247,0.83603778207175139,0.023979331612783216,677717.43196981493,178,8192,0.021728515625,0.021786891248626875,1.2555834182111179,False
41025,Diamond Shoals,META00081,1.0260431052026553,0.056660507684296875,1.3871093284742742,0.04110679019519925,0.74680353536064614,0.020178461103269194,0.8684163036426007,0.017370089439434334,713711.95647195133,32,8192,0.00390625,0.00396680092762114,1.0400466312816758,False
41025,Diamond Shoals,META00082,1.3270555048496617,0.056966577423350179,1.1989602371779813,0.043667590282755603,0.65816691608880162,0.015543053350761645,0.73434754760793886,0.014004773681377097,659256.51090269233,5,8192,0.0006103515625,0.00067130477236665442,0.96772715314908941,True
41025,Diamond Shoals,META00083,0.99463569253064921,0.043311100953669857,1.1094588086422035,0.040693521826062534,0.66823523389251527,0.01479187500583171,0.89319161562186311,0.019176710100875811,603869.72371614049,23,8192,0.0028076171875,0.0028683022092029779,1.0468404493609735,False
41025,Diamond Shoals,META00084,1.3273631205016621,0.041433115885700186,1.396426469425059,0.025064165193619283,0.67751976411071391,0.021666370243876104,0.91903057418347389,0.020424671442092261,643125.25187596877,78,8192,0.009521484375,0.0095813499328695224,1.1534097444563722,False
41025,Diamond Shoals,META00085,1.2141764851600549,0.05345838077372686,1.420959105839583,0.042279402365011251,0.70616450151525412,0.019590498378626788,0.84484958068752825,0.024721763477521204,762012.15370013902,58,8192,0.007080078125,0.0071402416697180521,1.0582139527290533,False
41025,Diamond Shoals,META00086,1.1148114350889311,0.051633812367863602,1.3521548643772772,0.045163588240807656,0.899047923777758,0.018370850488794825,0.73563438979793427,0.016724887912457284,725943.5852529963,8192,8192,1,0.99993897229342121,1.9000358121832011,False
41025,Diamond Shoals,META00087,1.0382844985632083,0.060935697854067411,1.1457939814491687,0.032882607991460373,0.95101517326837282,0.021280948609049777,0.91708617670451109,0.014740805109662899,685853.93521871674,8192,8192,1,0.99993897229342121,1.3762180170694316,False
41025,Diamond Shoals,META00088,0.99302901424640755,0.064370963308355275,1.4205361013924069,0.042794716750308229,0.6834896354856641,0.017589967619060939,0.92436914452012298,0.020756418943708586,735075.60536258412,9,8192,0.0010986328125,0.0011595264249969486,0.97330278008453663,True
41025,Diamond Shoals,META00089,1.3298107889166981,0.049519247946704814,1.4317164280709738,0.037967947304960198,0.93455776114881606,0.018960339313589741,0.93263906964724241,0.021857900371803948,776728.28392499487,8192,8192,1,0.99993897229342121,2.1885490108455747,False
41025,Diamond Shoals,META00090,1.3500668234978523,0.047664230441636486,1.1720481541381094,0.025176373370223607,0.87436790957218424,0.020034599867305537,0.87479117821658381,0.024300748314096423,679519.91329667729,8192,8192,1,0.99993897229342121,1.28644808288642,False
41025,Diamond Shoals,META00091,1.3725373147064941,0.054442671622050548,0.96341503753886759,0.038382757331085156,0.93587080565187108,0.016624637363822137,0.80835968123390756,0.024070585531169225,698736.61672735121,8192,8192,1,0.99993897229342121,1.759762603993323,False
41025,Diamond Shoals,META00092,1.0100858201409511,0.035482908365126402,1.3755399916012638,0.041862680167170319,0.8701614748444183,0.025443580183187847,0.84067520763111248,0.017257706780088714,732813.42170742305,8192,8192,1,0.99993897229342121,1.3047143666729699,False
41025,Diamond Shoals,META00093,1.035427598905633,0.053598705108432121,1.0613069992977291,0.035849201481834507,0.91841745474254521,0.017732928546239542,0.75976345766872633,0.01852746536101766,639933.14669380453,8192,8192,1,0.99993897229342121,1.1580970825764918,False
41025,Diamond Shoals,META00094,1.4335558687282823,0.045313931531273076,1.274797227974084,0.033481048260985649,0.68514352455356131,0.020119848946253269,0.83816289140485289,0.024111117388424461,691931.5017168246,12,8192,0.00146484375,0.0015256926644696693,1.0050222759410805,False
41025,Diamond Shoals,META00095,0.99915884558162416,0.057010236076271648,1.083458913980176,0.03710536167628161,0.64119544369715908,0.015598279356318212,0.6439742754199379,0.020063215999494892,586412.83825730521,35,8192,0.0042724609375,0.0043329671670938605,1.0694593994985018,False
41025,Diamond Shoals,META00096,1.0363437495834782,0.061816996942828939,1.3667862678372884,0.033696087556279057,0.64755867824674229,0.020681536224472118,0.74883145169495979,0.017479382050247804,655322.23537717958,13,8192,0.0015869140625,0.0016477480776272428,1.0074363168697118,False
41025,Diamond Shoals,META00097,1.1462809805083605,0.056401633041623989,1.1440580296509426,0.028791970788142232,0.71781709170783248,0.018797784628125945,0.82157522890952417,0.018332885625875841,619483.98586668016,135,8192,0.0164794921875,0.016538508482851214,1.2134743374805887,False
41025,Diamond Shoals,META00098,1.135376115837289,0.053157047711636804,1.2595823001466711,0.026257706949723372,0.68051892444758888,0.022231600786043582,0.72443561291408842,0.023396385817177422,636121.03576179221,126,8192,0.015380859375,0.015440009764433053,1.2062864453802509,False
41025,Diamond Shoals,META00099,1.0513466856915639,0.063211630832627944,1.4398542899824387,0.028905531091888169,0.68674606383975023,0.015154355190880287,0.87205151365395905,0.017325687122403045,629848.75599711551,14,8192,0.001708984375,0.0017698034907848163,1.0088507284057038,False
41025,Diamond Shoals,META00100,1.3935596727485777,0.064515578553053177,1.3432554007930042,0.032088832754464627,0.8868545134906467,0.022890090326119196,0.66095557316754971,0.023351214967137726,771307.31880012108,8192,8192,1,0.99993897229342121,1.6677109736838513,False
41025,Diamond Shoals,META00101,1.2402597729295506,0.055241335332371404,1.0585628710233381,0.029091737297315689,0.92790958517367139,0.016418113971481962,0.77417661853049902,0.017648930940177183,627503.40527169395,8192,8192,1,0.99993897229342121,1.2661606772015352,False
41025,Diamond Shoals,META00102,1.1812148765775561,0.05635564268029726,0.98419827245658809,0.0360486492951703,0.8057256525655998,0.022085835190845858,0.75940561223838354,0.016992508214539313,657288.10308374744,65,8192,0.0079345703125,0.0079946295618210667,1.128983631937349,False
41025,Diamond Shoals,META00103,1.3730119831267078,0.058312985506923327,1.2234968914935305,0.039944160901969727,0.66775800669789775,0.02137067465455271,0.73297040914280598,0.021571798959722298,721729.61326907144,7,8192,0.0008544921875,0.00091541559868180155,0.9789745357339994,True
41025,Diamond Shoals,META00104,0.98391094726964434,0.03676798737571408,1.0012385646687796,0.027230240588031966,0.72959085222569076,0.020483899956702897,0.7452832599928555,0.015489378859275389,534280.54235438607,1361,8192,0.1661376953125,0.16617844501403636,1.5855065605251184,False
41025,Diamond Shoals,META00105,1.0795325918895216,0.053977246806814372,1.2559254822455248,0.045291445717938805,0.67226190028703037,0.024375935117955418,0.90375645692743412,0.023852738332619181,759960.13993545691,5,8192,0.0006103515625,0.00067130477236665442,0.96749594164972552,True
41025,Diamond Shoals,META00106,1.3168298660866746,0.064822397944201957,0.99862511474803117,0.036302495945347041,0.79667098649600143,0.022975990889067918,0.76982473402707663,0.0152444599509238,694622.06848868285,17,8192,0.0020751953125,0.0021359697302575369,1.0245548891689646,False
41025,Diamond Shoals,META00107,1.3672567911290632,0.0629388273642454,1.1762749135596757,0.038483272833936384,0.88865632080818346,0.024549941310786839,0.93031232076000758,0.018245058889917939,794266.0614654544,8192,8192,1,0.99993897229342121,1.7460645131614503,False
41025,Diamond Shoals,META00108,1.4375598962868201,0.048638940717216944,0.9677493860888422,0.041608449065625226,0.83788223004901974,0.01570644811205877,0.87196595368977325,0.022753284509905901,683252.08657924796,8192,8192,1,0.99993897229342121,1.3310676783676645,False
41025,Diamond Shoals,META00109,1.0634052105677254,0.052787252819643402,1.0131898198304126,0.045366293004707625,0.74915960866525644,0.015044593757192672,0.72915996671593686,0.024876738087072591,647727.57953642088,11,8192,0.0013427734375,0.0014036372513120956,0.99403044805888652,True
41025,Diamond Shoals,META00110,1.2706932286424342,0.0521942411814625,1.3910156364040711,0.027115729139356757,0.93798139961174321,0.024582278460651079,0.70114390672870353,0.020262626544483069,723102.47152280959,8192,8192,1,0.99993897229342121,1.4246002545393806,False
41025,Diamond Shoals,META00111,1.09208424226127,0.041969967455011893,1.1251152252990373,0.037798373296053567,0.77621529268257183,0.02149958863436021,0.78680453167443198,0.018489610684499426,644899.84547869477,36,8192,0.00439453125,0.004455022580251434,1.0752413227541935,False
41025,Diamond Shoals,META00112,1.1946999653534034,0.045851802247908455,1.0868803879181863,0.031584893978740147,0.71072138614567604,0.020180909249723634,0.72451807491027176,0.014989997096200296,589131.49769373622,153,8192,0.0186767578125,0.018735505919687537,1.2303814073632566,False
41025,Diamond Shoals,META00113,0.99854475620062433,0.057830670687122665,1.2633369893026729,0.036092322163087123,0.95549703106189865,0.016117676430125287,0.92893506240162038,0.018812193324713754,686537.26148051023,8192,8192,1,0.99993897229342121,1.5944352339819883,False
41025,Diamond Shoals,META00114,1.0661301647547308,0.036054664724126766,1.2926685769546413,0.024778411183646612,0.94476332587939182,0.020200385266918582,0.93769593773165816,0.014835368008030246,610955.80783743074,8192,8192,1,0.99993897229342121,1.3664605069627196,False
41025,Diamond Shoals,META00115,1.1640013958078856,0.039402294186155637,1.0542100012918247,0.031687292987438651,0.89961776154358675,0.024499509007543798,0.64568848711031512,0.014955638251488851,629574.72991031653,8176,8192,0.998046875,0.99798608568290004,1.2921366261593188,False
41025,Diamond Shoals,META00116,1.1545099880150111,0.059777787699667753,1.3267748728670441,0.026920662300608061,0.88146581828611903,0.021893964694373762,0.92810160698781585,0.018949634373809785,706137.6415300197,8192,8192,1,0.99993897229342121,1.1868984446927302,False
41025,Diamond Shoals,META00117,1.2640736486131292,0.055937404309118394,1.4350777042522485,0.029228736740498612,0.89877927611180941,0.014868073290217165,0.86155336250220693,0.015161646905760832,656957.45753362367,8192,8192,1,0.99993897229342121,1.419773925126903,False
41025,Diamond Shoals,META00118,1.1959786393422274,0.042163407963399568,1.3064790990680346,0.041258715458772355,0.78554153716449149,0.016959899813117265,0.84851876393513948,0.020550991790893886,686617.24656036857,323,8192,0.0394287109375,0.039484926156475038,1.115558533615248,False
41025,Diamond Shoals,META00119,1.2511670969993882,0.045215941919302352,1.0073013029369757,0.04333740467381024,0.90864579374018617,0.014851305940933708,0.66600395576558746,0.015259668406356706,616681.09879041242,8192,8192,1,0.99993897229342121,1.5806692187273215,False
41025,Diamond Shoals,META00120,1.2751857093310568,0.045582810511851431,1.2485507902010347,0.031111489400106638,0.83334957522592223,0.014935445211799642,0.68336254299466836,0.018263737643076455,607742.49912264431,59,8192,0.0072021484375,0.0072622970828756257,1.0712543556315384,False
41025,Diamond Shoals,META00121,1.3320799174977096,0.038181037368402296,1.1130234182763803,0.027073925186351069,0.94272165085318504,0.020533531542188177,0.73949906588748826,0.023188689090006563,647925.89115885319,8192,8192,1,0.99993897229342121,1.3376710395267362,False
41025,Diamond Shoals,META00122,1.3374845807812643,0.044107911194662057,1.2310362850722372,0.030208731790864075,0.84108167799362121,0.015043953769713675,0.93942168303674112,0.017303609542431837,627947.11155475955,8192,8192,1,0.99993897229342121,1.1387323590147049,False
41025,Diamond Shoals,META00123,1.0998511469574543,0.048921334967146707,1.0884854352031559,0.038755440417795411,0.87526723004063289,0.019988407658226591,0.85330767787689166,0.01562578774881105,659652.6303989708,8192,8192,1,0.99993897229342121,1.1318155120626721,False
41025,Diamond Shoals,META00124,1.3593534805891301,0.063505465640922104,1.1276340926144406,0.044718647476760534,0.75719281993164544,0.024354354323534815,0.84738745249661951,0.014043572335917132,753120.90051969071,2277,8192,0.2779541015625,0.27798120346637373,1.1770741866533256,False
41025,Diamond Shoals,META00125,1.303953398104762,0.058962030114838568,1.0402842520285456,0.033382688668816239,0.64921531396503784,0.017810442952407201,0.88428525818129056,0.020538240955667888,650812.62869161298,56,8192,0.0068359375,0.0068961308434029051,1.1118424538063136,False
41025,Diamond Shoals,META00126,1.2513856004207236,0.045660965902943079,1.432788395047889,0.045054489691593008,0.8386363543348837,0.020699886271653506,0.81677504676752055,0.019968444426280055,770416.32513743185,8192,8192,1,0.99993897229342121,1.7306555882124235,False
41025,Diamond Shoals,META00127,1.2811991746905615,0.056373144240293036,1.028584472351959,0.02575325801277862,0.92022763896744897,0.014552266983311541,0.65161497927121814,0.024498323051860761,613978.04743541032,8192,8192,1,0.99993897229342121,1.3665241103536412,False
41025,Diamond Shoals,META00128,1.3456183945210791,0.053520012671930073,1.271973682323555,0.045440793646182365,0.85180238555199272,0.017432117647983147,0.89291132295903108,0.022343897453295444,771472.77557384898,8192,8192,1,0.99993897229342121,1.858607620033919,False
41025,Diamond Shoals,META00129,1.1767644599600551,0.040810715487217861,1.2404566546784843,0.041714599672270883,0.81694152555057387,0.021086145560661556,0.647589310554194,0.015991752686722885,666047.88862328895,2424,8192,0.2958984375,0.29592334920053703,1.2027387972797938,False
41025,Diamond Shoals,META00130,1.3915038397112676,0.053126076051551896,1.132204345346651,0.031946023446267506,0.90634020487922284,0.014671428226054778,0.70401726576164858,0.018805169454850244,640068.86671034747,8192,8192,1,0.99993897229342121,1.4515181805341641,False
41025,Diamond Shoals,META00131,1.4235906599986397,0.062116647980831483,1.2931689449342949,0.038130445785860112,0.81597205106570148,0.01829019348374682,0.88224574964608626,0.021012920510695011,763877.61937495566,8191,8192,0.9998779296875,0.99981691688026364,1.4841994316091869,False
41025,Diamond Shoals,META00132,1.0427759035316313,0.042208914658889894,1.3480565592614602,0.029461243820898445,0.82633385088484834,0.017671310871345186,0.77044587325858094,0.014557889376741429,595234.39612404839,72,8192,0.0087890625,0.0088490174539240813,1.1459416038903867,False
41025,Diamond Shoals,META00133,0.98495752278197946,0.050210801729382235,1.1218223938851171,0.037587939438060942,0.69356729555308083,0.014054337451615728,0.72638205147168988,0.022072370666188341,596364.01086254045,35,8192,0.0042724609375,0.0043329671670938605,1.0695868903321546,False
41025,Diamond Shoals,META00134,1.2079355350300245,0.046417934405290864,1.1109997156492177,0.044695555788056715,0.91382520967391945,0.022901657253274817,0.9090625943368833,0.024602072089188368,774879.28148882394,8192,8192,1,0.99993897229342121,1.6360513738827056,False
41025,Diamond Shoals,META00135,1.3951261988184749,0.047935430707178144,0.98302609421388643,0.030844661314339911,0.71985000700848778,0.018160246154042707,0.82903388303111414,0.024163337442773339,639406.82480278227,205,8192,0.0250244140625,0.025082387403881364,1.2783395619956488,False
41025,Diamond Shoals,META00136,1.1554089637326759,0.064561454476293079,1.4087036037317471,0.024797381123935005,0.72558630434887494,0.022459853363484526,0.90097520346531279,0.020916404757028263,693058.0442074819,31,8192,0.0037841796875,0.0038447455144635665,1.0641314019218404,False
41025,Diamond Shoals,META00137,1.1534700933779714,0.040771262464843173,0.99278778794898503,0.028508564741004681,0.91298907083963687,0.016811992194956698,0.85307913921508027,0.01916974452772096,592803.18450192327,8192,8192,1,0.99993897229342121,1.4573643055995833,False
41025,Diamond Shoals,META00138,1.4296186197769929,0.037373357294908628,1.4294935507873399,0.043326019720417185,0.93762820573361438,0.021161762485452901,0.77449747116967793,0.014247722893449553,746468.09847665124,8192,8192,1,0.99993897229342121,2.4857100888178922,False
41025,Diamond Shoals,META00139,1.2302447811978761,0.062561192769591434,0.96119885862594479,0.037322505628504643,0.92287145428751338,0.025870388765423455,0.88016356408940033,0.02238836263069912,771675.54913888464,8192,8192,1,0.99993897229342121,1.4281503246206133,False
41025,Diamond Shoals,META00140,1.1579283716046718,0.059567452096775546,1.2714562126298101,0.034735196590936858,0.93841393299601528,0.02015513113052558,0.82367471582209673,0.025159372132900024,752397.57888504991,8192,8192,1,0.99993897229342121,1.6353879523086539,False
41025,Diamond Shoals,META00141,1.1701344081905132,0.054557484028695639,1.1273818463964558,0.037146575454449111,0.73903980417326398,0.016751539127355584,0.92064850646270147,0.01924185776384256,658107.84903782734,12,8192,0.00146484375,0.0015256926644696693,1.0045339944385407,False
41025,Diamond Shoals,META00142,1.384574784884987,0.053688845068301141,1.1409655350218622,0.031848913450578269,0.84030973650708796,0.022945410610890324,0.70629998267070071,0.016407156506031272,684022.86619668442,740,8192,0.09033203125,0.090382033443183199,1.0987885286458812,False
41025,Diamond Shoals,META00143,1.203736259193251,0.063151582787555463,1.3010774180236471,0.0448707440106439,0.80286196826401801,0.023456581789792666,0.76408659596445372,0.019039603642075839,782700.12004674855,8190,8192,0.999755859375,0.99969486146710607,1.4257610351751135,False
41025,Diamond Shoals,META00144,1.1397554199427407,0.045330730172785647,0.97752972545508932,0.044608106272264039,0.94687396364697918,0.021133996904561272,0.67229098808824761,0.021875248905921848,689062.24331448949,8192,8192,1,0.99993897229342121,1.5751111244559672,False
41025,Diamond Shoals,META00145,1.2054445969821699,0.036957035376079375,1.0143752748616472,0.031290818503415037,0.8778006558346817,0.017797957588762566,0.65135995914056144,0.021917624629994404,590595.90516020241,539,8192,0.0657958984375,0.065848895398510923,1.3558300296312393,False
41025,Diamond Shoals,META00146,1.3366683364674652,0.043627953754404813,1.3682008259228768,0.034775273649192834,0.94018560243898075,0.019301768840416521,0.92452234096511943,0.014076168900068098,697434.56416616228,8192,8192,1,0.99993897229342121,1.8469887838571684,False
41025,Diamond Shoals,META00147,1.3069268077889216,0.038430783100798428,1.1869237680913205,0.037648061375434957,0.768944116615774,0.023395434325602822,0.72715007455129343,0.024182254994225938,691067.27664720162,12,8192,0.00146484375,0.0015256926644696693,1.0066554351056385,False
41025,Diamond Shoals,META00148,1.2465472075356583,0.048697501112416219,1.3056680177666007,0.043216357727726723,0.89565483475337304,0.017418959479315096,0.80536564868533767,0.023097199361063234,743051.00368743052,8192,8192,1,0.99993897229342121,1.8834584014235498,False
41025,Diamond Shoals,META00149,1.1406564519769609,0.045472513626775873,1.1911905348822238,0.034052954119594379,0.72705818263021649,0.019837428846234264,0.73392252073658359,0.024458901315452659,648581.37194939412,39,8192,0.0047607421875,0.0048211888197241546,1.0829599535433398,False
41025,Diamond Shoals,META00150,1.1266984039136261,0.043305531834386887,1.3767264339927423,0.042110564042777535,0.77684434508287536,0.024476024298779649,0.64208252882218098,0.018084765969114888,714146.15609905648,2463,8192,0.3006591796875,0.3006835103136824,1.2044975811890584,False
41025,Diamond Shoals,META00151,1.4302066984854593,0.04161187299626945,1.1998662552134829,0.035178408358915676,0.88390202385163219,0.022091360008289332,0.65298191606894873,0.022950325687445924,699893.23331831745,8192,8192,1,0.99993897229342121,1.4604363572383778,False
41025,Diamond Shoals,META00152,1.3101665922844483,0.040898853433969137,1.1330421585983832,0.041305824394535728,0.71545165195261984,0.023242571914018025,0.73220797360298062,0.021083456637606728,680593.89705556631,11,8192,0.0013427734375,0.0014036372513120956,0.99484307443708375,True
41025,Diamond Shoals,META00153,1.2573469174288339,0.049066723728382597,1.3863160051830901,0.027881976636587584,0.80517171499816409,0.022692784115830481,0.65845734993544369,0.0168886759631004,657185.20118127926,20,8192,0.00244140625,0.0025021359697302574,1.0463645413317066,False
41025,Diamond Shoals,META00154,1.0849361873460983,0.045427810755611212,1.425715412433378,0.036132375188186974,0.6931228928525085,0.019760208708181168,0.87679169544856228,0.015520986429901233,656364.33070850885,33,8192,0.0040283203125,0.0040888563407787135,1.0593603053827734,False
41025,Diamond Shoals,META00155,1.4313773995367431,0.038659571819636793,1.0900549057873827,0.027421023356401793,0.76533755438714035,0.018041448104316883,0.9429473021521052,0.017244300365184456,602297.72533601488,266,8192,0.032470703125,0.032527767606493348,1.333850538198182,False
41025,Diamond Shoals,META00156,1.376191760231908,0.043964970923580676,1.0733327583161369,0.033759715606662792,0.85698886821880771,0.018458404536429919,0.79612396352702319,0.025015777687490005,674131.49043425545,2637,8192,0.3218994140625,0.32192115220310019,1.1419042626868174,False
41025,Diamond Shoals,META00157,1.3058899492423806,0.037808031567736357,1.1855236847222395,0.042692849050631476,0.65619710037161338,0.022314415391850556,0.83288577038671763,0.018665584180965408,670733.98743325367,8,8192,0.0009765625,0.0010374710118393751,0.98362008804338197,True
41025,Diamond Shoals,META00158,1.2665343141689558,0.063911359746840771,1.1531335647223222,0.032977170682499696,0.74849339120202218,0.018542558651393651,0.9059233328294729,0.023767420099053006,711516.82404650084,13,8192,0.0015869140625,0.0016477480776272428,1.0111945883588485,False
41025,Diamond Shoals,META00159,1.2725114482712172,0.061706217180692871,1.0951493552832561,0.03276380084855026,0.8439541248501643,0.019658799324713479,0.93437886976247886,0.016042629718940549,685718.28312827623,8192,8192,1,0.99993897229342121,1.1200213005196247,False
41025,Diamond Shoals,META00160,1.0745522188272354,0.045977032692389522,1.267022313203501,0.043305643341153763,0.73007197817779079,0.020801122453797834,0.78520299034007701,0.018875170020701493,687499.3042010162,7,8192,0.0008544921875,0.00091541559868180155,0.98018225135367176,True
41025,Diamond Shoals,META00161,1.2672659906316219,0.049932868367846689,1.131270257392383,0.031160227820710412,0.87384583629983115,0.021859490134458676,0.79754583400768952,0.0213488267145431,687955.40376028116,8192,8192,1,0.99993897229342121,1.160656756903933,False
41025,Diamond Shoals,META00162,1.2710640931316828,0.059948901071248686,1.0063687637937302,0.033236968838368137,0.76737870972531708,0.016205261523272223,0.74092744760683316,0.024405484006682934,651020.65690311242,74,8192,0.009033203125,0.0090931282802392283,1.1415914191713996,False
41025,Diamond Shoals,META00163,1.2135031276885462,0.039290449648363923,0.98004472367545181,0.041361215473421684,0.69685759067157227,0.017076034388984456,0.70399970441074289,0.022665073877653021,605151.37968714442,48,8192,0.005859375,0.005919687538142317,1.0942347985978762,False
41025,Diamond Shoals,META00164,1.1347806981262443,0.05491810914838776,1.0084714153542937,0.031065449944662153,0.91618802908555108,0.019134607948816475,0.70791844235951562,0.016113046033005816,623429.80791464681,8192,8192,1,0.99993897229342121,1.2720318906395502,False
41025,Diamond Shoals,META00165,1.3861436301564209,0.057871571144073687,1.0384444059307338,0.033090241094721792,0.7200347472806875,0.023279042998147245,0.9552422690206861,0.020230841444868353,709063.77094384178,51,8192,0.0062255859375,0.0062858537776150376,1.1032181233050615,False
41025,Diamond Shoals,META00166,1.1442813348816598,0.059122800923507558,1.0698692918418891,0.044083806931184855,0.78956664057465475,0.016569311341466015,0.70957154042960646,0.019097220458081637,665576.27002561023,9,8192,0.0010986328125,0.0011595264249969486,0.99630042608097213,True
41025,Diamond Shoals,META00167,1.3675925654910293,0.03691261818250522,1.3625441053204959,0.036137986204043369,0.86899924669228445,0.023232779859613379,0.83039302443188201,0.016054037519012358,707366.50867648341,8192,8192,1,0.99993897229342121,1.3897650332688052,False
41025,Diamond Shoals,META00168,1.3710092943645182,0.044898698772590159,1.2987227725331763,0.029187341647266826,0.79864730188676081,0.022837165319789188,0.83353234588476544,0.023038532553368695,700808.71620564011,33,8192,0.0040283203125,0.0040888563407787135,1.0658554604341162,False
41025,Diamond Shoals,META00169,1.2994039115062144,0.035366295381952954,1.3487416359871678,0.037917657397685343,0.79421608365952945,0.014936644653136523,0.85894889906389638,0.014454509913101616,626974.03184977139,159,8192,0.0194091796875,0.019467838398632979,1.1044138980049745,False
41025,Diamond Shoals,META00170,0.98929263726138916,0.064655127292500947,1.2785371853015786,0.041822070578385599,0.66114779316434402,0.01531946182475633,0.8261123915210894,0.016106362497578911,655241.62424157048,5,8192,0.0006103515625,0.00067130477236665442,0.96948382915636078,True
41025,Diamond Shoals,META00171,1.1687370258182146,0.051493357870694714,0.99392455037196126,0.042598616241124834,0.74216830691737146,0.021234732228735682,0.7505267881675225,0.024288185275448772,682444.58639831119,12,8192,0.00146484375,0.0015256926644696693,1.0044112374077467,False
41025,Diamond Shoals,META00172,1.1576660084079524,0.055681990396765024,1.0375606927004086,0.033114690946051219,0.68577199299081215,0.01685710320532418,0.89429664245197515,0.019144735586792697,618951.77415565983,104,8192,0.0126953125,0.012754790674966435,1.1845289992040011,False
41025,Diamond Shoals,META00173,1.1176012079570274,0.057624416829907626,1.0224195814993464,0.031390987915797419,0.65173214688967374,0.014599693985455665,0.70985642367653978,0.016615547707613434,560415.46464702894,180,8192,0.02197265625,0.022031002074942022,1.2558488852313334,False
41025,Diamond Shoals,META00174,1.220403193593492,0.042398114667173276,1.0319202390304145,0.044786825504386993,0.68918318469912176,0.024829414464908689,0.75200870027885125,0.019567828258609393,672755.11415798147,11,8192,0.0013427734375,0.0014036372513120956,0.99364128547885078,True
41025,Diamond Shoals,META00175,1.2058078159768719,0.048076053602757143,1.182118568258911,0.030339236906918657,0.89535786657297234,0.021098450907504111,0.69960520284740668,0.020679559341794218,663323.87633689155,8192,8192,1,0.99993897229342121,1.1733325943965898,False
41025,Diamond Shoals,META00176,1.0668842650804016,0.036640444360475595,1.3975371997576169,0.038266810840203697,0.75666751001677834,0.019328055952409631,0.87017875642477727,0.023409937704901462,691257.80017605738,52,8192,0.00634765625,0.0064079091907726111,1.0746152106291207,False
41025,Diamond Shoals,META00177,1.2648267811824692,0.036309300018809228,1.1301346007662347,0.045436841814793946,0.6707262015814891,0.015612091822124415,0.95080328689499627,0.023815208905455965,671069.18889619096,7,8192,0.0008544921875,0.00091541559868180155,0.98210476240357181,True
41025,Diamond Shoals,META00178,1.4064039917252811,0.056245209867794577,1.0027471951088731,0.038374985887298957,0.86320360966518961,0.014673183858719159,0.83485418806259104,0.016936072087001978,657523.68355783459,8192,8192,1,0.99993897229342121,1.4061446332283807,False
41025,Diamond Shoals,META00179,1.2844024586835667,0.06021209900348487,1.1125035126437723,0.03843938250173231,0.64176031766446906,0.021254855790932666,0.79911970123005904,0.025750828858374996,713074.72348064883,11,8192,0.0013427734375,0.0014036372513120956,0.99572820742357726,True
41025,Diamond Shoals,META00180,1.1004351624878692,0.051009210612124434,1.0288119875482229,0.041918688152986321,0.78854537464144081,0.016461199159252118,0.88113747044187196,0.020622322704658316,654460.6573052092,12,8192,0.00146484375,0.0015256926644696693,1.0015707598977723,False
41025,Diamond Shoals,META00181,1.1806401384490397,0.041100137070792631,1.2454591222357805,0.039213677971752577,0.77543286977538051,0.022782097450555885,0.78480917106463721,0.02201280321536022,699412.46856516064,17,8192,0.0020751953125,0.0021359697302575369,1.0255676963390099,False
41025,Diamond Shoals,META00182,1.1015203432599723,0.060434057288585891,1.4002353686283993,0.044434698111009183,0.65492075761398805,0.022507797411155911,0.90055359665064794,0.025542966401580679,791221.02277374535,10,8192,0.001220703125,0.0012815818381545221,0.97927768479275945,True
41025,Diamond Shoals,META00183,1.3352430218594282,0.052482521351427613,1.1003245446507055,0.041763361199852835,0.64574988442402348,0.01455115598309476,0.74502333387291231,0.021246732633267561,647978.4567239309,9,8192,0.0010986328125,0.0011595264249969486,0.98588149492339283,True
41025,Diamond Shoals,META00184,1.0288758766717607,0.054855842635655835,1.2764983808127228,0.031460318189650574,0.88202029743225241,0.019119077636427628,0.94051439820695437,0.019515042930700395,681397.97044496972,8192,8192,1,0.99993897229342121,1.2032973656312098,False
41025,Diamond Shoals,META00185,1.1887029854773674,0.050043167936372875,1.0193458738648364,0.037022736235159476,0.83993947032548166,0.014303197465935972,0.64603467188677466,0.023057117535953645,613038.10022722953,92,8192,0.01123046875,0.011290125717075552,1.1034513331186482,False
41025,Diamond Shoals,META00186,1.0225126355161016,0.035159611726814796,0.96994034641447269,0.042952048664723692,0.89306967714875496,0.015273048963709717,0.68003615096121584,0.018469244714061795,582796.31192698248,8192,8192,1,0.99993897229342121,1.1477644926907076,False
41025,Diamond Shoals,META00187,1.4286244944459696,0.046210878896741484,1.2383418726443884,0.043593839788891933,0.65982204767575103,0.022661852222287504,0.86593086365677108,0.024677318778715117,752744.56631112506,6,8192,0.000732421875,0.00079336018552422804,0.97034800810876531,True
41025,Diamond Shoals,META00188,0.98287633429057475,0.043038841024303214,1.3429699792814458,0.03642737137572407,0.67914607225265489,0.025144640056295593,0.79175596091998934,0.022155242496943447,682545.67032740079,124,8192,0.01513671875,0.015195898938117906,1.1572104174830407,False
41025,Diamond Shoals,META00189,1.3583615633888331,0.047805252950622233,1.4120900499981832,0.037331826398756283,0.71408774428903388,0.021114193123352658,0.95505855360876435,0.015276333748599012,710689.83874167118,14,8192,0.001708984375,0.0017698034907848163,1.0196839429174382,False
41025,Diamond Shoals,META00190,1.2979956320309483,0.050806496282023647,1.0359155969429139,0.035437064802851706,0.66263350570769497,0.019412248852557913,0.84819783837702067,0.025776807203774975,669500.82021386537,50,8192,0.006103515625,0.0061637983644574641,1.1043422747457081,False
41025,Diamond Shoals,META00191,0.9938763789431474,0.0415764456449709,1.3176747853984074,0.024689583186908184,0.92299029335692495,0.016722609176862732,0.64069559465479842,0.014939806555697103,559948.61040241399,8192,8192,1,0.99993897229342121,1.31450447654058,False
41025,Diamond Shoals,META00192,1.1914236698815293,0.064582493455430726,1.092502858363966,0.032248833707774753,0.75165956287026614,0.024261726020937804,0.78009221519420191,0.02007923050168851,695585.51193338039,42,8192,0.005126953125,0.0051873550591968751,1.0908269711498422,False
41025,Diamond Shoals,META00193,1.2985214287840137,0.03633072293196072,1.2302574148310053,0.037927863109108097,0.80743072906552937,0.019628529618987881,0.80176086508523747,0.014658459794873726,642282.65316656535,121,8192,0.0147705078125,0.014829732698645185,1.0674850455481835,False
41025,Diamond Shoals,META00194,0.96460048742734295,0.064189748441070532,1.3220765048639189,0.038408613746679046,0.64606056384901234,0.020556961883369054,0.82515628284107068,0.020365967965388677,688476.06306994474,7,8192,0.0008544921875,0.00091541559868180155,0.98264439919825419,True
41025,Diamond Shoals,META00195,1.28071134625303,0.062382797433776151,1.2504910073503983,0.034629771780053394,0.84573511407759927,0.019158916054035104,0.75286594083897218,0.021050048391427694,718393.79198059696,4450,8192,0.543212890625,0.54320761625778102,1.2704184103510057,False
41025,Diamond Shoals,META00196,1.4211624265352629,0.057221057172528761,1.3404226117326548,0.030932608554296283,0.67193626218026037,0.022635719695827193,0.7111735777745769,0.014628720102281454,674637.993760449,12,8192,0.00146484375,0.0015256926644696693,1.0034655546258513,False
41025,Diamond Shoals,META00197,1.0047572766059627,0.046963958165650563,1.0041694675645358,0.035908443487248802,0.88786629381727189,0.02488070735923795,0.94323861845063162,0.020787901731749731,698913.36560096836,8192,8192,1,0.99993897229342121,1.2247051553512254,False
41025,Diamond Shoals,META00198,1.0987988694840953,0.057417033553347263,1.3550492392874591,0.025557056964357398,0.87519437809423573,0.025328966393083713,0.81417034666040511,0.017637486016253135,696183.59258317889,8192,8192,1,0.99993897229342121,1.1449141490821093,False
41025,Diamond Shoals,META00199,1.3157703117477246,0.047100845907701125,1.0657705291951596,0.026054714627894156,0.92490823349720797,0.020911748616755755,0.92295811486169721,0.021300026297578597,675169.4289876715,8192,8192,1,0.99993897229342121,1.3685382661966858,False
41025,Diamond Shoals,META00200,1.1780566231661049,0.055387364650203101,1.1493098493465457,0.027634037178192013,0.85771581379784323,0.023340343849880041,0.86049278221371339,0.018741695782525096,680653.43077004899,8192,8192,1,0.99993897229342121,1.2327575956144801,False
41025,Diamond Shoals,META00201,1.4164790305859047,0.04677511014756644,1.328164199170367,0.03217806006521897,0.90073916182021452,0.016615383520760731,0.9319668385055403,0.025923010112404686,729905.59011537849,8192,8192,1,0.99993897229342121,1.5487266151854873,False
41025,Diamond Shoals,META00202,1.2407404406421589,0.059745246587994252,1.3171122508481241,0.029291841678034405,0.95806054567211718,0.022786714156479655,0.76945626985989002,0.017712687605402927,727125.30344159156,8192,8192,1,0.99993897229342121,1.6181223519032881,False
41025,Diamond Shoals,META00203,1.4205349385288131,0.048392867721326449,1.1359768637066103,0.040432818729467274,0.90289148241461914,0.023705725615443398,0.80021779133332371,0.016261119822710165,737328.55358092056,8192,8192,1,0.99993897229342121,1.7924692242608136,False
41025,Diamond Shoals,META00204,1.296131669361656,0.041227113434422348,1.1782445820915137,0.032586643135569783,0.84344382084880798,0.021577905693230925,0.80751057109865809,0.018512651789629998,661725.61449452234,400,8192,0.048828125,0.048883192969608205,1.1196289873691909,False
41025,Diamond Shoals,META00205,0.99615468296166654,0.063749530167577007,1.412426683253877,0.037833512661714482,0.86555299860464996,0.018244011588549051,0.68564355948702782,0.017990966571956365,700387.06944208243,8192,8192,1,0.99993897229342121,1.4192576268512516,False
41025,Diamond Shoals,META00206,0.96296473485505063,0.05150440678932567,1.2703844519572676,0.035242635262980673,0.71164434722999659,0.023927917417016144,0.69812908276371521,0.022255432286564604,667693.94996715919,25,8192,0.0030517578125,0.0031124130355181254,1.0428893863266226,False
41025,Diamond Shoals,META00207,1.0330690265720692,0.051331187581291751,1.0348149227792993,0.027352263459533004,0.93338670455187911,0.025039229875120798,0.74030620941825775,0.024199145037666167,681660.07306306285,8192,8192,1,0.99993897229342121,1.4108756746055289,False
41025,Diamond Shoals,META00208,1.2765495432328513,0.042303170475942474,1.4328001852560464,0.044915788241716388,0.67887173891023223,0.015485486566832508,0.6741096697168153,0.017593384907151257,676903.69991621329,100,8192,0.01220703125,0.012266569022336141,1.0864908387659666,False
41025,Diamond Shoals,META00209,1.0019752429269533,0.039919752096034218,1.3399804928007519,0.025990187240328311,0.71579657328581625,0.022712832933090087,0.73152728907008524,0.01922311018629955,597750.97938013845,303,8192,0.0369873046875,0.037043817893323568,1.3023246754887901,False
41025,Diamond Shoals,META00210,1.272179236922649,0.054018650776115271,1.2973518744585146,0.025116794492798113,0.69614055809901965,0.016041716277688967,0.75329861692772448,0.018790426563169687,601885.28024641692,91,8192,0.0111083984375,0.011168070303917978,1.1671323227526997,False
41025,Diamond Shoals,META00211,1.2614670353741095,0.054561373614156458,1.1734520938778688,0.025802939749466784,0.78841403089028805,0.018081903237115955,0.94782412814011407,0.015880116956371062,626115.28517074336,177,8192,0.0216064453125,0.021664835835469302,1.2584620424651454,False
41025,Diamond Shoals,META00212,1.2156391345672102,0.049397347465599706,1.0574439043679318,0.024523671223673056,0.84187122198265407,0.016215130189077463,0.89148119645404245,0.019852913187673356,601882.76901763643,8192,8192,1,0.99993897229342121,1.4532275353870123,False
41025,Diamond Shoals,META00213,1.3223942659523726,0.036543870384702248,1.2181483968809363,0.042200572998704361,0.79561881653497002,0.020742499031655991,0.85580320234728857,0.022658570912815357,711717.39162609854,888,8192,0.1083984375,0.10844623459050409,1.1279530326778482,False
41025,Diamond Shoals,META00214,0.98115547721757201,0.048726463329505421,1.4094641325007722,0.031535251465716119,0.77040098321229211,0.022372470035077412,0.87378180486216905,0.017295233920650441,665463.93360030965,53,8192,0.0064697265625,0.0065299646039301846,1.1087072821488841,False
41025,Diamond Shoals,META00215,1.1304786499664159,0.039236587597086578,1.104408747776757,0.041167832155760017,0.67567631062947275,0.018706930033535085,0.84426829529882685,0.019725262454886455,629356.83928093454,16,8192,0.001953125,0.0020139143170999634,1.0200853786135415,False
41025,Diamond Shoals,META00216,1.2999082738374621,0.042499343248398144,1.385824605699999,0.035635625990855804,0.72601509825492649,0.015381798076577127,0.80155139038495615,0.02021017834207783,653498.84908031754,10,8192,0.001220703125,0.0012815818381545221,0.98924022351803853,True
41025,Diamond Shoals,META00217,1.1299978483926221,0.061305804650971456,1.2291012665311103,0.032011788368307093,0.70816431301690141,0.025182750282658185,0.93624458185250614,0.018861338284132466,705325.60403718217,19,8192,0.0023193359375,0.0023800805565726839,1.0479696306442245,False
41025,Diamond Shoals,META00218,1.1688596925470773,0.054766744510847495,1.0533316065284526,0.041376051831415142,0.64004255181338776,0.021028652352144118,0.7853960503939178,0.023156667336067312,674162.96048463893,11,8192,0.0013427734375,0.0014036372513120956,0.99782226505529448,True
41025,Diamond Shoals,META00219,1.0765951915101635,0.047620484643560598,1.2606880155296589,0.037221176217961185,0.7912730339054137,0.022387380293687788,0.79823039433545628,0.023724502040650592,706838.56558413699,18,8192,0.002197265625,0.0022580251434151104,1.0346532181982038,False
41025,Diamond Shoals,META00220,1.141059873133095,0.038992182407607955,1.0462718366129371,0.031193963078675762,0.65525683087450748,0.015873048769560021,0.6738180745346789,0.015209892445857832,524088.49153099774,294,8192,0.035888671875,0.035945319174905406,1.3510269863043309,False
41025,Diamond Shoals,META00221,1.1540239215217465,0.060126834077988627,1.2991369931331249,0.031372321589316167,0.65038418194332204,0.017451195173379085,0.83936100746349129,0.02204858800407071,659706.91992413951,12,8192,0.00146484375,0.0015256926644696693,1.0050170663992999,False
41025,Diamond Shoals,META00222,1.3834157339375532,0.046022182468318816,1.3018089223195579,0.025573400358226531,0.95823869384745952,0.021505431010028438,0.71422218085228317,0.024442535462381683,698554.57739340921,8192,8192,1,0.99993897229342121,1.4196406518408751,False
41025,Diamond Shoals,META00223,0.99538205344202835,0.053084999268563582,1.3171972480912715,0.043735029951400363,0.83205760074165913,0.018563799658753526,0.70248649768101246,0.022642221993315677,712727.38314947067,3753,8192,0.4581298828125,0.45813499328695229,1.2664483150512231,False
41025,Diamond Shoals,META00224,0.99716716071613309,0.061746983819767565,1.0416689491776938,0.028554452096461194,0.83543688274112005,0.018877330803327357,0.81270488068716495,0.025104026246611212,649928.78856816387,252,8192,0.03076171875,0.030818991822287319,1.3225070370045662,False
41025,Diamond Shoals,META00225,1.2338494162317721,0.060356014468583782,1.3794220575773526,0.039052970702870657,0.83301405753181357,0.025148128330082439,0.65046767905884528,0.014383094893876487,752578.62471147929,8192,8192,1,0.99993897229342121,1.5314714485155507,False
41025,Diamond Shoals,META00226,1.3907160906975546,0.038107561672949618,1.0956226647065244,0.038516411471244613,0.9437078431608299,0.022282281909168832,0.88821581123494187,0.02019246609203347,717956.80937447527,8192,8192,1,0.99993897229342121,1.7486037483711998,False
41025,Diamond Shoals,META00227,1.4329854838923188,0.059404360836276975,1.3537807397690602,0.036257609741332596,0.68368567484635512,0.023301826176997519,0.78383162776542503,0.023925650962527925,765206.02029182052,7,8192,0.0008544921875,0.00091541559868180155,0.98005642950917837,True
41025,Diamond Shoals,META00228,1.0865494875342789,0.045545369958768463,1.1456877482621346,0.044305892140481223,0.89332968930089018,0.014687265776015441,0.95587689176371105,0.018169503505312684,669308.17962336179,8192,8192,1,0.99993897229342121,1.4316808535140189,False
41025,Diamond Shoals,META00229,1.3822145747305676,0.038731905934361273,1.3882530697779489,0.04303226812439287,0.93932559784498726,0.025734595419614155,0.81644342435734107,0.024766861218960063,827749.34361871704,8192,8192,1,0.99993897229342121,2.3029353850665717,False
41025,Diamond Shoals,META00230,1.3521460862155683,0.038712777390362219,1.274029825394758,0.026559699597567678,0.8983411658183188,0.023162462882028494,0.8544659281506064,0.018401840657715936,670827.08902492223,8192,8192,1,0.99993897229342121,1.2168273490965347,False
41025,Diamond Shoals,META00231,1.1613991875913003,0.044148701560078725,1.1270234188426016,0.035398362021864638,0.8659709061338221,0.016526023149614457,0.70714246172716388,0.023889100924389818,638461.56549365981,2376,8192,0.2900390625,0.29006468936897351,1.1231546822879195,False
41025,Diamond Shoals,META00232,1.3610248413129893,0.050868015249384863,1.3182908257517663,0.038733909845638202,0.94796177509295187,0.016257536306806129,0.68181850347203687,0.018631135551333028,704619.7066443885,8192,8192,1,0.99993897229342121,2.32951427483304,False
41025,Diamond Shoals,META00233,1.3205316076835385,0.044437974341170118,1.3333711482258077,0.032870475383067643,0.92921753859030765,0.023758492793017272,0.93573294755360825,0.019757012976685931,749151.3006100473,8192,8192,1,0.99993897229342121,1.5993460490509055,False
41025,Diamond Shoals,META00234,1.2417186808891381,0.052709963852512698,1.3924102647125223,0.040078344262007251,0.73876869231080344,0.016917451464147658,0.6914112362805197,0.016682027031654362,681688.05912316905,331,8192,0.0404052734375,0.040461369461735626,1.1184521960296507,False
41025,Diamond Shoals,META00235,1.3402263033714075,0.048334990773419552,1.3077234840783074,0.027138420761243308,0.91273987834167603,0.015372508472544138,0.81994145003714503,0.021830061327302738,654207.31157004705,8192,8192,1,0.99993897229342121,1.2636121150246109,False
41025,Diamond Shoals,META00236,1.1952507174521996,0.05740563117869027,1.1759718829436481,0.045117004629912381,0.84271896342520924,0.022727267235850265,0.86731161304276605,0.021708104375778761,775463.37835562672,8192,8192,1,0.99993897229342121,1.3965684360886839,False
41025,Diamond Shoals,META00237,1.2243123530595339,0.061472458393229568,1.2034963986867009,0.033762977005756492,0.69167411419839875,0.015237400060775379,0.70467655084737191,0.023344308335756708,650987.19032447308,12,8192,0.00146484375,0.0015256926644696693,1.001079096518211,False
41025,Diamond Shoals,META00238,1.3184069885387093,0.058106028387384615,1.2494792532381096,0.035410043276629076,0.6741226953527244,0.014425249331293466,0.78909093814299291,0.019268428713192631,655040.9979358596,10,8192,0.001220703125,0.0012815818381545221,0.99138405026153831,True
41025,Diamond Shoals,META00239,1.0626137846577099,0.061890415489762388,1.1630269244842582,0.04398047489432845,0.8848111251784565,0.020040716688925066,0.94950355086040472,0.018157739775899233,740658.46940251172,8192,8192,1,0.99993897229342121,1.4168932800871896,False
41025,Diamond Shoals,META00240,1.0320808732236124,0.059172177009190252,1.1177448410588471,0.030697762772329263,0.90820915724856821,0.021182122803202384,0.78261731855473915,0.024851710631344778,692661.1883192173,8192,8192,1,0.99993897229342121,1.1825199747416368,False
41025,Diamond Shoals,META00241,1.285657807876514,0.03601241390241202,1.2095905706927628,0.026898695917613763,0.86763994398045297,0.019192777134330714,0.89905292011911386,0.025306993653450606,657141.77558995469,8192,8192,1,0.99993897229342121,1.2974707877265383,False
41025,Diamond Shoals,META00242,1.282602062808504,0.063535366926178324,1.341611712215973,0.040105327529852602,0.91048655427831016,0.021564921357939852,0.82432767162553489,0.025018329684959768,819896.40792939067,8192,8192,1,0.99993897229342121,2.1036514764684671,False
41025,Diamond Shoals,META00243,0.98678721094378052,0.048877262074088934,1.0427969682788798,0.026642916885792265,0.66526426430384222,0.021982820253010488,0.930566645659752,0.018409744641430775,588459.54604099505,2900,8192,0.35400390625,0.35402172586354202,1.5254088816942573,False
41025,Diamond Shoals,META00244,1.2112798954952539,0.05129779596665001,1.003850021520341,0.041661151074213601,0.90047766792766137,0.023524343456091459,0.6561804335772784,0.015751948244366484,688344.71416219696,8192,8192,1,0.99993897229342121,1.4243179420753636,False
41025,Diamond Shoals,META00245,0.98609551067935008,0.054669816351108666,1.1361638189600511,0.04477373674050527,0.74803201448908063,0.020102243725487499,0.77690317379098928,0.01671419876509956,666771.46270528855,8,8192,0.0009765625,0.0010374710118393751,0.98577292047478227,True
41025,Diamond Shoals,META00246,1.0501681747447185,0.049167479823627749,1.2466826488621534,0.030159416093127139,0.74273141440791002,0.016559916782796065,0.68156331150412353,0.024648025215587871,611196.88977743487,78,8192,0.009521484375,0.0095813499328695224,1.1498148398018699,False
41025,Diamond Shoals,META00247,1.2124486333464142,0.055965694716836815,0.98392621216500109,0.030777336688381778,0.66672464414816246,0.023808233733927937,0.64833233374088417,0.023219534384937315,633573.4215992993,211,8192,0.0257568359375,0.025814719882826805,1.2793410779154715,False
41025,Diamond Shoals,META00248,1.1814279515313708,0.048777844005736141,1.1509523312930765,0.034006007186349274,0.9176163152218364,0.020789325143190457,0.78592435175275188,0.020806270801332735,687741.93959147029,8192,8192,1,0.99993897229342121,1.3020144862074934,False
41025,Diamond Shoals,META00249,1.3368270363859869,0.061518098900235602,1.0524165133835286,0.025596264719272236,0.71380818302928006,0.020564985666209949,0.73193787091152496,0.018387009488224026,631680.1040612834,256,8192,0.03125,0.031307213474917613,1.3151168482501459,False
41025,Diamond Shoals,META00250,1.1082863739367781,0.049967456159432558,1.4105244538810138,0.042427916585614706,0.7469621844078661,0.014360121600837862,0.77565563111174729,0.015037945077485374,662596.79302890727,204,8192,0.02490234375,0.02496033199072379,1.1074541640200724,False
41025,Diamond Shoals,META00251,1.1969243814310997,0.063131074845849317,1.2515548763273703,0.029980210946434944,0.89276097041706071,0.021062720281274254,0.89848640096467136,0.0256602457181478,752001.40905403951,8192,8192,1,0.99993897229342121,1.2518301123871669,False
41025,Diamond Shoals,META00252,1.0375544789710125,0.054114682805397565,1.2869880719212978,0.044904273820254748,0.70466403679449208,0.016394044619907563,0.75155492364407528,0.014022237567239661,654589.44953729678,5,8192,0.0006103515625,0.00067130477236665442,0.96600970493117022,True
41025,Diamond Shoals,META00253,1.0956466098434146,0.04634013532109605,1.0995697039969183,0.036852011560525172,0.76103166719428472,0.025392713224317888,0.81023867688970119,0.019722542184329672,677198.73231884011,43,8192,0.0052490234375,0.0053094104723544486,1.0924501895361101,False
41025,Diamond Shoals,META00254,1.2104412564650942,0.035964450686014886,1.4270283273103848,0.031366805514943523,0.75087463382595288,0.020888049238805891,0.7607063318238545,0.02041288686117447,648361.11476680497,16,8192,0.001953125,0.0020139143170999634,1.0330499767025259,False
41025,Diamond Shoals,META00255,1.1381353682094377,0.052573228202894215,1.1157407539864388,0.028541527600219944,0.90446292002520956,0.016429359381492266,0.75780627110442889,0.017745750232650195,609813.74397257471,8192,8192,1,0.99993897229342121,1.2628061350264044,False
41025,Diamond Shoals,META00256,1.1429279085040043,0.050975811385097713,1.229797596354298,0.038962017419534589,0.85078304021548978,0.023168894108825996,0.8619664302636717,0.025332663313106425,758796.18169586477,8192,8192,1,0.99993897229342121,1.213921800262638,False
41025,Diamond Shoals,META00257,1.2595586937672367,0.042921734032334416,1.0670234205734901,0.028161331282339601,0.80929832470680507,0.02372331050328156,0.94228427659497638,0.022496005061829274,674768.79234757309,279,8192,0.0340576171875,0.034114487977541803,1.3503055618289161,False
41025,Diamond Shoals,META00258,1.2227298702154581,0.061117083101337039,1.402896665241965,0.026552861164217553,0.79232516640565653,0.020652169731014892,0.8685644978983218,0.024371494722383369,717450.40625448199,15,8192,0.0018310546875,0.0018918589039423899,1.0292340675836551,False
41025,Diamond Shoals,META00259,1.0870136274742448,0.042033969502651224,1.174332332176796,0.030877782356064139,0.68247428525771747,0.014152469808975457,0.87279738860154421,0.014346442390163732,548118.09986087307,160,8192,0.01953125,0.019589893811790552,1.2377078771077348,False
41025,Diamond Shoals,META00260,1.0804256384573334,0.046105749014863737,0.98728802760446221,0.026270499576101926,0.77705505340789116,0.019450583918449942,0.79786148492978426,0.024508028718861853,603243.34441119432,713,8192,0.0870361328125,0.087086537287928714,1.5295791959451077,False
41025,Diamond Shoals,META00261,1.1981091655500087,0.053412257657858439,1.105620853721865,0.029485038923685224,0.86289635070589943,0.018865814341902369,0.65089638682801021,0.018113769273745847,623246.31135201128,430,8192,0.052490234375,0.05254485536433541,1.2178099271856178,False
41025,Diamond Shoals,META00262,1.0052246166708072,0.03646635344266836,1.0468887424775284,0.043651002439915085,0.6913280604540708,0.021360174922358026,0.92592972247305627,0.022421900799116733,656304.49945480505,37,8192,0.0045166015625,0.0045770779934090075,1.0711203504665434,False
41025,Diamond Shoals,META00263,1.2523561842040836,0.050331565105518825,1.1881671379319729,0.040589254028429805,0.95278074431089577,0.022852304405680063,0.95211402131735934,0.01978327458912699,772081.04081525141,8192,8192,1,0.99993897229342121,1.9662271139968235,False
41025,Diamond Shoals,META00264,1.3200998414507745,0.043208937135415584,1.0959528831779359,0.027857611122588128,0.84742301495366479,0.017066865649596578,0.68582063763708179,0.023705758037618554,612231.84917945601,239,8192,0.0291748046875,0.029232271451238863,1.3070994191292129,False
41025,Diamond Shoals,META00265,1.0408115095785764,0.041761131756722976,1.2386058531241733,0.042435930218732959,0.65395222664014485,0.023057559938843255,0.89521180680589363,0.02134111893359027,690103.02331632434,30,8192,0.003662109375,0.003722690101305993,1.0399419929477138,False
41025,Diamond Shoals,META00266,1.1709351248733915,0.038146540877980577,0.96819592953114597,0.028951253842632408,0.83687393047118963,0.020054040575431933,0.7333534207907173,0.020439703009400616,590738.51465892699,569,8192,0.0694580078125,0.069510557793238129,1.4821413247413187,False
41025,Diamond Shoals,META00267,1.3305482959458583,0.064450559421671966,1.2149753754415906,0.029587280428221879,0.76230866134503306,0.015993101306849694,0.87887539467164533,0.018736307428083916,670207.5873883802,18,8192,0.002197265625,0.0022580251434151104,1.0296095797849865,False
41025,Diamond Shoals,META00268,1.2741713914200565,0.041630017829470532,1.2185807347949535,0.041473612649562341,0.9339147558435239,0.019826524094291403,0.74833441433331449,0.015353399599483258,690636.09437632211,8192,8192,1,0.99993897229342121,1.8681744640938229,False
41025,Diamond Shoals,META00269,1.0779388237059351,0.036997454032683376,1.0681733527376758,0.040007448946996899,0.8228260474224468,0.024086516527831052,0.8445921201803942,0.021977531913161718,684233.13386936008,53,8192,0.0064697265625,0.0065299646039301846,1.1043489657223908,False
41025,Diamond Shoals,META00270,1.1372269657331382,0.055176615605478763,1.3364960068170468,0.039289374635818754,0.77328719356950448,0.015762683695872554,0.82479279308722209,0.025889904421165299,716325.97929677623,82,8192,0.010009765625,0.010069571585499816,1.0688091394765371,False
41025,Diamond Shoals,META00271,1.0214431575460827,0.062073209872739427,1.0262673757373575,0.033626144162172938,0.86566250653268073,0.023183786733707693,0.70040147177817047,0.018977595922096243,668370.77557576087,3357,8192,0.4097900390625,0.40980104967655318,1.170922708689899,False
41025,Diamond Shoals,META00272,1.3700692011381461,0.055571537590538775,1.117118846422859,0.041877855824718854,0.7763561252338822,0.02463326771649867,0.9196919218155658,0.016500087156161254,745590.99342184153,1628,8192,0.19873046875,0.19876724032710852,1.1464869207212616,False
41025,Diamond Shoals,META00273,1.3781769163975564,0.060802999850084027,1.2499607939374846,0.03191319096408772,0.7748188707411533,0.016747017046072708,0.91062178522671933,0.022023391843710154,709963.34820294438,14,8192,0.001708984375,0.0017698034907848163,1.0172110195521109,False
41025,Diamond Shoals,META00274,1.4225980589248954,0.042672662565404043,1.0849104154413769,0.036275609000030531,0.82582301068362129,0.025056653747921029,0.95195656593246558,0.024964510588635316,751555.06552205398,3549,8192,0.4332275390625,0.43323568900280729,1.1475343553585364,False
41025,Diamond Shoals,META00275,1.1120678830272255,0.055414856980324251,0.96173887176456263,0.038202525211099056,0.81728641702789084,0.019427471992913409,0.75003877988830425,0.015290594997847016,626984.31781766703,62,8192,0.007568359375,0.0076284633223483462,1.1188832534243216,False
41025,Diamond Shoals,META00276,1.1951061147276183,0.040349730586054268,1.3345389887326431,0.029443278223832577,0.7072142199470457,0.016321203175832931,0.9096628597279619,0.025689275463439146,644815.58887710865,62,8192,0.007568359375,0.0076284633223483462,1.1225502892855492,False
41025,Diamond Shoals,META00277,1.2601727015246356,0.049308674815157216,1.2529478184136966,0.0449993930560387,0.73395088440573031,0.021032785929595992,0.69308675379561857,0.025816891882596907,737278.98362401035,251,8192,0.0306396484375,0.030696936409129745,1.0835331634914203,False
41025,Diamond Shoals,META00278,1.0045257508567826,0.052981702017936838,1.3796663079956415,0.026137293731649382,0.73623795626035138,0.016453405867513274,0.8417055297335132,0.025085710943968102,632338.63969608559,78,8192,0.009521484375,0.0095813499328695224,1.1528128454889783,False
41025,Diamond Shoals,META00279,1.1469676035817813,0.045182799153633817,1.1450647740246578,0.041384193033186287,0.85637356026527689,0.021877446409647644,0.68092550807570784,0.017781534189752268,679256.89980593917,3215,8192,0.3924560546875,0.39246918100817774,1.2150655189452904,False
41025,Diamond Shoals,META00280,1.1171174906974093,0.035099571926327448,1.1372952768252444,0.033315844385689679,0.86687912160968328,0.023025611014742993,0.71843595909189384,0.025446089539802281,664697.76806983806,4601,8192,0.5616455078125,0.56163798364457462,1.2216163210647666,False
41025,Diamond Shoals,META00281,0.99781077799162388,0.043352787999187001,1.0391180190966303,0.031818125700455585,0.88264183957598696,0.014566282135824362,0.83993036143884425,0.016698034288405095,567427.10197572014,8192,8192,1,0.99993897229342121,1.3448548252629746,False
41025,Diamond Shoals,META00282,1.1928965146013137,0.054504828404923517,1.4372964448852887,0.032380136393620682,0.65560457955840945,0.016834187645460016,0.695305967792196,0.024357126375372129,662359.08030057093,10,8192,0.001220703125,0.0012815818381545221,0.99024093127312918,True
41025,Diamond Shoals,META00283,1.3239264981796743,0.042544091236057104,1.3817691374963534,0.045068741524307537,0.85621877904914523,0.019220273067990717,0.76013774366033471,0.021962759479675787,754207.06313894375,8192,8192,1,0.99993897229342121,1.8488054985573492,False
41025,Diamond Shoals,META00284,1.1097753856088231,0.041847347858658582,1.2422338259776735,0.038035511712507152,0.87887550288970817,0.020868250744962312,0.81932956323119166,0.022369549922251042,702069.9041270538,8192,8192,1,0.99993897229342121,1.2433932480845071,False
41025,Diamond Shoals,META00285,1.2333870639542439,0.063927072151912304,1.1470141905992961,0.04385496871293891,0.82028294359238862,0.014264481713231445,0.73974898200810357,0.02532654874797171,717458.47664815618,7354,8192,0.897705078125,0.89765653606737461,1.3643851078953768,False
41025,Diamond Shoals,META00286,0.96033323178480634,0.059357259743995361,1.1826469392390673,0.040056607618831348,0.77214590644908521,0.019307950485145584,0.95903487076393124,0.01871767862110587,687896.93725063058,11,8192,0.0013427734375,0.0014036372513120956,0.99339241011581714,True
41025,Diamond Shoals,META00287,1.3234591909784794,0.056494916509121335,1.0158352368738623,0.039585152751099743,0.85482877013437886,0.018626349541339834,0.643294632116863,0.018040508587446699,668338.99148782087,7336,8192,0.8955078125,0.89545953863053829,1.3386282487661612,False
41025,Diamond Shoals,META00288,1.1939714082572819,0.048838974418142465,1.2322588689572633,0.036513747559446176,0.94765923254345341,0.018470886943479602,0.88320654625167139,0.021819145923130112,715611.17658163432,8192,8192,1,0.99993897229342121,1.7012955436747939,False
41025,Diamond Shoals,META00289,1.0460507536790726,0.047970645396608655,0.96415295247410493,0.028964874122315448,0.65189569737004982,0.022758324471286989,0.82875621571593772,0.02359657345256632,607500.45261774352,1721,8192,0.2100830078125,0.21011839375076286,1.4683587028557477,False
41025,Diamond Shoals,META00290,1.3381609212231618,0.063067374368709961,1.3137507576628522,0.041257856961709027,0.76053998526720845,0.017840503719969182,0.95688948335928381,0.016306350526530462,745294.82417091134,3685,8192,0.4498291015625,0.44983522519223729,1.2638689524042654,False
41025,Diamond Shoals,META00291,1.0168456103112784,0.059650993076286705,1.0560943995471441,0.042722413431022468,0.73517534915234661,0.019848896887902527,0.64287963272472781,0.017095250399542915,641125.48137224896,12,8192,0.00146484375,0.0015256926644696693,0.99911967880643826,False
41025,Diamond Shoals,META00292,1.344412037519185,0.054309473126196231,1.2040745382301172,0.029650928049336254,0.71935854366325824,0.017949242249564484,0.7827552462381776,0.025170162284004143,669007.78763055813,39,8192,0.0047607421875,0.0048211888197241546,1.0842662001110246,False
41025,Diamond Shoals,META00293,1.2559391745014874,0.047192522962171184,1.2859108149634511,0.03142926664875214,0.68206505824568442,0.022602792287036301,0.67090607768028354,0.024430591683573168,662324.74294323835,17,8192,0.0020751953125,0.0021359697302575369,1.0277468014317872,False
41025,Diamond Shoals,META00294,1.2976995695503002,0.055518365790261162,1.1871631458495431,0.027747168560393862,0.75110991330956911,0.024112459874878506,0.73632246217466257,0.021800708006335694,680397.53763264581,83,8192,0.0101318359375,0.01019162699865739,1.1581378266184565,False
41025,Diamond Shoals,META00295,1.4006392106678647,0.03949404996575976,1.2236981884144384,0.032150621440074606,0.85296136286780122,0.020837739404010173,0.90556219255470938,0.022445033217763768,697333.09385161102,8192,8192,1,0.99993897229342121,1.1393513828240225,False
41025,Diamond Shoals,META00296,1.1403499273932012,0.063103239490028329,1.1765042274847155,0.044621562632832866,0.74724470373441054,0.024613237585925041,0.83080275669107351,0.022212409560274319,768744.43998448737,6,8192,0.000732421875,0.00079336018552422804,0.97280375916369555,True
41025,Diamond Shoals,META00297,0.96959091479130965,0.059805395472550246,1.0322094140285052,0.029713244747807496,0.74970098270220675,0.023468606846970146,0.75928844610290491,0.020175291691144487,632373.72846606257,254,8192,0.031005859375,0.031063102648602466,1.3227342740612313,False
41025,Diamond Shoals,META00298,1.1625048918275682,0.057769424189921412,1.2875713386275969,0.033813931359890061,0.77593660622516347,0.020855487570546782,0.8893649034599086,0.014528020332094983,677539.37741376751,16,8192,0.001953125,0.0020139143170999634,1.0300870024547573,False
41025,Diamond Shoals,META00299,1.0424740730272257,0.04378236251414408,0.99613567518481183,0.024954857155192127,0.68768640841168283,0.021832376706618063,0.72559801328311058,0.025369320322727984,582089.36746115331,1926,8192,0.235107421875,0.23513975344806543,1.5959043535237749,False
41025,Diamond Shoals,META00300,1.4175760783108928,0.049974933921895538,1.34590420982583,0.027513552196208074,0.66968052021876057,0.021209994892092361,0.90582057194936372,0.017405134907445361,660434.73521387228,21,8192,0.0025634765625,0.0026241913828878309,1.0458396120539408,False
41025,Diamond Shoals,META00301,1.383861792727848,0.053617191246929444,1.4289946901538113,0.040892967635310654,0.65347980809586215,0.021705806122998984,0.67454326143206922,0.0183214697440559,728159.07508500922,11,8192,0.0013427734375,0.0014036372513120956,0.99892202181258927,True
41025,Diamond Shoals,META00302,1.0302409820717047,0.048164860560127171,1.1340304150290792,0.035812400893184583,0.80622845324244974,0.025762971158960448,0.64776152730727821,0.018903823590989799,666093.36927030596,47,8192,0.0057373046875,0.0057976321249847427,1.094102876774103,False
41025,Diamond Shoals,META00303,1.2635170488656007,0.051861944832449436,1.1069661768034094,0.039798293683920849,0.85339455820670129,0.025909283011963088,0.76134995267493677,0.02269875785177667,752079.80243254977,5557,8192,0.6783447265625,0.6783229586232149,1.2664404532818661,False
41025,Diamond Shoals,META00304,1.1038828126613016,0.057134311502309312,1.3931187714007043,0.036816402232672026,0.78743877277585583,0.025793548977189842,0.65866600859104418,0.01985728120786099,735105.93732709507,1134,8192,0.138427734375,0.13847186622726718,1.1405337473712562,False
41025,Diamond Shoals,META00305,1.2033045394847148,0.041476795479442052,1.2351230841981775,0.036466049254619035,0.74490168284638814,0.023596905006889452,0.9001050631127252,0.014493365274437033,662988.57441984164,17,8192,0.0020751953125,0.0021359697302575369,1.0330522881435797,False
41025,Diamond Shoals,META00306,1.2860922746074985,0.03571528063531336,1.0213941371049489,0.042236519743411124,0.83198124398175577,0.016247861097261639,0.83186469125702733,0.024701159053177404,654166.89994562033,525,8192,0.0640869140625,0.064140119614304894,1.1034357836944706,False
41025,Diamond Shoals,META00307,1.0529647901490742,0.043758022098995139,1.1367345951762073,0.026598030707971173,0.74903962642761479,0.019540472901251917,0.86268888690641543,0.014757059618374911,570373.07020038238,376,8192,0.0458984375,0.045953863053826434,1.4006628675920207,False
41025,Diamond Shoals,META00308,1.2948764084052256,0.054820530827277052,1.2611165629956884,0.025420037868033124,0.89055173601238513,0.019811584928437195,0.70671181195622945,0.014181883431493352,638418.82050468959,8192,8192,1,0.99993897229342121,1.1696030213568969,False
41025,Diamond Shoals,META00309,1.4345855009873649,0.063729875411805637,1.3608912288077017,0.028826248268958368,0.80187436126516276,0.024775877045113616,0.91388325232532797,0.022619218968167015,786523.739634178,41,8192,0.0050048828125,0.0050652996460393016,1.0767391275598805,False
41025,Diamond Shoals,META00310,1.3385498225638215,0.046887260915284668,0.97457215026985378,0.035716022323429797,0.6942172118956158,0.016793441760338357,0.73828143035903793,0.014424058402816723,581637.71671580919,93,8192,0.0113525390625,0.011412181130233125,1.1667786974052252,False
41025,Diamond Shoals,META00311,1.0369130644707669,0.053894964634002604,0.99797170930089818,0.040131065131999405,0.83476324485629316,0.020317055301907732,0.91274096953631512,0.019799868128150801,676229.60622160009,2407,8192,0.2938232421875,0.29384840717685828,1.0640585099368376,False
41025,Diamond Shoals,META00312,1.1523953666132387,0.042910199250170679,1.2023869232771693,0.041005989355354065,0.71446885818748407,0.021918766985093228,0.76429856081896241,0.014289494376829604,648072.95775834797,11,8192,0.0013427734375,0.0014036372513120956,0.99205402385249908,True
41025,Diamond Shoals,META00313,1.0148045942758923,0.060594197555001776,1.2949513442557472,0.030076846699260269,0.75885560253202322,0.016093970512526222,0.67146847393482989,0.014110858914235372,592471.0163385811,27,8192,0.0032958984375,0.0033565238618332724,1.0588631095667895,False
41025,Diamond Shoals,META00314,1.4053732869787789,0.059278373629072803,0.97960662995972414,0.044206706826763781,0.77935333128991269,0.022536962672586598,0.79577141269448348,0.017280751570581759,722687.64074731327,1787,8192,0.2181396484375,0.21817405101916271,1.159326421153156,False
41025,Diamond Shoals,META00315,1.3087551119540655,0.041928542195400945,1.2918550191574139,0.029911464099632867,0.80400972078991462,0.0243984949921996,0.64942365266362079,0.016003369595835672,651336.36044427287,38,8192,0.004638671875,0.0046991334065665811,1.0761058895394824,False
41025,Diamond Shoals,META00316,1.1236933957960797,0.039699823203833196,1.406287760185831,0.030279328270881745,0.89190181683335368,0.021802800867852468,0.92370414185134864,0.02211348800431627,704330.17174494639,8192,8192,1,0.99993897229342121,1.2687749313898697,False
41025,Diamond Shoals,META00317,1.1326961637774939,0.051239329049543952,1.3238277284351618,0.041564757203840882,0.70016221826377489,0.023003610148615454,0.90693117047559668,0.018147118409613576,722932.05718780658,13,8192,0.0015869140625,0.0016477480776272428,1.0035989761537063,False
41025,Diamond Shoals,META00318,1.2757201646537046,0.058989265414143732,1.4311669628445984,0.035653535700924562,0.86927601856257564,0.01885312949710103,0.75100501774498107,0.020013425109407228,737642.00796755007,8192,8192,1,0.99993897229342121,1.6522816204626278,False
41025,Diamond Shoals,META00319,1.4031710888702602,0.051674113188824936,1.4318953146504603,0.042539612619488618,0.86516686488968597,0.020458105745828979,0.71689734785032155,0.017379533635215563,767935.98399030499,8192,8192,1,0.99993897229342121,2.1286543911003197,False
41025,Diamond Shoals,META00320,1.3638255296829092,0.062924691783135228,1.1610727556101823,0.032037833849647132,0.64245336425864386,0.016291760478478832,0.69483566347622849,0.01758060769331601,634187.53651777294,13,8192,0.0015869140625,0.0016477480776272428,1.009058846999169,False
41025,Diamond Shoals,META00321,1.1998589928043377,0.060535232557468274,1.2426357136211368,0.041151404956451081,0.70242486146413241,0.017639358160622513,0.92256249514490429,0.014435839720095251,685375.21112148778,6,8192,0.000732421875,0.00079336018552422804,0.97351385244436373,True
41025,Diamond Shoals,META00322,1.4088524185283233,0.044920078559715707,0.98089815408389947,0.042178035513934412,0.80312572519393588,0.018052571541127591,0.8258411730510804,0.019429235669890292,664250.75693490857,949,8192,0.1158447265625,0.11589161479311608,1.1118241363246706,False
41025,Diamond Shoals,META00323,0.96655626767918634,0.039793776826522125,0.96665559465388762,0.035874314130714541,0.87077258656357404,0.018121312375562582,0.88074794368623044,0.024417634212790296,631950.66573504405,8192,8192,1,0.99993897229342121,1.3299496079820938,False
41025,Diamond Shoals,META00324,0.98194423981314982,0.054254079888944477,1.1025913552573445,0.038876445648170402,0.79904896367418976,0.019175989712242089,0.66750469319746164,0.022920078753930158,650596.8910247382,15,8192,0.0018310546875,0.0018918589039423899,1.0189355733298819,False
41025,Diamond Shoals,META00325,1.4241907887575611,0.049671964022859942,1.4039927867006303,0.026420621463991961,0.82798269849537232,0.014755477543755313,0.85763743701190243,0.019904547253918117,651969.96420548914,73,8192,0.0089111328125,0.0089710728670816548,1.0377716702863833,False
41025,Diamond Shoals,META00326,1.0457683396480648,0.036612655233896341,1.0223961418537215,0.039389873625011534,0.75497643603601672,0.020070873909902934,0.78870829046077318,0.024011985537160122,631933.6586705459,109,8192,0.0133056640625,0.013365067740754303,1.1808692983408235,False
41025,Diamond Shoals,META00327,1.0747886154584065,0.062525567264038448,1.3243925375307479,0.032992910541618632,0.92756346133079326,0.019499414629484832,0.89171797470092629,0.016853487919137093,707363.15239087015,8192,8192,1,0.99993897229342121,1.4726931628408684,False
41025,Diamond Shoals,META00328,1.0910003075257939,0.049885609582801832,1.3955833298898728,0.044461667070519358,0.88961230311724415,0.015499771955948136,0.68900339377275344,0.024006869436822686,723509.59338963963,8192,8192,1,0.99993897229342121,1.8786584904887469,False
41025,Diamond Shoals,META00329,0.98753549590073375,0.040076443548770227,1.3638574969619595,0.039473153857938814,0.87275732345107826,0.019973385368384958,0.67643313494448232,0.015649118216343058,661628.96457941958,8192,8192,1,0.99993897229342121,1.3240688378573588,False
41025,Diamond Shoals,META00330,1.1109810219870917,0.040385799786854845,1.3544517539607555,0.033595776033320722,0.8710485054808923,0.016402178756968967,0.7540598227637294,0.021546704732159527,645586.16618356609,8192,8192,1,0.99993897229342121,1.2192624866748516,False
41025,Diamond Shoals,META00331,1.3435435092556263,0.046185059663374724,1.1421761545970872,0.032524075542783748,0.88011889168373492,0.021444084025596652,0.78650087798453905,0.015753434247742806,665105.24406911328,8192,8192,1,0.99993897229342121,1.2021020066300794,False
41025,Diamond Shoals,META00332,1.3537600999758661,0.040682474135853033,1.0408076315995061,0.044757766027286351,0.7296412134464485,0.024800728597069971,0.69315752155196941,0.020968417091525617,689001.0817413138,11,8192,0.0013427734375,0.0014036372513120956,0.99087424013993619,True
41025,Diamond Shoals,META00333,1.083843902426779,0.056174603618018237,1.137637566032089,0.024754158499693323,0.77435709894487748,0.025491840492397971,0.74673845081209245,0.017867130997031085,637645.57014415646,314,8192,0.038330078125,0.038386427438056876,1.3647392704606971,False
41025,Diamond Shoals,META00334,1.1487690820198242,0.037110651383102079,0.97495270618276542,0.032494599333854818,0.68400474486830054,0.020324480934784218,0.8964521029190754,0.024971332600660291,616982.47123825096,369,8192,0.0450439453125,0.045099475161723419,1.3904821273915386,False
41025,Diamond Shoals,META00335,0.97979101370479615,0.043513290681833759,1.2811560694855935,0.035900288618385588,0.70679107689860754,0.02390095647951157,0.90253722734762876,0.021636813448537583,682381.69660154765,92,8192,0.01123046875,0.011290125717075552,1.1462719299682114,False
41025,Diamond Shoals,META00336,1.2760146682077942,0.036659664908067581,1.0051654139720501,0.039519446421593274,0.79625299990487575,0.018396313649422201,0.72817097085853044,0.022132021244773058,626835.24749260338,57,8192,0.0069580078125,0.0070181862565604786,1.1119558841805828,False
41025,Diamond Shoals,META00337,1.3559252997627871,0.049829339900403329,1.0760676899435797,0.043069676411259701,0.7277541677099264,0.025680956659680846,0.8522915784516879,0.018965835928499337,727919.07461381983,10,8192,0.001220703125,0.0012815818381545221,0.9902632587678446,True
41025,Diamond Shoals,META00338,0.99027594407719122,0.053273083605922172,1.374447205705422,0.031881539988279042,0.72738691130513033,0.022939791156242069,0.94811364241913054,0.018594849633934908,681576.44869499048,57,8192,0.0069580078125,0.0070181862565604786,1.1194574898873249,False
41025,Diamond Shoals,META00339,1.1321866756996837,0.061559452082851712,1.3498763159194525,0.026505849459761959,0.69942867599773695,0.020293757735991003,0.74073567423366304,0.01792528910965116,635890.19245785836,37,8192,0.0045166015625,0.0045770779934090075,1.0779188795272718,False
41025,Diamond Shoals,META00340,1.2381295192746602,0.049443368311679885,1.0511308319455615,0.03407944617685725,0.76906605563382047,0.018721083189640095,0.69948072916757664,0.015959316695101193,609701.74706897303,79,8192,0.0096435546875,0.0097034053460270959,1.1503745617719101,False
41025,Diamond Shoals,META00341,1.0815719122548733,0.059000919736898402,1.3850187129149614,0.027925396178933141,0.65410811580260531,0.025692275022147527,0.66682241203655457,0.019956703847966471,657073.09329738549,44,8192,0.00537109375,0.0054314658855120221,1.0811557732212067,False
41025,Diamond Shoals,META00342,1.0523214968105732,0.037606782826808377,1.3299483580314622,0.041803259701715993,0.821751405516014,0.025536293269925674,0.86384802903238167,0.021109533056392099,742962.22594999557,1095,8192,0.1336669921875,0.13371170511412181,1.1476686317873523,False
41025,Diamond Shoals,META00343,1.174892229954478,0.047750150573049419,1.0705698847391019,0.044401086632517184,0.67341908301965792,0.017917998920598949,0.7987990407558081,0.015570938934161881,630007.92544330121,9,8192,0.0010986328125,0.0011595264249969486,0.98745674147041873,True
41025,Diamond Shoals,META00344,1.3632122004563543,0.040619478251353987,1.1797737392719614,0.034660455922495226,0.83672999991429053,0.025551181684294405,0.76178937626071885,0.02144262455399577,710243.72035736847,769,8192,0.0938720703125,0.093921640424752845,1.1097655508547015,False
41025,Diamond Shoals,META00345,1.3282191882608987,0.042757171177163336,1.3939677709773188,0.026322635791291377,0.66982885239643375,0.019250682976583423,0.67733323827640179,0.020949162723948107,610267.08217062592,46,8192,0.005615234375,0.0056755767118271691,1.0965129184679492,False
41025,Diamond Shoals,META00346,1.3293176582146375,0.057142344211339138,1.1291881404210984,0.037083613043259606,0.81044716280164675,0.019321902378925577,0.90505017821586198,0.021864018137808833,723378.61454636953,751,8192,0.0916748046875,0.091724642987916508,1.115164097093488,False
41025,Diamond Shoals,META00347,0.97663880861141483,0.035741612280569365,1.1565890773846117,0.024969238658642336,0.70521881497594774,0.01822555975541422,0.86210411592367298,0.023302803291151086,569645.85933143669,2575,8192,0.3143310546875,0.31435371658733063,1.5543005791123046,False
41025,Diamond Shoals,META00348,1.334190944029632,0.061229608765757795,1.0161602236901046,0.030227645431381529,0.64192113120684546,0.024504389388077537,0.81224198152311455,0.022330972584529256,679742.15835519438,127,8192,0.0155029296875,0.015562065177590626,1.2031209080345142,False
41025,Diamond Shoals,META00349,1.2551730387400353,0.045237473101970661,1.1589926961278207,0.031856577284002312,0.72323869149424658,0.021405045608601313,0.78217151672186147,0.019602830238790184,639415.9229048182,69,8192,0.0084228515625,0.0084828512144513608,1.139536463919663,False
41025,Diamond Shoals,META00350,1.044936671673498,0.043229613864173538,1.195985700027286,0.02875730481906676,0.93268638277500271,0.019376380815711476,0.94086912751394469,0.017621624818338108,638748.42411838926,8192,8192,1,0.99993897229342121,1.3156279510568853,False
41025,Diamond Shoals,META00351,1.0505715691642707,0.041527955656827473,0.99164415546446505,0.033444130122153609,0.91349673086338257,0.01669432715750668,0.85039430329811017,0.023012556485713511,621358.093693531,8192,8192,1,0.99993897229342121,1.3331603282245961,False
41025,Diamond Shoals,META00352,1.3126546882817129,0.058566551331771091,1.1238679822033808,0.041211370753274572,0.7859830572152271,0.02524116090716565,0.66921448838100295,0.016780979961401772,727424.25824930938,1874,8192,0.228759765625,0.2287928719638716,1.1620565376115968,False
41025,Diamond Shoals,META00353,1.0875932533874,0.046871507212319731,1.378169069997657,0.040241947284543778,0.90520126519376054,0.014989123220720869,0.91940427397301572,0.021758458254221187,711320.03224581829,8192,8192,1,0.99993897229342121,1.6717905923687901,False
41025,Diamond Shoals,META00354,0.97738518828440035,0.038673338787616161,1.4337979112891268,0.029394595252755253,0.76975920634587425,0.018950290845882772,0.65921736676812148,0.022282388178994916,611261.13727169251,99,8192,0.0120849609375,0.012144513609178568,1.1537679411046833,False
41025,Diamond Shoals,META00355,1.0641337765871892,0.064972512279848252,1.1965531856667559,0.026000628523190562,0.8184259009066559,0.017151525070691502,0.72161350666191915,0.02125291749194283,626311.12784596346,143,8192,0.0174560546875,0.017514951788111802,1.2193074582544026,False
41025,Diamond Shoals,META00356,1.2280480226716148,0.047659540849835251,1.1770940165332435,0.032138468641018686,0.65853166110747507,0.016947261658839155,0.93373838701451073,0.023086958172687896,644449.09223634284,60,8192,0.00732421875,0.0073843524960331992,1.1181716113495281,False
41025,Diamond Shoals,META00357,1.0738439792367644,0.053385536684154689,1.2401979530928116,0.025161764019255097,0.80985583199611511,0.016191961464195683,0.7346289610792115,0.023606597741347584,608511.84136828349,193,8192,0.0235595703125,0.023617722445990481,1.2727844536868471,False
41025,Diamond Shoals,META00358,1.116103187155379,0.049727600578160037,1.0293598356467286,0.028249222259079398,0.94341505214615018,0.023846918079341129,0.64700188920509549,0.019014806140332633,650401.62432149798,8192,8192,1,0.99993897229342121,1.369025539878614,False
41025,Diamond Shoals,META00359,1.3289468836059335,0.058263264320799028,1.3199572527441339,0.039764160450097806,0.8922722962682148,0.023616696210843301,0.8527042296977243,0.022304502628617412,811139.55780672154,8192,8192,1,0.99993897229342121,1.9026304497537889,False
41025,Diamond Shoals,META00360,1.3021788794820115,0.040226480894868646,1.1262463327051213,0.030390297984772989,0.81092687018339393,0.019091537232115152,0.81815005138936248,0.015471897293894071,606518.1524127241,148,8192,0.01806640625,0.01812522885389967,1.2287316239525861,False
41025,Diamond Shoals,META00361,1.1734376324305318,0.043115743842664978,1.3280940435580155,0.035701279102740506,0.73098307511638172,0.022251903954754074,0.82318627179872572,0.018192986497037086,673264.63556228147,16,8192,0.001953125,0.0020139143170999634,1.0274406188507916,False
41025,Diamond Shoals,META00362,1.2652859182947909,0.057683178631946191,1.3926623022038604,0.038649161448554473,0.72919036826671313,0.014227225839609397,0.92160438107609388,0.014731019715680917,682474.72025393508,28,8192,0.00341796875,0.0034785792749908459,1.0382611930693377,False
41025,Diamond Shoals,META00363,1.2107690997973979,0.036125081186773336,1.3934538156187612,0.031797118988639801,0.76956713998546067,0.019554130184048418,0.85508903252208479,0.017526254590872044,638925.72258535784,21,8192,0.0025634765625,0.0026241913828878309,1.0483925002826457,False
41025,Diamond Shoals,META00364,0.98237506315390533,0.038957678126900465,1.2752643361233975,0.036396031433124289,0.71840603148557702,0.01404757752099093,0.7916047397883037,0.020846269368333937,599081.61675657576,35,8192,0.0042724609375,0.0043329671670938605,1.0742130287244216,False
41025,Diamond Shoals,META00365,1.1825093259404311,0.064955482884813856,1.4178791790665553,0.041227133600123152,0.88455732864596592,0.023878931446854226,0.65229732131148799,0.024243225120896539,812387.51147776155,8192,8192,1,0.99993897229342121,2.0000678658937106,False
41025,Diamond Shoals,META00366,1.3759508157496847,0.047176795253173504,1.2193470677450438,0.037551940181852275,0.88043780575303332,0.020265352315543779,0.73266423873571396,0.015572212496235159,689383.62991937296,8192,8192,1,0.99993897229342121,1.5482928481862728,False
41025,Diamond Shoals,META00367,1.3975674054439202,0.04219900471032699,1.1503718723935072,0.025394258991179221,0.72144356497773154,0.02507498857849761,0.69748893563811543,0.014168542280243399,605820.76864879159,253,8192,0.0308837890625,0.030941047235444892,1.3185314453870081,False
41025,Diamond Shoals,META00368,1.0453363017569393,0.051606920046523265,1.3036001741182113,0.026442068851842641,0.74153641588991037,0.020228554849587063,0.65975445140876632,0.023143511523832115,618468.13766543823,119,8192,0.0145263671875,0.014585621872330038,1.1961991225411674,False
41025,Diamond Shoals,META00369,1.1634919634578986,0.054039718869551362,1.239016189245717,0.037713049676152639,0.68976872574932835,0.014835027863195032,0.8366569289820126,0.022094691472572793,660395.31253509189,11,8192,0.0013427734375,0.0014036372513120956,0.99106658971603467,True
41025,Diamond Shoals,META00370,1.3646467953584178,0.054179644348652439,1.1891106745600488,0.036215391132667155,0.95037691443273697,0.014983882644428856,0.65758660937664604,0.020625443281914322,676483.82008114364,8192,8192,1,0.99993897229342121,2.0730082515225781,False
41025,Diamond Shoals,META00371,1.1843932158396964,0.054598382974252964,1.4112017223115625,0.033488562566826183,0.90883445892050196,0.021685567128100349,0.72763278812147991,0.024581268960292994,747405.98639936198,8192,8192,1,0.99993897229342121,1.5799515528538568,False
41025,Diamond Shoals,META00372,1.0131187695518196,0.037912015022597202,1.0999115158275246,0.035797582868712222,0.94876977627127546,0.025499487544895606,0.74152202988776361,0.021894532750612716,694306.80025134585,8192,8192,1,0.99993897229342121,1.266988356911712,False
41025,Diamond Shoals,META00373,1.4111975405236878,0.056437812341272243,1.079137477242778,0.045130008163293128,0.67683274956886308,0.019683842496673529,0.70153478823520277,0.021651368989070101,707080.62238251569,7,8192,0.0008544921875,0.00091541559868180155,0.97440095957894191,True
41025,Diamond Shoals,META00374,1.253278472845555,0.052644454731198789,0.99956556753095782,0.033520228089992318,0.93633144750826214,0.021006732951976054,0.72643540464561163,0.020340482987500852,677655.69067015173,8192,8192,1,0.99993897229342121,1.3725157579871026,False
41025,Diamond Shoals,META00375,1.0229542522446964,0.058031543486813289,1.3422174484699976,0.040718505930805546,0.92512612685435558,0.023666995073517588,0.76206239846503632,0.019001740196883776,763577.2398084749,8192,8192,1,0.99993897229342121,1.6874793988850967,False
41025,Diamond Shoals,META00376,1.0985090283951175,0.042255657772507463,1.2327758642125806,0.043945420798879246,0.71663136906065594,0.017628892252937879,0.77739158400321307,0.023146821894683492,674632.21119215223,8,8192,0.0009765625,0.0010374710118393751,0.98289484296813689,True
41025,Diamond Shoals,META00377,1.2212909569505717,0.063493310831879743,1.1133858793962881,0.035128735492561257,0.84955923386561061,0.015332311507248959,0.94257779848601653,0.023029689175253616,702833.84420546645,8192,8192,1,0.99993897229342121,1.1633619320847979,False
41025,Diamond Shoals,META00378,1.226346524701253,0.041287437584292569,1.332049972146143,0.032900001551236124,0.86052230618383185,0.022147410629084208,0.75258420917462709,0.025210342383572639,707593.08708222792,1613,8192,0.1968994140625,0.19693640912974492,1.1757564736988104,False
41025,Diamond Shoals,META00379,1.3851037097368795,0.063679634349280076,0.98030189025299364,0.039815257509877452,0.68955556662079842,0.019986918850233262,0.76546392510598449,0.021295530657930405,696641.97805477201,12,8192,0.00146484375,0.0015256926644696693,1.001544937357185,False
41025,Diamond Shoals,META00380,1.0139835301286995,0.048497966915071085,1.0879330437707246,0.0351982076915512,0.95986630320906452,0.015085856431173158,0.67701320826793432,0.015850048598956171,594013.86544144829,8192,8192,1,0.99993897229342121,1.3531893004402851,False
41025,Diamond Shoals,META00381,0.96239059666967808,0.053762849920064387,1.3099272800329471,0.03306791181963413,0.89094856541145173,0.024272610506031158,0.79431248930790765,0.025913990816894102,737314.72303076286,8192,8192,1,0.99993897229342121,1.1667379692465132,False
41025,Diamond Shoals,META00382,0.97702857224005057,0.051564949991165523,1.2471916562404741,0.043272296561221904,0.88661404421526224,0.025462688726769326,0.89547841672208728,0.016453182948352817,750358.96065570379,8192,8192,1,0.99993897229342121,1.2885955296195091,False
41025,Diamond Shoals,META00383,1.4017782787515662,0.045443873329526048,0.99564231858279306,0.041119058991757711,0.94188032936883648,0.024097699444666235,0.6883722053448601,0.023569865030459318,736272.46458175103,8192,8192,1,0.99993897229342121,1.8916818833947064,False
41025,Diamond Shoals,META00384,1.1880464803595812,0.056511771591339757,1.1845536751519758,0.037380439914731882,0.87193493217528917,0.024475872782220524,0.66391353294053035,0.023630036407796443,739872.51459928765,8192,8192,1,0.99993897229342121,1.3176302608730128,False
41025,Diamond Shoals,META00385,1.1288267611810019,0.04504590371495458,1.2649890438996372,0.038460227250320327,0.75930635615893172,0.024644505125272772,0.73039764992335832,0.018701210078786189,690975.86587571236,15,8192,0.0018310546875,0.0018918589039423899,1.025893481209077,False
41025,Diamond Shoals,META00386,1.0603819286260769,0.044390437099852673,1.2088207231490122,0.041693426010113041,0.78995404524328605,0.022489025776251451,0.88796901671181716,0.023772846171994183,724733.97979812894,19,8192,0.0023193359375,0.0023800805565726839,1.0251039312557439,False
41025,Diamond Shoals,META00387,1.0682823263958392,0.055749222268140247,1.3085807952694397,0.036054416279912085,0.85939784647546702,0.015622041933592219,0.67594614244244211,0.025599480712302093,676405.83857438911,3355,8192,0.4095458984375,0.40955693885023803,1.2543209848395163,False
41025,Diamond Shoals,META00388,1.1129009884328136,0.056551862814090831,1.0665361759729015,0.034348363207335655,0.7402917486281031,0.021459835627368397,0.83513410664281684,0.023676917337408211,677046.42341975064,61,8192,0.0074462890625,0.0075064079091907727,1.123603929800411,False
41025,Diamond Shoals,META00389,1.346982790663815,0.059678191542711853,1.4055623855738713,0.03033651057035177,0.754076520904851,0.01594093390584005,0.64236750017314403,0.016195600808532083,649915.12425893638,11,8192,0.0013427734375,0.0014036372513120956,0.99543614599271812,True
41025,Diamond Shoals,META00390,1.1385875949469026,0.052274099725870021,1.3854244438295646,0.031322290854718722,0.91225746288930509,0.014499188715320306,0.9114221031454699,0.02366014832857613,687634.5160543673,8192,8192,1,0.99993897229342121,1.4273791189578615,False
41025,Diamond Shoals,META00391,1.0161646359068421,0.046438866320142436,1.0202428142480517,0.039197188337997971,0.84676493504629635,0.017094978265038301,0.88314572383030943,0.016197000988989685,616575.54852150951,8192,8192,1,0.99993897229342121,1.1244790763632928,False
41025,Diamond Shoals,META00392,1.3191614507139309,0.051798005177528958,1.0177330361426027,0.02454958431017806,0.71724250184025962,0.015550371697675097,0.89184711446530351,0.020641274944325126,596043.78656182042,503,8192,0.0614013671875,0.061454900524838277,1.4510593859929566,False
41025,Diamond Shoals,META00393,1.0615820402623184,0.062153302924567062,1.2079885363152629,0.043500352514257087,0.6816663868659627,0.021611691135556995,0.85202996781913465,0.024166617454672627,737267.79143580969,6,8192,0.000732421875,0.00079336018552422804,0.97342474413178715,True
41025,Diamond Shoals,META00394,1.1772649501229462,0.063234466066780501,1.2547571667332984,0.042016323059143601,0.78757359507267921,0.014578052441144428,0.76263179490525568,0.019366350754405529,694762.22662215796,1158,8192,0.141357421875,0.14140119614304894,1.1776215580380724,False
41025,Diamond Shoals,META00395,1.167885583380371,0.049520332796989551,1.2866166423481189,0.037574210875476348,0.79522763498599947,0.019872012347402029,0.80499850870837952,0.019189212931734492,689432.99733207852,67,8192,0.0081787109375,0.0082387403881362137,1.0678295830572606,False
41025,Diamond Shoals,META00396,1.1571178576709855,0.043077770745279874,1.2788017743351592,0.032049636688926908,0.66646261263238749,0.014183474622458106,0.87488984614268994,0.016471664987356097,584216.40664690884,40,8192,0.0048828125,0.0049432442328817281,1.0849001527639861,False
41025,Diamond Shoals,META00397,1.1480680474083012,0.056574052881252654,1.0746500917610926,0.043952666129658494,0.87708628132114153,0.016589358578108383,0.93176906878589716,0.02057856384320703,707558.8500289619,8192,8192,1,0.99993897229342121,1.383679066768297,False
41025,Diamond Shoals,META00398,1.191042538409816,0.042561197802292138,1.3349252210873814,0.031038053640706283,0.93748060872686723,0.016670208893010647,0.8712488110108606,0.015900075047533949,640660.05756041489,8192,8192,1,0.99993897229342121,1.4511564084151851,False
41025,Diamond Shoals,META00399,1.2443096573870438,0.063821930881497207,1.3616542592991188,0.039356142985001383,0.90468605124525037,0.019523816325905569,0.80799104731720606,0.024910358289832769,794718.61890655896,8192,8192,1,0.99993897229342121,1.9999097462845581,False
41025,Diamond Shoals,META00400,1.2289209648269015,0.035396131357730745,1.37411839402576,0.025438301352186297,0.64532923665506159,0.018076528343841963,0.77785112364630649,0.023444485142030944,589874.41636237979,147,8192,0.0179443359375,0.018003173440742096,1.226480204924002,False
41025,Diamond Shoals,META00401,0.98028322566551163,0.040102437263008758,1.0820665296317871,0.024878699281101653,0.89674513457266469,0.01974783511995401,0.89067220628425847,0.021949826637091177,611201.76623197552,8192,8192,1,0.99993897229342121,1.5486048371433736,False
41025,Diamond Shoals,META00402,1.1760184490327332,0.03745547857879597,1.2369061500686893,0.034578452619563112,0.68014431479669113,0.025509347350016379,0.65706265650346185,0.014318086500850638,618344.90263204428,50,8192,0.006103515625,0.0061637983644574641,1.0961727832864443,False
41025,Diamond Shoals,META00403,1.0119168160001657,0.039975824776314346,1.1212446586824369,0.033360177857000628,0.77004555668270169,0.015475732554632429,0.81379185026081668,0.020311492173055924,584596.52568329219,166,8192,0.020263671875,0.020322226290735993,1.2463226735759212,False
41025,Diamond Shoals,META00404,1.0895274386557743,0.057271734914743716,1.0739182518550936,0.026530510414763061,0.95181255983497715,0.022763998934511746,0.68475806272249495,0.025262661268219092,682008.89446684055,8192,8192,1,0.99993897229342121,1.3415402719611851,False
41025,Diamond Shoals,META00405,1.1034710763615148,0.049819614173509205,1.0984293633576039,0.029181608871243478,0.67457376739054076,0.01507161287384264,0.7349356577703654,0.02258566140112982,576180.55861434829,227,8192,0.0277099609375,0.027767606493347981,1.2995902545709843,False
41025,Diamond Shoals,META00406,1.4383520479973133,0.036870204258388779,1.1862343855472888,0.043400467990938933,0.80003140799399719,0.01634414788283407,0.88360309946424009,0.025410154491019507,708900.25081979774,2927,8192,0.3572998046875,0.35731722201879651,1.2691258780283174,False
41025,Diamond Shoals,META00407,1.1563530892178855,0.053018873972256866,0.97124741440327811,0.035740209559754953,0.67255950087837768,0.018173871950713381,0.65530234695928669,0.024400041598871575,611265.70257718628,111,8192,0.0135498046875,0.01360917856706945,1.1819397199722932,False
41025,Diamond Shoals,META00408,1.4256336421112217,0.054866456925545343,1.0274648720462618,0.032351472733555445,0.7922039336363258,0.021526234815391222,0.82631903850907518,0.024584332855679868,709437.6277529106,66,8192,0.008056640625,0.0081166849749786402,1.1324840343984837,False
41025,Diamond Shoals,META00409,1.3629018573952936,0.058202332238425414,1.2890946679600566,0.043580330944228224,0.77891434222546674,0.019288314238638391,0.7792865576612128,0.023840492011390046,771984.11052722007,8113,8192,0.9903564453125,0.99029659465397291,1.4177661380535751,False
41025,Diamond Shoals,META00410,1.3317441614982288,0.04314504081862542,1.0153976977733352,0.045172556472503747,0.78895085198479686,0.018028729642441368,0.69712554311777164,0.02541517710318221,675470.28258129337,418,8192,0.051025390625,0.051080190406444528,1.085620114640925,False
41025,Diamond Shoals,META00411,1.3924219971957901,0.040414673442377695,1.3051697068836936,0.024645057646729546,0.70300724160533379,0.019945121934231032,0.86788536309518172,0.01811761708825109,611596.02850376873,146,8192,0.017822265625,0.017881118027584523,1.2260581529541379,False
41025,Diamond Shoals,META00412,0.96713885493906349,0.049471116034517447,1.370777054615772,0.042248391790658674,0.84442618992364571,0.019926593574302119,0.68524300125201187,0.021321028114230083,709692.4388637651,6970,8192,0.850830078125,0.85078725741486638,1.3119335639899106,False
41025,Diamond Shoals,META00413,0.96491023902930351,0.061133288890789755,1.0780600848248825,0.04220305297835833,0.92252369444052573,0.022388143397731337,0.85174630987486055,0.015437463467602143,706662.55116014776,8192,8192,1,0.99993897229342121,1.2430883871983369,False
41025,Diamond Shoals,META00414,1.0573291575263388,0.035865323732704631,1.167870583724564,0.036598250601519375,0.65452801789821047,0.022057721958195775,0.82745888923914934,0.015934883693569525,602373.48241316911,183,8192,0.0223388671875,0.022397168314414743,1.2061569196675701,False
41025,Diamond Shoals,META00415,1.3003217798450077,0.064618791193998271,0.97785334965808912,0.043558603616603513,0.76808105849468555,0.022066092006168277,0.66044875337726439,0.025253800309507531,730173.23973544023,26,8192,0.003173828125,0.0032344684486756989,1.0137726963131051,False
41025,Diamond Shoals,META00416,1.388745872594614,0.035340290669950487,1.2644781618534213,0.040643649775372132,0.76201824950961217,0.019729768484885959,0.66211434127145063,0.019978832095988094,664766.50413724617,260,8192,0.03173828125,0.031795435127547907,1.0882853774027508,False
41025,Diamond Shoals,META00417,1.3599198094390594,0.055544677404870596,1.3831315146157008,0.040828700432079729,0.73643466346442543,0.015655316319854274,0.73909678427181114,0.015842794818184829,697016.51961081137,1159,8192,0.1414794921875,0.14152325155620651,1.1949339796879523,False
41025,Diamond Shoals,META00418,1.1292640165437267,0.047427454387838124,1.2725095174307366,0.045270109620625408,0.79289382188797686,0.020625793979058754,0.75819727970665274,0.021419901603124528,724708.78952123085,1542,8192,0.188232421875,0.1882704747955572,1.1717090494354168,False
41025,Diamond Shoals,META00419,1.077157908219845,0.048254265633566676,1.3389845500937461,0.043002149889228097,0.79891585304021495,0.016600326212492637,0.86680216946763178,0.01954218753933332,699708.10251610423,1115,8192,0.1361083984375,0.13615281337727328,1.1793468141155632,False
41025,Diamond Shoals,META00420,1.2247322998311083,0.056919447737309198,1.268576923590444,0.029508808156961795,0.95738548137790658,0.018019681100025119,0.92611019921670235,0.024755080339995281,727623.83432626189,8192,8192,1,0.99993897229342121,1.5844430241898548,False
41025,Diamond Shoals,META00421,1.3916137369702881,0.056789218997207735,1.210686381866541,0.035119421173929299,0.91112916953449408,0.023506241473005555,0.81981337326120229,0.020742018904677657,767641.35387861775,8192,8192,1,0.99993897229342121,1.7044491095623922,False
41025,Diamond Shoals,META00422,1.3152205904090932,0.057821658472635443,1.3778135779764666,0.028775782771641879,0.92810409929136206,0.02469317838198623,0.70898723402121389,0.01931648929016426,745116.7134950544,8192,8192,1,0.99993897229342121,1.5535674080212343,False
41025,Diamond Shoals,META00423,0.99162582860286153,0.051210864801152944,0.97570469162493167,0.027475901181527804,0.86723660114547352,0.022710815870029342,0.6894175860285422,0.017349875921950954,604582.37277821323,1751,8192,0.2137451171875,0.21378005614549006,1.4906624312534773,False
41025,Diamond Shoals,META00424,1.1069997803195959,0.053693303272441664,1.1386586517800767,0.033195184330877786,0.82056328087363395,0.017568553233216575,0.95455716022653725,0.014309056774151313,629062.41632182372,66,8192,0.008056640625,0.0081166849749786402,1.1241608693580256,False
41025,Diamond Shoals,META00425,1.4181540977620881,0.059301151503058501,1.2191502487477774,0.037517788278020547,0.92546726564762394,0.018301107950774637,0.87318918064631679,0.020898437045007958,758167.29732545605,8192,8192,1,0.99993897229342121,2.08806470351406,False
41025,Diamond Shoals,META00426,1.0968613358902504,0.050204055541566713,1.4049540703897738,0.027043412291189312,0.86250116382789377,0.01988475662481563,0.83698090146088755,0.0142007199084986,636727.18127350928,8192,8192,1,0.99993897229342121,1.134138132604638,False
41025,Diamond Shoals,META00427,1.14346859039246,0.057064999189014753,1.1243070631255907,0.034316917832438967,0.83774967421415969,0.015123595856325786,0.76734133751143263,0.021103940826721145,641590.5337335706,26,8192,0.003173828125,0.0032344684486756989,1.0563056755581515,False
41025,Diamond Shoals,META00428,1.3962023420632008,0.05200385360135161,1.4336827058294523,0.027794342192364003,0.80456560178996561,0.02429656703618685,0.87076980821327021,0.02378441507497598,750448.6519361937,16,8192,0.001953125,0.0020139143170999634,1.0311812069836919,False
41025,Diamond Shoals,META00429,1.3533752318705157,0.063047198499527668,1.3833618567863282,0.036730531108179171,0.65666356563019257,0.020844448282207498,0.75481995582768502,0.025938278900039895,756315.81546305516,6,8192,0.000732421875,0.00079336018552422804,0.9708651364840265,True
41025,Diamond Shoals,META00430,1.2004945249062731,0.059052430988834677,1.0989485352868422,0.036783562005682308,0.89357064341589487,0.020622484553167026,0.83360114164571775,0.015778478494930123,693328.76841425512,8192,8192,1,0.99993897229342121,1.3139154467114096,False
41025,Diamond Shoals,META00431,1.3995214872273471,0.035928120712924595,0.99928994142712413,0.03345359900405237,0.81201832269517193,0.020692268320085028,0.87521615596927682,0.018015221408224289,628402.43680019118,177,8192,0.0216064453125,0.021664835835469302,1.2539799184903107,False
41025,Diamond Shoals,META00432,1.2789556333570935,0.035474469411643124,1.2982531889247211,0.032849707341817198,0.88438304017692126,0.023455609631469587,0.91324390632690133,0.015398537414931935,680877.82739399665,8192,8192,1,0.99993897229342121,1.2458413400110093,False
41025,Diamond Shoals,META00433,1.1126285245226222,0.042413862070751332,1.1478907257267918,0.030570279867006105,0.8274611839383732,0.02422597316259277,0.74490468363388218,0.0196860686135596,649660.41404645983,164,8192,0.02001953125,0.020078115464420846,1.2434457921260536,False
41025,Diamond Shoals,META00434,1.2484772095078487,0.05262175212710643,1.2356675752707034,0.041503045623160387,0.67284314862974881,0.017497328065233294,0.66273635969682732,0.018022468028979496,658901.4170089002,7,8192,0.0008544921875,0.00091541559868180155,0.97708415891395983,True
41025,Diamond Shoals,META00435,1.4349729899089001,0.038016796185898726,1.3363083132578983,0.030789321768947202,0.66007001830741796,0.025962854321197375,0.74789291609077813,0.018931518092628302,659648.17454141565,13,8192,0.0015869140625,0.0016477480776272428,1.0123797908803598,False
41025,Diamond Shoals,META00436,1.2132846909764021,0.047071673035525341,1.2823828644611233,0.040226542823094902,0.77060158115110244,0.018408114354351843,0.78938658549778518,0.014605016819583098,663917.62180204899,60,8192,0.00732421875,0.0073843524960331992,1.0540674671413828,False
41025,Diamond Shoals,META00437,1.4229600267015476,0.04120216522148587,1.0597777298812217,0.030607677519728031,0.8912575301272524,0.01863334520765841,0.76810760555407076,0.01891719409689236,632892.2887338805,8192,8192,1,0.99993897229342121,1.2346386783552952,False
41025,Diamond Shoals,META00438,1.1255864612789055,0.037973015961171544,1.3203314923892695,0.044653359225192694,0.94590727294605736,0.020379115267891493,0.82302273721949359,0.014961462488181733,714513.73807825893,8192,8192,1,0.99993897229342121,1.9338172129307787,False
41025,Diamond Shoals,META00439,1.3744819977859777,0.045764292494104603,1.1079106122254156,0.028649124478828301,0.83105849042169644,0.024733426881947407,0.80041419946630166,0.015127621210606072,658547.02034409298,160,8192,0.01953125,0.019589893811790552,1.2368556122059138,False
41025,Diamond Shoals,META00440,1.0221103805115559,0.042016856130953295,1.0946317463607125,0.031266198671666051,0.81964912137348089,0.025219353123858333,0.80463326905076316,0.023069478823660686,664976.60260458919,232,8192,0.0283203125,0.028377883559135848,1.3069576340525519,False
41025,Diamond Shoals,META00441,1.17583665246239,0.040164511957523033,1.2104708169881215,0.02619817540523359,0.71606888201102714,0.023741659276916426,0.65463754813094388,0.019989630751690888,600389.98110570665,249,8192,0.0303955078125,0.030452825582814598,1.3189184321286715,False
41025,Diamond Shoals,META00442,1.0109237864331875,0.03720455968885536,1.1115140509146013,0.037307360040258669,0.66728165316774279,0.025631761051625242,0.72063155751667785,0.022882084872713766,637117.89153900393,234,8192,0.028564453125,0.028621994385450995,1.207230180857735,False
41025,Diamond Shoals,META00443,1.2909376217247539,0.049582357572148822,1.0352393222908589,0.043756789117490931,0.84917915544715961,0.017475887030543136,0.86124465426322883,0.021185962028440038,696108.86887255369,8192,8192,1,0.99993897229342121,1.3266184467004742,False
41025,Diamond Shoals,META00444,0.97507969287901686,0.036482057093152859,1.3466151465997271,0.02709872052390502,0.93085616070497368,0.015855527129918688,0.81542519469187147,0.01981545265818567,596714.43531781319,8192,8192,1,0.99993897229342121,1.2876572195118048,False
41025,Diamond Shoals,META00445,1.3424765016564266,0.042845498330667212,1.1971337393247445,0.030238273763159192,0.84834841468064637,0.023425296081999222,0.65989241919412511,0.014031773500915744,643079.39953123394,126,8192,0.015380859375,0.015440009764433053,1.1303215243516196,False
41025,Diamond Shoals,META00446,0.96112013671413543,0.041328066920208774,0.96254809150043874,0.032252774429020893,0.81990206568443669,0.024120795217556886,0.67560106251382213,0.016667228386295516,595654.9204919528,446,8192,0.054443359375,0.054497741974856587,1.4309374605693925,False
41025,Diamond Shoals,META00447,1.1048305493075326,0.059264214051473293,1.1954002801729622,0.033419613796512676,0.87956028768352046,0.024214587500548786,0.69647373267836921,0.015012933420183536,689977.24199855479,8192,8192,1,0.99993897229342121,1.1352815698439127,False
41025,Diamond Shoals,META00448,1.1132180436419894,0.047738033091838931,1.1919800260226256,0.025762730035504694,0.81378496396993949,0.015397151850683712,0.93566031586543985,0.016376906879961104,583510.23749562819,254,8192,0.031005859375,0.031063102648602466,1.3276541150007872,False
41025,Diamond Shoals,META00449,1.2166783666609855,0.064934084904428452,1.114682130255529,0.039840472459134857,0.71619432890275403,0.017491576763103263,0.79385984624138417,0.016078874681119758,668422.19006252522,10,8192,0.001220703125,0.0012815818381545221,0.98954158761880706,True
41025,Diamond Shoals,META00450,1.2795262845623847,0.058833251133519122,1.0635003810868235,0.040383700822967106,0.92426072327854236,0.016074637447336209,0.88636944641738025,0.025456115099402161,734123.97930745524,8192,8192,1,0.99993897229342121,1.7861858501631238,False
41025,Diamond Shoals,META00451,1.2219282839731787,0.053555889255577041,1.2321314916041375,0.031325908109805289,0.8268103922625506,0.025265319948404953,0.83935599664183513,0.019653321429610092,717204.50590228348,36,8192,0.00439453125,0.004455022580251434,1.0794825842933353,False
41025,Diamond Shoals,META00452,1.3977919428960179,0.035631557199282696,1.0679295309570511,0.029427030681468232,0.6759729301190196,0.018700651160172582,0.69390139048469102,0.022297411353557388,580291.48983530945,253,8192,0.0308837890625,0.030941047235444892,1.3193722526622764,False
41025,Diamond Shoals,META00453,1.2318821343407147,0.062587044566234526,1.2572934207301942,0.025484684780424011,0.732252609749654,0.02130317314405946,0.694246364172599,0.022736947332271044,662320.93470741459,76,8192,0.00927734375,0.0093372391065543753,1.1455448168789297,False
41025,Diamond Shoals,META00454,1.0057724359667963,0.059864561356684491,1.0085659795971158,0.044098909302427935,0.71309409960294179,0.020764931717214025,0.71213942666929464,0.018097311836930672,649824.90767695184,11,8192,0.0013427734375,0.0014036372513120956,0.99825126714000578,True
41025,Diamond Shoals,META00455,1.0783558864864731,0.064154831881290814,1.0968134761489283,0.034139391658760822,0.81890634077023861,0.015675310237315273,0.90672745615902606,0.021161348344485194,662608.62353218242,32,8192,0.00390625,0.00396680092762114,1.0662069102185447,False
41025,Diamond Shoals,META00456,1.020301024771014,0.041138798536879663,1.1382003516437531,0.027374643706387345,0.64729776392238703,0.014476686354408004,0.93677435638410023,0.024843169573953369,579861.83174846997,2123,8192,0.2591552734375,0.25918466984010741,1.4687254481555196,False
41025,Diamond Shoals,META00457,1.2429770500661799,0.036413098204605164,1.1753769604270992,0.026381763472193693,0.94408953757350322,0.017100644313338569,0.8281111749630482,0.022638708223783194,621815.42736656452,8192,8192,1,0.99993897229342121,1.3476590792696697,False
41025,Diamond Shoals,META00458,1.1221142525856129,0.050757200381106635,1.036735623786057,0.041435148463531579,0.72246632920394727,0.024674977906012596,0.88565460864980095,0.014160192505979175,664665.0280061001,12,8192,0.00146484375,0.0015256926644696693,1.0048935598840223,False
41025,Diamond Shoals,META00459,1.2498855627790402,0.04629045377321906,0.98205629158047381,0.028135106284759077,0.694861280002256,0.025847566795694565,0.94374603421291425,0.019488814470714225,643971.86376060464,413,8192,0.0504150390625,0.050469913340656661,1.4197706480792818,False
41025,Diamond Shoals,META00460,1.1211071365175547,0.03500119964192399,1.394660637418307,0.029871257935553574,0.79359924603034304,0.023073240282468148,0.95633548542026903,0.019497814382639637,669497.32121211197,81,8192,0.0098876953125,0.0099475161723422429,1.1629051213241892,False
41025,Diamond Shoals,META00461,1.2178253394784337,0.052164217466973015,1.344832814922104,0.037237230786039008,0.9211557286651304,0.015507709386659746,0.95562020407900483,0.025481349734437102,746684.31964954757,8192,8192,1,0.99993897229342121,1.8254861613177351,False
41025,Diamond Shoals,META00462,1.1868276697810218,0.044706385732535776,1.0048703622129382,0.03190755045027828,0.89630969730689392,0.02445850437776334,0.81317852993796613,0.017830066303462674,665307.04781461484,8192,8192,1,0.99993897229342121,1.2941363191631239,False
41025,Diamond Shoals,META00463,1.179059091857128,0.044797259629179895,1.3985105916713263,0.035997844872562641,0.8781702426616832,0.02189990530853736,0.73761287460136704,0.015164241076481405,694499.14446187881,8192,8192,1,0.99993897229342121,1.4233011581862569,False
41025,Diamond Shoals,META00464,1.0012899737475758,0.050623751002979195,1.3734912686967162,0.043918684554265008,0.75604532140261704,0.014118611533653957,0.92037199597366781,0.019547380385245318,690594.65224291885,70,8192,0.008544921875,0.0086049066276089343,1.0658688160491814,False
41025,Diamond Shoals,META00465,1.4167902342008798,0.046737574684117864,0.97019258468904224,0.031080940536975722,0.76586011906619866,0.017461238237855212,0.93913274591071549,0.020153883589147718,634991.94026535109,215,8192,0.0262451171875,0.026302941535457099,1.2855359739814662,False
41025,Diamond Shoals,META00466,1.2147202819671967,0.050063067937126934,1.1516772008342182,0.025649150305550854,0.8423922744892931,0.024067760338447847,0.87759189668042104,0.024140317867619783,694966.17161246808,8192,8192,1,0.99993897229342121,1.315244015300538,False
41025,Diamond Shoals,META00467,1.0732230307860409,0.040437481247402818,1.2073501483789142,0.045402557960199152,0.85123275142711352,0.021194248687151106,0.70925910052066987,0.018184359627383941,689768.98812147498,3586,8192,0.437744140625,0.43775173928963751,1.2435866118364065,False
41025,Diamond Shoals,META00468,1.0181701195829536,0.050634053703869357,1.4165407978150832,0.042605716715800421,0.87055708118774056,0.018092785189137362,0.8405443395989618,0.025191249492895022,755695.83756564814,8192,8192,1,0.99993897229342121,1.5413915444909574,False
41025,Diamond Shoals,META00469,1.3541176563883806,0.037428768997150016,1.3703176544285041,0.041760781695726917,0.68726592219308069,0.018145876335445663,0.75603796062716755,0.023394509695930904,693701.08965397533,5,8192,0.0006103515625,0.00067130477236665442,0.97958910773760588,True
41025,Diamond Shoals,META00470,1.3802701868928886,0.049781903857029151,1.422656540632901,0.032740541967722275,0.73703469621552054,0.017211162552244925,0.78431002058064081,0.022831972939167697,692240.04941153107,10,8192,0.001220703125,0.0012815818381545221,0.99131425074622348,True
41025,Diamond Shoals,META00471,1.304955066693497,0.04456814337540569,1.0379598918809922,0.037193086347038794,0.95493664568971037,0.022185192143948353,0.71730456999728864,0.017774937774063915,684523.52584516793,8192,8192,1,0.99993897229342121,1.675558815336377,False
41025,Diamond Shoals,META00472,1.0178259932337592,0.04783991637208336,1.2271214270447202,0.026829721759585982,0.65094117263084261,0.023977167671712263,0.70354832852724092,0.016153250701345576,584477.14600987243,1320,8192,0.1611328125,0.16117417307457585,1.3589330347320097,False
41025,Diamond Shoals,META00473,0.98431467346549684,0.044258197900129158,1.0590654872341414,0.043617401356839378,0.79941771622163516,0.023435812197919591,0.75679119107118842,0.017792463368175852,664271.33637354639,12,8192,0.00146484375,0.0015256926644696693,1.0076445225544313,False
41025,Diamond Shoals,META00474,1.1965883528361489,0.05870884905472297,0.99742543506023063,0.043096494229881127,0.66913530155336876,0.019025343826149538,0.90140768403639404,0.015426701903775451,653415.35648131813,11,8192,0.0013427734375,0.0014036372513120956,0.99279583632424517,True
41025,Diamond Shoals,META00475,1.4103853660425176,0.050672827159391129,0.96057440691626461,0.039985355699410065,0.70130413132760394,0.019054099874455228,0.8191339568163174,0.020183738982593749,660795.19056052435,14,8192,0.001708984375,0.0017698034907848163,1.0139052018798542,False
41025,Diamond Shoals,META00476,0.97100315915435587,0.048547769102133306,1.2244580856013421,0.044850329254825502,0.88123617539475907,0.022105119464519762,0.94578838432392232,0.023798152377666297,765336.75648325845,8192,8192,1,0.99993897229342121,1.2859021301876306,False
41025,Diamond Shoals,META00477,1.1619762768704569,0.060703047926383244,1.0719047841958547,0.044502927232758033,0.8431277894086564,0.01638358012028281,0.82719434818845805,0.016632550136330641,681653.53385272017,5794,8192,0.707275390625,0.70725009154155982,1.2388531095487179,False
41025,Diamond Shoals,META00478,1.1338274499782353,0.051261845557198565,0.97154883379984847,0.034056632866625317,0.722049731838736,0.017315640170427166,0.94477596956703125,0.021388046770800726,627828.85412505933,169,8192,0.0206298828125,0.020688392530208714,1.2522448687055485,False
41025,Diamond Shoals,META00479,1.3216832213376937,0.035037377731634387,1.1163175658338838,0.042790945214138142,0.95686263780820902,0.015299388342139919,0.82086436735178947,0.020242751858154204,661745.58221715386,8192,8192,1,0.99993897229342121,1.9771828630403818,False
41025,Diamond Shoals,META00480,1.1774782230290006,0.035320680856490719,0.96211838432022512,0.039495280060905198,0.92647794369445502,0.01777668179800727,0.85357615644618834,0.023883058413160272,651258.30706671288,8192,8192,1,0.99993897229342121,1.285237245324905,False
41025,Diamond Shoals,META00481,1.2568759129449814,0.051842346990639845,1.3896813040021303,0.040533356479809067,0.81703780203641696,0.023800513385078582,0.7955178583485174,0.02585357935576385,795770.37980635546,8170,8192,0.997314453125,0.9972537532039546,1.4164601448040617,False
41025,Diamond Shoals,META00482,1.271686374431223,0.03602783364270324,1.4264262559884013,0.032657204923040313,0.81550343718287932,0.015208053126530409,0.91172991664011005,0.019045634122291939,643204.22258154803,72,8192,0.0087890625,0.0088490174539240813,1.0761965828007771,False
41025,Diamond Shoals,META00483,1.0193530716349573,0.058895334083303275,0.99016543399995482,0.032473625725308805,0.77832699799872218,0.014630133551866225,0.90626511574255764,0.016530430150588669,587204.76309397153,190,8192,0.023193359375,0.023251556206517757,1.2710046556558032,False
41025,Diamond Shoals,META00484,1.3196963894398013,0.050460496873443436,1.0297059689536219,0.033666011920841586,0.80848251078036393,0.01721625405403527,0.94994229921156736,0.014395036665412839,627423.24640672305,81,8192,0.0098876953125,0.0099475161723422429,1.1551912152255923,False
41025,Diamond Shoals,META00485,0.96063851644178355,0.057170072079686045,1.1901238801245304,0.035577080380874419,0.70234514410019355,0.020439982325435986,0.80089608314727545,0.023077341728351387,661855.65990606265,17,8192,0.0020751953125,0.0021359697302575369,1.0280687040371315,False
41025,Diamond Shoals,META00486,1.1367499809021251,0.041085028314572558,1.1205513463974217,0.031029141840539939,0.840570330018519,0.025929693642426307,0.93306393069774929,0.018131266115705015,676489.91785724484,8192,8192,1,0.99993897229342121,1.2586875013319716,False
41025,Diamond Shoals,META00487,1.3418091960904703,0.063287918092279183,1.0189976723231242,0.038658063107830355,0.70307825850297612,0.017281532271564357,0.70878904317092983,0.018554287500943161,659652.21724967367,12,8192,0.00146484375,0.0015256926644696693,1.001385328222971,False
41025,Diamond Shoals,META00488,0.96728691001146283,0.064020074692060919,1.2625908091208986,0.025519802235736834,0.78332336660501511,0.022619558850471094,0.94126283263797239,0.014935136560670952,641661.66121502127,141,8192,0.0172119140625,0.017270840961796655,1.2239010489363897,False
41025,Diamond Shoals,META00489,1.2944973861791678,0.054480179792245509,0.98558166144408033,0.028597356626624017,0.85249436322870342,0.020020068809790098,0.90210728308479315,0.023274030123036575,679363.60227611649,8192,8192,1,0.99993897229342121,1.3290875204062076,False
41025,Diamond Shoals,META00490,1.2990875332107801,0.061549096106945846,1.0910073703634919,0.041020587174451728,0.7972032572807507,0.025720677153015938,0.89745510846627508,0.019884773991878761,771469.59471650573,1508,8192,0.18408203125,0.18412059074819967,1.1388503730528257,False
41025,Diamond Shoals,META00491,1.1494011930310222,0.062638743672357791,1.2155292878720518,0.042673670805305694,0.74452147707102601,0.016822616103281066,0.73988793639722072,0.025681746935619379,718681.56293726887,6,8192,0.000732421875,0.00079336018552422804,0.98185973485268341,True
41025,Diamond Shoals,META00492,1.3683428611205635,0.053830891995665667,0.99656732282196558,0.035552227174053527,0.82548282537151629,0.022550846218331332,0.87915593243222867,0.018840762266619786,701186.14423511887,309,8192,0.0377197265625,0.037776150372269009,1.1050452315647477,False
41025,Diamond Shoals,META00493,1.3259841841821496,0.057049758691901355,1.2943023811727097,0.044022292921670411,0.88514529472196357,0.022475052165160998,0.77210821029177645,0.017233258217696685,781204.14008493035,8192,8192,1,0.99993897229342121,2.048393315214351,False
41025,Diamond Shoals,META00494,1.2613615558268667,0.04429002929578077,1.3067407777693794,0.033016932859590245,0.67502009898280035,0.015140960599754774,0.71431118727714105,0.018603201267895147,604472.33717430627,12,8192,0.00146484375,0.0015256926644696693,1.0047081672770917,False
41025,Diamond Shoals,META00495,1.1274489849416729,0.039514094328995678,1.304735255365733,0.043810362240701332,0.84143746874009961,0.01655455409744688,0.90872262637055901,0.020720503668309843,701115.88287902169,8192,8192,1,0.99993897229342121,1.3358565821141806,False
41025,Diamond Shoals,META00496,1.1335650603782186,0.063640481596932974,1.1395546105918557,0.028302181868677792,0.85751120673811077,0.020354798749165494,0.68624746758203903,0.024045204851381265,673285.79759395006,104,8192,0.0126953125,0.012754790674966435,1.1791649081791893,False
41025,Diamond Shoals,META00497,1.0880345174397719,0.055356740924129996,1.4364245358286993,0.031644658136392584,0.68106860081510878,0.02319201711699705,0.90438112179891772,0.018076849572414132,687385.81858845905,34,8192,0.004150390625,0.004210911753936287,1.0719079903025093,False
41025,Diamond Shoals,META00498,1.0847995306793867,0.04495829655196875,1.0036110969756324,0.030007640551969576,0.94075165837820518,0.0216458149683003,0.86448583081236485,0.0188276386894283,646368.72882003896,8192,8192,1,0.99993897229342121,1.3854393274131067,False
41025,Diamond Shoals,META00499,1.4270141788128277,0.06084934430346732,1.2686781947265087,0.028055001567549292,0.82243552870603354,0.022178403907028563,0.74286609775886692,0.014863023076778607,693839.69007993746,17,8192,0.0020751953125,0.0021359697302575369,1.038612415515483,False
41025,Diamond Shoals,META00500,1.0648921369689586,0.05886437520596912,0.98246314372090537,0.026614584960960825,0.69522740960990248,0.02321347527700203,0.78711455411024922,0.015914143625534029,595841.21390792006,522,8192,0.063720703125,0.063773953374832174,1.454261598997866,False
41025,Diamond Shoals,META00501,1.3565580713952905,0.040821607530480017,1.2053592771666286,0.025630658780346358,0.92839214487358701,0.014081189128483135,0.71623663709491825,0.024776992192033949,607869.1983604572,8192,8192,1,0.99993897229342121,1.2794138995890441,False
41025,Diamond Shoals,META00502,1.1187635389534913,0.053505804805713118,1.3674933232535442,0.028371466422646496,0.8151429847279803,0.02112585200065515,0.95908443188411963,0.016982064879463937,674764.26783155184,50,8192,0.006103515625,0.0061637983644574641,1.1101069043598191,False
41025,Diamond Shoals,META00503,1.1166339432146051,0.046538828074013661,1.2914885499450246,0.038692940931913888,0.69074435950866198,0.015097759931566923,0.91212915172967302,0.023548302787162127,671398.67003276944,11,8192,0.0013427734375,0.0014036372513120956,0.99875233749979841,True
41025,Diamond Shoals,META00504,1.1392346152405441,0.039191654886270758,1.3495787638618522,0.026037112934678842,0.88912476346113922,0.02233558625419188,0.72223353510481847,0.022426468182071675,653738.30131715315,8192,8192,1,0.99993897229342121,1.2147326655748965,False
41025,Diamond Shoals,META00505,1.3831874424643467,0.042798570774216976,1.1282460491897499,0.03647068942297918,0.79479445603944066,0.019901965829949124,0.687916037074779,0.024991949464018198,673900.61992056388,33,8192,0.0040283203125,0.0040888563407787135,1.0272446497569028,False
41025,Diamond Shoals,META00506,1.3118472642183678,0.063444562182035494,1.4246338327289132,0.033788173414860651,0.846577141197141,0.023897952222265276,0.94455040512187582,0.02468535409940055,823218.75604359771,8192,8192,1,0.99993897229342121,1.4691353317697853,False
41025,Diamond Shoals,META00507,1.0099128838043869,0.035184701594004636,1.118179045234436,0.031236156887081531,0.72537016590069359,0.02036835232532799,0.87407731276443057,0.025968492346782231,625549.41604454722,328,8192,0.0400390625,0.040095203222262905,1.3510161884866216,False
41025,Diamond Shoals,META00508,0.97862770768401108,0.037515214904569237,0.98661366508942294,0.034453056338832319,0.81059511451165778,0.014652273527164812,0.66150948806284471,0.017268845947212608,533318.36718179425,341,8192,0.0416259765625,0.041681923593311361,1.3711410278168685,False
41025,Diamond Shoals,META00509,1.0487637782254007,0.037489590624323353,1.2906328944236123,0.031786367147478969,0.9497221616178696,0.025758575690876279,0.94923231910708261,0.025141127435275416,750945.31485984707,8192,8192,1,0.99993897229342121,1.3913955924841332,False
41025,Diamond Shoals,META00510,0.98982085171808443,0.046720490657046095,1.2779360704165039,0.035375029613414051,0.64963781016917477,0.025577683578683546,0.82421377787850991,0.024318535133697937,685267.88387226092,235,8192,0.0286865234375,0.028744049798608569,1.2011107932119607,False
41025,Diamond Shoals,META00511,1.3865180866921327,0.048036354286417976,1.4070037305489227,0.028418186420495269,0.78439764949897628,0.014381108209851078,0.67358075489674096,0.01962940345611653,623588.59663871117,12,8192,0.00146484375,0.0015256926644696693,1.0075699052797464,False
41025,Diamond Shoals,META00512,1.0629001462742842,0.049873184592317009,0.97424003145931748,0.034600771389809062,0.70161623032745657,0.020000358595965023,0.93853015054372602,0.022061215764496333,635798.79370891512,183,8192,0.0223388671875,0.022397168314414743,1.2653044679959313,False
41025,Diamond Shoals,META00513,1.2878019175782547,0.04714851860623312,1.4007091444380533,0.03923457052115073,0.70808272284103768,0.01677097002110851,0.70302127267896897,0.024084312989483936,694679.34301715903,14,8192,0.001708984375,0.0017698034907848163,1.0029562041624851,False
41025,Diamond Shoals,META00514,1.4028976776731428,0.044761109933997859,1.4014105331306079,0.031676152353401758,0.86032407386223175,0.015839298694138422,0.72675635567733343,0.020463119276864963,664009.98469683039,3963,8192,0.4837646484375,0.48376663005004272,1.3258363360873839,False
41025,Diamond Shoals,META00515,1.1444954155782641,0.061876410641242663,1.0486937598453157,0.024670665348861854,0.90809885656997424,0.014349045623386035,0.80562599400319712,0.016432731126276853,589929.40264323144,8192,8192,1,0.99993897229342121,1.4016884328432901,False
41025,Diamond Shoals,META00516,1.1550145957610098,0.043977997267461121,1.3724725467033303,0.038318162498116065,0.6642336207162941,0.024414210707334408,0.77352233052418296,0.025505020707685164,718662.18869158009,23,8192,0.0028076171875,0.0028683022092029779,1.0271031437747136,False
41025,Diamond Shoals,META00517,1.2384657816295928,0.048568158269144832,1.0170078521712107,0.043447244261492962,0.83429171911216171,0.022403671459716473,0.8061389284423619,0.025642950249454871,730631.97146893316,1543,8192,0.1883544921875,0.18839253020871477,1.1366162597932232,False
41025,Diamond Shoals,META00518,1.2276663494264697,0.042984094314718654,1.4247599287470867,0.040670566836288127,0.81414200201343234,0.021931108357947218,0.93702974855996435,0.015213225655480979,729596.11979025381,7787,8192,0.9505615234375,0.95050652996460394,1.3523755223054787,False
41025,Diamond Shoals,META00519,1.3956011720036177,0.044671841329994882,1.4161265403451095,0.026843664723833743,0.87478779617905933,0.016779133983743495,0.80730549483755221,0.014684937387645943,631107.43414588098,8192,8192,1,0.99993897229342121,1.1204201308920816,False
41025,Diamond Shoals,META00520,1.0882659765850842,0.039563858749065831,1.2262124553737923,0.032419798656205298,0.72879253762147156,0.025776575453748798,0.89700117735137552,0.024480747447608961,689945.87910539948,97,8192,0.0118408203125,0.011900402782863421,1.1951791163643932,False
41025,Diamond Shoals,META00521,1.0006660154146134,0.037565000856292621,1.3157445934930536,0.040581512330684515,0.85191963574645968,0.021820866519040125,0.64318020275153254,0.023011807484465008,689134.69288913289,3433,8192,0.4190673828125,0.41907726107652876,1.2374944535721901,False
41025,Diamond Shoals,META00522,1.3546103470563924,0.052752249369197105,1.0811757841315868,0.02936404719495295,0.94976537106396131,0.01961442760437599,0.85419393227483442,0.018616513623476216,681037.14992012479,8192,8192,1,0.99993897229342121,1.4490323905655769,False
41025,Diamond Shoals,META00523,1.3071209498657776,0.064859947949257618,1.3889662757525063,0.041948971309314215,0.6794572074415951,0.015171968296896524,0.71983722659475247,0.0252681693094483,745945.64606530487,35,8192,0.0042724609375,0.0043329671670938605,1.0338849066133757,False
41025,Diamond Shoals,META00524,1.1365265104150206,0.039434891767692687,1.0979471898841946,0.024582648494497657,0.66107411428502372,0.022428938988993591,0.65420439555979781,0.018201582079332999,550922.22716754675,2162,8192,0.263916015625,0.26394483095325277,1.5049246988349592,False
41025,Diamond Shoals,META00525,1.030615464579772,0.061695194978789711,0.98883187898548075,0.044325841045666531,0.64690957183622366,0.016710636514555219,0.6437051652846546,0.020453572487326425,619602.41024896037,11,8192,0.0013427734375,0.0014036372513120956,0.99441850586826319,True
41025,Diamond Shoals,META00526,1.4359653728608459,0.041260436263095432,1.0547525618646061,0.040353884242608135,0.74178814998865106,0.014417676684263813,0.81058502555450451,0.024943416259947206,651716.19093685388,12,8192,0.00146484375,0.0015256926644696693,1.0016120125545094,False
41025,Diamond Shoals,META00527,1.2472226673960189,0.040280407115164646,1.2165534289953512,0.041994185498268534,0.66222917317111463,0.019208786182614662,0.95286306808788701,0.020524141717040478,681369.89243936609,9,8192,0.0010986328125,0.0011595264249969486,0.98399325759759393,True
41025,Diamond Shoals,META00528,1.2505940384157523,0.035062479297764113,1.3072646498939573,0.028711571278819962,0.77464293557732899,0.01532000389113243,0.67468976700641226,0.024139003629958522,591168.45693692903,95,8192,0.0115966796875,0.011656291956548272,1.1720893260540783,False
41025,Diamond Shoals,META00529,1.0351415288793862,0.046145947481160479,1.4154017428021963,0.032564317516246319,0.78431411149746844,0.023630778029533069,0.81181885207697158,0.018785613230398211,684081.83746697882,49,8192,0.0059814453125,0.0060417429512998905,1.0913820456973191,False
41025,Diamond Shoals,META00530,1.181841911213481,0.060185233892219678,1.3578450198198082,0.040193902566853679,0.7263526700118913,0.014860870169558943,0.6491068468103941,0.019421601140726007,677504.31790811184,59,8192,0.0072021484375,0.0072622970828756257,1.0550436470459328,False
41025,Diamond Shoals,META00531,1.2230868086892608,0.039604764865841392,1.0567982928530342,0.043440904777050857,0.91671242173150125,0.017395554915704475,0.67792787876050475,0.022078111235195208,658749.14771388297,8192,8192,1,0.99993897229342121,1.574746316075476,False
41025,Diamond Shoals,META00532,1.3480910557402765,0.054325203791840831,1.211247823473117,0.042524277179071604,0.7116828436371071,0.020227772014700964,0.94882645894386308,0.024098883805831535,761309.56333777099,11,8192,0.0013427734375,0.0014036372513120956,0.99830323304244029,True
41025,Diamond Shoals,META00533,1.3885208918259462,0.060057076534826906,1.3468937666521861,0.027567576150912862,0.95482740237682062,0.019754605215454236,0.9450162404665492,0.021232317049643807,752325.65661426249,8192,8192,1,0.99993897229342121,1.7542861184350693,False
41025,Diamond Shoals,META00534,1.2348145176674614,0.050553501095364939,1.2482158493897115,0.038100902443423755,0.8873706527941535,0.021331090216145411,0.89792885762114083,0.018065237559672726,728265.34535664623,8192,8192,1,0.99993897229342121,1.4888545023041428,False
41025,Diamond Shoals,META00535,1.0855409549177741,0.061771529469943937,1.2436885927306369,0.042324599818899897,0.82110232937914029,0.023683810357620405,0.64472794288572488,0.021601542592374633,743546.55056236405,3581,8192,0.4371337890625,0.43714146222384964,1.2271725765642192,False
41025,Diamond Shoals,META00536,0.97618882115304595,0.038154044200637234,1.202786665679477,0.038983852410643227,0.76554535394297851,0.017294186667694361,0.88209453238830471,0.019452126317329774,630324.46473843302,29,8192,0.0035400390625,0.0036006346881484195,1.069529979437948,False
41025,Diamond Shoals,META00537,1.2064318747877221,0.0600966192700296,1.1232391851276948,0.025081098937280305,0.76670265558266271,0.023779606617111843,0.88401949034005478,0.016247493421068248,654050.15510692017,244,8192,0.02978515625,0.02984254851702673,1.3125470428911119,False
41025,Diamond Shoals,META00538,1.4014034342733039,0.061972387057840958,1.2899300401544427,0.036980146268335609,0.8123588836949176,0.01956163569497147,0.79514053137465002,0.018854782006525385,742285.09928282106,8045,8192,0.9820556640625,0.98199682655925791,1.3687939319984832,False
41025,Diamond Shoals,META00539,0.97940107849098301,0.055724608128942546,1.2135359708811826,0.027252959908196411,0.67131920374087517,0.019080281520963333,0.80599774997398843,0.014219473225551945,572697.88796518708,180,8192,0.02197265625,0.022031002074942022,1.2604534727185643,False
41025,Diamond Shoals,META00540,1.2013174351262252,0.053864687013291952,1.22797173833048,0.03171033369930952,0.90128596521886084,0.01835680913713772,0.77320735810572705,0.02371974769740718,689880.5318771014,8192,8192,1,0.99993897229342121,1.272967846018584,False
41025,Diamond Shoals,META00541,1.2151241872026064,0.060045606648164718,0.98468449335378327,0.045348393986007582,0.95612866086812964,0.025109423529351027,0.86753906935352143,0.024666712445150347,807764.08172924805,8192,8192,1,0.99993897229342121,1.9335388287837902,False
41025,Diamond Shoals,META00542,1.3529063677721169,0.053266596449957376,1.2476497019148058,0.042768086812890432,0.83287874226613445,0.019103228754240996,0.71775342519572027,0.019693470449318153,729814.70863582124,8192,8192,1,0.99993897229342121,1.5972860321976869,False
41025,Diamond Shoals,META00543,1.3779887002515114,0.035872064216986868,1.044573466087571,0.036594753966920357,0.72082509421491869,0.016362826648256695,0.70013836824884301,0.014551902525382798,568136.77931100607,68,8192,0.00830078125,0.0083607958012937873,1.1327361682372517,False
41025,Diamond Shoals,META00544,1.2692692844898594,0.052341267847227133,1.4202902575175747,0.026475537516496735,0.65759199568754878,0.021543398975601598,0.81309670185008354,0.016299871907968284,638133.14073602133,20,8192,0.00244140625,0.0025021359697302574,1.0402025241301698,False
41025,Diamond Shoals,META00545,0.96811743026856245,0.056850028025371022,1.3559520230727031,0.033403836885545019,0.79771762969377369,0.015216149106346973,0.72967574714099204,0.014904021980290597,612547.05738154054,16,8192,0.001953125,0.0020139143170999634,1.0172209600925251,False
41025,Diamond Shoals,META00546,1.3621557976456249,0.045013945752758432,1.2772450362810597,0.040846678276967668,0.83896059898092168,0.025202716071009809,0.67836330761529573,0.025178287499894061,766668.58598786045,8192,8192,1,0.99993897229342121,1.4984168147395167,False
41025,Diamond Shoals,META00547,1.0493426876125507,0.045102815422314285,1.2349239390847542,0.037735674892289024,0.84605053642336636,0.020167398125360628,0.92342475969747029,0.025765115025516656,721003.97058134386,8192,8192,1,0.99993897229342121,1.143879355148264,False
41025,Diamond Shoals,META00548,1.2579157849741347,0.058177302445720704,1.3789855695654087,0.034937534706079798,0.78367289596014933,0.016139148478950427,0.8815502342044963,0.022278801433689929,715902.54862516979,119,8192,0.0145263671875,0.014585621872330038,1.0946611885974289,False
41025,Diamond Shoals,META00549,1.4042772986178451,0.042123996825006824,1.1346081645891528,0.031210084549439,0.73360508113731582,0.021699387739107512,0.92215751348355168,0.025549826528039235,690338.02746771509,87,8192,0.0106201171875,0.010679848651287684,1.1624155417980864,False
41025,Diamond Shoals,META00550,1.0414381062295026,0.04582342464026868,1.4301739853849884,0.038065945050777775,0.78234646930500373,0.016682801424697555,0.9157095240089913,0.016833522519906833,669921.68653668719,167,8192,0.0203857421875,0.020444281703893567,1.1245387149467618,False
41025,Diamond Shoals,META00551,1.1084214492562421,0.03736723389702646,1.1429694291789567,0.041181964039676069,0.70453193503060585,0.02392168663207957,0.87822581349623841,0.022405858198584001,683912.37435453141,14,8192,0.001708984375,0.0017698034907848163,1.0268655965311275,False
41025,Diamond Shoals,META00552,1.4395849538050496,0.054088478315168782,1.3988922749267916,0.0248466255826429,0.92368434343984662,0.025125781106053985,0.81596292663742553,0.019117107342584261,744753.02884170355,8192,8192,1,0.99993897229342121,1.3462028957450691,False
41025,Diamond Shoals,META00553,1.3742056841119494,0.041360245285304797,1.1648206430677235,0.027990461354200101,0.89466751685350066,0.017421194703787401,0.7373201475490252,0.020876113277548805,626200.40419928427,8192,8192,1,0.99993897229342121,1.2315878114619165,False
41025,Diamond Shoals,META00554,1.0574547334299815,0.036252829776960913,1.384092120880112,0.035067002813262284,0.66619470098434386,0.020978357111260705,0.80097042429921494,0.016011440819966818,620970.98921318015,118,8192,0.014404296875,0.014463566459172465,1.1625792991864776,False
41025,Diamond Shoals,META00555,1.2880348860911615,0.041508644157849148,1.3151320743724282,0.038923816972397995,0.92209501592329102,0.018984644289970189,0.66112868901230981,0.020398187272327381,696864.24191074783,8192,8192,1,0.99993897229342121,1.8674660237248457,False
41025,Diamond Shoals,META00556,1.3572695680355158,0.042354733019318622,1.3161727403141699,0.041406846998404037,0.69644682399373203,0.015453305696368345,0.80415695981195789,0.024255728537672452,691872.60699722671,7,8192,0.0008544921875,0.00091541559868180155,0.97373834065999776,True
41025,Diamond Shoals,META00557,0.97560051223274347,0.047001356587917202,1.3846933820131206,0.032794493421836969,0.93860713195295031,0.018002671340386155,0.85481661002693221,0.023942351575016025,694155.17785327847,8192,8192,1,0.99993897229342121,1.4165325117998591,False
41025,Diamond Shoals,META00558,1.2047620153680323,0.049406938553719713,1.0325669861374931,0.030189249809513687,0.89488432454226763,0.019236126918913351,0.8021747082082108,0.018249814240000502,634355.15259196027,8192,8192,1,0.99993897229342121,1.2887101276509505,False
41025,Diamond Shoals,META00559,1.1193837541978378,0.0574679220456073,1.0229189836226049,0.033862405318208846,0.73567826623974708,0.019804815865937176,0.66753551820047907,0.02406410892742758,638142.94960760314,92,8192,0.01123046875,0.011290125717075552,1.1674001851853539,False
41025,Diamond Shoals,META00560,1.3939408896932246,0.035837471250620902,1.1603159746586706,0.02670762583037524,0.79783310600989032,0.014796153031222696,0.78081242299666298,0.016569884047610849,559182.3002760557,251,8192,0.0306396484375,0.030696936409129745,1.3170180323898528,False
41025,Diamond Shoals,META00561,0.99423262247908772,0.049247842581626372,1.2448534433232208,0.034410862128163473,0.85828885135585842,0.022269756786673717,0.72104652876645781,0.025280951968739321,694274.67955743906,73,8192,0.0089111328125,0.0089710728670816548,1.0857537875131773,False
41025,Diamond Shoals,META00562,1.3448140299587963,0.05092915296911131,1.0480822975864601,0.037680447347848915,0.68420165286501677,0.023963622109770905,0.74933981025900498,0.019624792714826259,674713.2794731172,13,8192,0.0015869140625,0.0016477480776272428,1.0116206442302349,False
41025,Diamond Shoals,META00563,1.1243424379335745,0.040318645349654653,1.1786144548272519,0.030970650889896256,0.87236333119714782,0.02565066933418975,0.8586217770652671,0.020510188481526616,689809.44182679337,8192,8192,1,0.99993897229342121,1.2152111198161741,False
41025,Diamond Shoals,META00564,1.3171421440203523,0.058762253277774221,1.4170326358748337,0.030270702560078237,0.75254386528055783,0.024680516897899164,0.74961233602815258,0.024827825793371058,748550.90416313359,14,8192,0.001708984375,0.0017698034907848163,1.0142710510964101,False
41025,Diamond Shoals,META00565,1.2824229357243937,0.054953165852974231,1.296910904431738,0.024662148752333406,0.77799889419129398,0.016492387700519594,0.76617019689539667,0.024387061955260046,643628.18588228337,91,8192,0.0111083984375,0.011168070303917978,1.1678597917551237,False
41025,Diamond Shoals,META00566,1.1830627749559932,0.043658080071449876,1.2580092244615746,0.030417374306356878,0.70713707818741722,0.019936051949817492,0.95131867133850567,0.019771873042754805,643504.25215475552,72,8192,0.0087890625,0.0088490174539240813,1.1468479093560138,False
41025,Diamond Shoals,META00567,1.0199024443657332,0.05794776865304832,1.17288751627487,0.043770508511665342,0.69246890278022355,0.01473804918728564,0.65387500170496016,0.024795844248656815,653747.28999813565,7,8192,0.0008544921875,0.00091541559868180155,0.98140509827803524,True
41025,Diamond Shoals,META00568,0.96342946497502757,0.046273090473173253,1.3024439928194007,0.038016497470050384,0.90110842119726886,0.024132300851186984,0.71786940677843336,0.015189227205740299,693657.1920547802,8192,8192,1,0.99993897229342121,1.2782075474849364,False
41025,Diamond Shoals,META00569,1.0838035971709843,0.043067120744863671,1.2229479185770544,0.025354571535849219,0.85689259640223547,0.025431518125338209,0.76122887836994546,0.0258046642694768,676684.98459408607,1814,8192,0.221435546875,0.22146954717441719,1.341502189266524,False
41025,Diamond Shoals,META00570,1.1890957308606629,0.038880949831947502,1.1705828452152158,0.03725099908562983,0.89762188654330133,0.01688200078635714,0.72065567708599099,0.018358696799435918,630496.54605429491,8192,8192,1,0.99993897229342121,1.3237392498593483,False
41025,Diamond Shoals,META00571,0.9853911954738398,0.049631819924335789,1.2030111029330568,0.033272758546413039,0.88606807218433792,0.019464482344549831,0.71280940135157556,0.020004770233715604,644821.54800193512,8192,8192,1,0.99993897229342121,1.1313721439812541,False
41025,Diamond Shoals,META00572,1.3392219227757041,0.049190295412717203,1.0784902847637414,0.039437658770869841,0.68838036135029457,0.019349484136155375,0.93339508391262893,0.016798265254231462,661501.9409810775,12,8192,0.00146484375,0.0015256926644696693,1.0007914428999554,False
41025,Diamond Shoals,META00573,1.3576214879497239,0.060464231768227225,1.3583146921473124,0.027006994352369539,0.79814661854586477,0.014011192055745162,0.83243592194622418,0.020278862763082786,660654.13731745793,12,8192,0.00146484375,0.0015256926644696693,1.0120135053608801,False
41025,Diamond Shoals,META00574,1.4218642604609713,0.062284764938483603,1.0512913217339759,0.029776766862805261,0.9370815889133649,0.017189234943515388,0.75368006869544901,0.014105718406225355,659353.10849380062,8192,8192,1,0.99993897229342121,1.5505940020505884,False
41025,Diamond Shoals,META00575,1.0387877097099294,0.051733618435148745,1.0121015320006117,0.036921515727595514,0.94147085539372144,0.014447314089700219,0.91394815641952942,0.021459278755318788,642422.33739434322,8192,8192,1,0.99993897229342121,1.2970189857718923,False
41025,Diamond Shoals,META00576,1.3662998196065561,0.059205501567712406,1.0918049760711874,0.034485007739434755,0.80868341577280567,0.015573814158383992,0.69190609908321976,0.021741661523863715,661691.21521702525,67,8192,0.0081787109375,0.0082387403881362137,1.0392221367375754,False
41025,Diamond Shoals,META00577,1.0067411091387384,0.036229802624773183,1.2132192305500435,0.039542786891364215,0.80718042981663629,0.022818685119224941,0.92651243543882922,0.016742510883648087,669312.43053690798,50,8192,0.006103515625,0.0061637983644574641,1.0954605956238455,False
41025,Diamond Shoals,META00578,0.98559700091397662,0.05239434212062502,1.1808286182165031,0.040780714340950597,0.93303769595008879,0.019477718862797751,0.81108635837052101,0.025665720914171204,726410.18223919021,8192,8192,1,0.99993897229342121,1.4108699260224242,False
41025,Diamond Shoals,META00579,1.2837780254277835,0.049268113639205018,1.2738436425506403,0.029136680027597291,0.69554977296039944,0.019705579570788893,0.91508173724378228,0.023503525565362775,673672.99855371052,42,8192,0.005126953125,0.0051873550591968751,1.0949957107431159,False
41025,Diamond Shoals,META00580,0.9890679059830787,0.05245113629470164,0.98139964621864684,0.034180224281227203,0.87631407632710401,0.018535577241266164,0.93960345644841414,0.015666696938633429,618828.57652278058,8192,8192,1,0.99993897229342121,1.2701423730148904,False
41025,Diamond Shoals,META00581,1.080878102917467,0.04485921518817098,1.0604288931430137,0.04532615600539916,0.65016003952718882,0.01849679753386568,0.86111423617205585,0.018574734373366313,636708.32661221898,11,8192,0.0013427734375,0.0014036372513120956,0.98994535003784823,True
41025,Diamond Shoals,META00582,1.0913961374235943,0.037185031737488203,1.1015543218374431,0.026152528684590184,0.75349322791578466,0.021632489164299655,0.64484799507558122,0.017107591073730388,558332.86603432638,550,8192,0.067138671875,0.067191504943244232,1.4753672497195087,False
41025,Diamond Shoals,META00583,1.0210386820439454,0.064099104215246422,1.1259558080079808,0.034912586735442702,0.88327082068681328,0.02256094526991461,0.83738576718704194,0.02121668513506992,716153.90963312378,8192,8192,1,0.99993897229342121,1.1101714028688205,False
41025,Diamond Shoals,META00584,0.99345558000484857,0.056276855160412524,1.0840930725271984,0.03878529808797327,0.93492282895619538,0.018608851095967601,0.85933367454236875,0.025963689807664427,712430.57859620964,8192,8192,1,0.99993897229342121,1.2782469910107843,False
41025,Diamond Shoals,META00585,1.1863096438863412,0.058534829451881765,1.3113905241172026,0.02899095310789809,0.66201988725750405,0.01878448824153274,0.94700502300681633,0.025795203203580388,693509.74700104562,22,8192,0.002685546875,0.0027462467960454044,1.0459243926237105,False
41025,Diamond Shoals,META00586,1.0655233432348554,0.064695465042608299,1.0973649797174188,0.04320382341661648,0.84805285093477145,0.024542164101542255,0.72025274207498391,0.019531532057944116,738770.88529833686,1067,8192,0.1302490234375,0.13029415354570975,1.1119310203064605,False
41025,Diamond Shoals,META00587,0.96817749160375877,0.045358177405341489,1.1089942422978694,0.027499161942305398,0.82136846723079127,0.015691899683661494,0.89104872897440668,0.025036424889029234,606447.74808930419,391,8192,0.0477294921875,0.047784694251190044,1.4121217057735034,False
41025,Diamond Shoals,META00588,1.2236246612478749,0.057656547300410615,1.170814889336302,0.040318233024088837,0.85347486450213084,0.02066781773561021,0.72151513119992128,0.018368594011075913,712009.05641632655,8184,8192,0.9990234375,0.99896252898816063,1.3588796944034933,False
41025,Diamond Shoals,META00589,1.403590900540147,0.039062914042096386,1.2662864829171032,0.028586158763604042,0.92885212911947213,0.017672672760460979,0.84203130317410058,0.016068241458861304,634218.88501321548,8192,8192,1,0.99993897229342121,1.3436422672807296,False
41025,Diamond Shoals,META00590,1.3807844083985943,0.036783561637222843,1.1306116927995256,0.031576285617933825,0.67044990518446512,0.015766074841600572,0.67300332192210133,0.022236566723234426,577810.80469959904,121,8192,0.0147705078125,0.014829732698645185,1.1938129839816702,False
41025,Diamond Shoals,META00591,1.2092769684476805,0.04560192799815959,0.99329406667197939,0.025298105227036016,0.67364003141486484,0.015919269119790264,0.79356949220353268,0.023817004769354576,568580.34619418764,716,8192,0.08740234375,0.087452703527401435,1.5253120522377137,False
41025,Diamond Shoals,META00592,1.123077056373432,0.064264874291612137,1.042530823736624,0.036538946882035656,0.88358977242590209,0.01769931695451863,0.73816933718605116,0.015104977456987325,649036.57274391898,8182,8192,0.998779296875,0.99871841816184548,1.1256187976136767,False
41025,Diamond Shoals,META00593,1.2019144261395112,0.050398712395987914,1.3261910273693247,0.025036888896560347,0.80037370961533782,0.022416680214524937,0.76786944569667415,0.016866794353782098,641300.81975165312,103,8192,0.0125732421875,0.012632735261808862,1.181780361725687,False
41025,Diamond Shoals,META00594,1.0435334922020296,0.048593684646215302,1.2126259415939951,0.032104847619747412,0.71833650455960552,0.014813451227150977,0.80983620531516154,0.020608121371047956,600049.1676648251,67,8192,0.0081787109375,0.0082387403881362137,1.1341107153295471,False
41025,Diamond Shoals,META00595,1.0482142570464317,0.035559372442518437,1.1065996662161739,0.028036702228984196,0.81156710234135843,0.023042392293937501,0.67261944855802724,0.016350533463429122,581585.74953640241,431,8192,0.0526123046875,0.052666910777492984,1.4306262224835089,False
41025,Diamond Shoals,META00596,1.0584188385003579,0.060745570715173065,1.001669600141267,0.032811228444988835,0.72406259515816584,0.025589476287071384,0.73686717577629912,0.022164650233426404,666341.8607812369,145,8192,0.0177001953125,0.017759062614426949,1.2200220722152348,False
41025,Diamond Shoals,META00597,1.1112201111012139,0.047530403602037773,1.374852568794636,0.028817603857559066,0.85963218046793177,0.018822770317011999,0.85809190954880954,0.014975917955969111,635898.20244878647,8192,8192,1,0.99993897229342121,1.1426443839075207,False
41025,Diamond Shoals,META00598,1.3148885202653702,0.05174102300425483,1.2792096764628678,0.027210215145197465,0.79450071305715675,0.017355181966795571,0.76649373779900221,0.017603823652908388,629347.40004914848,57,8192,0.0069580078125,0.0070181862565604786,1.1151233275122534,False
41025,Diamond Shoals,META00599,1.348411124336272,0.05514095963659417,1.3442198215423626,0.03633915096244527,0.72845686710708724,0.020209312250386517,0.75877025945201804,0.01406879971551742,687216.16282746452,8,8192,0.0009765625,0.0010374710118393751,0.99225894054029506,True
41025,Diamond Shoals,META00600,1.1498017469176722,0.063362965953035824,1.4360808751196559,0.042835894358524751,0.90693847081087542,0.02047911787498485,0.64153725954891494,0.020477021915129422,779529.58966447471,8192,8192,1,0.99993897229342121,2.2461063188086712,False
41025,Diamond Shoals,META00601,1.2973798691059708,0.045699536991202286,1.2334994091176006,0.036799481526290499,0.83067570984164396,0.021069000406335303,0.80351966536318342,0.016967450590447828,686278.8288618424,1786,8192,0.218017578125,0.21805199560600513,1.1715212326707001,False
41025,Diamond Shoals,META00602,1.4312512750757669,0.048976420657934158,1.1561402031816113,0.040174506249510578,0.79044973242881356,0.025808342547972027,0.69551022346804026,0.024745912580234793,755015.96210603742,2927,8192,0.3572998046875,0.35731722201879651,1.2208490538065984,False
41025,Diamond Shoals,META00603,1.2313620841933637,0.054788055230736252,1.1401439423133237,0.044673314106917203,0.88957617013678991,0.014719774086118732,0.67267618059099576,0.017026732781417683,669738.63433510857,8192,8192,1,0.99993897229342121,1.7672297553522276,False
41025,Diamond Shoals,META00604,1.3493479526495333,0.037885351627062247,1.0002022621388418,0.037165814641629685,0.74594800200006062,0.016297045469791119,0.94351580147762759,0.017572381479318729,607796.56473365042,83,8192,0.0101318359375,0.01019162699865739,1.1567843488826191,False
41025,Diamond Shoals,META00605,1.3266208778407083,0.036148370137508122,1.244482877931806,0.034427783254092986,0.78154781517213745,0.024977628963215551,0.95253317721982478,0.021656905199569601,712421.90947291953,32,8192,0.00390625,0.00396680092762114,1.068885589343864,False
41025,Diamond Shoals,META00606,1.2085970054535544,0.04837583088914843,1.3488184876294946,0.026169356835676123,0.68458073646889794,0.018481158094958983,0.76519849329262213,0.022773909681478285,623967.9818008726,75,8192,0.0091552734375,0.0092151836933968018,1.142653229296658,False
41025,Diamond Shoals,META00607,1.3397136155918423,0.037717427194647719,1.2602148420068366,0.027661903011506433,0.75069873301114876,0.015108086673486971,0.6644030685849005,0.023620114846298876,585885.01180441293,124,8192,0.01513671875,0.015195898938117906,1.1985335378819204,False
41025,Diamond Shoals,META00608,1.258141060292189,0.062763240964186992,1.3386220173079391,0.037451686492764584,0.73050763068574631,0.023398976513682477,0.75714394431974896,0.023969003112020215,762478.57745362644,12,8192,0.00146484375,0.0015256926644696693,1.005408668582134,False
41025,Diamond Shoals,META00609,1.1694426446723192,0.055044727093851373,1.0626123382493482,0.039613204155737408,0.73291135774136451,0.022799902333356888,0.67505203964089633,0.018770453530170077,666616.652387604,12,8192,0.00146484375,0.0015256926644696693,1.0068243842962907,False
41025,Diamond Shoals,META00610,1.369107678940235,0.038230813945912628,0.99042811124541918,0.02754119730100173,0.74014824104830046,0.015786154890672296,0.80883362612187548,0.017049510841174453,552223.83837156789,510,8192,0.062255859375,0.062309288416941291,1.4523234751255503,False
41025,Diamond Shoals,META00611,1.3965619775190063,0.056114676243617233,1.1889126230984801,0.030514297240050337,0.95261392946428525,0.024001934465203184,0.79850263563111845,0.024955779548184218,771843.32821397413,8192,8192,1,0.99993897229342121,1.6906661808440719,False
41025,Diamond Shoals,META00612,1.0242333220584483,0.062853981726965769,1.2721899548951194,0.030653257339093611,0.83605619230190131,0.014386340381166891,0.86907685485932973,0.022962560338205706,657268.57698571682,4174,8192,0.509521484375,0.50952032222629073,1.052695213617282,False
41025,Diamond Shoals,META00613,1.1199496369295485,0.044527298411005278,1.4021819091609595,0.044286223731584959,0.76862702135279815,0.023128080436955266,0.88870936891310337,0.021475507656011597,765051.38284692727,1478,8192,0.180419921875,0.18045892835347246,1.182768485216247,False
41025,Diamond Shoals,META00614,1.0828640186220888,0.040272729310727125,1.0205421202167113,0.025246608003390902,0.7773922831557547,0.019372842080638077,0.77102867736940539,0.017901719042362839,557898.6400623871,836,8192,0.10205078125,0.10209935310631027,1.5704302265200998,False
41025,Diamond Shoals,META00615,1.0703773176047808,0.060340537684639511,1.1085501270046489,0.037410924607199997,0.69046272917999252,0.02286323846359091,0.95803159290460416,0.017756430738663481,681624.01030753471,13,8192,0.0015869140625,0.0016477480776272428,1.0078013801715568,False
41025,Diamond Shoals,META00616,1.2928866043911471,0.056813530492359057,1.3264735371898557,0.028737518478169501,0.64439316229277555,0.019862513443286201,0.94674859132033529,0.018421243592831149,665854.05657113786,17,8192,0.0020751953125,0.0021359697302575369,1.0259894162020151,False
41025,Diamond Shoals,META00617,1.2478483099554276,0.063611051803766444,1.3315317621847638,0.030299533967583343,0.73329450513057137,0.01409456882286407,0.93466950861128462,0.017446023470663551,657673.37550821225,12,8192,0.00146484375,0.0015256926644696693,1.0011504941607394,False
41025,Diamond Shoals,META00618,1.0927739242869552,0.03701700021994174,1.2554213338140114,0.0335537735562315,0.73679806152411176,0.023410529622635332,0.75578483882979275,0.016510671587325935,626605.70120932418,61,8192,0.0074462890625,0.0075064079091907727,1.1295396844852927,False
41025,Diamond Shoals,META00619,1.0555676736855182,0.051682882802266669,1.3250945867806279,0.031985136152337605,0.71225501093249632,0.023659939694326407,0.76489660598506959,0.025226958220469491,689240.64919752395,23,8192,0.0028076171875,0.0028683022092029779,1.0470857401008931,False
41025,Diamond Shoals,META00620,1.3432191593353402,0.03913475026730056,1.0149400422400199,0.038777274546011167,0.69801249408135768,0.021970640750269225,0.74251283033006621,0.021790716788505343,642583.06634159642,41,8192,0.0050048828125,0.0050652996460393016,1.0860990426880635,False
41025,Diamond Shoals,META00621,1.3079501796262696,0.052316958757120169,1.0643507511400703,0.035471106896252214,0.87991784470844658,0.025704405759435795,0.75513254091596382,0.023521964684823048,741278.07205396239,8192,8192,1,0.99993897229342121,1.2694884043303281,False
41025,Diamond Shoals,META00622,1.2160020899583628,0.055597920757800984,1.289616852308231,0.042516177034091468,0.80774735883285398,0.020345143827605019,0.84930214115986502,0.014698258666451872,721605.38533527462,6540,8192,0.79833984375,0.79830342975710977,1.3022350091483597,False
41025,Diamond Shoals,META00623,1.1484130067101517,0.041391266532143187,1.3001111305207966,0.040463658561060906,0.94528339881698431,0.021868617183262724,0.8298485349762903,0.02094169447079855,740835.5575889037,8192,8192,1,0.99993897229342121,1.7747965318026993,False
41025,Diamond Shoals,META00624,1.1799671364182671,0.056777232126803016,1.258727710034145,0.025020481455349554,0.84538482545068638,0.025478305240117023,0.83397121328514556,0.025510263135226981,725285.32669387956,7496,8192,0.9150390625,0.91498840473575005,1.2065767435454997,False
41025,Diamond Shoals,META00625,1.276863598361768,0.051151239692205711,1.2370792895114864,0.029339961739506593,0.85542065748069229,0.020453790374860857,0.81039759114243037,0.021041393894425338,682643.26378285314,8057,8192,0.9835205078125,0.98346149151714879,1.1147770095301179,False
41025,Diamond Shoals,META00626,1.1060629854621933,0.063195510102629623,1.0356021660593298,0.029205995969768549,0.90925322153895727,0.020640364664945322,0.715973549640462,0.02211074674622221,668923.51446725475,8192,8192,1,0.99993897229342121,1.2591362248478113,False
41025,Diamond Shoals,META00627,1.4132424785399584,0.048678873228087574,0.99179288926718623,0.026344183951536621,0.85991676768011271,0.024966475161518811,0.90025191613087097,0.016234016047020704,671050.95115870924,8192,8192,1,0.99993897229342121,1.3947704093312889,False
41025,Diamond Shoals,META00628,1.2933940601296559,0.050004514760398799,1.3876557266782272,0.032728417085366779,0.91397755608825193,0.017886820818231244,0.95758097250762297,0.018485735451148518,712311.20916412678,8192,8192,1,0.99993897229342121,1.6358017327721042,False
41025,Diamond Shoals,META00629,1.1841539189361299,0.062035424666057146,1.4132540577143864,0.043126627332879475,0.71750848443880733,0.022112832611740636,0.87861302398660246,0.023914408625644215,799424.88832450868,387,8192,0.0472412109375,0.04729647259855975,1.112730644884337,False
41025,Diamond Shoals,META00630,0.9658187158770335,0.04195843003559567,0.99786504896546946,0.030962802877099641,0.70853542013928827,0.024529554809723266,0.84391651761871633,0.017913743802598213,597597.50585746241,776,8192,0.0947265625,0.094776028316855859,1.4381384819551091,False
41025,Diamond Shoals,META00631,1.0676740411730186,0.063869918318950225,1.0689825725553932,0.025330631626346068,0.71042667703357876,0.023857737804683858,0.83527429744659099,0.017501862952532123,629251.2478877363,353,8192,0.0430908203125,0.043146588551202243,1.3802604202392375,False
41025,Diamond Shoals,META00632,1.2818629014719438,0.048218617434554766,0.96300395234765501,0.034695554612483949,0.77274005681260782,0.025892238123562623,0.67887996043131127,0.016398497328774551,649404.77417617966,128,8192,0.015625,0.0156841205907482,1.2027108275273797,False
41025,Diamond Shoals,META00633,1.0979618444592838,0.036858082705139066,1.0750532485818773,0.038124529946347942,0.7236972079322791,0.015062797299506669,0.747235934630049,0.021431175094366088,585640.00670690159,80,8192,0.009765625,0.0098254607591846694,1.1506153611712122,False
41025,Diamond Shoals,META00634,1.1296546682151354,0.056215249746618123,1.4053489841451194,0.039623673712395197,0.64773453207876119,0.024925286150015304,0.66879211210577272,0.025134378803947151,736199.0045654393,13,8192,0.0015869140625,0.0016477480776272428,1.0099144922457222,False
41025,Diamond Shoals,META00635,1.0538665883324656,0.048417327621234789,1.0861705892004687,0.032397995302872906,0.70971948543162089,0.016025076498517161,0.91793197942728999,0.017151338903494229,587091.07742523891,158,8192,0.019287109375,0.019345782985475405,1.2391617987506514,False
41025,Diamond Shoals,META00636,1.2867047255808099,0.037787915078472518,1.2511693617608919,0.028333794126702415,0.68557014997627286,0.023530934592829393,0.8949215347419841,0.016945476587700535,623453.51000789041,124,8192,0.01513671875,0.015195898938117906,1.2068984942380363,False
41025,Diamond Shoals,META00637,1.1360174783162995,0.038838118988429607,1.2678244603725748,0.040499096047393449,0.8522756144813044,0.015533922427541726,0.70436683899962504,0.016897801224985149,631565.56981718703,3918,8192,0.478271484375,0.47827413645795191,1.2928852323048232,False
41025,Diamond Shoals,META00638,1.4083215926107437,0.061830378570533973,1.356292848991671,0.041627061831877088,0.89986854785847292,0.015695723247553039,0.91916395469022993,0.017533767206684647,768656.87072427408,8192,8192,1,0.99993897229342121,2.4120699474776628,False
41025,Diamond Shoals,META00639,1.0810968544745843,0.051531405001966984,1.1712118030148564,0.040913174173041245,0.90219377009825497,0.015591252158351982,0.86919635108613824,0.015319917522161788,655455.30076367292,8192,8192,1,0.99993897229342121,1.4106762080809965,False
41025,Diamond Shoals,META00640,1.0146573232800618,0.051978815209911565,1.1200917357462932,0.042580661155103998,0.9158403981821972,0.018441234187923115,0.66476048154831469,0.018299307373546601,665231.30443980952,8192,8192,1,0.99993897229342121,1.3846665077908913,False
41025,Diamond Shoals,META00641,1.0136822569114996,0.051082108266237519,1.023802630204619,0.030505541250505371,0.67551491023909793,0.024746155539601498,0.90281241004809309,0.014575587851125584,603318.66593866027,376,8192,0.0458984375,0.045953863053826434,1.3556309907340887,False
41025,Diamond Shoals,META00642,1.2606959894415108,0.050289576620844378,1.3378657499840536,0.045098631140534307,0.9014883288526977,0.025562302906434305,0.73064847821853807,0.014404762686203981,781962.05840123515,8192,8192,1,0.99993897229342121,2.0649091070218026,False
41025,Diamond Shoals,META00643,1.2322129406844222,0.039043431512849544,0.98506212273774207,0.040947769771479993,0.64457533096172004,0.020811634636056828,0.87603723781807163,0.014870453683775466,602240.10161801428,48,8192,0.005859375,0.005919687538142317,1.0975798663411611,False
41025,Diamond Shoals,META00644,1.3450015509096269,0.061320634959088544,1.2265555445957865,0.029112736490649632,0.90551767891333013,0.022467198643581664,0.83856680648783843,0.019254221750152265,733645.84126749006,8192,8192,1,0.99993897229342121,1.3420554904691773,False
41025,Diamond Shoals,META00645,1.1448181240422177,0.035291931911680133,1.3528349206244847,0.042077749227899731,0.84724772225244571,0.017521516283124351,0.77957774810855485,0.016281730592325044,665294.08633828582,7000,8192,0.8544921875,0.85444891980959359,1.3564313235393177,False
41025,Diamond Shoals,META00646,0.96163373948590436,0.057992282724197389,1.2534279711868246,0.040799014509223977,0.89066991420200492,0.023115907423944697,0.74340489426719791,0.02535485078988859,754671.16131212295,8192,8192,1,0.99993897229342121,1.2782912812187579,False
41025,Diamond Shoals,META00647,1.3133885918316111,0.056627402266047275,0.98801780515048787,0.029692218124789602,0.71957631082995288,0.017608025321367907,0.71311085189904733,0.018428022850918446,606154.09160548891,220,8192,0.02685546875,0.026913218601244966,1.2810360731343426,False
41025,Diamond Shoals,META00648,1.2398104723272712,0.042613937007877349,1.1696319218916822,0.027315678468505803,0.64609276499748702,0.024211028566555538,0.92787157480468574,0.017318359333522194,618020.1704794562,245,8192,0.0299072265625,0.029964603930184304,1.323225379010583,False
41025,Diamond Shoals,META00649,1.4352375850625538,0.038416028578003206,1.3474043896040091,0.036563043018049801,0.76335661022473589,0.024432383613857564,0.82375978767459701,0.018754989230404417,714199.4085100193,19,8192,0.0023193359375,0.0023800805565726839,1.0213136150676643,False
41025,Diamond Shoals,META00650,1.0087485828785663,0.058459838758464187,1.4181704757914142,0.043836283063429474,0.91836728611672913,0.023789692349255719,0.87698089695690984,0.014458827878228333,781531.02175329451,8192,8192,1,0.99993897229342121,1.874264529792034,False
41025,Diamond Shoals,META00651,1.4142623466660789,0.036694245583028771,1.364239878432923,0.039120576540055046,0.71491601765737101,0.016366819357184835,0.92711069880665076,0.025467439193197737,709915.72627509653,7,8192,0.0008544921875,0.00091541559868180155,0.9809793445532401,True
41025,Diamond Shoals,META00652,1.0581638886322249,0.045940393228294102,1.0648380131036588,0.044941657314543873,0.90987389646906114,0.025287157895413168,0.84243146516200484,0.017440577651633597,726234.3687514062,8192,8192,1,0.99993897229342121,1.2887317218520098,False
41025,Diamond Shoals,META00653,1.1104674020027914,0.052079230209266858,1.2620333263776338,0.025094713027151046,0.67641717495635045,0.016225220238116966,0.84332412109546484,0.021073218071725089,595398.34584162442,180,8192,0.02197265625,0.022031002074942022,1.2617618400155795,False
41025,Diamond Shoals,META00654,1.0508351908548259,0.038615167480849623,1.2146704214141966,0.037420825394819619,0.91920525872535586,0.023995305647212889,0.67911550492498285,0.020820237971528432,691576.53094709839,8192,8192,1,0.99993897229342121,1.3069602954889126,False
41025,Diamond Shoals,META00655,1.2887900535825145,0.062669704959207997,1.302869608808797,0.033990228227722907,0.9304144133856419,0.023312133793531239,0.79256291231284981,0.016710240081035145,758242.14571939502,8192,8192,1,0.99993897229342121,1.8000157408031532,False
41025,Diamond Shoals,META00656,1.3826487220014465,0.064781553670429912,1.3547917226629593,0.045377636498745488,0.69841073168436885,0.024035145626280893,0.89363694502083246,0.016815027620066373,806875.9815821026,2930,8192,0.357666015625,0.35768338825826923,1.2236801864811191,False
41025,Diamond Shoals,META00657,1.151831182191716,0.049083214585070187,1.164158530676513,0.034100008020624462,0.91088565068246319,0.024763150120272918,0.895816219068305,0.025050371827357525,752982.46834899718,8192,8192,1,0.99993897229342121,1.2884445990385753,False
41025,Diamond Shoals,META00658,1.2423402215165391,0.061584411783687336,1.2940441134900968,0.041286024941820522,0.64484363496899266,0.023296848941282658,0.73364272568871725,0.020269120785689383,732284.30215270875,5,8192,0.0006103515625,0.00067130477236665442,0.96831718484953588,True
41025,Diamond Shoals,META00659,1.4289632938274135,0.052790176346714769,1.0556664352050014,0.025206276161400611,0.71682338614339358,0.024985869406953083,0.70570202606446963,0.024903380483165555,669043.32459163934,281,8192,0.0343017578125,0.03435859880385695,1.3388257940731412,False
41025,Diamond Shoals,META00660,1.094243006491487,0.060711245129474588,1.0651368607961489,0.03684768093550643,0.77144251773389683,0.024253617217397515,0.88060132524949497,0.024469361353708922,728070.06752152904,18,8192,0.002197265625,0.0022580251434151104,1.0349903196315318,False
41025,Diamond Shoals,META00661,1.4241172351683045,0.060295715846109633,1.0020318853456815,0.044380872398054924,0.82363794181369143,0.015265940511696028,0.75747949004780546,0.015542439146742013,677761.77597421489,8191,8192,0.9998779296875,0.99981691688026364,1.4765739663184123,False
41025,Diamond Shoals,META00662,1.2950897810643835,0.053733994297792444,1.1585926624328282,0.035504461745894153,0.75281751889960591,0.02314061496862602,0.90406128830232557,0.019350044988919634,710055.91009733919,14,8192,0.001708984375,0.0017698034907848163,1.01701361794282,False
41025,Diamond Shoals,META00663,1.1878632434949681,0.038792131986506384,1.0754407397049954,0.035689568875892641,0.83039189924447465,0.014483150298792819,0.95325251744964168,0.023836458320919462,636980.08378206531,5635,8192,0.6878662109375,0.68784328084950563,1.1729819325753137,False
41025,Diamond Shoals,META00664,1.1073846780673049,0.054155403294118359,1.1488705661116159,0.040752404711995101,0.7787592262580787,0.014913742353170886,0.79705193188629408,0.018641655368401653,645597.16062089184,11,8192,0.0013427734375,0.0014036372513120956,0.9914206966243605,True
41025,Diamond Shoals,META00665,1.0932385336835744,0.040513959943958178,1.2362864725947256,0.027686782879766541,0.80647962564346476,0.023552630095813494,0.68105009882475509,0.023903787660048803,640432.42489320657,191,8192,0.0233154296875,0.023373611619675331,1.270836143719537,False
41025,Diamond Shoals,META00666,1.2118722277247471,0.062194795197521163,1.192890355471925,0.031760186750915423,0.83822215535802325,0.025951640722597286,0.77636238075393926,0.016024494173188016,716800.45618317323,30,8192,0.003662109375,0.003722690101305993,1.0533449410015174,False
41025,Diamond Shoals,META00667,1.125983514225767,0.059478452277171613,1.1548844151134923,0.042871345082564558,0.72801321433761579,0.017936504941973096,0.87957826885929136,0.016650206177604723,680354.17022192408,7,8192,0.0008544921875,0.00091541559868180155,0.97880311312599177,True
41025,Diamond Shoals,META00668,1.3968385899551419,0.060966144637233391,1.0435144787586077,0.039736741331783343,0.86364939351102743,0.02099594904060316,0.76336506601193621,0.014845972169691963,712044.30131180887,8192,8192,1,0.99993897229342121,1.5282624535030429,False
41025,Diamond Shoals,META00669,1.3092670339783938,0.045075262787573636,0.96558451529187006,0.03827764723768462,0.91552455201071059,0.021173215651014498,0.89002437592953187,0.025702562476798484,721544.17421032069,8192,8192,1,0.99993897229342121,1.429760392608024,False
41025,Diamond Shoals,META00670,1.4075630322039625,0.044219011277726344,1.1186561502805168,0.025146519170175751,0.74407426215714678,0.01725041292158316,0.67657731373492247,0.01536406553123431,565715.88924636797,294,8192,0.035888671875,0.035945319174905406,1.3469748665870831,False
41025,Diamond Shoals,META00671,1.0159020034866406,0.064244528690841421,1.3710535304602738,0.045191790481071796,0.83960669831804768,0.01698587987941334,0.7928555476080511,0.022835346056490249,755406.93693782855,8192,8192,1,0.99993897229342121,1.4957972580696355,False
41025,Diamond Shoals,META00672,0.99799852681475021,0.046227510500841347,1.2257629914227279,0.042305286001109291,0.68627346852284532,0.015405985771156894,0.77058911312237022,0.021784500301914492,639549.29935433343,11,8192,0.0013427734375,0.0014036372513120956,0.99032819275842021,True
41025,Diamond Shoals,META00673,1.3818847173462028,0.046392636368732129,1.4020336164787848,0.043788581175088707,0.8462794415437298,0.014772220260922304,0.93658876950303971,0.016771594790037998,726992.5312592031,8192,8192,1,0.99993897229342121,1.8938473964984348,False
41025,Diamond Shoals,META00674,1.104173964778981,0.043446382670183241,1.0107428282218047,0.042037288433599551,0.88722665420340729,0.02486877926640603,0.7437144175913406,0.023383890819997862,711002.1305357907,8192,8192,1,0.99993897229342121,1.1408776353188301,False
41025,Diamond Shoals,META00675,1.2310276811355934,0.042267435951978662,1.395032710741029,0.044117008500624548,0.78680280436620342,0.022240000031779308,0.71253600920589311,0.015531653775184196,719043.08198428957,6879,8192,0.8397216796875,0.83968021481752719,1.3448044745651999,False
41025,Diamond Shoals,META00676,1.1179653755373584,0.04286235703363498,1.2806357766899292,0.032294806075149049,0.74138453888336953,0.014099665571902441,0.71053353618098725,0.022557291489992078,599117.00379384658,40,8192,0.0048828125,0.0049432442328817281,1.0826786868471352,False
41025,Diamond Shoals,META00677,1.1057015920668047,0.056637182087284729,1.3146250906580754,0.035150483752171578,0.92612439855623063,0.021738198219606139,0.81714446278059616,0.021897315441500469,742682.98345289589,8192,8192,1,0.99993897229342121,1.5285478152254472,False
41025,Diamond Shoals,META00678,0.99969875107090755,0.047364387059671109,0.96686491373080885,0.02620993753940136,0.93019356070989545,0.023221726058057706,0.86402063802888818,0.019791655894023638,639983.6610982212,8192,8192,1,0.99993897229342121,1.555540996135476,False
41025,Diamond Shoals,META00679,1.4201735731964593,0.060772865281851392,1.2493723011561564,0.029935954415384006,0.89162927451671581,0.017690691052011813,0.88186120906397769,0.019703165136658811,715494.91683999531,8192,8192,1,0.99993897229342121,1.4270975514714714,False
41025,Diamond Shoals,META00680,1.291342091252492,0.062215058057421273,1.1622427975077136,0.041977049207045036,0.86711139036858431,0.017020558762775233,0.9459990992484153,0.024863257752829625,771401.47981552617,8192,8192,1,0.99993897229342121,1.662704412325396,False
41025,Diamond Shoals,META00681,1.1651275678246011,0.053327957723385527,0.97891563539114967,0.024741031912835929,0.84094097513900445,0.021266766402107101,0.72957331390569069,0.01425554189561317,592977.6204786296,694,8192,0.084716796875,0.084767484437934817,1.5138547243718747,False
41025,Diamond Shoals,META00682,1.054436415050239,0.059491965897404006,1.3304320464456969,0.039780890132272248,0.81251928036883303,0.019042002080427313,0.93127463893016738,0.016753117628186265,713762.99173341785,938,8192,0.114501953125,0.11454900524838277,1.1658455019246627,False
41025,Diamond Shoals,META00683,1.228405779626764,0.041829106263766624,1.3207754901352602,0.039930354845879937,0.89697945790410083,0.024360900928548486,0.77900306684071585,0.025059943939235513,770789.38154698291,8192,8192,1,0.99993897229342121,1.5941504477912443,False
41025,Diamond Shoals,META00684,1.3795245291893561,0.043690675039582308,1.1296266364740146,0.035541736160966529,0.87406016277571896,0.015666099998410492,0.90981078852709174,0.018351030960719567,652907.70116670604,8192,8192,1,0.99993897229342121,1.3313182974656215,False
41025,Diamond Shoals,META00685,1.4000561321739731,0.055771651474783274,1.2924058640560558,0.028298391762414932,0.79091711118061703,0.025293329275094915,0.85831683930768365,0.021116073710517984,736611.82092295878,20,8192,0.00244140625,0.0025021359697302574,1.0384752013505645,False
41025,Diamond Shoals,META00686,0.97190830367965586,0.04244994723113401,1.3917048657219084,0.027414351933774315,0.78582149751045582,0.020968717954192671,0.89932388433874877,0.021129859211756197,644728.90630501346,122,8192,0.014892578125,0.014951788111802759,1.2118097952740716,False
41025,Diamond Shoals,META00687,1.006290264948859,0.050574476178466679,1.2008248322012203,0.0349340886417564,0.66288054363768645,0.024025772383481907,0.95956220917799029,0.01522743064793558,645219.67858593306,127,8192,0.0155029296875,0.015562065177590626,1.1954485237101629,False
41025,Diamond Shoals,META00688,1.3164507614265744,0.035938275666614727,1.1414609158788862,0.040932483429272457,0.83565865584309129,0.02141666597232382,0.78808786228033556,0.024803160151063319,704093.78968177491,2193,8192,0.2677001953125,0.26772854876113755,1.1839466186732226,False
41025,Diamond Shoals,META00689,1.2803268628521893,0.056325888055134658,1.2776380932961029,0.045481351666157771,0.77524126284278316,0.025080719619584774,0.70307403037475469,0.020391619666766392,778308.66746777343,7972,8192,0.97314453125,0.97308678139875504,1.351983611384018,False
41025,Diamond Shoals,META00690,1.1593301162383427,0.039448828331766203,1.0394819333776062,0.028233728029585729,0.74840973705981628,0.018936481736189666,0.8137371154368872,0.01586396095581033,563307.42159889999,444,8192,0.05419921875,0.05425363114854144,1.4362831226018238,False
41025,Diamond Shoals,META00691,1.3853730978057142,0.040726186072756104,1.4283467508976295,0.037957562831477755,0.81489490397206898,0.023014470882772795,0.86294350462053349,0.022967912590725871,762578.85406248737,5917,8192,0.7222900390625,0.72226290735994136,1.3230420700999137,False
41025,Diamond Shoals,META00692,1.0822235838446499,0.038291682360134055,1.2562383529927021,0.040164053507422678,0.93430848687912849,0.017252244103672366,0.79980967612907461,0.021209342151911278,677686.11070496088,8192,8192,1,0.99993897229342121,1.564903551762542,False
41025,Diamond Shoals,META00693,1.2253199808353539,0.041719525008162006,1.2520600197534624,0.025263773437877949,0.84215771960161923,0.01525855473963064,0.88510823051954401,0.020097997212830353,601135.5966448707,8077,8192,0.9859619140625,0.98590259978030026,1.2907319063317113,False
41025,Diamond Shoals,META00694,1.3877503150154544,0.049368078631766323,1.3227352971732416,0.036665657551306637,0.66348541069330935,0.023154074249402173,0.87330472201954557,0.024265589755187611,740020.75830501784,9,8192,0.0010986328125,0.0011595264249969486,0.98801987205870012,True
41025,Diamond Shoals,META00695,1.3388960952409137,0.050882147136911846,1.1076760425611747,0.028454079391316354,0.77376328706307151,0.017986846939057305,0.70221505271102558,0.017951195240648213,611802.12181922165,152,8192,0.0185546875,0.018613450506529964,1.2272613326145387,False
41025,Diamond Shoals,META00696,1.1475319444194378,0.048290194771043259,1.3880688494405262,0.038894705194368259,0.81149986026217213,0.015925716849541412,0.84702061530517903,0.017413045219103321,678196.38283121597,1931,8192,0.2357177734375,0.23575003051385329,1.2326992947496753,False
41025,Diamond Shoals,META00697,1.0381943234275399,0.040005497008137145,0.99417793069937632,0.032560486407378172,0.86406484732069333,0.020876080214319775,0.84272122444761222,0.022034634554271633,632682.67708960606,8192,8192,1,0.99993897229342121,1.3724963688252425,False
41025,Diamond Shoals,META00698,1.3770244892109071,0.045409787888325462,1.1828995386419117,0.036009402367330495,0.66067330596538942,0.01860279040161289,0.91712847329008984,0.022203227139007062,674166.45441612497,12,8192,0.00146484375,0.0015256926644696693,1.0047333165458094,False
41025,Diamond Shoals,META00699,1.3985926089076699,0.05472354139704276,1.4033953798426402,0.038862664695502952,0.76030743642984833,0.021717544036892533,0.80425321705834996,0.016124115588121768,743066.83324883261,2762,8192,0.337158203125,0.33717807884779688,1.2390259253780365,False
41025,Diamond Shoals,META00700,1.0919404849527898,0.061404429052159773,1.3368065066536039,0.036501979079033242,0.87743970946709093,0.014817900747636392,0.79116598022779994,0.015176640708219898,664150.31162607344,8192,8192,1,0.99993897229342121,1.4044716297969551,False
41025,Diamond Shoals,META00701,1.3360158110823039,0.045281385562504425,1.3656763453654432,0.033184199803623804,0.6765833259096744,0.02452316024301885,0.86483677858214147,0.02139573932178581,707859.825017364,13,8192,0.0015869140625,0.0016477480776272428,1.001872953572607,False
41025,Diamond Shoals,META00702,1.2701248236603804,0.062480165247424987,0.97711788631988095,0.026300757558673501,0.79158685314205568,0.018840562514483315,0.91441959270533513,0.025856933908768073,681929.26867652556,341,8192,0.0416259765625,0.041681923593311361,1.3752767776573183,False
41025,Diamond Shoals,META00703,1.3659375391291964,0.055115211491394228,1.2123127265637943,0.033838095130891574,0.67789374203567909,0.017378167350915977,0.87617163226714578,0.017996144378000518,662064.83594731253,12,8192,0.00146484375,0.0015256926644696693,1.0048042922802258,False
41025,Diamond Shoals,META00704,1.2532967561184747,0.038365272046601277,1.3646531810001912,0.038594214090502635,0.69106295687086761,0.02545769930557655,0.70528011268750868,0.015132165016270023,674830.34291826468,13,8192,0.0015869140625,0.0016477480776272428,1.0110192982322534,False
41025,Diamond Shoals,META00705,1.3327528913520958,0.064807275548121046,1.2160433857669746,0.031626434617844278,0.95067442554368142,0.014256852908761579,0.79737138425862819,0.01577129418286986,671317.79222114827,8192,8192,1,0.99993897229342121,1.8473334394759302,False
41025,Diamond Shoals,META00706,1.1139596810136307,0.058061288397073835,1.1356537999868792,0.039902044705076266,0.85426303185932906,0.01460765309187915,0.80370089354734997,0.02033487022361578,665075.84635429771,7697,8192,0.9395751953125,0.93952154278042233,1.1710574945626901,False
41025,Diamond Shoals,META00707,1.0976467338021068,0.047282957283048002,1.0459176983968026,0.03114342614829348,0.74364219367629603,0.021799476565909512,0.73015855083107273,0.020900244892754584,617411.46142143989,228,8192,0.02783203125,0.027889661906505554,1.3008075028831696,False
41025,Diamond Shoals,META00708,1.3873758684313366,0.062812710820220399,1.1010271422449072,0.036436879337294982,0.65867832032753881,0.021292661497154412,0.86986093171832768,0.014518069706197704,681363.14256172325,12,8192,0.00146484375,0.0015256926644696693,1.0053247984566749,False
41025,Diamond Shoals,META00709,1.2052108610919789,0.055082557381186753,1.3138066052866082,0.032326511847437088,0.78303601344437168,0.023359432628023639,0.6867731535137479,0.019383282031101713,692296.60231142247,14,8192,0.001708984375,0.0017698034907848163,1.0235028157770907,False
41025,Diamond Shoals,META00710,1.3012675504786468,0.057799399114361744,0.96480016645586075,0.026016102986883786,0.68499807152897774,0.016636063944845608,0.81144551208818005,0.017634119111538275,587167.99515475077,461,8192,0.0562744140625,0.056328573172220189,1.4257081952175994,False
41025,Diamond Shoals,META00711,1.3082909523121085,0.039375544426610183,1.0817728222952112,0.038219186739628881,0.85387397399281428,0.014759501266213004,0.83748457082418004,0.018706290899380237,623661.35946649651,8192,8192,1,0.99993897229342121,1.1870933406797188,False
41025,Diamond Shoals,META00712,1.1560123219584209,0.058801286386645155,1.179898324708831,0.044476441543497364,0.73443627890532337,0.019627124957476552,0.68046071559110577,0.019398725262614623,696577.04820219881,6,8192,0.000732421875,0.00079336018552422804,0.97501069589652145,True
41025,Diamond Shoals,META00713,1.2739187066152431,0.037267307718300315,1.0799538133349529,0.036763347069653854,0.7392748034772636,0.018741290333061711,0.69680696795796282,0.018048078396996757,601430.03423775162,58,8192,0.007080078125,0.0071402416697180521,1.116004374125652,False
41025,Diamond Shoals,META00714,1.359644522370216,0.055894204077514331,1.2210771227332764,0.026361862577035603,0.78934000621133305,0.025278145913673718,0.72361521549402041,0.022605911524625599,703665.06313740148,77,8192,0.0093994140625,0.0094592945197119489,1.1479215803340554,False
41025,Diamond Shoals,META00715,1.3613917650847136,0.036939171623754062,1.4390611952923049,0.034710104166037654,0.74499527180344338,0.015638965446118439,0.73601367002445639,0.025713089520952633,665829.24426339718,10,8192,0.001220703125,0.0012815818381545221,0.99119954558868895,True
41025,Diamond Shoals,META00716,1.4024203960816124,0.037240709508904589,1.2143076208270569,0.035273425160192086,0.93539095535580208,0.015423111262998449,0.86959460542160716,0.018234382079786025,650064.67502522073,8192,8192,1,0.99993897229342121,1.6975751819840523,False
41025,Diamond Shoals,META00717,1.1050185161073383,0.04659820982489174,1.0718082626765668,0.039336495940230642,0.8785272368560606,0.021390723388548354,0.76227606592793551,0.020980277069487581,681087.61577095732,8125,8192,0.9918212890625,0.99176125961186379,1.1235384789240888,False
41025,Diamond Shoals,META00718,0.98104207719711667,0.057619481240288033,1.1223089277829299,0.032671122371503047,0.7038145153048484,0.018260282724772373,0.79001805064077968,0.01974553114381598,613687.24176008871,82,8192,0.010009765625,0.010069571585499816,1.1604780478575947,False
41025,Diamond Shoals,META00719,1.4094916076120705,0.03824647982227438,1.3892227540396882,0.043705357751546436,0.84355860566859509,0.022642752540727142,0.69115528102128088,0.014088280493867834,727195.24476072402,8192,8192,1,0.99993897229342121,1.7572180560643353,False
41025,Diamond Shoals,META00720,1.024815000321071,0.059103040579081043,1.1314285005857239,0.03817569387827667,0.84788764063124666,0.024933121180610647,0.91679272769653208,0.02149689847918336,743610.20493697247,8192,8192,1,0.99993897229342121,1.0845746996758574,False
41025,Diamond Shoals,META00721,1.4251737625740462,0.047542557182138193,1.0787114128585442,0.043274576395495951,0.75624622271034714,0.018555833583705997,0.67520919511491362,0.022355195241500626,683131.93378392677,401,8192,0.0489501953125,0.049005248382765779,1.087344232661694,False
41025,Diamond Shoals,META00722,1.0263293113871303,0.042685266873314129,1.3962242113826622,0.029607034410534867,0.88633909438251235,0.014195120377434331,0.69861892014859761,0.025297004554289629,619734.83116443583,8192,8192,1,0.99993897229342121,1.1912098854682427,False
41025,Diamond Shoals,META00723,1.0596579366877636,0.047485139002220816,1.2458340366076852,0.044962310873930544,0.74780317878661473,0.017720568058808596,0.65361218032934976,0.019016772382132729,662210.87183950003,13,8192,0.0015869140625,0.0016477480776272428,1.0025811795327799,False
41025,Diamond Shoals,META00724,1.2440997552115594,0.037837457796977447,1.2583039475543218,0.034878149744265403,0.88179302841664531,0.017755873498496326,0.74422600713994547,0.016277412451482873,632314.33490703977,8192,8192,1,0.99993897229342121,1.2752682027461253,False
41025,Diamond Shoals,META00725,1.3669947523420514,0.054060889127408591,1.1535675451199245,0.042351438376247663,0.9218056584126102,0.021760912791305206,0.81752639680660555,0.022914242260866899,778995.69382855529,8192,8192,1,0.99993897229342121,2.0476063661280808,False
41025,Diamond Shoals,META00726,1.1933932401122618,0.054984946103737935,1.2223016193675131,0.035307485299518326,0.91011225097641235,0.014507081588241648,0.90186942188568964,0.015088382851059448,651871.77583776647,8192,8192,1,0.99993897229342121,1.4937094768257833,False
41025,Diamond Shoals,META00727,1.4187255618093819,0.054216246900656448,1.0451264632687538,0.033537575666163666,0.89656254919325118,0.023067271051048523,0.64622683840967465,0.025830303163172232,724433.00623030541,8192,8192,1,0.99993897229342121,1.4478543257130496,False
41025,Diamond Shoals,META00728,0.98832823234013956,0.055211168235460989,1.1841221732136544,0.028011609420553293,0.88314925459598548,0.024604550779918178,0.69167401570552478,0.018441454583303995,659279.69754681748,4383,8192,0.5350341796875,0.5350299035762236,1.2444843103108014,False
41025,Diamond Shoals,META00729,1.003197443102201,0.040862545988693683,1.2070191391555469,0.03292857366732943,0.90783206123367233,0.019778265521576233,0.64969351989077195,0.023201844955570511,639494.63021811179,8192,8192,1,0.99993897229342121,1.1991548407128025,False
41025,Diamond Shoals,META00730,1.242151414311663,0.043832218990879857,1.4127446932254335,0.035263689563280735,0.66857745615281172,0.01920089402066226,0.95968498645694678,0.022548468824104849,699391.23973426782,15,8192,0.0018310546875,0.0018918589039423899,1.0187534152365374,False
41025,Diamond Shoals,META00731,0.99684567794920065,0.062618610637403427,1.2660380852867985,0.033939171555582404,0.85030255285311795,0.02167862784823095,0.87163643935005775,0.018291729743336097,701803.12307014829,8192,8192,1,0.99993897229342121,1.0832614208151849,False
41025,Diamond Shoals,META00732,1.2412029893177896,0.062997660878194167,1.1598298273046561,0.038587446548971401,0.89572839916352043,0.018347576208937677,0.71918338858184039,0.01982433827974113,712598.16880197846,8192,8192,1,0.99993897229342121,1.5998039140791871,False
41025,Diamond Shoals,META00733,1.264626527265801,0.062960882610908014,1.1337382019163709,0.0295298173490843,0.72680030353583047,0.02517174829180932,0.68430645491468134,0.016436232053989898,669716.79368597234,64,8192,0.0078125,0.0078725741486634932,1.1240405160939906,False
41025,Diamond Shoals,META00734,1.2201373452425759,0.062244491274115243,1.2880804696943113,0.0257966479450264,0.69870574648076023,0.017858703595923474,0.64890845918853235,0.018689646688321033,616612.93616692931,60,8192,0.00732421875,0.0073843524960331992,1.1184278159433647,False
41025,Diamond Shoals,META00735,1.0488166757236355,0.05118619759406387,1.118902366131427,0.041451811784040782,0.9471133951824382,0.018807235938822654,0.64650444557350173,0.024628248067022594,691559.94519136753,8192,8192,1,0.99993897229342121,1.5876556843745475,False
41025,Diamond Shoals,META00736,1.4327335336795692,0.052519145836441648,1.3081724918929967,0.039863065398237349,0.82419622148708904,0.02592366613520879,0.91127454971488109,0.018311884930579912,795245.57042642555,8192,8192,1,0.99993897229342121,1.5196598992858186,False
41025,Diamond Shoals,META00737,1.4261905035297089,0.041050031483703592,1.2172369190187897,0.033295935856866479,0.64326713872928265,0.021350271729347177,0.72498339828876246,0.015476597322137835,618315.58533123683,17,8192,0.0020751953125,0.0021359697302575369,1.0248009607547759,False
41025,Diamond Shoals,META00738,1.2729883773002584,0.048456334746407231,1.2634934350027383,0.040766196466128633,0.94450877917140019,0.025003532329712308,0.77237516625579294,0.017191724850683432,766150.86804518651,8192,8192,1,0.99993897229342121,2.0114770134303566,False
41025,Diamond Shoals,META00739,1.3706052391297201,0.051133951447420556,1.1197911089396482,0.034469828549885506,0.70542614123769432,0.022926282255314567,0.64535717305709439,0.020778287245158445,665686.76093700528,16,8192,0.001953125,0.0020139143170999634,1.022451433534401,False
41025,Diamond Shoals,META00740,1.4069702432305247,0.060913240561598074,1.0518501442124111,0.02759041880941248,0.70048905131600658,0.015135212156663072,0.85142249431023409,0.021065384255764461,637510.73040510376,165,8192,0.0201416015625,0.02020017087757842,1.2376227454253914,False
41025,Diamond Shoals,META00741,1.2004643805763398,0.039142204088545823,1.3392278206786035,0.036632012737494626,0.82883329050420207,0.017789321772952511,0.77154433735732841,0.022701521475710841,674623.25024535542,1041,8192,0.1270751953125,0.12712071280361284,1.1731662034715657,False
41025,Diamond Shoals,META00742,1.1246452518717673,0.036567393902307829,1.2064359794600286,0.044047862068472138,0.95571074296134362,0.018655638024486911,0.90770787696329136,0.02492614859447452,734739.11649176816,8192,8192,1,0.99993897229342121,1.8042603425184485,False
41025,Diamond Shoals,META00743,1.3720602869524003,0.053429282257948893,1.0687392415481229,0.043508594659825303,0.86472110442603622,0.022034644813757526,0.92832493121110815,0.015303172729330867,733450.54201053921,8192,8192,1,0.99993897229342121,1.6064308202729467,False
41025,Diamond Shoals,META00744,1.1895628385662964,0.038984987185984393,1.0503670894693495,0.035595350037659811,0.78058922541538001,0.015019106951311057,0.90311060864568948,0.019263508504715872,600071.31393596216,117,8192,0.0142822265625,0.014341511046014891,1.1959182979475216,False
41025,Diamond Shoals,META00745,1.1918906994981309,0.036813019997616665,1.0059845698091086,0.027387632495211534,0.65245696585244528,0.024053656114438056,0.77125112627497416,0.02346745726780719,593936.24472935381,2404,8192,0.29345703125,0.29348224093738556,1.5046596976583124,False
41025,Diamond Shoals,META00746,1.0891061799799648,0.061661749456889597,1.1476329660106936,0.038160414321117699,0.66163315814897261,0.018969753385821492,0.69575901949628338,0.023647095800579842,662829.1547858502,11,8192,0.0013427734375,0.0014036372513120956,0.99778410929352013,True
41025,Diamond Shoals,META00747,1.2447854228643078,0.051376024306901136,1.2995728308868846,0.033733363046105379,0.69989521198460691,0.024837635562035665,0.84585026527121721,0.015140791818657611,682134.20737816836,14,8192,0.001708984375,0.0017698034907848163,1.0154768189600074,False
41025,Diamond Shoals,META00748,1.0608410662911172,0.050173852646961586,1.1616793267480314,0.02696138476291288,0.73071146973208267,0.01653826112599396,0.88921653890994068,0.015692867423657962,572957.45970615523,247,8192,0.0301513671875,0.030208714756499451,1.3227974817937007,False
41025,Diamond Shoals,META00749,1.000082463444941,0.061445865941108901,1.1287459968447644,0.027300161448885734,0.79970448242052938,0.016150552810572462,0.84659359971860237,0.018547730610124342,602777.64317762537,210,8192,0.025634765625,0.025692664469669231,1.287094946438248,False
41025,Diamond Shoals,META00750,1.3045052217990198,0.058346812709943005,1.3095794578445599,0.044255673224349007,0.86968308522926518,0.014432286811230242,0.84628537766146705,0.021559796101699252,749764.62033713562,8192,8192,1,0.99993897229342121,2.0067363688098458,False
41025,Diamond Shoals,META00751,1.1065888697362951,0.046680275331521637,1.0526928543990746,0.039054473589364654,0.84983121454776067,0.018902607707059267,0.73092598472280912,0.025619697547347189,668266.0293207505,47,8192,0.0057373046875,0.0057976321249847427,1.0652519767351523,False
41025,Diamond Shoals,META00752,1.2890802740365392,0.036517829868029254,1.1574565539106563,0.032953145165194243,0.82318369521439705,0.017196942202703732,0.64999833910424798,0.025874594493111525,622028.42810547375,83,8192,0.0101318359375,0.01019162699865739,1.152260945341671,False
41025,Diamond Shoals,META00753,0.97487330174035414,0.053910355542138383,1.4076355782420618,0.025681060106894995,0.83380830707564901,0.025010869773307243,0.87787792871028969,0.023316141080905267,704549.2291133611,311,8192,0.0379638671875,0.038020261198584156,1.1616589154015486,False
41025,Diamond Shoals,META00754,1.0996415638310142,0.043597172857218307,1.3693201195180242,0.035624126905296663,0.66446493605811463,0.02008746737007764,0.68668666560476299,0.02365766094743868,653591.08832278708,32,8192,0.00390625,0.00396680092762114,1.0505023938820284,False
41025,Diamond Shoals,META00755,0.96873264425603656,0.041003438753767794,1.0306854465893258,0.038543532327187546,0.81815696636435942,0.015861507759243679,0.7770251512911438,0.025733583810774778,619539.28738084075,116,8192,0.01416015625,0.014219455632857318,1.1903708989784869,False
41025,Diamond Shoals,META00756,1.2328837601613849,0.052148697541177833,1.0397950391855209,0.042742195592184992,0.70586092639397446,0.014067669995115101,0.8704069074055738,0.024335141877344948,665810.24442817969,11,8192,0.0013427734375,0.0014036372513120956,0.99161570102041474,True
41025,Diamond Shoals,META00757,1.4139667836465464,0.047591332401519838,1.1463729817269432,0.038996271907512002,0.88087988729365152,0.018342480272330788,0.84993795877549239,0.01967005601128953,705489.7991204604,8192,8192,1,0.99993897229342121,1.5917433793144355,False
41025,Diamond Shoals,META00758,1.3948691617466382,0.048005321447158619,1.2911337323646017,0.04055956252134385,0.64040049485271633,0.01736721741379034,0.72528776065800582,0.015046859492116415,655666.43042683462,6,8192,0.000732421875,0.00079336018552422804,0.97333074826975008,True
41025,Diamond Shoals,META00759,1.1527391681506223,0.052305309837279587,1.407991443905658,0.028397794529004563,0.7465518147128799,0.023957362722577133,0.79085404480856769,0.015376138227418202,661286.32458425243,19,8192,0.0023193359375,0.0023800805565726839,1.0427886448425818,False
41025,Diamond Shoals,META00760,1.1277585827859193,0.040940757288947756,1.012386197822984,0.04288939867852979,0.80333763154492632,0.02070921777402953,0.94000181898643875,0.016580323709672301,654135.06277555914,21,8192,0.0025634765625,0.0026241913828878309,1.0380798915043736,False
41025,Diamond Shoals,META00761,1.4172678600704607,0.052223292997245666,1.3041201333505543,0.033074990049908867,0.67818269189519509,0.020130273115968027,0.74618303114491191,0.024733204229714777,699280.53855363256,11,8192,0.0013427734375,0.0014036372513120956,0.9985780047589673,True
41025,Diamond Shoals,META00762,1.3032515039267616,0.051418670545009829,1.0702942607926307,0.033924496100788168,0.67008346151474585,0.014890583783705738,0.72236550846766334,0.015556980377599202,584528.38201201521,56,8192,0.0068359375,0.0068961308434029051,1.1133922476032978,False
41025,Diamond Shoals,META00763,1.0256764798525093,0.040525504355554923,1.3256499924937408,0.044279121882839896,0.95377116836955289,0.019402834083589251,0.87433939863000254,0.019128987110776999,729550.65492831194,8192,8192,1,0.99993897229342121,1.8496544944004172,False
41025,Diamond Shoals,META00764,1.1706672124716941,0.040574830277370619,1.3111734826935875,0.041328864436346369,0.70092747457990201,0.018914140907237805,0.95050132466271453,0.017820879427028449,678387.21492601535,14,8192,0.001708984375,0.0017698034907848163,1.0081284732303737,False
41025,Diamond Shoals,META00765,1.0589453674503595,0.039744280232339509,1.1649792972927291,0.037059327766901157,0.93243598074913892,0.024147803360059741,0.88279330959716162,0.01597348461616491,690406.78866340662,8192,8192,1,0.99993897229342121,1.3182883584487972,False
41025,Diamond Shoals,META00766,1.0010839292080527,0.049554748041608462,1.4273984569174798,0.030448271975429687,0.87773948620186726,0.025612927855593305,0.88752803404697667,0.015712946679061406,705206.3720674701,8192,8192,1,0.99993897229342121,1.2389635325556738,False
41025,Diamond Shoals,META00767,1.2925238053245311,0.039091101231119606,1.2642470145143696,0.042403786915395827,0.7520243261116103,0.015984865169152342,0.88660172822745698,0.015601236841869813,653708.2327853716,34,8192,0.004150390625,0.004210911753936287,1.0326794782386088,False
41025,Diamond Shoals,META00768,1.0467886393270986,0.044989264643161636,1.1670149625359627,0.03736737449607011,0.64887497639660563,0.017053859869122334,0.66701536775886183,0.025745888407323038,615341.77111264062,29,8192,0.0035400390625,0.0036006346881484195,1.0530868543778522,False
41025,Diamond Shoals,META00769,1.4080396804339308,0.047302532657319672,1.0843795089047208,0.036184859988225335,0.79516332752681107,0.016166839446916006,0.75694562939819898,0.019921822391912543,643626.71630385856,22,8192,0.002685546875,0.0027462467960454044,1.0297873817654266,False
41025,Diamond Shoals,META00770,1.2958237058701982,0.061633249447334199,1.0804835970551541,0.031135359744080576,0.85589340690450622,0.025973707059196834,0.65815689187983573,0.022539949528631888,726422.55398199859,537,8192,0.0655517578125,0.065604784572195776,1.1081239668670895,False
41025,Diamond Shoals,META00771,1.3685991028899447,0.059990636279535103,1.3586738152931792,0.030438047670290968,0.85899842534542858,0.021474163016337006,0.64061886384574074,0.01550617579993923,702373.34137265722,8066,8192,0.984619140625,0.98455999023556695,1.352949324996835,False
41025,Diamond Shoals,META00772,1.3794331438695595,0.040982471253883816,0.98761165724758759,0.03173274748363196,0.93148369815990051,0.024725624935116854,0.80700083085116769,0.023748872406028444,706660.00361140713,8192,8192,1,0.99993897229342121,1.3301389072171397,False
41025,Diamond Shoals,META00773,1.2129509594725922,0.061950113832800066,1.419630132926661,0.043478180815350501,0.92586797438417623,0.015747178959729154,0.66333372160266335,0.014806286318113327,731686.3828422795,8192,8192,1,0.99993897229342121,2.5518744410404675,False
41025,Diamond Shoals,META00774,0.9959223452689665,0.044317019025091699,1.0942255787031454,0.037524561986928211,0.77975468884711019,0.017230256614316302,0.75536673427258194,0.015409089235789064,590193.21374084253,64,8192,0.0078125,0.0078725741486634932,1.1280413173206811,False
41025,Diamond Shoals,META00775,1.3735464161342061,0.039329802311679915,1.4229218926164953,0.035022965189191166,0.69276819880852436,0.025027443415102699,0.8344711217157188,0.019309368549035838,706054.42212969926,10,8192,0.001220703125,0.0012815818381545221,0.99097140477590251,True
41025,Diamond Shoals,META00776,1.3510498446009276,0.045889988974459214,1.4287308099140568,0.03630033867283923,0.94613946217190636,0.021966652592629383,0.66786766663117481,0.020792411431076328,748333.70668001589,8192,8192,1,0.99993897229342121,2.1661575898692034,False
41025,Diamond Shoals,META00777,1.1216889117583029,0.038341605069787586,1.4277334299469777,0.025941630626746794,0.8251974478393842,0.014532559662246397,0.68244766065994888,0.018511028285986428,568536.353877777,93,8192,0.0113525390625,0.011412181130233125,1.1695489237587393,False
41025,Diamond Shoals,META00778,1.2068428128309645,0.048119802951990594,1.0618256650402904,0.03943080131223918,0.68757616995816462,0.016654230713540927,0.95347869321620582,0.022977777021500778,662452.85128091264,16,8192,0.001953125,0.0020139143170999634,1.0202370958758586,False
41025,Diamond Shoals,META00779,1.0236770815235592,0.053200922727665648,1.1835723162494742,0.031252652464643614,0.82842596455377349,0.0184284339903097,0.81211906070738427,0.014713891382151512,613378.44631687237,80,8192,0.009765625,0.0098254607591846694,1.1575483351829217,False
41025,Diamond Shoals,META00780,1.3212952866679351,0.04047898800930113,0.97391709891642542,0.037623605299955967,0.78513552214875437,0.023545895109344017,0.64025044742590753,0.024209234068543958,657119.75166772166,78,8192,0.009521484375,0.0095813499328695224,1.1445852547102353,False
41025,Diamond Shoals,META00781,1.2659026052033899,0.039822174344208594,1.1514674020641777,0.028088191155454023,0.9397690399520211,0.017649948180513561,0.71493090667424586,0.01479855223100573,593784.7450617702,8192,8192,1,0.99993897229342121,1.2923969021541721,False
41025,Diamond Shoals,META00782,1.1669695511243339,0.06025602667302031,1.0904593808387248,0.026668883598978808,0.81623677617521651,0.022352390499814079,0.78723626602218422,0.023685961505102472,677339.22551591124,224,8192,0.02734375,0.02740144025387526,1.2919650416187338,False
41025,Diamond Shoals,META00783,1.2173864115594419,0.037095360733983472,1.0876776195043358,0.043131941261363119,0.75774901013019968,0.022296313368142581,0.9223587718103381,0.023438660339256137,702746.90807593102,11,8192,0.0013427734375,0.0014036372513120956,0.99697262537389009,True
41025,Diamond Shoals,META00784,1.096258944252229,0.038515942836792799,1.4214085487990604,0.040093984919921256,0.69776475996970599,0.017335897125579442,0.67106213884510157,0.02070174311028225,650584.86083293112,47,8192,0.0057373046875,0.0057976321249847427,1.0487077044342088,False
41025,Diamond Shoals,META00785,0.99200426798531549,0.043794517372874306,0.99083352400911717,0.035225987752300195,0.76787829536773233,0.022522244706319729,0.86359239028203572,0.020045423076797044,630972.11091013823,215,8192,0.0262451171875,0.026302941535457099,1.2910678526936885,False
41025,Diamond Shoals,META00786,1.1416661611254404,0.061190939304260644,1.000671888486081,0.036872681267165759,0.75302037573443126,0.02251512277530706,0.92532575602566269,0.021586849679083905,701642.39117147599,36,8192,0.00439453125,0.004455022580251434,1.0772811401077815,False
41025,Diamond Shoals,META00787,1.262306515470657,0.062022088058020321,1.1143673584501859,0.032200867275085109,0.64835216461763656,0.022744983514362216,0.78828707972262935,0.025123959460760813,693756.8324043277,33,8192,0.0040283203125,0.0040888563407787135,1.0673125570554134,False
41025,Diamond Shoals,META00788,1.1714346043103669,0.03672224180910183,1.3600280692633913,0.02794827782110652,0.95128376406472515,0.016178363239124673,0.78951517024858653,0.017391363022842037,609688.81268516346,8192,8192,1,0.99993897229342121,1.3492754270413265,False
41025,Diamond Shoals,META00789,1.2667592198669211,0.059717356133691765,1.1689656544220368,0.038549254645361769,0.94751973962651226,0.020409702970138586,0.80671405348524849,0.020225228883213809,747442.5995733767,8192,8192,1,0.99993897229342121,1.9483477736293877,False
41025,Diamond Shoals,META00790,1.0692687906228806,0.053793551789850222,1.2200910330389454,0.035086265917160131,0.64313644765918243,0.0221307193826627,0.71875334091278498,0.019086837374203761,640808.35832858831,17,8192,0.0020751953125,0.0021359697302575369,1.0351396821496546,False
41025,Diamond Shoals,META00791,1.2682688594398481,0.040580997637514715,1.0550915637885439,0.04154832997203757,0.65918571485601629,0.023865508896577216,0.8277068556980991,0.017459161273817934,650745.37691059988,12,8192,0.00146484375,0.0015256926644696693,1.0010204853296201,False
41025,Diamond Shoals,META00792,1.3989208125814063,0.064887401691647209,1.1323457392128224,0.035767912866440855,0.69298338590151387,0.021520948970186742,0.65919286226823803,0.016095399280252394,685739.63495998713,12,8192,0.00146484375,0.0015256926644696693,1.0019475252402397,False
41025,Diamond Shoals,META00793,1.3505470121891252,0.044376220113623917,1.1895275418977886,0.041734789175691844,0.75011137110709369,0.020603224604442427,0.84109498158886531,0.020836560093352142,707219.76495674788,16,8192,0.001953125,0.0020139143170999634,1.0113555532668617,False
41025,Diamond Shoals,META00794,1.0793316379036768,0.064062585833208063,0.96760551224399449,0.025219470578819833,0.83003045844681944,0.016475450468855384,0.76902919962935201,0.023256745260488324,611292.35297686851,563,8192,0.0687255859375,0.068778225314292687,1.4691942880613116,False
41025,Diamond Shoals,META00795,1.3250169785884358,0.049336538625832128,1.3803326749833968,0.036653068623991314,0.92686544888691769,0.020278287696405904,0.72853418113103408,0.023331972865624377,749765.27602307394,8192,8192,1,0.99993897229342121,1.9758944526617308,False
41025,Diamond Shoals,META00796,1.1261658075174488,0.06014068867317035,1.4379282820759314,0.035946279771427538,0.95349050295182525,0.024791872344158965,0.67858287991972122,0.017135211484113462,768679.64474232623,8192,8192,1,0.99993897229342121,2.0213351255987111,False
41025,Diamond Shoals,META00797,1.4156322690261078,0.04187422264299491,1.2219529860566185,0.042989695182646018,0.79013445189109011,0.016907259365715674,0.86306755256424883,0.017978902057176144,688290.82192467956,2993,8192,0.3653564453125,0.36537287928719636,1.263689266215825,False
41025,Diamond Shoals,META00798,1.1648992403401568,0.05647883667133953,1.2212798265007228,0.030467385465925211,0.81946189718475881,0.014130840313179285,0.66189973308887684,0.023995369966185787,625977.98132941942,37,8192,0.0045166015625,0.0045770779934090075,1.0767115594812451,False
41025,Diamond Shoals,META00799,1.3144432433485884,0.059517733203787504,1.3620411371647563,0.03425490265634467,0.95775913504270582,0.01715974834303037,0.69769275135585462,0.021931140114086464,728579.03239054582,8192,8192,1,0.99993897229342121,2.2052256814001066,False
41025,Diamond Shoals,META00800,1.3463553701864186,0.052053337019295959,1.3596136133516608,0.030611925668215349,0.72259080955739086,0.016055014323454554,0.83226947248923533,0.021731096702233554,666970.95718966681,12,8192,0.00146484375,0.0015256926644696693,1.0039271479164591,False
41025,Diamond Shoals,META00801,1.083145082079576,0.048901394461487842,1.1776051250829032,0.034865521564286621,0.80680058058852289,0.018658511460637957,0.85706523631582843,0.017509916783248647,642301.36351703177,35,8192,0.0042724609375,0.0043329671670938605,1.0687253618359607,False
41025,Diamond Shoals,META00802,1.3715030132472701,0.046312487249391007,1.3516176584191704,0.029792464991352158,0.91429316616842626,0.024426983288180142,0.74127747253461906,0.021363274156171487,731056.30248397158,8192,8192,1,0.99993897229342121,1.4279218456817306,False
41025,Diamond Shoals,META00803,1.3653776538131417,0.056744474604800865,1.4235786261719257,0.037130367476467571,0.82368960074234143,0.018893761115721618,0.76050279802756782,0.02119105150615308,748327.72940668382,8191,8192,0.9998779296875,0.99981691688026364,1.525540908638076,False
41025,Diamond Shoals,META00804,1.0553521218976014,0.055297552683329393,1.0938011886845491,0.042959689767519627,0.66692125931074397,0.023694786315078979,0.81790707171721089,0.017167054143810499,672590.81461752695,11,8192,0.0013427734375,0.0014036372513120956,0.99263316054500661,True
41025,Diamond Shoals,META00805,1.1635389840765626,0.037283676024582525,1.4385970293973787,0.035000263389512856,0.75426731276996328,0.023377709676839505,0.81453580605779974,0.025522566310096258,716182.54793127347,36,8192,0.00439453125,0.004455022580251434,1.0678267479526042,False
41025,Diamond Shoals,META00806,0.97395327016408495,0.058307796296652767,1.0933959794430277,0.040969473936936993,0.86809839696832036,0.016938338367428859,0.72292104589729167,0.024023294126299756,671118.21011904941,8176,8192,0.998046875,0.99798608568290004,1.0432276836348293,False
41025,Diamond Shoals,META00807,1.1206004407724812,0.060654446725384344,1.0277674641969226,0.04002054527426125,0.91696994459630965,0.014016887385962365,0.76590126403041481,0.024324604512863335,670513.24495866103,8192,8192,1,0.99993897229342121,1.4079226345400648,False
41025,Diamond Shoals,META00808,1.0243497132820509,0.062128854813164186,1.4237648310551456,0.033900070069101139,0.8884082148177419,0.018835999522169963,0.78566595870083555,0.023281149387357973,724066.18784073961,8192,8192,1,0.99993897229342121,1.3777389215700713,False
41025,Diamond Shoals,META00809,1.3563876328896447,0.064288128691328023,0.98621231875808668,0.042377933198385218,0.92961735675024593,0.020731975421078963,0.86694192593641028,0.017007653586089473,746308.27777535957,8192,8192,1,0.99993897229342121,2.0104694497222804,False
41025,Diamond Shoals,META00810,1.166698930311574,0.058757363563541845,1.0172172890315894,0.038303969109834073,0.76735456274824831,0.023368992230794673,0.93246412124368172,0.025199636337615558,736027.97653379175,18,8192,0.002197265625,0.0022580251434151104,1.0288260371931717,False
41025,Diamond Shoals,META00811,1.3694454466533204,0.059820503045674961,1.3193822641770896,0.034349388126978971,0.76300670948215099,0.017110456318983794,0.82119327659367825,0.025584872621038403,732847.31940331939,16,8192,0.001953125,0.0020139143170999634,1.0129723174976635,False
41025,Diamond Shoals,META00812,1.0694643642004551,0.054401481869893811,1.4355337967276776,0.037763456978581092,0.83923967650834808,0.021776397115380781,0.93523702779473994,0.022326244270256961,766189.9913992011,8192,8192,1,0.99993897229342121,1.3226991941445769,False
41025,Diamond Shoals,META00813,1.248908266168238,0.050303056506154548,1.1677513549883329,0.044530013812158334,0.75000773091757633,0.018387944938514481,0.81502099742733725,0.014821662948191452,674901.14183433994,12,8192,0.00146484375,0.0015256926644696693,1.0000041407616156,False
41025,Diamond Shoals,META00814,1.2700201495666055,0.045793690119544955,1.157260926170782,0.034519137526485152,0.91946441694925429,0.021051998905595695,0.94044020939648532,0.019447145676069148,706874.62408799469,8192,8192,1,0.99993897229342121,1.445474508055081,False
41025,Diamond Shoals,META00815,1.389657239684619,0.050140580945707953,1.2203010042353326,0.038828804041065992,0.75564955256328614,0.023564481419767726,0.71351596209567936,0.017702578683593255,709858.4578048808,140,8192,0.01708984375,0.017148785548639082,1.0487428304883193,False
41025,Diamond Shoals,META00816,1.1379747568822201,0.058513761180517168,1.2254344992217512,0.025532305796059758,0.67738847484178599,0.022214095141102275,0.92009167997307795,0.021608728635601947,657950.61684122623,153,8192,0.0186767578125,0.018735505919687537,1.2346806638463743,False
41025,Diamond Shoals,META00817,1.0268882355160049,0.064471366173991435,1.269143112877281,0.043170401054338246,0.85881651671044601,0.018574265451522624,0.83883534376509072,0.01961511795379349,735038.42228258168,8192,8192,1,0.99993897229342121,1.3542378763137963,False
41025,Diamond Shoals,META00818,1.1510186904299293,0.062352304592903127,1.2059115345929929,0.0278188642127618,0.94908555704676589,0.022989275252483433,0.86531903862352899,0.014126781022849843,693778.99603312032,8192,8192,1,0.99993897229342121,1.3433334306596372,False
41025,Diamond Shoals,META00819,1.1729830940581132,0.040927021487126132,1.3633856075365862,0.034982931740688429,0.66890263536113714,0.016872426554903851,0.69355856560313023,0.017880635256401118,610734.77859207324,13,8192,0.0015869140625,0.0016477480776272428,1.010441918468983,False
41025,Diamond Shoals,META00820,1.0341886364542778,0.038752997036884576,1.382422451211152,0.029821962547653815,0.65697415228933465,0.017757307238163426,0.93392138769016597,0.01906830187542239,605242.91998684313,466,8192,0.056884765625,0.056938850238008057,1.3100797990543449,False
41025,Diamond Shoals,META00821,1.2780028076204961,0.064119964718509087,1.2952546832484821,0.037872617902615223,0.82949396420840882,0.016903246126517339,0.69612691763010159,0.01588858924359457,697733.98207288049,8181,8192,0.9986572265625,0.9985963627486879,1.4294954357027807,False
41025,Diamond Shoals,META00822,1.1310637650210125,0.053058439147719148,1.0600625724126977,0.040371229450164983,0.73161022501844453,0.023262754245749702,0.79070763515924014,0.022448243130442587,692684.6717207887,12,8192,0.00146484375,0.0015256926644696693,1.0062900942340942,False
41025,Diamond Shoals,META00823,1.1662051886344116,0.053344452810472565,1.2117588512491646,0.043382229546261551,0.86652019219699195,0.024311130639928506,0.86004073297548378,0.021275233568788066,775601.81486568518,8192,8192,1,0.99993897229342121,1.4300463354564428,False
41025,Diamond Shoals,META00824,1.1424686169083875,0.046500982412341213,1.092318757894301,0.02927022272170662,0.64954058804152481,0.017708874535999345,0.87725051339566074,0.014921718911658286,564878.89868208556,245,8192,0.0299072265625,0.029964603930184304,1.3163643239045297,False
41025,Diamond Shoals,META00825,1.436818713511363,0.056716746164969703,1.3729285815412537,0.044002142891435725,0.82186485095552841,0.017617008039893713,0.73531427606409516,0.023552873490871505,781839.8802358117,8192,8192,1,0.99993897229342121,1.9485278046239787,False
41025,Diamond Shoals,META00826,1.1314648644001264,0.042091787392931027,1.2593265682605104,0.033650541832330794,0.65324767047359111,0.018317272458210746,0.68881813214188237,0.017178831662223823,591215.32069101383,41,8192,0.0050048828125,0.0050652996460393016,1.0867384169476535,False
41025,Diamond Shoals,META00827,1.3645918240240891,0.050701561706502841,1.3451298399078933,0.030049485864425397,0.82713586830789443,0.020303731619286086,0.65676779149213105,0.017683250518454364,669118.99587186426,315,8192,0.0384521484375,0.03850848285121445,1.0930217189860401,False
41025,Diamond Shoals,META00828,1.009409535126768,0.037521084895926267,1.1392878702630431,0.044546551832702917,0.76359508007093213,0.01821770623665777,0.71011894972248446,0.015387902160617008,614898.38934577885,11,8192,0.0013427734375,0.0014036372513120956,0.99584787162911625,True
41025,Diamond Shoals,META00829,1.2361859490839662,0.047862069240536209,1.1667436668244238,0.037772280865182736,0.9542324266088249,0.015187019646392567,0.76468773409881352,0.01773215382124874,653825.47651667951,8192,8192,1,0.99993897229342121,1.8181408218403676,False
41025,Diamond Shoals,META00830,1.2591579354846081,0.058619194360044716,1.1153653538498824,0.0268710826218908,0.87159285860618152,0.014027649810249686,0.95833409852594809,0.02219097422176312,652263.86196638283,8192,8192,1,0.99993897229342121,1.2479337122013361,False
41025,Diamond Shoals,META00831,1.2183194332073013,0.037744522704246643,1.2758059868804779,0.036970920470410853,0.90261214351064001,0.024568701128146912,0.94642091323876287,0.017888471896689337,728064.53955740598,8192,8192,1,0.99993897229342121,1.4130585832340363,False
41025,Diamond Shoals,META00832,1.2902217191079808,0.040199611091802083,1.0490314279627595,0.02983569254313518,0.71247960995875548,0.021994257963862368,0.92510493786208714,0.016915437960399075,612003.20162012707,256,8192,0.03125,0.031307213474917613,1.3286004059382031,False
41025,Diamond Shoals,META00833,1.0949930774937371,0.062874718183370995,1.0826240549256929,0.02596158255252622,0.93525278806562806,0.0234803100528128,0.70496991364531703,0.016595141614199293,663617.57547948346,8192,8192,1,0.99993897229342121,1.3257658181559966,False
41025,Diamond Shoals,META00834,1.235608160100891,0.04663614432991596,1.1946889579996576,0.039674658092624264,0.65139749843133676,0.015567376892801616,0.84718723544843888,0.016548283631270588,626778.90559475927,10,8192,0.001220703125,0.0012815818381545221,0.99046390057869094,True
41025,Diamond Shoals,META00835,1.3064589603639463,0.051383747880692873,1.4344617422025068,0.030813450678898617,0.70641916893700274,0.025123616579579747,0.92396770977036946,0.016652725898675919,709208.118183402,14,8192,0.001708984375,0.0017698034907848163,1.0182703654090732,False
41025,Diamond Shoals,META00836,1.3055169530332769,0.051075404682498389,1.2885709804294163,0.040610675387969371,0.77362633962967797,0.02143292542416152,0.91818228089867171,0.021724209133370441,755201.75611817918,1304,8192,0.1591796875,0.15922128646405467,1.1602160598009943,False
41025,Diamond Shoals,META00837,1.0896378156497817,0.043172998440500043,1.1813183486377417,0.030632015287352096,0.92143603107822414,0.025342415246706197,0.93005090961387271,0.022592289426797856,720475.06761032727,8192,8192,1,0.99993897229342121,1.2666173833422252,False
41025,Diamond Shoals,META00838,1.1656872746087625,0.03576382204669476,1.3568675222408122,0.029550616189148768,0.85013212480167277,0.024713114065020275,0.71459598552035164,0.019584744676017819,664402.59201083647,74,8192,0.009033203125,0.0090931282802392283,1.1411789755581265,False
41025,Diamond Shoals,META00839,1.171722420087989,0.050498268026657765,1.3046255350311073,0.02779889822339815,0.7584823242277321,0.017580206886051018,0.71083907410332581,0.025073989643064079,636783.15923002816,60,8192,0.00732421875,0.0073843524960331992,1.1229682594722352,False
41025,Diamond Shoals,META00840,1.2798170219878378,0.059227053069327212,1.4108155219771339,0.02720018635259721,0.67166902720613753,0.017530467855767382,0.75168235115336679,0.021266972615847556,653564.82864399056,12,8192,0.00146484375,0.0015256926644696693,1.0070461282904117,False
41025,Diamond Shoals,META00841,1.0440050473465798,0.039267518414297861,1.4067877077145403,0.034025419166483085,0.65924128504837221,0.014208552639743036,0.76299457330276088,0.021025524407279617,601709.23989456508,52,8192,0.00634765625,0.0064079091907726111,1.0948624280985053,False
41025,Diamond Shoals,META00842,1.0071837720673982,0.05906014206166306,1.0801493825739785,0.026981316218424305,0.74049766427334229,0.017969070477513727,0.66655891631457054,0.022267055071020107,589621.74221096525,302,8192,0.036865234375,0.036921762480165994,1.3552970797281485,False
41025,Diamond Shoals,META00843,1.0315291176529375,0.04353900256465059,1.086254464824117,0.040297212680676958,0.75954570654311837,0.021338247799268961,0.91535850507281979,0.016561820541498157,646669.9971143821,26,8192,0.003173828125,0.0032344684486756989,1.0565791660783008,False
41025,Diamond Shoals,META00844,1.3015441921642374,0.046794102518998029,1.2015150794916682,0.044156991697124101,0.75367788830400895,0.021014872164412054,0.85661535492810437,0.016479235115484124,705642.57086981088,123,8192,0.0150146484375,0.015073843524960332,1.057134098722043,False
41025,Diamond Shoals,META00845,1.4113266760050924,0.041350418040121954,1.1063451370523607,0.024906956574459033,0.91479886954698519,0.023647963489484728,0.8858760591588688,0.021989040170120357,686733.44100849226,8192,8192,1,0.99993897229342121,1.3736501394714591,False
41025,Diamond Shoals,META00846,1.2895156167713653,0.061048005162763069,1.0112277142158865,0.030681044590750647,0.87580962274345597,0.01601399710330528,0.67764388689496236,0.020746719670463671,638421.95138036483,4647,8192,0.5672607421875,0.567252532649823,1.198197433184683,False
41025,Diamond Shoals,META00847,1.0567076526734218,0.041157738823164869,1.2852402150592594,0.045218592245234973,0.80422364806929003,0.015970976742880855,0.76368746964104328,0.024714183533300967,691435.42201764125,759,8192,0.0926513671875,0.092701086293177096,1.1546738786451944,False
41025,Diamond Shoals,META00848,1.4047540903538183,0.035140035690974201,1.0185248798262321,0.0258885090660106,0.87913645832554044,0.02537034526662673,0.78017139141469427,0.020569572232476956,649423.57354621659,8192,8192,1,0.99993897229342121,1.4668535474735502,False
41025,Diamond Shoals,META00849,1.2632752290135802,0.058606185901822476,1.0967909487331318,0.034206830768724134,0.81637093160009133,0.022823255949625979,0.66356273401601673,0.023425734066786576,702438.53496220324,23,8192,0.0028076171875,0.0028683022092029779,1.0330483370760566,False
41025,Diamond Shoals,META00850,1.3775118751757898,0.044358321237714396,1.3630354264414328,0.042348896438952732,0.71290500974704851,0.018680673758816768,0.89400480528393556,0.014417724315994718,696787.42935434729,43,8192,0.0052490234375,0.0053094104723544486,1.0394060273456742,False
41025,Diamond Shoals,META00851,1.2906844661483603,0.06246970785867851,1.2710052551203628,0.034816096944295834,0.73962268611045578,0.018774357072044261,0.82019445348990694,0.017429222212376499,694157.36746727128,11,8192,0.0013427734375,0.0014036372513120956,0.99388316219966188,True
41025,Diamond Shoals,META00852,1.2364800568215792,0.038575437978628745,0.98971928884720417,0.025697670329734811,0.86168699697412277,0.021150969522639732,0.84360008762332994,0.014470563203676148,584604.74957459548,8192,8192,1,0.99993897229342121,1.5403393329311017,False
41025,Diamond Shoals,META00853,1.2831418233018224,0.047409754486836791,1.1879582905108372,0.040660104538613996,0.73755366068069217,0.023610842490010699,0.95159983912742008,0.022794448813441722,744506.7420939072,15,8192,0.0018310546875,0.0018918589039423899,1.0178275113929849,False
41025,Diamond Shoals,META00854,1.2539572439462703,0.046059545921951717,1.198077989868052,0.027627513677372907,0.84492500711717944,0.014332800510710602,0.75644296467319005,0.022226887562926928,606570.77319041349,145,8192,0.0177001953125,0.017759062614426949,1.2243407869158214,False
41025,Diamond Shoals,META00855,1.1856488548973148,0.055034061856482602,1.0437690862983828,0.044567627706923574,0.93208991842039635,0.01754358053146016,0.78069325835329728,0.015638525362500353,681116.05759638362,8192,8192,1,0.99993897229342121,1.7522656878117069,False
41025,Diamond Shoals,META00856,1.3308915792968263,0.059880528911587794,1.3358336904979542,0.044585911817594193,0.7247856435922011,0.02428597432380343,0.69235169806019248,0.022175530375040421,788384.70718198083,3578,8192,0.436767578125,0.43677529598437692,1.2584185823819405,False
41025,Diamond Shoals,META00857,1.2352900512984286,0.043905784965091864,1.0641068375870979,0.042487559184218031,0.70405055827664431,0.020247597344450963,0.67033084812458144,0.019644516985732403,640910.50780915085,11,8192,0.0013427734375,0.0014036372513120956,0.99743871532576411,True
41025,Diamond Shoals,META00858,1.4308130686212677,0.056053462372418199,0.96462420642151758,0.044364735465989291,0.82445494123224616,0.02257163703332573,0.93474590706529903,0.020050335301043734,753641.87658020656,8192,8192,1,0.99993897229342121,1.4177710231598204,False
41025,Diamond Shoals,META00859,1.1460960842972931,0.05750782557238477,1.166361069351731,0.0393700485667485,0.91807028395912804,0.024176553484562015,0.84523336990814935,0.014592677792633126,733085.81727674429,8192,8192,1,0.99993897229342121,1.5181219481947961,False
41025,Diamond Shoals,META00860,1.349040161496454,0.044608087050734054,1.1231979945384303,0.030822172730570183,0.86374477936905869,0.015905274832547694,0.95480290076073882,0.014054506107933492,613169.19333772373,8192,8192,1,0.99993897229342121,1.2091338227192512,False
41025,Diamond Shoals,META00861,1.2521722200458452,0.058687151251547692,1.0090382474329052,0.036170415257814469,0.73202908294006563,0.019698918317155874,0.84564603287514561,0.021692734946724891,676495.6923373295,35,8192,0.0042724609375,0.0043329671670938605,1.0709990221353936,False
41025,Diamond Shoals,META00862,1.4281692641836994,0.056127128266031029,1.2729831303474151,0.044230732679575328,0.70910090142140192,0.02574274395300747,0.94727839905034261,0.023298848385454651,822340.34388854064,1280,8192,0.15625,0.15629195654827291,1.1388982044792475,False
41025,Diamond Shoals,META00863,1.0936276745862603,0.035671820514507006,0.97864756353489502,0.041592760738936752,0.90355191842763405,0.016444804220618562,0.93734271374621225,0.01475007100690209,604744.19264998322,8192,8192,1,0.99993897229342121,1.2249490587889402,False
41025,Diamond Shoals,META00864,1.0083876891094383,0.063775097313036308,1.0766800841735318,0.029036286526760432,0.78082256335761258,0.023581042853310964,0.77480503216232499,0.020999901210449586,659859.39457497187,182,8192,0.022216796875,0.022275112901257169,1.2623087426490001,False
41025,Diamond Shoals,META00865,1.2501414532135779,0.04898904247789581,1.208341430745512,0.041656673823913346,0.7019884109156288,0.019667603147196538,0.64829262553956368,0.016231241298373417,656347.44031953393,8,8192,0.0009765625,0.0010374710118393751,0.98279016658762952,True
41025,Diamond Shoals,META00866,1.3552703253339959,0.053641014391546629,0.97249777436973284,0.026749333063073685,0.90672178371000101,0.020402614502964288,0.65542799172592026,0.022476437530234809,651502.54075393581,8192,8192,1,0.99993897229342121,1.3794364738326534,False
41025,Diamond Shoals,META00867,1.3179631114779371,0.058479438641165289,1.3819894435835618,0.032439045876274913,0.94932304741258333,0.020510559667967485,0.69892269339809698,0.01653983998975898,725101.05446803803,8192,8192,1,0.99993897229342121,1.9921555641403572,False
41025,Diamond Shoals,META00868,1.0947049346525193,0.052832767288216453,1.1120082329185157,0.037645699635926982,0.80223507207001599,0.016642031938218203,0.73122174395758166,0.014886298676259084,614937.00767608394,16,8192,0.001953125,0.0020139143170999634,1.0214916822755336,False
41025,Diamond Shoals,META00869,1.4097976083656287,0.050377818860542455,1.1994614713547775,0.035046248454944522,0.86080900453896503,0.016846040396212424,0.6945743006478432,0.016362628651116224,657163.01164378517,8170,8192,0.997314453125,0.9972537532039546,1.3941857145521033,False
41025,Diamond Shoals,META00870,1.0735246552647042,0.06431044052791561,1.200960077197311,0.033032827113624735,0.79589360224279415,0.014341999411585522,0.70772465484221869,0.021579788700983215,635431.38196498412,12,8192,0.00146484375,0.0015256926644696693,1.0085853799845346,False
41025,Diamond Shoals,META00871,1.1740961984355862,0.063398951362496125,1.4305406224838111,0.030534943384436835,0.82925398724870192,0.015964617746691116,0.8152244810374637,0.019285895971355188,683059.15384724736,300,8192,0.03662109375,0.036677651653850847,1.1239761247797295,False
41025,Diamond Shoals,META00872,1.1627792878213621,0.042818987146843054,1.2342640404128669,0.031969759158574154,0.73847730800660139,0.025596136439009768,0.89600662665497399,0.017691043149481583,668622.23457752087,62,8192,0.007568359375,0.0076284633223483462,1.1342510691760339,False
41025,Diamond Shoals,META00873,1.0759007174500732,0.061000345981577074,1.3689501727727866,0.029157276358747073,0.73141233364766833,0.017822548707531645,0.79479094391559546,0.02141569089241304,655481.42791047739,13,8192,0.0015869140625,0.0016477480776272428,1.0105770199115474,False
41025,Diamond Shoals,META00874,1.0328628216706062,0.049645351519887027,1.1915494771468493,0.029737440396589661,0.75522341355340294,0.021748139289870082,0.70830659143583652,0.023948249688071944,638828.02187734505,132,8192,0.01611328125,0.016172342243378494,1.2118784941359246,False
41025,Diamond Shoals,META00875,1.0393775214985592,0.058925448524942796,0.9953449995387923,0.028695782135213056,0.80913660782724572,0.02043013546865409,0.91641500678418286,0.024888175325157635,665977.26825889386,311,8192,0.0379638671875,0.038020261198584156,1.369881701451952,False
41025,Diamond Shoals,META00876,1.0562677287001845,0.057258536417177111,1.0103700395285515,0.028094370157836314,0.79326061841169948,0.019037498798858507,0.85380324242636363,0.021932483776974748,628129.47787071462,343,8192,0.0418701171875,0.041926034419626508,1.3821022235140594,False
41025,Diamond Shoals,META00877,1.2344691274388391,0.053949418976301393,0.96619796638358291,0.032609399530973943,0.75468109221463509,0.0237165309447602,0.7729025393889426,0.014155405333696998,631933.6142694517,175,8192,0.0213623046875,0.021420725009154155,1.2502588383883089,False
41025,Diamond Shoals,META00878,1.3022992735758145,0.044734462901777954,1.1738766006745116,0.044987469743404909,0.81287563998265555,0.024656059569515876,0.84304199307440164,0.016923465564781262,737016.43359552929,4881,8192,0.5958251953125,0.59581349932869521,1.2782199966751644,False
41025,Diamond Shoals,META00879,1.41898074235445,0.03638168249944114,1.2860631357614727,0.037478538456090504,0.74108464665952312,0.018185520358441797,0.66061260432785329,0.017846032276413598,636194.34535439708,10,8192,0.001220703125,0.0012815818381545221,0.99837033611590942,True
41025,Diamond Shoals,META00880,1.1096394154123055,0.062307678626682406,1.0075715486342698,0.025295563164836242,0.89743250365593508,0.015802310048459653,0.92563571487277196,0.023207578725946212,642392.31103523111,8192,8192,1,0.99993897229342121,1.4233855499365791,False
41025,Diamond Shoals,META00881,1.342913551663927,0.054925479785569151,1.154641882205548,0.045255649962596796,0.90731003931442333,0.022607713709588161,0.65315617053685204,0.01780850927701182,753833.72402981005,8192,8192,1,0.99993897229342121,2.1075402905837244,False
41025,Diamond Shoals,META00882,1.0401180304396065,0.051025862284745871,1.2045332800814059,0.03438240517548663,0.92064186914923085,0.017342943428759874,0.82529499642597914,0.017669327962658715,649865.98967701406,8192,8192,1,0.99993897229342121,1.2797344448609658,False
41025,Diamond Shoals,META00883,1.2777120263210204,0.057316853593546102,1.321503397827533,0.043050291982304895,0.83073474331596009,0.015021998004287688,0.8220128112606484,0.016831309456199893,714155.89830451191,8192,8192,1,0.99993897229342121,1.629789075351618,False
41025,Diamond Shoals,META00884,1.0298742948710682,0.045521457396554277,1.3570549652627901,0.0438804357478733,0.73796306524527888,0.025416161837793976,0.71156048935613514,0.022855547401069813,739321.56083711341,70,8192,0.008544921875,0.0086049066276089343,1.0488398680501239,False
41025,Diamond Shoals,META00885,0.96426847959770667,0.05211922642951896,1.0254146346047928,0.039175825876260548,0.80114730831672376,0.025307073425958622,0.92923372490435563,0.020661641519328162,700553.69994229428,48,8192,0.005859375,0.005919687538142317,1.1017960996101157,False
41025,Diamond Shoals,META00886,0.97376829182444935,0.044083893871700627,1.3720016918800155,0.029062212236975332,0.91506768302739783,0.015355350111341405,0.74777692467520307,0.025613719027434891,633759.5781675179,8192,8192,1,0.99993897229342121,1.2300712078165055,False
41025,Diamond Shoals,META00887,1.2747382684263631,0.047344252251793867,1.1350424989897683,0.027966773373207746,0.70761868875709488,0.025991736395752512,0.86501179125249983,0.025633719821943214,690293.75169820909,181,8192,0.0220947265625,0.022153057488099596,1.2616570764277215,False
41025,Diamond Shoals,META00888,1.254288110531532,0.06369402162398638,1.102391002827416,0.028922686937927898,0.64275045522876562,0.022156715106343004,0.84776574400737181,0.019108897387411349,657024.97259837983,101,8192,0.0123291015625,0.012388624435493715,1.1771420866883693,False
41025,Diamond Shoals,META00889,1.0345924077145574,0.056880396070777932,1.3187889165213158,0.028632490185089388,0.94524932806525763,0.016997091814627312,0.92745477891993988,0.020497243658369371,674019.84215017932,8192,8192,1,0.99993897229342121,1.3838067065673103,False
41025,Diamond Shoals,META00890,1.0416079146212429,0.047261481828266026,1.2826373275710676,0.025497032721589714,0.92326035069269807,0.015731967878348817,0.74458961645651611,0.01734320725967943,587185.69502633729,8192,8192,1,0.99993897229342121,1.2687123453726914,False
41025,Diamond Shoals,META00891,1.4058731052175963,0.044049129389423805,1.3155797264475497,0.038705060813020102,0.81337287890472443,0.019511050797205384,0.64419918629289907,0.021476388297311563,699521.22734305495,7273,8192,0.8878173828125,0.88777004760161116,1.3853764901348053,False
41025,Diamond Shoals,META00892,1.2272786184552646,0.049033422470203619,1.1407710063981025,0.026790541196960588,0.64646831624727641,0.01572380464332037,0.77840116774704848,0.02168600170769238,583319.76425287558,233,8192,0.0284423828125,0.028499938972293422,1.3025660235271059,False
41025,Diamond Shoals,META00893,1.3116796739941869,0.035803136585322803,1.1686897819348212,0.04352636047509998,0.64382337142280555,0.022675757222170023,0.65598279133007353,0.020865111356597906,654646.43708378752,8,8192,0.0009765625,0.0010374710118393751,0.98291050107749123,True
41025,Diamond Shoals,META00894,1.2680891664777461,0.045122472409867095,1.2819932597282717,0.03965120527017113,0.82760912935519082,0.017905119466939595,0.93870586122741684,0.018560212927602904,702004.19182338577,8171,8192,0.9974365234375,0.99737580861711217,1.2977484942324509,False
41025,Diamond Shoals,META00895,1.3108209646163138,0.056000816262157617,1.3339911925008221,0.037477080414445606,0.74262597957405763,0.024198443766918411,0.84916754621597623,0.017863926309873889,743527.22766855382,26,8192,0.003173828125,0.0032344684486756989,1.0357594817332514,False
41025,Diamond Shoals,META00896,0.99249130923942042,0.05025012403095256,1.3120507565605743,0.02848024426006026,0.7148286222724396,0.022580135615692543,0.81826564629861775,0.02598490532285376,666005.48508549191,91,8192,0.0111083984375,0.011168070303917978,1.1854703426859159,False
41025,Diamond Shoals,META00897,1.1993166621074516,0.059616369791562165,1.2097729645777457,0.028271024173815419,0.79174576053710988,0.025617726515644736,0.81876923106857891,0.014892950429874218,680915.89200528176,70,8192,0.008544921875,0.0086049066276089343,1.1348080969928993,False
41025,Diamond Shoals,META00898,1.1346251620659249,0.050446786997536595,1.0772759846483888,0.028427582171153522,0.93100441783672783,0.015515094519876938,0.85961263267839805,0.023533150764964761,635532.59335714427,8192,8192,1,0.99993897229342121,1.3162567109051357,False
41025,Diamond Shoals,META00899,1.427981879661371,0.050515319835711461,1.2286203047705349,0.030550571698977312,0.65655276076555047,0.017033363544433994,0.79421286235806687,0.020559498625868401,640790.74994412484,20,8192,0.00244140625,0.0025021359697302574,1.0405751688201668,False
41025,Diamond Shoals,META00900,1.3406768906360993,0.039537694810449241,1.3664903105259225,0.028865798210245021,0.88550967381821621,0.017135235154719129,0.89237773958336963,0.022383550009334181,669211.75489130046,8192,8192,1,0.99993897229342121,1.197816543687789,False
41025,Diamond Shoals,META00901,1.0767464619197402,0.055310947361430829,1.3411054010473578,0.032286095027233425,0.69407202216544117,0.016278429404996519,0.72789474545376565,0.015340416585980076,608160.37542393687,12,8192,0.00146484375,0.0015256926644696693,1.0045761631763186,False
41025,Diamond Shoals,META00902,1.0755497967049876,0.038843421428623369,1.3698453572504372,0.045238342598144,0.72502200001690897,0.020928659025034303,0.79647938284911268,0.016038025106275961,689124.52150682267,25,8192,0.0030517578125,0.0031124130355181254,1.0321581371906203,False
41025,Diamond Shoals,META00903,1.3513858354941539,0.038925689250090607,1.0573228000352559,0.044194237571455935,0.9563878779931283,0.023746115807559261,0.91478805942164843,0.017073235115635986,734991.15643870365,8192,8192,1,0.99993897229342121,2.0030141173862077,False
41025,Diamond Shoals,META00904,1.1422247548114639,0.035525236536962809,1.1631824663952788,0.031493479569406881,0.69583433628252778,0.018329257862591611,0.75869615106610155,0.021174076884946748,586713.61881161027,174,8192,0.021240234375,0.021298669595996581,1.2516246924470062,False
41025,Diamond Shoals,META00905,1.1794623523051431,0.048180889036341074,1.0311742437982008,0.04028424020862767,0.77163081870654537,0.014322049550575901,0.73880473316009398,0.017207609292718726,601793.55321236502,17,8192,0.0020751953125,0.0021359697302575369,1.0264788549706039,False
41025,Diamond Shoals,META00906,1.3256425538069412,0.047892030170729322,1.4155876250216444,0.029681535771177613,0.71027780362066562,0.024069435251529388,0.8380657346624798,0.022731992124557048,708844.03865311074,12,8192,0.00146484375,0.0015256926644696693,1.0092753790807936,False
41025,Diamond Shoals,META00907,1.2921513906970143,0.043916599887084837,1.0116551283338258,0.029947748511489024,0.76390468097667863,0.014517993540679203,0.75135783685827817,0.021623384328617223,580468.11563956179,277,8192,0.0338134765625,0.033870377151226656,1.3364585156518318,False
41025,Diamond Shoals,META00908,1.2019248022009634,0.052596069690380769,1.2844197052785611,0.035971075242008377,0.93622890605284936,0.025981562122621777,0.90797014740908755,0.019571765381748586,780876.69401014864,8192,8192,1,0.99993897229342121,1.6666800396669881,False
41025,Diamond Shoals,META00909,1.3112519965058562,0.055804981307072218,1.3522034944967847,0.039018323098705406,0.77304163644367208,0.020751330103611205,0.92944240031477166,0.020480808940459956,760006.64910781314,1939,8192,0.2366943359375,0.23672647381911388,1.2029890856585852,False
41025,Diamond Shoals,META00910,1.1587723712435507,0.048263380823234656,1.0468075650806397,0.02471024195585356,0.81788292441711841,0.024899829471018965,0.70101328010508701,0.025942822059468386,652681.28858975216,550,8192,0.067138671875,0.067191504943244232,1.4732856497735025,False
41025,Diamond Shoals,META00911,0.96534245525095008,0.044192145375286658,1.1904134082359872,0.026733135757056339,0.95857863969999735,0.019910170419886703,0.64166618174673806,0.020650682127253947,612021.74388539616,8192,8192,1,0.99993897229342121,1.3514311570422253,False
41025,Diamond Shoals,META00912,1.1676736993018184,0.052919586660655396,0.99462785880660765,0.034801423396643778,0.6633056326193284,0.024944941472953976,0.77385810619046791,0.018983771318244032,642671.44310996751,110,8192,0.013427734375,0.013487123153911876,1.1850571931088352,False
41025,Diamond Shoals,META00913,1.102622717079512,0.038043064155589841,1.3013552597246671,0.02957989500130577,0.86206757964467406,0.017125208513423095,0.93795103272010905,0.0213794740634165,639624.54819803953,8192,8192,1,0.99993897229342121,1.2088314544698791,False
41025,Diamond Shoals,META00914,1.1598232960295005,0.047710758035407169,1.1529495547326203,0.04414736889631745,0.76445254723384548,0.019958423928240491,0.82237250929599615,0.020860498499147097,697542.47644557559,8,8192,0.0009765625,0.0010374710118393751,0.98385047575015216,True
41025,Diamond Shoals,META00915,0.97315694281412279,0.037864363588763855,1.2616400133829768,0.029885487072161154,0.90428162376947496,0.023330822092229683,0.77631655068616245,0.015608695060805641,635434.47674139705,8192,8192,1,0.99993897229342121,1.2508060357213948,False
41025,Diamond Shoals,META00916,1.1604517657082263,0.047213368817965902,1.343866035113255,0.027549733897656789,0.69214637906515086,0.017974695147531649,0.66509751984401255,0.022141117996024043,605555.89448204008,62,8192,0.007568359375,0.0076284633223483462,1.122961144319546,False
41025,Diamond Shoals,META00917,1.0155316158641041,0.03806761319420874,1.3312561466916528,0.030102495075772822,0.74546380904664333,0.024010906873044021,0.66254691257496012,0.025432484763586637,644918.63923410082,125,8192,0.0152587890625,0.015317954351275479,1.1982472052317019,False
41025,Diamond Shoals,META00918,1.4122324142542679,0.058373232844915343,1.2799917326283377,0.026785426120356545,0.73476295401601299,0.025820995494417832,0.65203275747266598,0.020592111400416859,698514.48264005769,25,8192,0.0030517578125,0.0031124130355181254,1.0557779376780878,False
41025,Diamond Shoals,META00919,1.0724376147538777,0.044631149920609209,1.3999041602081324,0.02583944355103426,0.69464824886477328,0.019004040235983937,0.82069504675920202,0.015331309688189968,584040.01071289193,107,8192,0.0130615234375,0.013120956914439156,1.1944858177707942,False
41025,Diamond Shoals,META00920,1.1453971206737155,0.043418617617919056,1.3229206365952411,0.033956564364674091,0.73429621722944116,0.020583447442840803,0.78331363501057405,0.020690506393715981,658777.50367210887,15,8192,0.0018310546875,0.0018918589039423899,1.0227811444867865,False
41025,Diamond Shoals,META00921,1.3243219240010304,0.039832334941382691,1.2432287772248765,0.042151000053331958,0.91182555244300478,0.01899749271554594,0.74864636127066531,0.016485696232806945,691860.13951369561,8192,8192,1,0.99993897229342121,1.8456887388286378,False
41025,Diamond Shoals,META00922,1.0036230542432287,0.063971426702267881,1.2462037857959747,0.024872338682374352,0.84871461570364182,0.020820737208874417,0.7878074263684619,0.018212451872023548,642933.33890222572,175,8192,0.0213623046875,0.021420725009154155,1.237178729369399,False
41025,Diamond Shoals,META00923,1.1609703231086892,0.037337007927952456,1.4088396971755142,0.025667851953099813,0.95916502392300917,0.023494559437885781,0.91588254161754412,0.024217279489603828,714727.22468938155,8192,8192,1,0.99993897229342121,1.3853565893165365,False
41025,Diamond Shoals,META00924,1.4126764427746645,0.05756169807437117,1.0732565242759795,0.026630708374651899,0.68881223936551306,0.014239334161590202,0.85738367984480623,0.025384486908876361,642352.84206306981,193,8192,0.0235595703125,0.023617722445990481,1.2650716115828864,False
41025,Diamond Shoals,META00925,1.1582596726474745,0.035586791858317243,1.1555594972647916,0.036348473114888383,0.64812529419276443,0.024242570510605868,0.78122676688268944,0.022931637781109099,643642.10647037893,87,8192,0.0106201171875,0.010679848651287684,1.1481347465887246,False
41025,Diamond Shoals,META00926,1.1024614816005835,0.044579632626041352,1.0140199538013481,0.029372892357966324,0.78633037290356289,0.025666394482543906,0.7815702112627515,0.014327227003959052,613225.33179604565,390,8192,0.047607421875,0.04766263883803247,1.402168751007697,False
41025,Diamond Shoals,META00927,1.2257488634692526,0.048803907450059546,1.3808128129645731,0.027455464083721119,0.94324946730272008,0.025187227217001097,0.77509051796935791,0.022681718864344606,736735.08424410119,8192,8192,1,0.99993897229342121,1.3727803782831896,False
41025,Diamond Shoals,META00928,1.1151737830623436,0.045908293628285066,1.1613029768471803,0.028196293104712292,0.78017921988887917,0.014459110683032385,0.6927924202144391,0.022516721362963815,576570.12573838071,215,8192,0.0262451171875,0.026302941535457099,1.2875990718134525,False
41025,Diamond Shoals,META00929,1.2375529763055058,0.040023117970050939,1.1140303958487572,0.034513700523603842,0.71346942468641816,0.023832578439328768,0.88842671074839341,0.023735248191431076,677007.5700426877,75,8192,0.0091552734375,0.0092151836933968018,1.1468681398460923,False
41025,Diamond Shoals,META00930,0.97035355764450315,0.063582705840662612,1.3327952279844417,0.028186222487752866,0.78795808674929324,0.019072348915550486,0.66987134388350356,0.024637008892016407,651303.72599309729,33,8192,0.0040283203125,0.0040888563407787135,1.0674738662563545,False
41025,Diamond Shoals,META00931,1.1785807754288811,0.046469775914078026,1.0343938476387844,0.024931519230446352,0.81449956274462565,0.020384156079752851,0.82949818909180995,0.021500702823915877,616914.22544157004,578,8192,0.070556640625,0.07060905651165629,1.4901594063385213,False
41025,Diamond Shoals,META00932,1.1923350874133805,0.059431816365239885,1.1582165237669493,0.030752054018214705,0.79709798284754885,0.019572792908182347,0.94403694837564345,0.015456799942840094,658658.14716223418,55,8192,0.0067138671875,0.0067740754302453316,1.1105762760035602,False
41025,Diamond Shoals,META00933,1.0105777474619866,0.056954944343046487,1.4101271251890255,0.025722474290158125,0.80810809121688876,0.017002394061133505,0.77807890879786545,0.018461003731502931,617458.98230455886,55,8192,0.0067138671875,0.0067740754302453316,1.1109923222982052,False
41025,Diamond Shoals,META00934,1.1905810267729702,0.049756686624497198,1.3504305740475795,0.024999290849898607,0.82475175364309883,0.024382124066384486,0.88449030144368068,0.01500062690003858,662146.19485303306,96,8192,0.01171875,0.011778347369705847,1.1740272724017933,False
41025,Diamond Shoals,META00935,1.132938198913203,0.046936571863863352,1.3713655895603099,0.035485132359836413,0.86993979807334598,0.019600212689808279,0.66892569456959705,0.017014619670490838,669962.01365741703,8192,8192,1,0.99993897229342121,1.355449091642257,False
41025,Diamond Shoals,META00936,1.1156088852507966,0.06384249022105673,0.97243428586484248,0.039311317439192847,0.95224192214696712,0.018114316049793987,0.72268658002634945,0.019328846010481092,677421.63870701415,8192,8192,1,0.99993897229342121,1.509731872344255,False
41025,Diamond Shoals,META00937,1.0533740847212827,0.064405533457179615,1.3772087314334991,0.034285967766618367,0.94269875992719554,0.025320449413670974,0.86589689104793988,0.020319514011949563,787059.96458899102,8192,8192,1,0.99993897229342121,1.6307085590902801,False
41025,Diamond Shoals,META00938,1.3584770295189303,0.036187951102579913,1.0025200745281111,0.036076912478086698,0.90572409382457708,0.020917939858341152,0.66951394983309698,0.01920655536961834,638233.4280851878,8192,8192,1,0.99993897229342121,1.3371063961869858,False
41025,Diamond Shoals,META00939,1.2435148617543392,0.036277938019545548,0.97066977692123213,0.027912227255728367,0.86440342858161412,0.023102247767457972,0.95735183316406425,0.020299230795579923,642899.29500944237,8192,8192,1,0.99993897229342121,1.4989038820547445,False
41025,Diamond Shoals,META00940,1.2870404470572494,0.048099013817863474,1.0888222596419008,0.032514292326643025,0.75827706003875639,0.025363596322365536,0.79677185160665542,0.014645411698820944,654911.9826711549,79,8192,0.0096435546875,0.0097034053460270959,1.1539805070752895,False
41025,Diamond Shoals,META00941,1.2489875235540504,0.038492464791062012,1.1052398731533342,0.024831830569370134,0.77232248018383376,0.016315668893593264,0.76752350835160754,0.014674346568387535,538228.13920100848,520,8192,0.0634765625,0.063529842548517027,1.4609982693742518,False
41025,Diamond Shoals,META00942,1.421596465555875,0.047910932694240349,1.3308186407060312,0.028875203017738403,0.72122843040092033,0.020137348337598948,0.67978474928603994,0.016877917383372458,638351.90290177322,14,8192,0.001708984375,0.0017698034907848163,1.0152845799483186,False
41025,Diamond Shoals,META00943,1.0964294308378579,0.061369580340386198,1.1926277381142267,0.036224236345000188,0.91537697625834524,0.0175049258218983,0.90728981224243621,0.024119234357831809,725880.78048284771,8192,8192,1,0.99993897229342121,1.4223478823914255,False
41025,Diamond Shoals,META00944,1.2043059341538314,0.04178496858456042,1.4143474405981959,0.040446542913356795,0.87323225636129254,0.014248909948202727,0.8413327118291396,0.025091546285892267,713428.39687409927,8192,8192,1,0.99993897229342121,1.6402087504541911,False
41025,Diamond Shoals,META00945,1.2193983639188368,0.046093764890438246,1.1848925738601255,0.042898662125740353,0.72044031964210231,0.016106037410604606,0.72603869639290974,0.01889540997702787,647630.91597397148,8,8192,0.0009765625,0.0010374710118393751,0.98232407626831553,True
41025,Diamond Shoals,META00946,1.007553338848558,0.0379410262184516,1.312814682400423,0.034232548920382452,0.82617935570825041,0.014638802745560333,0.94533715732275803,0.015952748572572652,604585.13967188145,334,8192,0.040771484375,0.040827535701208346,1.1699574070222012,False
41025,Diamond Shoals,META00947,1.3891966761847774,0.055252955147263159,1.1427799141227313,0.044817097676784753,0.94127009074429147,0.015293010294170906,0.90915181266075351,0.02286687021504151,755935.81460861419,8192,8192,1,0.99993897229342121,2.4809052496594068,False
41025,Diamond Shoals,META00948,0.98322393176758072,0.042731692862243931,1.0198514626391744,0.041052846513544128,0.64412072232185014,0.01825155587289733,0.94149573658082075,0.02538916217613137,643302.47696202295,69,8192,0.0084228515625,0.0084828512144513608,1.1372794854588588,False
41025,Diamond Shoals,META00949,1.0473322671010998,0.035431045147712718,1.254433784025087,0.03270602957444646,0.8766772116671524,0.017179838239238038,0.69828318427821001,0.014369668243009802,583876.78507956455,725,8192,0.0885009765625,0.088551202245819596,1.180419251365191,False
41025,Diamond Shoals,META00950,1.4393152029639837,0.038554662398939399,1.0136797313886126,0.040416747358756083,0.65083127826817466,0.025231604843038859,0.83154438337677516,0.015923618285198927,646986.53452612378,16,8192,0.001953125,0.0020139143170999634,1.0194608737478124,False
41025,Diamond Shoals,META00951,1.011424389092886,0.048524916368649376,1.1165642635981201,0.041966120395991124,0.92411607766768167,0.022960993301861077,0.76884800694481958,0.014781319697095261,689035.14194982965,8192,8192,1,0.99993897229342121,1.3080410803524396,False
41025,Diamond Shoals,META00952,1.4154028576026128,0.06474542291583027,1.2277593784009158,0.031431144639652714,0.90386184852811025,0.018203075409435648,0.71562798264860028,0.025486932782350018,739520.7515944934,8192,8192,1,0.99993897229342121,1.6312551697371942,False
41025,Diamond Shoals,META00953,1.4248124661092991,0.039641471210773521,1.2958761465322057,0.040267754786040111,0.91977952714558642,0.018417020713849448,0.79321280524366478,0.023512039596579416,731981.77666450641,8192,8192,1,0.99993897229342121,2.0097272163324944,False
41025,Diamond Shoals,META00954,1.0689389225527943,0.045989302610196826,1.047619673724665,0.042635412307236831,0.7645050556411972,0.022168761709059716,0.80831435628570258,0.025344619077288719,693821.3472409544,12,8192,0.00146484375,0.0015256926644696693,1.0074982506178054,False
41025,Diamond Shoals,META00955,1.3901316865480253,0.052871231839042999,1.1447477834261262,0.027159482056523243,0.75782625838010054,0.021240721722911696,0.9486536674115893,0.024229777471856184,700143.60294052365,136,8192,0.0166015625,0.016660563896008788,1.2133820098413997,False
41025,Diamond Shoals,META00956,1.101070254701815,0.064009539071815405,1.2674035239879684,0.028121991758354739,0.74567562826623601,0.025088830035047902,0.73571070896583923,0.015792575377414204,665775.05509350996,44,8192,0.00537109375,0.0054314658855120221,1.0948578468567227,False
41025,Diamond Shoals,META00957,1.0314038735175752,0.055617200132871192,1.2832462099766182,0.038083681613974775,0.68316339358484857,0.025866740477709885,0.84883413772236704,0.014660565632979012,686681.9143787513,16,8192,0.001953125,0.0020139143170999634,1.0195437951092665,False
41025,Diamond Shoals,META00958,1.0603039945142056,0.043250906047127446,1.2340365179718018,0.037043318446747506,0.94099804295562728,0.015188238575759811,0.75031702643069842,0.017966266713502668,631726.47421086964,8192,8192,1,0.99993897229342121,1.4980725071520238,False
41025,Diamond Shoals,META00959,1.0785913171690678,0.047059804892042992,1.0763213375963352,0.030912559009075094,0.95324068306303389,0.022327579161753059,0.65081951286943795,0.024549546128093094,667426.88486158277,8192,8192,1,0.99993897229342121,1.2725345383968505,False
41025,Diamond Shoals,META00960,1.0404974901823412,0.059579051693031314,1.4367397839878895,0.040874679415123329,0.85100130907558191,0.025403918361946443,0.83641560289381978,0.024547108675250458,816328.80200755363,8192,8192,1,0.99993897229342121,1.4522680137504878,False
41025,Diamond Shoals,META00961,1.2553898638706107,0.05321737369086324,1.0583657524444028,0.038351637479592249,0.76064149879704024,0.016500994785518346,0.90174984428950766,0.016626705441110536,644937.59323589585,13,8192,0.0015869140625,0.0016477480776272428,1.0064626999994264,False
41025,Diamond Shoals,META00962,1.2293378664666879,0.060512502662374415,1.3005941030692543,0.026111380547608965,0.90328540921743727,0.021932998300858639,0.74206641254604111,0.01477736724467101,676147.07680379262,8192,8192,1,0.99993897229342121,1.1727258703513506,False
41025,Diamond Shoals,META00963,1.1532647197145451,0.062427018112745432,1.3993329862183705,0.035925579296893273,0.65292588519672556,0.025799298198247216,0.92686836341643841,0.015031340328442739,722771.9220887135,15,8192,0.0018310546875,0.0018918589039423899,1.0249324612620085,False
41025,Diamond Shoals,META00964,1.0273560423016317,0.052418001711807979,1.2837906347213754,0.031488725373749048,0.91713501756035987,0.021837881141281053,0.91755152872675361,0.022894905637567728,720559.79159133846,8192,8192,1,0.99993897229342121,1.2912826546205436,False
41025,Diamond Shoals,META00965,1.0672828818937727,0.062790891987561034,1.1594358637243012,0.038613716806995282,0.67321244155028159,0.019485301584366812,0.68414811510258033,0.014510678922299802,634183.26720237243,11,8192,0.0013427734375,0.0014036372513120956,0.99665338476990095,True
41025,Diamond Shoals,META00966,1.245536422976331,0.044453353078842746,1.3972139096801661,0.041845906238055369,0.90616915123039932,0.016133207060721227,0.87981444270191034,0.023580775196020122,745629.42416542093,8192,8192,1,0.99993897229342121,1.9706546414174646,False
41025,Diamond Shoals,META00967,1.3097466236839796,0.063294556483341383,1.0247627535388781,0.043900695504730365,0.90191028207489055,0.023938380069774515,0.83555097889584484,0.019300207980862807,777659.5227384693,8192,8192,1,0.99993897229342121,1.7912263994694475,False
41025,Diamond Shoals,META00968,1.3331093866386534,0.043374951700570583,1.0674243546340201,0.037837144422677292,0.95881708715453995,0.017402078264777597,0.77868964252647088,0.025567258412992584,692316.7989993511,8192,8192,1,0.99993897229342121,1.8090563597285299,False
41025,Diamond Shoals,META00969,1.173794220706603,0.057540811438521924,1.0610382402482317,0.039268627954411987,0.68086669401680466,0.024173210959373814,0.9418833972342372,0.014270101725877588,673550.5908727434,12,8192,0.00146484375,0.0015256926644696693,1.0045926849637346,False
41025,Diamond Shoals,META00970,1.2207693614326334,0.039731006699807218,1.2758595339716046,0.035351987712840198,0.78471345851471808,0.014726679633912708,0.85547039385964641,0.024616480836892669,654462.72223493806,15,8192,0.0018310546875,0.0018918589039423899,1.0216360974184124,False
41025,Diamond Shoals,META00971,1.2585897339318377,0.038467618684005091,1.0270084425893045,0.0301244398136968,0.80228548426997159,0.02267960692765892,0.71170646499014589,0.021144966998963642,621915.69900398818,293,8192,0.0357666015625,0.035823263761747833,1.3519894119706317,False
41025,Diamond Shoals,META00972,1.1755045303258631,0.054692992082941441,1.4146556912448049,0.042070369571099595,0.94655525744867008,0.014967160497941466,0.74210435780360628,0.021847977182379394,735697.66261484858,8192,8192,1,0.99993897229342121,2.39900950158572,False
41025,Diamond Shoals,META00973,1.0362906871265241,0.064715861350725254,1.006855418419468,0.029768441482522313,0.68803194993904215,0.017272984532419475,0.87568127194491607,0.024821558789100924,634150.6134569163,224,8192,0.02734375,0.02740144025387526,1.2961984281884,False
41025,Diamond Shoals,META00974,1.3624189703208311,0.04013094050234968,1.4220278154359747,0.0391045948082277,0.89428469195441451,0.025840077332256371,0.8946356092222445,0.016418890427450296,773794.71136110649,8192,8192,1,0.99993897229342121,1.7790638661973415,False
41025,Diamond Shoals,META00975,1.2373910972374453,0.058229803910410077,1.1046418967523917,0.029317099863019794,0.76672255730522798,0.020944054067911666,0.89249287815090561,0.01867664779478035,664145.89143258205,114,8192,0.013916015625,0.013975344806542171,1.1939244013203871,False
41025,Diamond Shoals,META00976,1.3230038847558678,0.035217336484031296,1.2541152777985722,0.026461720602299225,0.74395980188167754,0.024848640891520814,0.93119221777095684,0.025897385073896793,683017.30939468392,194,8192,0.023681640625,0.023739777859148055,1.2714064782376415,False
41025,Diamond Shoals,META00977,1.3358234470019361,0.043476148456363592,1.0713472233008727,0.034549617815843078,0.65585140684611365,0.014902701953860622,0.90833661436495394,0.015262793160697553,584176.69638233562,70,8192,0.008544921875,0.0086049066276089343,1.137697211015869,False
41025,Diamond Shoals,META00978,1.0902353610593258,0.060403714821906679,1.3510211674893542,0.034754429849250819,0.72666780243176021,0.014707191017926695,0.8904328942245332,0.023371204253080244,684531.05229252134,9,8192,0.0010986328125,0.0011595264249969486,0.99233583869495134,True
41025,Diamond Shoals,META00979,1.4339856781298495,0.064366933726738684,1.2653733548279411,0.039142135301247875,0.67865309780517125,0.022904402911320187,0.73709331247403154,0.022721033218212387,764646.81931173464,7,8192,0.0008544921875,0.00091541559868180155,0.97444820511107633,True
41025,Diamond Shoals,META00980,1.4273610755115911,0.064542806801619959,1.0501817726331704,0.02609118087215162,0.91140406631124649,0.015449494549957116,0.89983656301991988,0.014281860901444027,646433.3594679751,8192,8192,1,0.99993897229342121,1.2884140241063664,False
41025,Diamond Shoals,META00981,1.071327909800678,0.057960732476130275,1.0440455489875169,0.025447840484483883,0.86220993507337307,0.021220718693187177,0.95020814849677104,0.015729397839204573,631799.95061147457,8192,8192,1,0.99993897229342121,1.4262347545969201,False
41025,Diamond Shoals,META00982,1.197150886702617,0.041557351391477204,1.4042253062230936,0.035451382543610833,0.91891920185987175,0.020520132321680498,0.65766638559932578,0.019411979547267141,692305.07464986248,8192,8192,1,0.99993897229342121,1.6630864276415562,False
41025,Diamond Shoals,META00983,1.4147976304754701,0.043865182499831394,1.0338630268551108,0.035333362116486786,0.66784034731620334,0.025246844182904644,0.68197121294800334,0.017545463621641614,639382.29080497508,54,8192,0.006591796875,0.0066520200170877581,1.1074488510310343,False
41025,Diamond Shoals,META00984,1.0124729669351242,0.044507792120847066,1.0370004261708914,0.037011972177170331,0.80581283117097524,0.024917964799281673,0.90353566862928991,0.023232825361979806,693227.80137146299,104,8192,0.0126953125,0.012754790674966435,1.1835546291487284,False
41025,Diamond Shoals,META00985,0.98733209280219736,0.057109822662547036,0.98325392886298413,0.042917908307970619,0.83233832815266684,0.025881527626253696,0.68282657617113862,0.014136232860510238,674706.85166419228,12,8192,0.00146484375,0.0015256926644696693,1.0154148384807666,False
41025,Diamond Shoals,META00986,1.1193134631471957,0.040659082386430359,1.3765257043892387,0.034126153583362469,0.78698837925199716,0.020959086007289886,0.6473199591979556,0.02456447904541615,668375.75780127104,83,8192,0.0101318359375,0.01019162699865739,1.0796612355574509,False
41025,Diamond Shoals,META00987,1.284505605756185,0.042973212204503182,1.0259821548424386,0.026226248223869039,0.6865410060136965,0.019260509401190611,0.67065911192585992,0.017129759568818598,555325.18421682017,515,8192,0.0628662109375,0.062919565482729159,1.4513078452264083,False
41025,Diamond Shoals,META00988,1.2086838881843023,0.061092198622134442,1.3411855384483817,0.033711392741367335,0.76501670080918471,0.01875405548563365,0.68993966361006831,0.022489589727792469,694991.14680143469,13,8192,0.0015869140625,0.0016477480776272428,1.0049988986411462,False
41025,Diamond Shoals,META00989,1.2301316471880137,0.060629155487749081,0.97640016617855496,0.034967495430741624,0.69894813949321444,0.025661138388533445,0.68375642459383168,0.025579576599591782,692621.73017519759,64,8192,0.0078125,0.0078725741486634932,1.1233639763137,False
41025,Diamond Shoals,META00990,1.2172209222257004,0.059919821768639914,1.2173930126010015,0.030726059792258561,0.68135536367086158,0.021601883651391263,0.85606494388277599,0.015671851589113776,654126.15818400925,24,8192,0.0029296875,0.0029903576223605519,1.0539608920662453,False
41025,Diamond Shoals,META00991,1.0281775140677565,0.047457078218846649,1.3272776059386371,0.042822030079679607,0.66585426697918404,0.024815575051262549,0.72402657923421365,0.015588738303096003,684183.55323629279,14,8192,0.001708984375,0.0017698034907848163,1.006444200749544,False
41025,Diamond Shoals,META00992,0.96257356319216769,0.058073183233027084,1.1540848187510979,0.027699869989350652,0.9124248404169335,0.016514412943968253,0.83070437481108428,0.022768745276063387,634410.10499354464,8192,8192,1,0.99993897229342121,1.2726209754434035,False
41025,Diamond Shoals,META00993,1.2223351007438528,0.048761874662419408,1.2001695581451339,0.044053201402868787,0.80068126024291886,0.020599502648345452,0.6898198502841586,0.025001386399684269,724584.1795534495,2656,8192,0.32421875,0.32424020505309409,1.2210717663537998,False
41025,Diamond Shoals,META00994,1.3346822539746985,0.058663207815792477,1.1524370650626417,0.035832414170476369,0.83500422072514935,0.01935821605583226,0.7470536547969916,0.020122964655546284,702533.19059070759,2704,8192,0.330078125,0.33009886488465762,1.2049882327382402,False
41025,Diamond Shoals,META00995,1.1979579827731437,0.045622624776527919,1.2050364868026715,0.030033607860920544,0.83626880156509709,0.019389934975654104,0.7685724101634025,0.020357156863877832,641627.30127648066,86,8192,0.010498046875,0.01055779323813011,1.1627094847977155,False
41025,Diamond Shoals,META00996,0.99082074518921381,0.04073841672602771,1.3293859164779229,0.026696572939675048,0.69020111224720138,0.017929781031098779,0.91247257052794306,0.016173187985630125,571959.81006938498,487,8192,0.0594482421875,0.059502013914317101,1.3390238020252254,False
41025,Diamond Shoals,META00997,1.3750783528318653,0.058159996685502174,1.2397851770498396,0.027872334676476058,0.73255514745427497,0.018129583682896525,0.85072571833830057,0.015072928099382418,642958.87274776131,38,8192,0.004638671875,0.0046991334065665811,1.084269842367213,False
41025,Diamond Shoals,META00998,1.4378974877062447,0.059370356763112787,1.1724014769346423,0.02460086041075403,0.83743855808827017,0.017894365791028464,0.80234076672430787,0.015825439425142914,646256.8112218125,290,8192,0.035400390625,0.035457097522275112,1.2163348001293857,False
41025,Diamond Shoals,META00999,1.3337944732123816,0.054289210948374425,1.3812264542978927,0.033339634442973845,0.8186091866106906,0.018188488638440373,0.89860473819254039,0.015716331116188528,695502.7175875915,1582,8192,0.193115234375,0.19315269132186014,1.2034088618267063,False
46026,San Francisco,META00000,1.2,0.050000000000000003,1.2,0.035000000000000003,0.80000000000000004,0.02,0.80000000000000004,0.02,673882.7346821574,0,8192,0,6.1027706578786769e-05,0.92340588303814508,True
46026,San Francisco,META00001,1.3382513396769526,0.043268371387168832,1.1730027824881339,0.02633946043987585,0.70111641952163439,0.023327422708441837,0.76756612632243781,0.01546832009231725,606558.01477547002,10,8192,0.001220703125,0.0012815818381545221,0.99679417103721812,True
46026,San Francisco,META00002,1.1287824062073861,0.058269166945043985,1.3642223048399926,0.029432387299461314,0.87362381764815578,0.024322530680361207,0.70610862635488558,0.023936375624529136,728540.2699779151,8192,8192,1,0.99993897229342121,1.1164434565142434,False
46026,San Francisco,META00003,1.0014522810845807,0.04907056743641415,1.0345997422417024,0.02507288743505252,0.91314875991916145,0.020422306996548432,0.74951680463037895,0.015303286084315811,587452.54384769965,8192,8192,1,0.99993897229342121,1.1778299840979911,False
46026,San Francisco,META00004,0.98047556308745376,0.048922302431911639,1.3068075741066552,0.038108491962208974,0.68489651330172385,0.02086101194565608,0.65668182462085289,0.015056447569958432,628351.23932903807,0,8192,0,6.1027706578786769e-05,0.91858246768291085,True
46026,San Francisco,META00005,1.1516742679658372,0.059416566950043617,1.3268980411485114,0.03926483216812602,0.87536500681190321,0.023192848746727585,0.78972229858825593,0.016678122443319524,750450.70076201484,8192,8192,1,0.99993897229342121,1.5134063619560505,False
46026,San Francisco,META00006,1.312451863765363,0.039228396087641983,1.3677788432501261,0.034212499724794357,0.65608148178361803,0.024505587238242688,0.75735363311402393,0.023027755486429234,684518.7039832297,0,8192,0,6.1027706578786769e-05,0.82000010418828106,True
46026,San Francisco,META00007,1.3231297435901603,0.064751586234836483,1.1412055907259484,0.035105231498620576,0.69273426856178766,0.024822339023905616,0.74748197556486806,0.020634412179666516,720876.40999035572,0,8192,0,6.1027706578786769e-05,0.7786602499256926,True
46026,San Francisco,META00008,1.4221901777469681,0.063341615571135892,0.97005472864866582,0.031260193860752343,0.86682483080317585,0.018461049137737821,0.82850213046960874,0.019415557769607572,688020.79396724794,8192,8192,1,0.99993897229342121,1.1336601461405096,False
46026,San Francisco,META00009,1.3603752587426057,0.038642255401678496,1.2049520398274538,0.037542756712859213,0.78312874142995925,0.024298570989405341,0.8261000649196224,0.018908494299098494,696862.52603942913,3,8192,0.0003662109375,0.0004271939460515074,0.9763983929398713,True
46026,San Francisco,META00010,1.2147493055650069,0.057600241698471277,1.2159176405027114,0.038827208228543048,0.77807514612872264,0.017482585265480723,0.87952310400931322,0.01982421249391296,700148.96128959802,8,8192,0.0009765625,0.0010374710118393751,0.98870015872721118,True
46026,San Francisco,META00011,1.0952689659128667,0.049184214870172493,1.4172333363777114,0.032465650157061994,0.87082691775128074,0.018000335859247176,0.76279792548608172,0.022461095268953957,682106.11162859562,8192,8192,1,0.99993897229342121,1.2364720686076427,False
46026,San Francisco,META00012,1.3375497613046576,0.039738916536183055,1.3174935658850264,0.036404885131188142,0.82727905941176805,0.020754943734616567,0.76959485273316508,0.022109698622855913,701208.48437009018,4298,8192,0.524658203125,0.52465519345782985,1.1973821472216462,False
46026,San Francisco,META00013,1.0035610101348214,0.056037790068339366,0.96756148937637731,0.033569433223051032,0.91818341323632513,0.02377436668366829,0.9288295512911291,0.021186323217353732,700325.31168308679,8192,8192,1,0.99993897229342121,1.2089711468986835,False
46026,San Francisco,META00014,1.0935523772179705,0.064628279516163595,1.2709173106612306,0.030302600777056734,0.81159993751708559,0.024672038373088449,0.90707192216605015,0.019915542691076236,726860.47616130742,0,8192,0,6.1027706578786769e-05,0.97709830240626694,True
46026,San Francisco,META00015,1.3398456921298276,0.037900885708148722,1.4203305279234808,0.03123618212210625,0.73898073706867218,0.0171378704124764,0.85926761503784799,0.019616847348893365,643261.55055154616,0,8192,0,6.1027706578786769e-05,0.82640893679936711,True
46026,San Francisco,META00016,1.191222422461937,0.05338990065395572,1.4176321153134532,0.040334712125470684,0.82424545768544932,0.021683070751576931,0.77613300804931884,0.020665363045853941,756620.92753377487,8167,8192,0.9969482421875,0.99688758696448188,1.4356132530372725,False
46026,San Francisco,META00017,1.0193394188716527,0.051916221707866236,1.4218632574563386,0.02679669429791065,0.69380569692521821,0.025370277856189401,0.88035088138350526,0.017475475160173726,654537.55501535023,8,8192,0.0009765625,0.0010374710118393751,0.98417768593785271,True
46026,San Francisco,META00018,1.1616971573546901,0.044231222541934748,0.99038928714562458,0.03451122973335162,0.88631291891870689,0.022351727933187397,0.80822300995544893,0.02364732334765467,677442.34645320137,8192,8192,1,0.99993897229342121,1.0963545128161578,False
46026,San Francisco,META00019,1.0933316167038638,0.052964798096723158,0.96033567333594194,0.028170143971486358,0.8901864500243255,0.020013803009321669,0.74995140363446033,0.025471817950976579,644134.55947621213,8192,8192,1,0.99993897229342121,1.113719817637894,False
46026,San Francisco,META00020,1.1155696145365712,0.041024078952599942,1.3192861937464817,0.027043537820195845,0.82499160547089168,0.021699752706768313,0.72633011075289133,0.016174670551300323,614947.25215505238,2,8192,0.000244140625,0.00030513853289393383,0.93585673417562387,True
46026,San Francisco,META00021,1.1119843964750853,0.057644145277447767,1.3453548661764678,0.042206361437355816,0.76974606909719823,0.021646455101092029,0.80111412723311859,0.02356239864025729,759572.8657102976,956,8192,0.11669921875,0.11674600268521909,1.1028463216068753,False
46026,San Francisco,META00022,1.3939957542864529,0.039064029769258532,0.9629779309157509,0.039808222564534354,0.93288957161098185,0.019151761179644591,0.72939098431523264,0.017392174184048335,646427.75560786633,8192,8192,1,0.99993897229342121,1.6419713617161713,False
46026,San Francisco,META00023,1.4368621838658431,0.056020456494811202,1.3655562852766996,0.043981821934114193,0.79947107373512749,0.021546472292066732,0.67336421582330264,0.023486595681555859,793289.98487447877,8192,8192,1,0.99993897229342121,1.7765829989397086,False
46026,San Francisco,META00024,1.1069217116752457,0.0613827038783957,1.2826864082979033,0.029748286157566473,0.93231248710800363,0.018842701556021219,0.68628095046525195,0.015832221462875041,658552.59495194058,8192,8192,1,0.99993897229342121,1.3392019209105197,False
46026,San Francisco,META00025,1.3904430744746574,0.058331463112303542,1.1674410358865595,0.031729711872292503,0.77653631086568198,0.019449121365324139,0.80858341118666244,0.024229637005914462,708786.67068703228,0,8192,0,6.1027706578786769e-05,0.88020501298230447,True
46026,San Francisco,META00026,1.1902294374487787,0.038528111895538647,1.283947596199025,0.041444466835229843,0.70292392668568537,0.021595533707133008,0.8999666305449272,0.021466430224478902,701298.63031600788,0,8192,0,6.1027706578786769e-05,0.88345136901207721,True
46026,San Francisco,META00027,1.2240769986519382,0.050307715434807491,1.2579948440943456,0.028033273474145682,0.65540513066090367,0.014987466525289012,0.84550139844247285,0.014391745735410636,575144.686891914,1,8192,0.0001220703125,0.00018308311973636029,0.89968067276834607,True
46026,San Francisco,META00028,1.2519870986741846,0.037630567426942353,1.3599028446774239,0.044955028371400231,0.89574621850379277,0.023883926225864115,0.66743593111842081,0.016305553658216995,741391.06807353243,8192,8192,1,0.99993897229342121,1.8998737584090151,False
46026,San Francisco,META00029,1.3887893145676133,0.045507968749710997,1.3185669025360007,0.02864696881895511,0.91446004689254701,0.018920998763433589,0.93351176311049011,0.015207817026801853,668521.53038201842,8192,8192,1,0.99993897229342121,1.3531000066768282,False
46026,San Francisco,META00030,1.2465150727341774,0.045835423065721623,1.1862644148784462,0.025622460366573886,0.8216084937880519,0.021300586643819879,0.66539210596134279,0.014320673411467928,600149.89402546512,14,8192,0.001708984375,0.0017698034907848163,1.0067169509307743,False
46026,San Francisco,META00031,1.1868698535067272,0.0641810672078892,1.2225021436686927,0.036783662469570585,0.77711641218747407,0.021954630713975215,0.6736609862827313,0.022502563372832567,718637.793858013,0,8192,0,6.1027706578786769e-05,0.96072107993417544,True
46026,San Francisco,META00032,0.96754554787731062,0.056949750512293666,1.1067623533083681,0.039408462746106557,0.87324316921856782,0.016994462345318737,0.90771421345899284,0.017174499331838768,656020.59845122485,8192,8192,1,0.99993897229342121,1.1022194074854501,False
46026,San Francisco,META00033,1.1812420084647501,0.041950219932637457,1.0846740058540945,0.045296289297255043,0.85462184835932842,0.021552265449677477,0.80057585728420944,0.023181613936184078,715221.42568985338,7061,8192,0.8619384765625,0.86189430001220557,1.2124216496356883,False
46026,San Francisco,META00034,1.332792597022731,0.045576244024659075,1.3287106751068465,0.042470529982204533,0.83065401698173047,0.020169322543791116,0.68152940134164097,0.019995187979207012,724724.23957492341,8192,8192,1,0.99993897229342121,1.5761008565016708,False
46026,San Francisco,META00035,1.3408453223237986,0.047977951065871022,0.98583016773889054,0.024593920515977134,0.70998411066618283,0.016517162893997725,0.83599880052809061,0.01434356445345375,553578.05072525179,42,8192,0.005126953125,0.0051873550591968751,1.1728114102799843,False
46026,San Francisco,META00036,1.0404751585652452,0.042577351892231927,1.1159275247458189,0.030822764152728898,0.8574490873687195,0.017940201747745823,0.79210066451491401,0.019810736701412594,606696.11995719711,1894,8192,0.231201171875,0.23123398022702307,1.0208181446283966,False
46026,San Francisco,META00037,1.2050884640203872,0.0406449449956829,1.2141104374617204,0.029355014386456182,0.88778308650520465,0.024118372819005522,0.6582140475037952,0.019167035876966627,656592.92573586828,8192,8192,1,0.99993897229342121,1.0720098579914634,False
46026,San Francisco,META00038,1.0254383679097532,0.040761117768874394,1.2462775440006499,0.045363892473690173,0.64222781996570766,0.01725213593771811,0.79147118983619957,0.019215081864736576,644637.90038880345,0,8192,0,6.1027706578786769e-05,0.82396111458111931,True
46026,San Francisco,META00039,1.016443502596988,0.055264234494016948,1.4243837312933132,0.03208718835614361,0.76354575044452289,0.023039878594671499,0.65939052503556272,0.025363776642540276,696778.51021440665,0,8192,0,6.1027706578786769e-05,0.94672180774226311,True
46026,San Francisco,META00040,1.1083887043384322,0.061886322918578235,1.0372394338220012,0.037638648349119411,0.88954701804794245,0.015392164132249284,0.64775925819222746,0.021772594737766743,644807.65229423461,8192,8192,1,0.99993897229342121,1.1937058956856694,False
46026,San Francisco,META00041,1.3201806178500581,0.06107993898520564,1.2149593240747403,0.041720764199682701,0.93201331472863957,0.019129633989512292,0.68021628046559635,0.018992711593386627,745696.06154336547,8192,8192,1,0.99993897229342121,2.2632356383762007,False
46026,San Francisco,META00042,1.1400531009091981,0.059836154642900999,1.272091766567468,0.036986415886292673,0.71184511253996385,0.022249102006257765,0.74262128183968745,0.020224739788462461,700097.59813569591,0,8192,0,6.1027706578786769e-05,0.80944047912401484,True
46026,San Francisco,META00043,1.4373629332122073,0.050395578350855341,1.2439936907473519,0.035607608835981228,0.90435945843918264,0.024081700900732264,0.94805940023741164,0.017193712524513655,762129.70565232157,8192,8192,1,0.99993897229342121,1.7069456724576335,False
46026,San Francisco,META00044,1.2020995930063694,0.054160344327762899,1.0049357083658434,0.031786607198605835,0.91763758079596403,0.021438785040805639,0.79798544308278863,0.023536194585772531,692621.338028308,8192,8192,1,0.99993897229342121,1.2084983736244619,False
46026,San Francisco,META00045,1.1046538233884855,0.064720844419724449,1.1290164940480452,0.027114170309999241,0.94478707641684734,0.018190908667433482,0.73554921401401852,0.018067116755541894,645982.13038893486,8192,8192,1,0.99993897229342121,1.2017147015954315,False
46026,San Francisco,META00046,0.96635284538180155,0.056849522937862086,1.2911206242540234,0.028554550589455434,0.64625249464575985,0.02269997325598164,0.67849804690319759,0.021929394746823476,622530.08219749387,16,8192,0.001953125,0.0020139143170999634,1.009799355092343,False
46026,San Francisco,META00047,1.3701935640585021,0.061538437021421477,1.0005911651366046,0.035351117431626257,0.78103616334848236,0.018425674027000304,0.73404529410283292,0.015141702414414851,652316.16529634094,0,8192,0,6.1027706578786769e-05,0.87345988267514407,True
46026,San Francisco,META00048,1.3360071967833131,0.052134014846508432,1.2422771131387529,0.03531279815953791,0.80161788782304999,0.025484902444306207,0.72220490921777158,0.021010267411228814,733812.31611775456,1216,8192,0.1484375,0.1484804101061882,1.0777112461342273,False
46026,San Francisco,META00049,1.4057990728025527,0.042630060772524167,1.1560205921563715,0.033881037195703803,0.68928686594244881,0.019407429277295177,0.77918475892846628,0.020078559166784114,638145.58295657544,0,8192,0,6.1027706578786769e-05,0.82933813299930204,True
46026,San Francisco,META00050,1.1972167744558286,0.041262096756011203,1.137204221639097,0.026615224460379696,0.69092859737014267,0.021127946166634957,0.7128487548440029,0.02207159162202281,593158.8677419679,22,8192,0.002685546875,0.0027462467960454044,1.0565521956262773,False
46026,San Francisco,META00051,0.98337725034875823,0.035197811542869648,0.97938336737477127,0.042071141957445074,0.76448605970525696,0.017100954727465017,0.7566326301192482,0.014997416063628689,566230.8112358331,1,8192,0.0001220703125,0.00018308311973636029,0.92613061113322404,True
46026,San Francisco,META00052,1.25695375269656,0.051138481310820327,1.0560522678432733,0.043338705036951669,0.68423811825824166,0.02272895062774144,0.8065308342490658,0.017488621945506037,679100.5843494432,0,8192,0,6.1027706578786769e-05,0.76942261111709342,True
46026,San Francisco,META00053,1.365801580324314,0.042715697796935292,1.3692988579883654,0.035569261670580013,0.82540707341661546,0.024616494764916761,0.7800113600418721,0.024141006788690675,752086.84062668378,5750,8192,0.701904296875,0.70187965336262659,1.2281830370088385,False
46026,San Francisco,META00054,1.1354046069242674,0.055102587540777265,1.0251074569004861,0.025433170135506208,0.66643616593567845,0.025353252594071299,0.9452849618615109,0.023377091186731768,657760.963761074,37,8192,0.0045166015625,0.0045770779934090075,1.1264348953592604,False
46026,San Francisco,META00055,1.253061750720994,0.03510323280501184,1.1964190947544775,0.03056172097563168,0.86966058396250168,0.020795907110187212,0.92021953737118534,0.014502634830995099,626826.08124984975,8192,8192,1,0.99993897229342121,1.136482456222444,False
46026,San Francisco,META00056,1.30373538437328,0.06496212521387941,1.0984939844523269,0.036897652877493033,0.81934096110670052,0.016467680901791886,0.72754211318489259,0.019405670716157213,681968.60289413307,1446,8192,0.176513671875,0.17655315513243011,1.1161582006867434,False
46026,San Francisco,META00057,1.1051609924256336,0.062652538361180676,1.1740923468618158,0.038722537486826789,0.65210555886802912,0.019253873543368698,0.86565685503990808,0.01829996918230806,671056.26131328871,0,8192,0,6.1027706578786769e-05,0.77029270770699598,True
46026,San Francisco,META00058,1.1980764985043231,0.040610439485257284,1.0630744598625319,0.02848173349478977,0.86833097421940797,0.019984398019323144,0.69072155773180455,0.019698701409025719,604883.49997743883,5925,8192,0.7232666015625,0.72323935066520195,1.06253130337155,False
46026,San Francisco,META00059,1.2326873222596331,0.043964790618441676,1.120771489408938,0.044895241002085889,0.83803670386669293,0.020187385080684673,0.80195948650691817,0.017843068166888503,692100.76773054618,6515,8192,0.7952880859375,0.79525204442817043,1.2544731834466505,False
46026,San Francisco,META00060,1.0893840943032609,0.060112037073756695,1.1190184583851641,0.042404383856157912,0.90614890652991731,0.025034670094467654,0.67723108374226337,0.020317900225758929,748148.42336022155,8192,8192,1,0.99993897229342121,1.4382585460273032,False
46026,San Francisco,META00061,1.2312856076219065,0.056160957060631185,1.2303305238062645,0.036434346230983211,0.74979802506156634,0.019585687073191277,0.8130252056622459,0.024806649452439988,714086.93708669313,0,8192,0,6.1027706578786769e-05,0.86038053657137714,True
46026,San Francisco,META00062,1.3574664137711179,0.058824376477121694,1.2074927017988137,0.038459905474869521,0.70855159796633005,0.014936841899743218,0.78163241924525928,0.017915044570324206,670341.84825733083,0,8192,0,6.1027706578786769e-05,0.83345920484545066,True
46026,San Francisco,META00063,1.2822407926556774,0.054877932324212009,1.3298245467865444,0.040368640081967694,0.67040013269879506,0.014128324464487599,0.68237640584350368,0.018369469872944997,661444.9464798494,0,8192,0,6.1027706578786769e-05,0.88360289290778127,True
46026,San Francisco,META00064,0.97009303479790676,0.051475670293398681,1.334906875846738,0.031478843115229305,0.92312557680270491,0.022955613188676338,0.78264998299091815,0.016065043192527915,680549.97425343608,8192,8192,1,0.99993897229342121,1.2012342809643919,False
46026,San Francisco,META00065,1.0970215602399287,0.05005613350495583,0.98530503095573119,0.02577541446908363,0.82658624861033658,0.019882209627270716,0.70022941095364799,0.025308296622414753,611651.06883945689,42,8192,0.005126953125,0.0051873550591968751,1.1749753400267493,False
46026,San Francisco,META00066,1.2339877161631345,0.060867439790052283,1.3625622866058735,0.040651039670439329,0.65939293855705805,0.020217133022758772,0.76637894021015174,0.016282740834344459,710048.65852063394,0,8192,0,6.1027706578786769e-05,0.85664044842508058,True
46026,San Francisco,META00067,0.97285165534002149,0.056646678515418811,1.0746500707748385,0.040310176396664565,0.7015656035888056,0.025608532357287491,0.6995769678995859,0.022445392366845868,679276.73563500517,0,8192,0,6.1027706578786769e-05,0.78540852840971953,True
46026,San Francisco,META00068,1.2945370340936839,0.064077187376560055,1.3430430696319939,0.025746137313084009,0.76837455983657788,0.018036965600797889,0.76864392257338876,0.020680952535853142,670614.01109781931,0,8192,0,6.1027706578786769e-05,0.86159203938934625,True
46026,San Francisco,META00069,1.2191137457470773,0.05542524608087452,0.99152050293649829,0.037621534471444416,0.76614951376073259,0.024229782115982507,0.9397022453058177,0.024979017365449715,733624.42889637116,0,8192,0,6.1027706578786769e-05,0.92417008050211857,True
46026,San Francisco,META00070,1.1391523918639532,0.046421422616306489,0.97913133779680794,0.035763103352567341,0.73570507571314325,0.015416624471387676,0.75441708861983769,0.025415681842527259,607947.81084345456,4,8192,0.00048828125,0.00054924935920908091,0.95628671740659044,True
46026,San Francisco,META00071,1.3585945946089897,0.035019547923423822,1.3112110502888878,0.040008362891323479,0.65158485486976037,0.024311083955612219,0.90409170872909672,0.01742057577036971,687360.28092735435,0,8192,0,6.1027706578786769e-05,0.82294895309272031,True
46026,San Francisco,META00072,1.0411363701761756,0.059709171009190293,1.2339884878073129,0.024864747293561862,0.7190318804462722,0.017191233445966951,0.69547206301268083,0.023933153616048405,603534.39320189913,6,8192,0.000732421875,0.00079336018552422804,0.98119267443032443,True
46026,San Francisco,META00073,1.287338274735639,0.043862006618384797,1.1215618614365999,0.02997820416746419,0.6571372448601901,0.016211922783802218,0.79385890769969614,0.022326913698020825,597437.86479254498,4,8192,0.00048828125,0.00054924935920908091,0.96159105462071992,True
46026,San Francisco,META00074,1.2129763727994112,0.050654182394138436,1.212959681018287,0.026768898962169649,0.9111328886629857,0.015614062425158424,0.73177151560290576,0.022799924688079932,628983.40915735927,8192,8192,1,0.99993897229342121,1.1682177444650981,False
46026,San Francisco,META00075,1.100697844617192,0.053571332119843468,1.1122981693625285,0.03486274571216489,0.81878951147464529,0.016588979715056691,0.84638361638739124,0.02562739665924723,669517.38977318979,0,8192,0,6.1027706578786769e-05,0.97172300717088878,True
46026,San Francisco,META00076,1.4393352820511491,0.035157841581097846,1.0551557439648089,0.036356255430343133,0.94819849384105437,0.014894247719194693,0.87322166961483916,0.015981347883122599,615199.1075136211,8192,8192,1,0.99993897229342121,1.7159762060909776,False
46026,San Francisco,META00077,1.2953814754822024,0.056447651041671126,1.1597959652830494,0.037452716388643968,0.89550948535167252,0.017558150293791135,0.87568659641112989,0.019295479440745958,708427.28589017584,8192,8192,1,0.99993897229342121,1.5512963004181206,False
46026,San Francisco,META00078,1.0205017066099109,0.055866153242041909,1.0468410543046822,0.027960993655035807,0.68143983255161789,0.015840853132783717,0.74932495096760388,0.024250431089917649,582580.24507426063,24,8192,0.0029296875,0.0029903576223605519,1.0686300902443913,False
46026,San Francisco,META00079,1.4034726103986057,0.047887477238698253,1.2102007307879983,0.02893035479654598,0.80929262017051573,0.022198014657588555,0.88541532503280151,0.024498090859572261,712487.71589539945,0,8192,0,6.1027706578786769e-05,0.94899104864560546,True
46026,San Francisco,META00080,1.1631233531027367,0.044275717155839958,1.396837340669925,0.041547408961120594,0.71159249487452014,0.024360154382572836,0.8620770432953031,0.014681783079441199,711578.11104202701,2,8192,0.000244140625,0.00030513853289393383,0.97588152660544403,True
46026,San Francisco,META00081,1.2406776928694803,0.054811243521897604,1.3022165643227623,0.02751734747212433,0.89692469397644281,0.023291598632148657,0.85267137108901125,0.023571693102450195,733356.74520078441,8192,8192,1,0.99993897229342121,1.1471923987113881,False
46026,San Francisco,META00082,1.0279478073909616,0.042305144598974546,1.0410284008563209,0.036337264277706872,0.78764360125981581,0.022054209921906973,0.67016070508395587,0.0185319808375667,614830.37741341919,2,8192,0.000244140625,0.00030513853289393383,0.93780822256087515,True
46026,San Francisco,META00083,1.3319729470977177,0.049371701162505277,1.1989679707705243,0.040452091455083675,0.6576383745110761,0.014747596530287749,0.95846214926617779,0.02256960936312586,687410.98413443111,0,8192,0,6.1027706578786769e-05,0.77514097136987969,True
46026,San Francisco,META00084,0.96269637253687312,0.048361821823455352,1.1879395955982921,0.033109886095022537,0.80696590720670358,0.014761036697628549,0.77734375800196265,0.024684950652042584,618330.50061358861,1,8192,0.0001220703125,0.00018308311973636029,0.90280657729740865,True
46026,San Francisco,META00085,1.3276907827148097,0.046586354621913718,1.0108856447411452,0.040384293271172524,0.78036215462144798,0.019683912080790147,0.92418450835481702,0.020405318051395189,683240.20833722001,0,8192,0,6.1027706578786769e-05,0.94486472919194464,True
46026,San Francisco,META00086,1.2938594480650236,0.053651527271188729,1.049676605310135,0.027082612526472739,0.93367658211720927,0.021097266187457112,0.67835055591689608,0.017519426984837768,649269.24960408395,8192,8192,1,0.99993897229342121,1.1891267816111275,False
46026,San Francisco,META00087,1.4154663817022635,0.052516997712860905,1.3932009308621063,0.027571917417217966,0.66042030782267347,0.020807192309994969,0.74104122494201707,0.022448418049176074,672567.87614080764,0,8192,0,6.1027706578786769e-05,0.78236494773605647,True
46026,San Francisco,META00088,1.3044711018363677,0.051076660382651351,0.9880989942974352,0.03856123973739347,0.67394102462393068,0.017603973344701582,0.77557413323713997,0.021320533045959177,636459.24257934594,0,8192,0,6.1027706578786769e-05,0.83240323243043124,True
46026,San Francisco,META00089,1.1893792094484452,0.061486184712791984,0.98211848204191898,0.034122675276997159,0.87929162766206215,0.024722124010875649,0.7804601071000794,0.019136857099276372,708786.9616041953,8192,8192,1,0.99993897229342121,1.0619504660453911,False
46026,San Francisco,META00090,1.0997015668813275,0.045332553593978038,1.0033129435314996,0.029677278895691064,0.67710948732806298,0.016957572441640725,0.78427778284332228,0.020942569016412574,568068.95881160581,29,8192,0.0035400390625,0.0036006346881484195,1.0933136367738063,False
46026,San Francisco,META00091,1.2418103736728485,0.059363991255767412,1.0781126688015532,0.028127037701335882,0.93567898907488789,0.014414646898635971,0.75579513848366375,0.017910157730718385,619366.309041086,8192,8192,1,0.99993897229342121,1.2494408193771338,False
46026,San Francisco,META00092,1.0078599896169387,0.059656650656783369,1.3310487574646102,0.028109995627482624,0.92355501583581712,0.024264037559454395,0.79519191733728356,0.014854645497921308,688215.68363348546,8192,8192,1,0.99993897229342121,1.2120490958088104,False
46026,San Francisco,META00093,1.2497527855745914,0.059154157378941835,1.0348880246510312,0.026260481489614254,0.88012194879097316,0.017794086870478721,0.87059370618571452,0.018804341308356915,643184.41499698022,8192,8192,1,0.99993897229342121,1.1242351029603586,False
46026,San Francisco,META00094,1.1170009371362963,0.037213753868173015,1.0941893494319455,0.036113817328663096,0.87554987779243976,0.021268574544131877,0.64609390650051357,0.025455167369372936,652524.16495767829,6038,8192,0.737060546875,0.73703161235200776,1.084561116120984,False
46026,San Francisco,META00095,1.3346590095723903,0.048804010925406344,1.2315585159822131,0.026753151644475344,0.88286351858717438,0.014200383102581943,0.81858428307907427,0.019469051162401316,620229.94659423304,8192,8192,1,0.99993897229342121,1.0964129896514696,False
46026,San Francisco,META00096,1.2733423424594426,0.036877598933284669,1.3049323962571697,0.044312823864081863,0.72206588922374293,0.020095338876613557,0.9135756310038603,0.023346848535795682,727341.23576845322,6,8192,0.000732421875,0.00079336018552422804,0.98374522792921038,True
46026,San Francisco,META00097,1.4026867582256757,0.053484975984343618,1.1842942081514265,0.030885858690233092,0.68786334552803807,0.024573984256789957,0.79335049936630242,0.021157464700083454,694186.628643253,0,8192,0,6.1027706578786769e-05,0.82563675603256659,True
46026,San Francisco,META00098,1.1875220982773973,0.048774794765094408,1.1959846228901474,0.030349813149915913,0.67122723249472427,0.016775414180652138,0.9028792136473871,0.016803656967112598,601616.65226378699,1,8192,0.0001220703125,0.00018308311973636029,0.90030141232148109,True
46026,San Francisco,META00099,1.115187089129948,0.049103032935585225,1.3493046907342494,0.041408517479398096,0.69064813747651721,0.017815434547948709,0.94563301915954812,0.021504402609262719,709587.40195780678,0,8192,0,6.1027706578786769e-05,0.88968695763154126,True
46026,San Francisco,META00100,1.357358946345137,0.062811647259546882,0.97787294972247185,0.026831128258684056,0.81586692089219603,0.023206779679539061,0.83125248418678011,0.025559595263001798,716929.11239609274,18,8192,0.002197265625,0.0022580251434151104,1.0357085817186706,False
46026,San Francisco,META00101,1.3860483055024018,0.041054607527377059,1.3216978930105554,0.024539059252495592,0.76336366557111734,0.016141945401766403,0.80591537842369299,0.021635376401578761,608981.84663788835,2,8192,0.000244140625,0.00030513853289393383,0.94339919604090428,True
46026,San Francisco,META00102,1.1369387654958205,0.040901435957146716,1.0128270502073198,0.043170056231347301,0.75575017198764372,0.021013308839206244,0.69925877258291647,0.021597982030364709,644897.02379966783,0,8192,0,6.1027706578786769e-05,0.81805231693261193,True
46026,San Francisco,META00103,1.0745211744575727,0.03838535089336377,1.315424904775065,0.030728414949862823,0.78190302415319424,0.023373216963259433,0.95372211169381482,0.02122584832244695,676583.57370905159,7,8192,0.0008544921875,0.00091541559868180155,0.96481185698877192,True
46026,San Francisco,META00104,1.4146349928348749,0.054911114371813924,0.98010732423913915,0.024546865589848747,0.79371579613648147,0.020650420033611117,0.90454341908421276,0.018414976617993191,647179.32044178073,32,8192,0.00390625,0.00396680092762114,1.1213904874001919,False
46026,San Francisco,META00105,1.3714572894707997,0.057431519218644395,1.1981050621342901,0.027885631100982463,0.69568686821890902,0.018390622228777697,0.9217484060853216,0.016709724642388249,646563.62064264971,1,8192,0.0001220703125,0.00018308311973636029,0.88253875082048161,True
46026,San Francisco,META00106,1.018124195851325,0.056535183361665832,1.0212687702143028,0.042736702704018317,0.67859510195275996,0.020470454530141916,0.85325148757952873,0.017765412475102726,647641.7917056618,0,8192,0,6.1027706578786769e-05,0.7779572935198199,True
46026,San Francisco,META00107,1.095798911730457,0.041861635154007017,1.089984617405821,0.039079726991059049,0.91525723497134281,0.015653864945728232,0.72241511835268679,0.015619622782420671,606381.42977123475,8192,8192,1,0.99993897229342121,1.3040339303224231,False
46026,San Francisco,META00108,1.0187068674692912,0.036752064831985017,1.3634708706822154,0.03593837732667704,0.75984456073620488,0.023975659502436918,0.91164651534905172,0.024374284691834405,712278.59219170921,6,8192,0.000732421875,0.00079336018552422804,0.9782741113740957,True
46026,San Francisco,META00109,1.1328263702088728,0.052667377397091694,1.1815055729456314,0.040590581327424921,0.80472901358667503,0.019698604996235991,0.85353554435783741,0.017326179988473005,687028.67116599204,15,8192,0.0018310546875,0.0018918589039423899,1.004733386787541,False
46026,San Francisco,META00110,1.0671293548587686,0.038051630191720129,1.2192761860670709,0.036249208592496723,0.75396694748118342,0.018298798107749752,0.88438401847173187,0.018332315885336726,626642.05620125739,0,8192,0,6.1027706578786769e-05,0.8800688455910981,True
46026,San Francisco,META00111,1.1363403817126185,0.037077165805125045,1.2450131710807693,0.039645054780131007,0.8176275297418627,0.01466904027984654,0.83538702676002963,0.017248442487194662,623754.69762317673,239,8192,0.0291748046875,0.029232271451238863,1.0776409814042507,False
46026,San Francisco,META00112,0.97694781372301187,0.063998669012178294,1.0600050940651502,0.038804797072917646,0.83091783943622444,0.023416271739172885,0.94380431713908997,0.021091521210197972,724471.78674805595,6384,8192,0.779296875,0.7792627853045283,1.0257506190912991,False
46026,San Francisco,META00113,1.1991058211552024,0.063543135643948326,1.1807692866510826,0.028068561294763584,0.86252000288743991,0.014430951791787902,0.70907708704359473,0.022355044852106942,637999.82404061884,7595,8192,0.9271240234375,0.92707189063834983,1.0322509184106545,False
46026,San Francisco,META00114,1.4234453300126846,0.054947867463749731,1.3014773174625081,0.039848044635536442,0.72036325730492023,0.018818454426567204,0.82785537217261107,0.018777228922403737,724255.99577531137,25,8192,0.0030517578125,0.0031124130355181254,1.0165213319052786,False
46026,San Francisco,META00115,1.3432301340594495,0.050596540943167206,1.0671108478115394,0.03384441349513452,0.82830085016617772,0.018777407909034032,0.76239801163961596,0.020352492736874589,660195.73251085938,7,8192,0.0008544921875,0.00091541559868180155,0.99267788682464198,True
46026,San Francisco,META00116,1.3390713872470581,0.036409301112836419,1.1004824018981878,0.02943704697603073,0.81210622836067858,0.014012839595119331,0.95574963089163201,0.015158376539704272,567496.992294995,14,8192,0.001708984375,0.0017698034907848163,1.0114622152062511,False
46026,San Francisco,META00117,1.4334686073937581,0.052302595384980652,1.2754696664690868,0.03357760385250988,0.70467592573986904,0.016785171481420343,0.66052915599352213,0.02473329161328329,671684.80712328956,0,8192,0,6.1027706578786769e-05,0.80055119750349335,True
46026,San Francisco,META00118,1.1855420365333109,0.053466735770012971,1.0912846266075598,0.045087281498873248,0.68061391360124024,0.017451274634996058,0.84496936205834428,0.023008916961294201,688815.35253904841,0,8192,0,6.1027706578786769e-05,0.76421318887001333,True
46026,San Francisco,META00119,1.4001305078436355,0.062456466809535385,1.3301324863467547,0.043009833844715864,0.65583374365677694,0.01573822286098444,0.92043591460815088,0.014987148198233007,723668.14546060469,0,8192,0,6.1027706578786769e-05,0.91494115715110935,True
46026,San Francisco,META00120,1.3875431265328599,0.055763461035905695,1.1395962940485029,0.042821928749396096,0.87008297207970531,0.021807354477976916,0.85458247402337162,0.015561816175336576,744710.3511421408,8192,8192,1,0.99993897229342121,1.721062466011601,False
46026,San Francisco,META00121,1.3424612719071645,0.046070160656891498,1.2737038030594505,0.033338984553327705,0.94166243492762747,0.01769043508838615,0.7432691609524088,0.019974983881267661,680737.64330645767,8192,8192,1,0.99993897229342121,1.7348109597334738,False
46026,San Francisco,META00122,1.0432197183540126,0.052217808886126066,0.98935742434676688,0.040185540985427495,0.76716728945171075,0.019843868455618134,0.73915525187067044,0.014919218244229234,615769.7838375048,0,8192,0,6.1027706578786769e-05,0.85228537583905195,True
46026,San Francisco,META00123,1.163542699766998,0.059084161966873591,1.1364855922696795,0.042955312314055139,0.94019916571948092,0.018708243580190582,0.7783799253587016,0.024271330189218419,745950.48323202576,8192,8192,1,0.99993897229342121,1.8685008692664837,False
46026,San Francisco,META00124,0.98527053286292343,0.053823033955859287,1.0419198836364421,0.033420391933095789,0.77859345026897142,0.014110830268783863,0.79646454074833117,0.018989778210898325,581233.2731376806,4,8192,0.00048828125,0.00054924935920908091,0.95982919857644677,True
46026,San Francisco,META00125,1.1681245889762986,0.051703602468482497,1.1769498533283116,0.030327782094983425,0.86576268026954439,0.024334959644154264,0.85145020159083806,0.025961314974020978,729566.75626333652,8192,8192,1,0.99993897229342121,1.1136774203264186,False
46026,San Francisco,META00126,1.1341774957909112,0.040015338814980449,1.1868650220420647,0.041053200575922016,0.84765850027998835,0.022950903019366631,0.86628821789651345,0.022341854381300406,720662.7082525877,8192,8192,1,0.99993897229342121,1.1269669448437256,False
46026,San Francisco,META00127,1.028907958499599,0.040970755552512145,1.3463224866058379,0.025791932838994176,0.90115952662250143,0.021723127539304193,0.79654427475994671,0.020269436628676699,644582.04834956396,8192,8192,1,0.99993897229342121,1.1451009775359771,False
46026,San Francisco,META00128,1.4037708995436611,0.061668586122344403,1.1916998725196901,0.035006476639345752,0.64757825865271179,0.017292480084561624,0.72649591301851379,0.02103197439935181,677317.17394494521,0,8192,0,6.1027706578786769e-05,0.77264462039109416,True
46026,San Francisco,META00129,1.0395947507270251,0.044612085050398695,0.98694786826636527,0.045336238421872066,0.94884604399133621,0.01752611389642621,0.91052631844875132,0.014948526914773341,647949.64772337698,8192,8192,1,0.99993897229342121,1.4202902123605656,False
46026,San Francisco,META00130,1.1922497848522773,0.052410049826300181,1.1543896193324494,0.041599589768903718,0.95863415342397074,0.020035477725622898,0.91741232229769976,0.02127854565856813,750712.78580660035,8192,8192,1,0.99993897229342121,1.9350603108184552,False
46026,San Francisco,META00131,1.1694831129362411,0.040558889734745272,1.0471808338850279,0.043776313426327193,0.8500161509677564,0.025825053876209866,0.79187812175377881,0.016431043520984703,697332.74723412609,2500,8192,0.30517578125,0.30519956060051262,1.0935240384858338,False
46026,San Francisco,META00132,1.0456886074583405,0.037524384630484617,0.97211434429207877,0.036954965110837706,0.74501912370806411,0.018244890925321187,0.71193275679961365,0.024057789179483313,592555.61467917415,14,8192,0.001708984375,0.0017698034907848163,1.0035757166288373,False
46026,San Francisco,META00133,1.284729100661294,0.046796956106512425,1.3235941920745078,0.027798448811993507,0.6459128936188181,0.025792275542030438,0.85724156116497019,0.015722221242171236,645102.98580535385,0,8192,0,6.1027706578786769e-05,0.868964091805422,True
46026,San Francisco,META00134,1.0484969200363634,0.060157951303867474,1.0446607713259979,0.036379447059946342,0.90495553765174475,0.0231674724728534,0.87782440137638051,0.015671596481412337,693127.42026285408,8192,8192,1,0.99993897229342121,1.1743468708612159,False
46026,San Francisco,META00135,1.2669615628296216,0.064473113554411349,1.0027305676925169,0.027914841545789847,0.80260906580900371,0.020245685158043977,0.84317519037882382,0.014633444006222046,642042.72437281325,14,8192,0.001708984375,0.0017698034907848163,1.0134522756197066,False
46026,San Francisco,META00136,1.3785709900257459,0.062445560724252058,1.1791719113710477,0.03515165168490559,0.86742070310755082,0.025929189387734052,0.9209724067508136,0.02332576435015353,811261.39876334567,8192,8192,1,0.99993897229342121,1.4338458004560706,False
46026,San Francisco,META00137,1.0303441071948913,0.054076357369464742,1.1779495563517495,0.043528849803953718,0.94083313043186723,0.014074546744860927,0.64191191016366111,0.022063735719691658,663960.13168958621,8192,8192,1,0.99993897229342121,1.7726516874002467,False
46026,San Francisco,META00138,1.0560340388706762,0.035785811524647222,1.1737662697777733,0.034993636155267183,0.64117044089000697,0.016123331201688434,0.86814067262676753,0.015256176236007691,560929.48559228063,21,8192,0.0025634765625,0.0026241913828878309,1.0386825781382936,False
46026,San Francisco,META00139,1.4240018165415476,0.056827578772269127,1.169870386904031,0.039169254293055691,0.72885137753029128,0.025583591146060618,0.84538937441607265,0.016977045945148823,742383.19174398342,0,8192,0,6.1027706578786769e-05,0.95029267910467707,True
46026,San Francisco,META00140,1.0489509934580092,0.054833208518203974,1.2526563347817183,0.042561612071009905,0.89181791758663476,0.017128374379526017,0.91101517805214771,0.024305375082873556,740768.85056121659,8192,8192,1,0.99993897229342121,1.486247356671899,False
46026,San Francisco,META00141,1.4307583696065573,0.057511912737239546,1.0727274209898425,0.025244438343863244,0.80530036149865358,0.025285222291358194,0.74541894789530172,0.01786706870935971,682667.8869113361,14,8192,0.001708984375,0.0017698034907848163,1.0118102609114588,False
46026,San Francisco,META00142,1.4224253930031496,0.056980158796723288,1.3735280367480902,0.044224227419641549,0.74111942126107255,0.015607728623899418,0.78433014984741645,0.015587589946208116,727579.97020885849,7924,8192,0.96728515625,0.96722812156719151,1.3971113776643043,False
46026,San Francisco,META00143,1.2150644548568952,0.052359819771625786,0.99482493838731822,0.034172644761677085,0.75604775458006657,0.017352313518800889,0.89014528719867592,0.024599298400291833,657386.58749491838,2,8192,0.000244140625,0.00030513853289393383,0.92934613655255083,True
46026,San Francisco,META00144,1.0349642096598757,0.063209598513145573,1.2604490675394779,0.038684833661922449,0.87649714772372789,0.020068664868312637,0.78569706902707537,0.022917684279445225,733836.42713375483,8192,8192,1,0.99993897229342121,1.2739873362350211,False
46026,San Francisco,META00145,1.2885246770985359,0.054565158036160508,1.2482180167905224,0.043120867639150545,0.81640932893505425,0.015028905239729067,0.93919978467098741,0.02089977910620151,728121.99441001983,8184,8192,0.9990234375,0.99896252898816063,1.4315141105484801,False
46026,San Francisco,META00146,1.3451976814373847,0.05273211829074119,1.3762967528966148,0.032189258384129248,0.83240931765569925,0.014871175460050267,0.81431259303245396,0.014928797404496957,652532.34580604814,2702,8192,0.329833984375,0.32985475405834247,1.1934330283604948,False
46026,San Francisco,META00147,1.1198564288536446,0.045972613005913834,0.97725689322758003,0.028378797699764646,0.82120586668079576,0.017309427058846711,0.64547815233298422,0.021222019767600995,571930.01111173688,34,8192,0.004150390625,0.004210911753936287,1.1330275691903251,False
46026,San Francisco,META00148,1.3960443689011628,0.042674323198219281,1.1636472148107848,0.03651670241827891,0.94230378273058646,0.020419300202365466,0.64528793812248664,0.018772073048444984,682528.03388852091,8192,8192,1,0.99993897229342121,1.8418161958031156,False
46026,San Francisco,META00149,1.0310868825297841,0.042178910500405932,1.1650828495849948,0.040412097770214601,0.78703294552830827,0.019085843971691621,0.7480787528908428,0.023475369521637666,659930.89723867842,0,8192,0,6.1027706578786769e-05,0.8939600412691393,True
46026,San Francisco,META00150,1.4289378867143834,0.058356578795234149,1.2177313415048099,0.034814164301237474,0.78254924815796034,0.014217833113742799,0.66844362202658381,0.02091052860169167,666844.10360608262,267,8192,0.0325927734375,0.032649823019650921,1.0895290329477132,False
46026,San Francisco,META00151,1.1399466862227599,0.054762298667047848,1.413375311418972,0.044450014903522975,0.81319172692132646,0.017576144549365433,0.73029436859560992,0.015426331555119408,716604.15720121108,8192,8192,1,0.99993897229342121,1.5266529329398619,False
46026,San Francisco,META00152,1.1149674270438048,0.061052912361839566,1.4024743202664698,0.042617194770611357,0.75310287170043166,0.01653015135372771,0.87213199774270234,0.024618813681301338,757253.57014951075,888,8192,0.1083984375,0.10844623459050409,1.1362562699464371,False
46026,San Francisco,META00153,1.1508672192244322,0.040742007312883112,1.070770178939187,0.038279284405039971,0.73156364541011076,0.022765196571466754,0.81440457862942794,0.017349592881531886,637864.21325331298,0,8192,0,6.1027706578786769e-05,0.85932236186518685,True
46026,San Francisco,META00154,1.3170890826500108,0.037130366437288689,1.3518584963995544,0.028421461528883168,0.67999332062129769,0.018292919145301748,0.82360844023114266,0.01577433453198936,591574.96851153462,0,8192,0,6.1027706578786769e-05,0.86896263034819221,True
46026,San Francisco,META00155,1.2996069801215646,0.055643561471502567,0.99685305501865318,0.028598026336119419,0.9393998005706059,0.021821047118833745,0.8931953136731734,0.020378723086687409,698867.49217847362,8192,8192,1,0.99993897229342121,1.3144753235562492,False
46026,San Francisco,META00156,1.140679507964899,0.036596682859711571,1.1929996979155777,0.044276378092134396,0.76166603181569426,0.018186362356923134,0.73424803251519322,0.021962975132972098,660482.24137947778,0,8192,0,6.1027706578786769e-05,0.9593088906519962,True
46026,San Francisco,META00157,1.0603400444365387,0.058966300111978481,1.2628862564345353,0.033474761222103022,0.78993871949112726,0.02392582234643402,0.82689416742354749,0.017806432828074807,696421.89950541849,0,8192,0,6.1027706578786769e-05,0.90696856077483234,True
46026,San Francisco,META00158,0.96685130082712667,0.063970776978696936,1.3878502819041296,0.045011040288997231,0.87872712383350127,0.020602332310806885,0.74855039485618435,0.024403598632933846,784962.77442432998,8192,8192,1,0.99993897229342121,1.6460321742654138,False
46026,San Francisco,META00159,1.4071383573417346,0.040877277092408584,1.431821040290963,0.038743888364345253,0.92705328922462082,0.018495123055305512,0.87708262888865529,0.023960081924939258,763501.07375394762,8192,8192,1,0.99993897229342121,2.1431108696903123,False
46026,San Francisco,META00160,1.1160788500311312,0.050746862619025154,0.96393702802223868,0.025044936218903725,0.94125427681476803,0.022559323188819792,0.92570051070499559,0.014899447953883621,632063.82638233516,8192,8192,1,0.99993897229342121,1.2269816334543828,False
46026,San Francisco,META00161,1.3367486887164566,0.059970099674434049,1.390920904161008,0.037297226324228668,0.69162478511380032,0.023668978732945677,0.83816556119605479,0.014904292726629739,734353.72849468887,0,8192,0,6.1027706578786769e-05,0.89741124194153754,True
46026,San Francisco,META00162,1.0531527485161327,0.040051091542222104,1.2495216833479112,0.042123225425759338,0.93866294114922488,0.024765911230197266,0.94684070308597801,0.018241898074541692,751878.49713930872,8192,8192,1,0.99993897229342121,1.5476250001821887,False
46026,San Francisco,META00163,1.0871034115143097,0.037813956543746557,1.0867277992375157,0.034141997138012595,0.89052168564179168,0.025170731050069381,0.68739420739888757,0.015109840637598626,641702.80352731771,8192,8192,1,0.99993897229342121,1.0609244551932422,False
46026,San Francisco,META00164,1.4282210609907118,0.059677077227190803,1.2095665541065992,0.045145397953486155,0.90694869777433551,0.025681160644513097,0.81644588425079456,0.022954412155886346,851106.46485771588,8192,8192,1,0.99993897229342121,2.3595326041958824,False
46026,San Francisco,META00165,1.2035361625693008,0.037950550598852141,0.9892460791629144,0.030487109382316472,0.78112865337653026,0.015222512390292034,0.91019279528827179,0.022975521304526306,592559.57225472783,29,8192,0.0035400390625,0.0036006346881484195,1.0951652347404479,False
46026,San Francisco,META00166,1.3768047229400342,0.054724083688792863,1.3245790367231374,0.031517165305120505,0.68080963150937313,0.014699224197156779,0.82970081347077029,0.022872342712217344,668339.50020670216,0,8192,0,6.1027706578786769e-05,0.77694007195406123,True
46026,San Francisco,META00167,1.2102820452810672,0.04871748213960489,1.016038154207771,0.035381242641523786,0.85376058456167292,0.020741717499705076,0.69472010093390268,0.020135949108843823,650847.89030203375,19,8192,0.0023193359375,0.0023800805565726839,1.0046903881622729,False
46026,San Francisco,META00168,1.1138736814363484,0.05727911518180516,1.0918186142978508,0.036412422909420698,0.72123521902748911,0.025127443297263762,0.69984456838864151,0.015799051180119886,659369.57872157195,0,8192,0,6.1027706578786769e-05,0.81652508464415019,True
46026,San Francisco,META00169,1.3460404717462271,0.052013473693092241,1.1284464815164852,0.029169229577364893,0.95798143078604525,0.025104646853168353,0.67485939559745323,0.014769966050739632,695638.8063267757,8192,8192,1,0.99993897229342121,1.5005665177465914,False
46026,San Francisco,META00170,1.3418469598430756,0.057466928186024988,1.0060360429281212,0.043152556428125592,0.83554792002441436,0.024878125202059193,0.7184833614458751,0.019638593843539862,741220.62964171311,7782,8192,0.949951171875,0.94989625289881607,1.3239871891333506,False
46026,San Francisco,META00171,1.0860032826149977,0.051308783157294792,1.1950906971596489,0.045178259821225829,0.66821316126632102,0.025882807156740253,0.7637826560109674,0.020615139283619695,717481.84138197266,0,8192,0,6.1027706578786769e-05,0.77970666731856608,True
46026,San Francisco,META00172,1.1944958483829069,0.039769351953244499,1.3683359351315638,0.034544250919976489,0.81802440729956838,0.02044715857871875,0.70437698556153361,0.025186283225364241,686803.09311494778,889,8192,0.1085205078125,0.10856829000366167,1.1057824801432174,False
46026,San Francisco,META00173,1.1211558235262342,0.04848153840366138,1.3578486136280965,0.044917818561925012,0.7973187315178204,0.024831186672809275,0.89487203538731186,0.01662251208854406,762586.30083426752,6832,8192,0.833984375,0.83394361039912124,1.2420507574495538,False
46026,San Francisco,META00174,1.0215904187943308,0.062189751706088384,1.0052702750623697,0.030981448361368125,0.89760483483600895,0.02051676527229708,0.65883862109839286,0.022220145457096108,648939.56941794755,8192,8192,1,0.99993897229342121,1.0656962391749529,False
46026,San Francisco,META00175,1.1179735815051259,0.053195175159022064,0.98336924682082927,0.040908200785587975,0.72772185559955727,0.015314496958264976,0.95805028363181921,0.018634606218209414,631659.42178725277,0,8192,0,6.1027706578786769e-05,0.85303761727190475,True
46026,San Francisco,META00176,1.0128948846814052,0.035378946048700718,1.1615313428180569,0.042710473504104486,0.9381112366218356,0.020044106790786331,0.65187200860272043,0.015520125149572281,646304.6389056422,8192,8192,1,0.99993897229342121,1.4516873500872367,False
46026,San Francisco,META00177,1.0658217883096488,0.042099442425850134,1.3229785124642102,0.042699029527102632,0.94429563428529484,0.022870038022620057,0.92261824735134046,0.025596585519645151,794066.76978777302,8192,8192,1,0.99993897229342121,1.7693889661961724,False
46026,San Francisco,META00178,1.392490349014893,0.037776365937958196,1.4284636685773631,0.034368998483048745,0.91926600353376431,0.019471945647856467,0.84241420002179046,0.016728703678301468,696474.66348230967,8192,8192,1,0.99993897229342121,1.7201393373008984,False
46026,San Francisco,META00179,1.286544399480813,0.064834993116697923,1.0318230333498648,0.029886834714381024,0.74842826429995701,0.025870930038794256,0.89508448877017188,0.01622188776022624,695330.15266765933,2,8192,0.000244140625,0.00030513853289393383,0.93676890883236874,True
46026,San Francisco,META00180,1.1024112312700742,0.060415961164165352,1.3448247619966835,0.034741090901086819,0.83471687328690025,0.025661917616217729,0.66157430455465815,0.020478417316806392,736659.01004188671,4168,8192,0.5087890625,0.50878798974734529,1.1575427779871024,False
46026,San Francisco,META00181,1.125261117770779,0.048346903550931901,0.99240098044006575,0.03725809663251179,0.85599077091357301,0.023262743256891961,0.92320525602262915,0.015020120787336824,664586.78559779772,8192,8192,1,0.99993897229342121,1.0871779176606458,False
46026,San Francisco,META00182,0.96126967754308479,0.049749553241355118,1.2445719189741311,0.028404738697624998,0.6549405895152165,0.021109477088366226,0.78183970766608946,0.017345947227579768,589481.15273932333,47,8192,0.0057373046875,0.0057976321249847427,1.0969510916787317,False
46026,San Francisco,META00183,1.15874776689523,0.05182749809390149,0.97845534234204312,0.0269270149977743,0.66663567519857403,0.01920204381482879,0.82271793922333258,0.02212638153175845,596260.97076005011,34,8192,0.004150390625,0.004210911753936287,1.1357013887195004,False
46026,San Francisco,META00184,0.99738913806761442,0.063444850371226477,1.0243036040602915,0.034696688358224384,0.93016044249408425,0.015432187977882775,0.82424697710401584,0.01698922413655457,626763.39330274728,8192,8192,1,0.99993897229342121,1.2114784180301186,False
46026,San Francisco,META00185,1.2857062453268029,0.062878506755851035,1.1711202056774339,0.044612135448988559,0.74787256632879029,0.023641385622450158,0.66290583120180069,0.015900280846800396,734255.00514094648,2371,8192,0.2894287109375,0.28945441230318564,1.1200880857646267,False
46026,San Francisco,META00186,1.2014748788946044,0.044654694641975828,1.4394519373689252,0.037201235666938136,0.69660918924191328,0.014934679709243387,0.82653382411737542,0.014508677948217327,635344.65329212532,0,8192,0,6.1027706578786769e-05,0.89135842740097593,True
46026,San Francisco,META00187,1.0331678726644935,0.040515285486582876,1.0433297734069364,0.032426068247309744,0.81435206507532221,0.024496393365278854,0.65462895491595985,0.024165206088647764,638153.80048009299,17,8192,0.0020751953125,0.0021359697302575369,1.0261070320141894,False
46026,San Francisco,META00188,1.1600927252066637,0.053614999363574736,1.1871925029021004,0.028998718358982004,0.70018240518391894,0.018661728987989797,0.81051917070528046,0.024536991793546896,644348.03799275123,1,8192,0.0001220703125,0.00018308311973636029,0.91644587291915292,True
46026,San Francisco,META00189,1.171700796624384,0.06378810877892882,1.0579530996966628,0.041338935778573366,0.91666421323276226,0.023783613282478813,0.74596004293207296,0.015877658885777825,733702.70955527597,8192,8192,1,0.99993897229342121,1.5353786466209693,False
46026,San Francisco,META00190,1.0651306391169908,0.048179749594668184,1.0136150698727773,0.027353610222903169,0.806271552792443,0.014554825920300623,0.69443316407671929,0.018760399302149299,546078.44230066577,34,8192,0.004150390625,0.004210911753936287,1.1353332990279406,False
46026,San Francisco,META00191,1.2880724142396369,0.046016924218101843,1.0721844363612203,0.027532299236695791,0.64568498429478516,0.014211444146001324,0.67961575343044789,0.016000469712710214,534499.59769084165,20,8192,0.00244140625,0.0025021359697302574,1.0506245571989814,False
46026,San Francisco,META00192,1.4254089890761559,0.038735286166280934,1.1461018388013808,0.037971952139483539,0.67952817210823124,0.017776886982076374,0.82395242354011533,0.022779433181990071,652054.03527545312,0,8192,0,6.1027706578786769e-05,0.78077466936971085,True
46026,San Francisco,META00193,1.0057321097459928,0.056913521116449872,1.3065307566467292,0.025307630510562007,0.89513382505849126,0.015274918822525034,0.76151491628219992,0.014106648328630369,583125.68856062542,8192,8192,1,0.99993897229342121,1.0863335487969199,False
46026,San Francisco,META00194,1.1116340322131522,0.048986124249818928,1.183020460781381,0.031413753697695876,0.72969466198774302,0.021089245894650194,0.64400485379273864,0.017130747209417756,609134.96587760444,1,8192,0.0001220703125,0.00018308311973636029,0.89501640987496833,True
46026,San Francisco,META00195,1.2079663749157525,0.061419351306518856,1.0020995336631464,0.043079563796062689,0.9057547798343204,0.015833591984127159,0.82585174358663904,0.016190192740396698,674032.88718966569,8192,8192,1,0.99993897229342121,1.5552696751707926,False
46026,San Francisco,META00196,1.0137150269709343,0.062158092682049297,1.2000868150925612,0.041810157215151238,0.88222787041246287,0.022320906886031937,0.76531753993868379,0.024999370894575941,758297.09084556554,8192,8192,1,0.99993897229342121,1.2714490810835533,False
46026,San Francisco,META00197,1.2837432255322747,0.047243776794851894,1.3732258209642123,0.038800040105220458,0.84018371469452913,0.020968399331642594,0.71445579146132454,0.018649951175149355,718830.33168346586,8188,8192,0.99951171875,0.99945075064079092,1.4639927903097467,False
46026,San Francisco,META00198,1.3684581864089393,0.044434287314249095,0.97534165457351263,0.041742402730718178,0.67831544243388231,0.023001779924491692,0.67978620058108663,0.017271515114178203,639744.3756419596,0,8192,0,6.1027706578786769e-05,0.79557149795724302,True
46026,San Francisco,META00199,1.2141640940685836,0.035050356086424435,1.0603875827826921,0.044326676060041328,0.79443781699766558,0.014003401001408965,0.75378290700837569,0.019899447352280143,609034.6346048523,6,8192,0.000732421875,0.00079336018552422804,0.98501297873938554,True
46026,San Francisco,META00200,1.3669156261746456,0.063636772988822241,1.2785806342808583,0.042299570591292322,0.78281073259729017,0.023169335533016852,0.64656177921851621,0.017631686887985935,764090.04270523239,8192,8192,1,0.99993897229342121,1.4666487060239883,False
46026,San Francisco,META00201,1.4165693419865391,0.064420238676377403,1.1438675191288268,0.041262432183502895,0.92931444210829062,0.016025063607958832,0.8669885359628442,0.02532050997860251,779210.01502594654,8192,8192,1,0.99993897229342121,2.3447372745455546,False
46026,San Francisco,META00202,1.2905671539802701,0.06000842167305169,1.2388481753231848,0.031820476500371335,0.86049467379318412,0.018401712104265118,0.65070826819934446,0.018221701116588884,672796.94195011072,6006,8192,0.733154296875,0.73312583913096541,1.2374864008646123,False
46026,San Francisco,META00203,1.3222882003730301,0.050561637561902427,1.166014333730176,0.031388416078492333,0.88518839185907616,0.015236969694317499,0.64419117364514078,0.017278086869313661,617243.38192063582,7853,8192,0.9586181640625,0.95856218723300379,1.2680638219096054,False
46026,San Francisco,META00204,1.4202950124774627,0.051725008601856012,1.4140498536769199,0.037147824319385306,0.67739344964335024,0.02553574016257134,0.91932966300612395,0.022192628950780051,778330.05137521739,0,8192,0,6.1027706578786769e-05,0.88157452566654371,True
46026,San Francisco,META00205,1.2159117548624232,0.036899375302073108,1.0039721838622209,0.040275772893630685,0.6427368149205257,0.025517789206640266,0.66038508115829064,0.018235767441341186,615283.59518525936,0,8192,0,6.1027706578786769e-05,0.89986793170818657,True
46026,San Francisco,META00206,1.2874660547675063,0.038337385021065082,0.96449895319411838,0.036604762119509665,0.84327483013177218,0.024401975132055744,0.82274862543942584,0.019036169187732026,664924.03743111633,2982,8192,0.364013671875,0.36403026974246305,1.0167943949706717,False
46026,San Francisco,META00207,1.4247588743659187,0.046787632080776506,0.96274386058503736,0.032676414508451823,0.85077502727011756,0.022715677972112387,0.71374854997563353,0.022824669051217786,676829.04813169211,621,8192,0.0758056640625,0.075857439277431951,1.0568881292327086,False
46026,San Francisco,META00208,1.3848546821967294,0.050891592133547374,1.2231763965585909,0.038253523422765293,0.78804765035522184,0.014773843491981069,0.84838879014625279,0.014111577053464119,652613.71702085389,1038,8192,0.126708984375,0.12675454656414012,1.1268488158878833,False
46026,San Francisco,META00209,0.96362559341357068,0.061587899922910236,1.3179043985612753,0.042682458143972972,0.84687398112050494,0.016829522079749939,0.72540209915238274,0.02561330438096425,723792.32515352534,6751,8192,0.8240966796875,0.82405712193335778,1.2888121091637081,False
46026,San Francisco,META00210,1.1309082079749797,0.051465647179610351,1.166546511930199,0.025132031223619327,0.9120851891059043,0.021197092351253759,0.66139626162449128,0.020790304503942408,637622.10682622273,8192,8192,1,0.99993897229342121,1.1286562355231948,False
46026,San Francisco,META00211,1.4182111567064188,0.036005222888309034,0.99784059586861951,0.029776467416918778,0.69869516725623693,0.017636720458975231,0.67897367523794516,0.01624030285731521,548156.01521479781,24,8192,0.0029296875,0.0029903576223605519,1.065087669187649,False
46026,San Francisco,META00212,1.4190959056450028,0.035429993790251461,1.2186686220705467,0.026120356415671772,0.91278391371345968,0.020498854869088215,0.79086511463551856,0.014823664263382925,617815.99114170286,8192,8192,1,0.99993897229342121,1.2181843593072235,False
46026,San Francisco,META00213,1.1574037169506584,0.047238632159134708,1.2852755332416073,0.034901239440494711,0.64927188617048215,0.014462845508710204,0.68861050233550258,0.021483841196622274,608726.45830888848,0,8192,0,6.1027706578786769e-05,0.818315628387975,True
46026,San Francisco,META00214,1.2428585665701437,0.040957781276588473,1.3706730051307612,0.041180854979647255,0.77836577145100128,0.014317803460831316,0.67917751806876225,0.014527155466405551,634988.76614941936,3659,8192,0.4466552734375,0.44666178445014038,1.2306817186614716,False
46026,San Francisco,META00215,1.2426881628347481,0.05988714768941205,1.0677322579266704,0.025378265695539942,0.79231892195446252,0.022279180866182653,0.64029723011628981,0.016267969523060189,625448.82753561775,19,8192,0.0023193359375,0.0023800805565726839,1.0453601657931459,False
46026,San Francisco,META00216,1.1661642793156675,0.057039908783900778,1.4062417773722806,0.041011158541039337,0.71335066303342765,0.016692533297997768,0.90304854664621903,0.025762808660180707,752484.60719556152,8,8192,0.0009765625,0.0010374710118393751,0.99037858435403814,True
46026,San Francisco,META00217,1.0573462910861877,0.051041030402850879,1.1546944686789649,0.036001661896945591,0.64030864538927912,0.02321800925256649,0.8560787880099876,0.024113355863665465,674198.50277819647,1,8192,0.0001220703125,0.00018308311973636029,0.91773681509857552,True
46026,San Francisco,META00218,1.2737130424186001,0.035121232818046473,1.3825353986693494,0.036135057215227584,0.74069149704795423,0.016757041424363527,0.94329743618181328,0.017822913049919554,650337.8475442417,0,8192,0,6.1027706578786769e-05,0.91088274070277875,True
46026,San Francisco,META00219,1.12044280650756,0.04045371736035315,1.3339332101351122,0.038311773605973494,0.93325467739311274,0.016356103057510916,0.74123112386328605,0.023607751687955203,683565.10321973625,8192,8192,1,0.99993897229342121,1.6898865154085185,False
46026,San Francisco,META00220,1.1064412629671128,0.047755839142324535,1.4234414820201655,0.035240302772976975,0.68678479950560445,0.017090051419119578,0.75774167426565153,0.0140674362871205,623703.24624939053,0,8192,0,6.1027706578786769e-05,0.8779552556194844,True
46026,San Francisco,META00221,1.0299238664376329,0.048229566291023443,1.4057232897183796,0.028866997961913016,0.77315869815664939,0.019376793942531875,0.6631277420457421,0.019126772637312071,620122.46985012328,0,8192,0,6.1027706578786769e-05,0.90360981693064746,True
46026,San Francisco,META00222,1.0140597127503419,0.058162977220818049,1.17524500890104,0.044385225918840518,0.95220238113391087,0.025799290536641588,0.95949107720954574,0.014190584885315435,770731.66309794527,8192,8192,1,0.99993897229342121,1.6817215565213433,False
46026,San Francisco,META00223,1.0112499841892884,0.052762658451226505,1.4001415914795179,0.029994784336012801,0.95123077309260828,0.024421801810394547,0.67492596485512191,0.023293806584495015,722701.44083496358,8192,8192,1,0.99993897229342121,1.4115931357389548,False
46026,San Francisco,META00224,1.2802438086634147,0.040156417406984606,0.98027810484339628,0.027196928428991657,0.84654106773031601,0.022297308013346541,0.79005646801566076,0.017311049687515755,610342.44389957376,5529,8192,0.6749267578125,0.67490540705480284,1.1422644405700244,False
46026,San Francisco,META00225,1.3688935677338496,0.038898469109277245,1.3052089415621992,0.02697616454674278,0.86377480421167574,0.015103760324775214,0.77428793699491205,0.018037431607010213,599531.10928585927,8192,8192,1,0.99993897229342121,1.0478660934699844,False
46026,San Francisco,META00226,1.0370614055670229,0.050071654738054125,1.3672512397442127,0.043571359141129265,0.91990679493457883,0.015163066597163374,0.75303292228644247,0.020101924006263469,702873.44742227916,8192,8192,1,0.99993897229342121,1.872233474945856,False
46026,San Francisco,META00227,1.150356362770109,0.063439011225434508,1.3479481535448088,0.024920831309612784,0.74918200194746332,0.024156469852601965,0.68261372256843666,0.017067184767507546,658284.93187101022,0,8192,0,6.1027706578786769e-05,0.86879676232547753,True
46026,San Francisco,META00228,1.1723083519300124,0.055620584687396335,1.3226791686595523,0.036482036349908722,0.66084088004053487,0.018009584619612645,0.71077002376525122,0.023252732076260323,673663.79189967155,0,8192,0,6.1027706578786769e-05,0.79980624948789281,True
46026,San Francisco,META00229,1.1034414780036572,0.062574466890373215,1.2999629060025806,0.032139653610437358,0.80660051639297425,0.021055368022068643,0.71720925123636015,0.022491147009039071,698255.79965556308,0,8192,0,6.1027706578786769e-05,0.90959966817459714,True
46026,San Francisco,META00230,1.1039281687712512,0.0556756173683189,1.197167978291684,0.042322990847040477,0.74207889107659086,0.022097403313167133,0.9265339000054319,0.01980310787791971,725164.24448426324,0,8192,0,6.1027706578786769e-05,0.88445215066989202,True
46026,San Francisco,META00231,1.4378799850647799,0.060252435252425407,1.0773807837295422,0.027857090437942992,0.65900099092709052,0.014823064087344493,0.70668981054861824,0.015347924957475782,594935.15019197704,2,8192,0.000244140625,0.00030513853289393383,0.94778902920692076,True
46026,San Francisco,META00232,1.1308577491643845,0.043232110685024368,1.2215522929968667,0.03832311972105016,0.71835491516159988,0.022286325666498401,0.85838109644726268,0.019652479816165261,675137.62549721065,0,8192,0,6.1027706578786769e-05,0.84316369319349627,True
46026,San Francisco,META00233,1.1449352112086275,0.058873485013300086,1.3391565369750249,0.034247433985699682,0.72496594010183946,0.0164370393541492,0.76293498578821139,0.019702178230792306,661061.83927799249,0,8192,0,6.1027706578786769e-05,0.80971251518515475,True
46026,San Francisco,META00234,1.0805551231768713,0.04129765441055136,1.0593167542894608,0.025854469214359348,0.72367072411452427,0.017595698319065184,0.89097247879875574,0.020307417476260903,570604.44153532246,40,8192,0.0048828125,0.0049432442328817281,1.1669052975434353,False
46026,San Francisco,META00235,1.4011569634635057,0.054222875750964489,1.0197777784370379,0.026884260193038481,0.87867004079941236,0.014640747882072149,0.91365927391379476,0.025267388077740219,663119.92517465109,8192,8192,1,0.99993897229342121,1.1176223363343381,False
46026,San Francisco,META00236,1.2230763953581461,0.044009744525823444,1.251758852816037,0.044785279085859803,0.80496669092139439,0.01768204910607241,0.86438125776794639,0.02596973153593108,737252.12952562945,5576,8192,0.6806640625,0.6806420114732088,1.2541507260038571,False
46026,San Francisco,META00237,1.1934333659653049,0.059852164028655772,1.2359358508014953,0.037900313175371118,0.95317800980479095,0.019297002714779868,0.81708072588338354,0.015866178954420385,718772.56963136035,8192,8192,1,0.99993897229342121,1.919063013051274,False
46026,San Francisco,META00238,1.0240956968187778,0.055327962302530356,1.0837759540592102,0.043873525524519542,0.64723731499766923,0.016678287571989841,0.81389650514930056,0.023149682966197904,655021.37868114875,0,8192,0,6.1027706578786769e-05,0.77202452927085063,True
46026,San Francisco,META00239,1.3087388917749734,0.058605908654057667,1.0229922631536097,0.035366030054394273,0.67673155286509123,0.020051070648938917,0.94145819214372994,0.015857198611637192,655111.73574153765,0,8192,0,6.1027706578786769e-05,0.84305680184492227,True
46026,San Francisco,META00240,1.0335414029134049,0.037162900896513244,1.4155504236408278,0.033344883451262471,0.64662979006831489,0.021966979754764734,0.83722615442243442,0.02354535782017491,657114.16707160207,129,8192,0.0157470703125,0.015806176003905773,1.0965020870723139,False
46026,San Francisco,META00241,1.1303006569269878,0.044841153139754619,1.2939337007798872,0.026461673560413193,0.95433341407872385,0.017628397879447925,0.86229893259569634,0.022591286893612016,655005.0942979242,8192,8192,1,0.99993897229342121,1.3052766520608508,False
46026,San Francisco,META00242,0.98936420119784863,0.042884363096826389,0.97766192030510923,0.045426499784023522,0.85210007512831965,0.018904389253438909,0.84355643219400556,0.02020417014446757,652895.5153951823,8192,8192,1,0.99993897229342121,1.0567836229757785,False
46026,San Francisco,META00243,1.3474309811049383,0.058913780615972161,1.4368482806717329,0.033154633266917651,0.84921630473471132,0.017701412434260932,0.9544316836563338,0.021648231806647218,754409.72540273739,8192,8192,1,0.99993897229342121,1.4563618499394071,False
46026,San Francisco,META00244,1.1390204345536439,0.043105227400804386,1.0117403069667756,0.035815417988781378,0.65099499946539929,0.018793931924824394,0.94055510831056699,0.020386688999738334,614134.72929787601,5,8192,0.0006103515625,0.00067130477236665442,0.95807239646660913,True
46026,San Francisco,META00245,1.2389702879115321,0.049529797507398783,1.2146669001675947,0.033067911277334008,0.717912615200479,0.023537672457945108,0.89764811025239166,0.01846813980307032,680547.84009879536,0,8192,0,6.1027706578786769e-05,0.81956498230847463,True
46026,San Francisco,META00246,1.2396156550103601,0.055926445106775746,0.96664246972589141,0.042549827014637928,0.95820232758609836,0.021844083709196709,0.7216352510653038,0.02574684695985572,744176.93340449233,8192,8192,1,0.99993897229342121,1.8249649709712989,False
46026,San Francisco,META00247,1.4066946224111927,0.058680357136538984,1.3637736067284028,0.03513941299857385,0.80871756190693289,0.022164080758646329,0.78544366229897078,0.02589868232374723,783292.59564586217,7457,8192,0.9102783203125,0.91022824362260468,1.3044428925779195,False
46026,San Francisco,META00248,1.3673781695519156,0.044333534957948131,1.3005615526076015,0.027138297249872413,0.74782295863433979,0.015915407161230591,0.92942982674557784,0.014780184382285535,602690.49480340397,1,8192,0.0001220703125,0.00018308311973636029,0.88757161617286096,True
46026,San Francisco,META00249,1.0150056702003512,0.04868637873916605,1.0653978063973868,0.032287554567773262,0.78449250896025313,0.015335360611860541,0.64378000314453687,0.024652889956736403,585660.85746719409,9,8192,0.0010986328125,0.0011595264249969486,0.98262601942541294,True
46026,San Francisco,META00250,1.4045161232548991,0.064492512792815787,1.3551652038645852,0.040843804199085926,0.7396209230653864,0.01933371885035428,0.89382773322325171,0.021053556749196664,786739.11289425881,5450,8192,0.665283203125,0.66526302941535453,1.2443976210045831,False
46026,San Francisco,META00251,1.3145769345394829,0.046759494259568227,1.0222103459362284,0.037381773805772477,0.72089506698537642,0.019752035042477283,0.67645328370554092,0.018455226965919388,624980.70321516797,0,8192,0,6.1027706578786769e-05,0.84601843882777139,True
46026,San Francisco,META00252,1.2709612001722714,0.053400929647035522,1.307671698317532,0.025395561188106236,0.78668378165658104,0.017661188637235817,0.88865601491356183,0.024628056990066496,671771.94007222948,1,8192,0.0001220703125,0.00018308311973636029,0.92941428840977636,True
46026,San Francisco,META00253,1.4245289977914339,0.05067668845505819,1.3423942395498991,0.02981076572985453,0.90972512540591199,0.019256426801589434,0.67554830196827531,0.023092525291444232,703225.75022897369,8192,8192,1,0.99993897229342121,1.5515808759051082,False
46026,San Francisco,META00254,1.3510756997841962,0.044047637511622516,0.96576261255533191,0.036299681986409128,0.89491785979999205,0.015463172516028013,0.87191521106461856,0.023192067084189256,651779.09760621178,8192,8192,1,0.99993897229342121,1.3037990723692805,False
46026,San Francisco,META00255,1.30985459650763,0.039780639942191304,1.1553080855571281,0.039196487250922264,0.6534911052555693,0.018200156451323682,0.91958329876568867,0.018733248800035605,642155.40460186556,0,8192,0,6.1027706578786769e-05,0.78354596051836511,True
46026,San Francisco,META00256,1.3415670211152793,0.063049060459489242,1.3165681717074631,0.044840578990667429,0.85701067448197377,0.015391388872082927,0.77598540939134997,0.016318837937713066,743648.81598352944,8192,8192,1,0.99993897229342121,2.0832011414193028,False
46026,San Francisco,META00257,1.0812457525681569,0.037242407890533076,1.0025027702915235,0.025201587007715909,0.83425942138479203,0.016313698924348297,0.67063544685452281,0.014543378582808386,513707.77162760153,78,8192,0.009521484375,0.0095813499328695224,1.2532653053094782,False
46026,San Francisco,META00258,1.0622933256928777,0.039440385618889032,1.3629256102506664,0.042275711711596983,0.70565694307744808,0.025265905151187918,0.8942703544801871,0.020288476988027233,726369.35038655414,0,8192,0,6.1027706578786769e-05,0.95116731877590566,True
46026,San Francisco,META00259,1.1770857960753847,0.051353945187958605,1.2501369435789442,0.027499888474003198,0.77947759646065262,0.015764300800932784,0.95825341952596221,0.018517114139875817,623920.68974081439,1,8192,0.0001220703125,0.00018308311973636029,0.92476439585996895,True
46026,San Francisco,META00260,1.2367256927078456,0.038764116902843884,1.1734914993984797,0.039895165087203019,0.84121095581799532,0.017056156814010234,0.66696237338006692,0.014377492145401478,617771.54469735338,4992,8192,0.609375,0.60936165018918587,1.2238752973271636,False
46026,San Francisco,META00261,0.99557357186997164,0.04024742615995109,1.3822915424928666,0.043269573469842962,0.84548319517928894,0.023674124548582181,0.89370411291110852,0.015240843238948067,725744.44361991354,8192,8192,1,0.99993897229342121,1.2576788886249815,False
46026,San Francisco,META00262,1.3282121313422139,0.045776032258514912,1.1530657960998851,0.041093952600390379,0.84406260617773166,0.017875147710359515,0.88205103522693462,0.025178736463435589,724221.2810287684,8192,8192,1,0.99993897229342121,1.3478069561804193,False
46026,San Francisco,META00263,1.2436395071066839,0.044980382880810445,1.1784415240254837,0.026073453393433192,0.75761751736879157,0.022553268102563993,0.76421395768950717,0.019494074305664952,625787.55348275555,14,8192,0.001708984375,0.0017698034907848163,1.0091930730580618,False
46026,San Francisco,META00264,1.2064816048357767,0.062664111405923081,1.2549296523036635,0.027659199907322615,0.95406247935673383,0.015781425689684766,0.93678771188982535,0.019686514195133061,683026.8346283607,8192,8192,1,0.99993897229342121,1.4576707843685139,False
46026,San Francisco,META00265,1.3689834176366558,0.061695816625876559,0.96092872853454758,0.044803218992869071,0.8843945516200723,0.018558118316400595,0.93176501400170986,0.017502637484910089,729406.77913962479,8192,8192,1,0.99993897229342121,1.7510577855208131,False
46026,San Francisco,META00266,1.1384808667958708,0.055951784925559897,1.2179742797467725,0.034488406101041945,0.76263552089451458,0.017817538617877209,0.87639823968697983,0.01563810143220323,646317.23565827718,0,8192,0,6.1027706578786769e-05,0.88845867063230854,True
46026,San Francisco,META00267,1.0644998224005577,0.044265368362429267,1.0277213844604682,0.044750664115218053,0.94447477517484646,0.015903268786921762,0.66399478212035423,0.018019053861097936,630126.29157488747,8192,8192,1,0.99993897229342121,1.5383131894192821,False
46026,San Francisco,META00268,1.0767273132237867,0.036256980100627278,1.3498225521673262,0.037311846641737229,0.82232836528402975,0.016725134463834383,0.9353563288821618,0.025196659641554656,690407.99992506765,476,8192,0.05810546875,0.058159404369583792,1.1035435920772663,False
46026,San Francisco,META00269,1.0472450887167333,0.039102881283681418,1.3417832635489719,0.044947942497174057,0.84860949663623608,0.019274525837733321,0.83710420443116906,0.021828507721925131,723728.65982886113,8192,8192,1,0.99993897229342121,1.3423874130075999,False
46026,San Francisco,META00270,1.402311413571351,0.048970629047504551,0.97144601151766652,0.032709597024423137,0.77087218800337021,0.025642668793798236,0.87675119428837234,0.02095335584383682,697451.0640521067,2,8192,0.000244140625,0.00030513853289393383,0.94876229274595814,True
46026,San Francisco,META00271,1.3592978388668651,0.054240647290151371,1.1327750269713874,0.035047642090930309,0.80106886029389734,0.017241463570217393,0.90515394957861606,0.021840074812906552,694976.1750180457,12,8192,0.00146484375,0.0015256926644696693,1.0001826455195404,False
46026,San Francisco,META00272,1.049727059611814,0.037126723124135688,1.0701169226169016,0.037575261621508045,0.79319776752793769,0.016615221215074121,0.77938243400553708,0.021822043954682339,605767.87991133705,1,8192,0.0001220703125,0.00018308311973636029,0.9197136243515126,True
46026,San Francisco,META00273,1.2193120465053751,0.052460797964360539,1.40426978417256,0.026497784405583487,0.88590621250641877,0.024514060173024991,0.65400007986457742,0.014293232025740689,676279.44016706327,8192,8192,1,0.99993897229342121,1.1297692494504195,False
46026,San Francisco,META00274,1.0866262265672995,0.061789706758076185,1.0648574948464971,0.032500611154859443,0.69133505144934759,0.014721149672226781,0.91238468299549513,0.01575419782390269,596455.82703865389,1,8192,0.0001220703125,0.00018308311973636029,0.90980643653120719,True
46026,San Francisco,META00275,1.19154577084405,0.03953822515298111,1.0734748846882509,0.034470548448627306,0.83610477789223892,0.014067577578762468,0.88112637454412379,0.019568680611618424,599877.84220203082,5247,8192,0.6405029296875,0.64048578054436711,1.0263733407372588,False
46026,San Francisco,META00276,1.001910168385056,0.062915158438259469,1.280604358593096,0.034676694524140975,0.89840090416658969,0.024777695096835028,0.76511833617530256,0.018677329028229991,732307.46021740348,8192,8192,1,0.99993897229342121,1.1858000870381993,False
46026,San Francisco,META00277,1.1099199462089162,0.047573602853672653,1.190013688683645,0.041907942761064583,0.92068996509022916,0.022128306939416156,0.78837080236753354,0.014839453809767601,703651.5622118935,8192,8192,1,0.99993897229342121,1.528954879179288,False
46026,San Francisco,META00278,1.2030574990872294,0.036025212371933325,1.2511200242638747,0.031548863982751106,0.67911648708875472,0.025314453572068577,0.78627362972428094,0.015047074065315243,617600.65002000483,4,8192,0.00048828125,0.00054924935920908091,0.92742831545984106,True
46026,San Francisco,META00279,1.0664739506628329,0.055132642822598714,1.3009236277147189,0.027234194994754296,0.91557955542322644,0.017857823135773557,0.79813997629814104,0.025514802972750605,674274.93981973454,8192,8192,1,0.99993897229342121,1.164613861876858,False
46026,San Francisco,META00280,0.96301590003378945,0.046225984502112072,0.99610188935336852,0.025497804757988258,0.95277064732707772,0.016499737561947336,0.71465990194043072,0.025081611754307478,586912.12673761928,8192,8192,1,0.99993897229342121,1.2369365752793857,False
46026,San Francisco,META00281,1.0922057892440244,0.057768718985674566,1.2252411840115602,0.030695254638726115,0.88060288901470929,0.017729899697465641,0.70387716807601242,0.024207375668206674,664337.27045249334,8192,8192,1,0.99993897229342121,1.0568968252429638,False
46026,San Francisco,META00282,1.2416779561185447,0.051241114938192722,1.3806153429003079,0.036881312326511789,0.65074162892412879,0.021397632048977298,0.85739658292760601,0.024156869945330929,723971.12205852044,0,8192,0,6.1027706578786769e-05,0.81495782942813444,True
46026,San Francisco,META00283,0.99635082616814785,0.046677104494457416,1.425251871515097,0.025452224131892326,0.69481304089312645,0.017404495693048468,0.80519719546262314,0.019515062980512213,589562.44960995566,7,8192,0.0008544921875,0.00091541559868180155,0.96622124295276723,True
46026,San Francisco,META00284,1.1761909267199508,0.038430449427449838,1.3409946227362164,0.044981961766738576,0.67259818555592499,0.014742550810720848,0.72386781954302581,0.024643405386908963,671777.58257913147,0,8192,0,6.1027706578786769e-05,0.9354005131595291,True
46026,San Francisco,META00285,1.1262575761989373,0.035717005523068251,1.108130385870576,0.026298654544072785,0.95655536731974555,0.015878433009291815,0.76468585751948792,0.017560332983619767,565147.43739177589,8192,8192,1,0.99993897229342121,1.2165488520162728,False
46026,San Francisco,META00286,1.0698168476614043,0.049335944828958318,1.0270710476164864,0.040640276970811275,0.9194056215687918,0.020848213579198079,0.83092050519973204,0.015931976647792691,669409.88011379354,8192,8192,1,0.99993897229342121,1.2263734398672246,False
46026,San Francisco,META00287,1.0097120285109347,0.043543254374255748,1.2473231561849079,0.038032359445534514,0.6847474227719198,0.015994247314087665,0.92711784690680643,0.021779166886268908,642790.01399104728,0,8192,0,6.1027706578786769e-05,0.87428854246056054,True
46026,San Francisco,META00288,1.1546614166716556,0.052128507358818896,0.97563572306276214,0.027721597677732177,0.86641777170291723,0.02333748100300375,0.85525436254433751,0.01686625476796896,644024.86614350835,8192,8192,1,0.99993897229342121,1.1128755226746259,False
46026,San Francisco,META00289,1.3240670002149957,0.046440137500378842,1.2507242601401458,0.041031796011914486,0.86006326572813796,0.023450888811759781,0.78050414297419912,0.014009997050942019,721077.23885836988,8192,8192,1,0.99993897229342121,1.5130945385021313,False
46026,San Francisco,META00290,1.07316728233835,0.043504597200390155,1.0994392063360294,0.044445359134599668,0.80230837177192438,0.025562228053073517,0.68899638533128749,0.022935311239612642,709272.82900791697,0,8192,0,6.1027706578786769e-05,0.93745441029959009,True
46026,San Francisco,META00291,1.1968125360863768,0.045812352881458011,1.2276456561471045,0.040103815101247532,0.73994607241170995,0.023997576601321274,0.72795331737535962,0.016206067935918507,681818.0974288357,0,8192,0,6.1027706578786769e-05,0.91609501884967004,True
46026,San Francisco,META00292,1.2992603260481583,0.050967226459557743,1.0656277433487862,0.027005443812682599,0.65470306537261347,0.024837624644188747,0.6573771682505043,0.020145494024992223,619199.41517729498,18,8192,0.002197265625,0.0022580251434151104,1.0305332660511703,False
46026,San Francisco,META00293,1.0960005191994098,0.047474403469210218,1.1438103295905213,0.032915752009690019,0.70785566881225281,0.014104010669816184,0.71587081228052585,0.020570025242194385,580094.97281918826,1,8192,0.0001220703125,0.00018308311973636029,0.90485583773406775,True
46026,San Francisco,META00294,0.98434120975280348,0.039923434488873255,0.96703570929604632,0.029297629247877092,0.65999524928321973,0.015576927808703265,0.92599503870241362,0.02084829576878406,548168.16223338176,6469,8192,0.7896728515625,0.78963749542292205,1.3321875246971824,False
46026,San Francisco,META00295,1.1494384382187084,0.042590697937599911,1.0016167734488359,0.032597839987044935,0.82985431428729295,0.017651429584753228,0.68878582224454921,0.015969207654843914,575009.18456829421,15,8192,0.0018310546875,0.0018918589039423899,1.0193735458797595,False
46026,San Francisco,META00296,0.99049580904278367,0.059508882719763262,1.4290893667636126,0.027635358129820424,0.83218569331251102,0.019491083840137698,0.77775282105774413,0.021436209814438646,667174.65478409268,0,8192,0,6.1027706578786769e-05,0.96737300762268053,True
46026,San Francisco,META00297,1.0845719434188883,0.053276529803350924,1.1415281997070681,0.02709679854236274,0.71968563598320467,0.025139542443996035,0.75888470498145189,0.018207452742682741,630428.87775522203,14,8192,0.001708984375,0.0017698034907848163,1.0115656293181934,False
46026,San Francisco,META00298,1.0502825677411618,0.054638864939339372,1.0500603189976374,0.026828159096642913,0.83360949301377629,0.022515616792831161,0.93131824681768571,0.019767883147885638,652637.17427267018,7343,8192,0.8963623046875,0.8963139265226413,1.0825542599483955,False
46026,San Francisco,META00299,1.135768465995771,0.036948307810123079,1.0829646753612687,0.038218876982834292,0.77389055941297813,0.022600128296353175,0.6499412636892663,0.022812967250693018,640515.00128259021,0,8192,0,6.1027706578786769e-05,0.89712700147340874,True
46026,San Francisco,META00300,1.2929586768116441,0.059010489995617144,1.2902382158015446,0.036817271100159782,0.73109705423229554,0.020238323458115291,0.83927362524264626,0.02379908567307228,738722.75688977796,0,8192,0,6.1027706578786769e-05,0.89183415708711777,True
46026,San Francisco,META00301,1.3953637577985452,0.054328212311533772,1.0903952926969889,0.028515146018814063,0.82292681189037642,0.025331379408309377,0.68593579436926322,0.014205624359869011,669259.70533620927,2,8192,0.000244140625,0.00030513853289393383,0.93743313112886795,True
46026,San Francisco,META00302,1.0925932186195375,0.039162296945691448,1.4384849928877013,0.035900555718747951,0.65885035125232416,0.018670610763146855,0.68796790894352144,0.025852221154200813,654636.70001841779,8,8192,0.0009765625,0.0010374710118393751,0.99282964276055941,True
46026,San Francisco,META00303,1.0117763249350811,0.05156481182563169,1.1504623622177717,0.029556109460286688,0.72475791257334254,0.021239942182424618,0.94985611594103447,0.02498501266663769,665422.77292930149,7,8192,0.0008544921875,0.00091541559868180155,0.97540754972440868,True
46026,San Francisco,META00304,1.3090179878720545,0.043379474351909988,1.0309460903290693,0.031576306621600145,0.67776099956358116,0.021484836452323804,0.88635737025263683,0.020056374139988099,628290.97443393478,7,8192,0.0008544921875,0.00091541559868180155,0.98406385816368369,True
46026,San Francisco,META00305,1.343814607223963,0.052530290882039324,0.99022970309821712,0.030523399730754793,0.82443209659840866,0.017758310595540866,0.6423205789119012,0.017450481235582439,609296.06468480383,9,8192,0.0010986328125,0.0011595264249969486,0.98522116790869152,True
46026,San Francisco,META00306,1.1646952514169402,0.059567167019092732,1.147590917585172,0.031092613041480949,0.74886696042664169,0.017460313488244332,0.70543000433779823,0.01414978067689498,606075.44991861668,0,8192,0,6.1027706578786769e-05,0.87526035917796985,True
46026,San Francisco,META00307,1.378357924202545,0.043973443999636326,1.0778990152721954,0.040240095400509171,0.76800893868070919,0.020915328695076368,0.95736962605578668,0.015656012469566584,675382.46398704383,2,8192,0.000244140625,0.00030513853289393383,0.97397049648736822,True
46026,San Francisco,META00308,1.1074750004137019,0.055162353095628135,1.3845522673384918,0.02670430808899189,0.83972097016998459,0.025747068002988063,0.91668909089144679,0.017162010111871809,704859.174631387,8192,8192,1,0.99993897229342121,1.0502955048177547,False
46026,San Francisco,META00309,1.3741179882602048,0.043315721898903162,1.1111674965843568,0.026634641827342084,0.91875664042845628,0.015251531641304853,0.66432140850105781,0.023693760800694699,607166.14576795627,8192,8192,1,0.99993897229342121,1.1550654174607187,False
46026,San Francisco,META00310,1.2471969616494838,0.057229865411317589,1.1153870047951873,0.043933910279927935,0.68024809027355515,0.024027693535715586,0.70161773478151113,0.014588519178340947,689353.25092872989,0,8192,0,6.1027706578786769e-05,0.79366604849724032,True
46026,San Francisco,META00311,1.2576295941834454,0.037284976993080053,1.294150533959546,0.042173671008967878,0.88075932710990557,0.016969242242755568,0.87590982099404335,0.014439696592568137,670068.33861912624,8192,8192,1,0.99993897229342121,1.5865841058705545,False
46026,San Francisco,META00312,1.3633497756490518,0.063163208606473564,1.1288704290270661,0.037785818342922148,0.69028191679314577,0.022987860373585793,0.89265288768395001,0.025569038041072596,763316.23678510007,0,8192,0,6.1027706578786769e-05,0.77407288913735472,True
46026,San Francisco,META00313,1.3736352273741006,0.039974345680876877,0.99281067748476748,0.026941201736368471,0.90850315120600467,0.023753384990386844,0.75150016501530614,0.020363718471262327,651133.2770098974,8192,8192,1,0.99993897229342121,1.1525620563559185,False
46026,San Francisco,META00314,1.3538600273949681,0.041985711747301493,1.3975805964157906,0.026655070274396855,0.72630156671547497,0.014815659194084969,0.72296938500165275,0.02055028686386811,598641.91559899959,0,8192,0,6.1027706578786769e-05,0.84883692240009745,True
46026,San Francisco,META00315,1.4353743123825915,0.050786883018660772,1.0814676584011564,0.042239816985472162,0.7214824254103207,0.015353359856569312,0.64746243249696211,0.021405019447713884,656253.40378463408,0,8192,0,6.1027706578786769e-05,0.96076914871300212,True
46026,San Francisco,META00316,1.0785304940516978,0.062401253307471212,1.2522268785344095,0.04380806399022303,0.69006848039595303,0.014649551759812432,0.68296681470839227,0.016773061907839903,656452.13212353329,0,8192,0,6.1027706578786769e-05,0.80996907401030993,True
46026,San Francisco,META00317,1.2986552503740276,0.060610197345456564,1.4269148386484818,0.040952679122449639,0.83966699672908973,0.020765481629952145,0.95023884334458653,0.018190769424358856,795327.30743912014,8192,8192,1,0.99993897229342121,1.762204617757998,False
46026,San Francisco,META00318,1.1219179478722081,0.039503744738998772,1.3799590741159848,0.027409170578821185,0.74143420458426967,0.023282398382083722,0.72089481664524502,0.019021682917290721,625398.35395481961,2,8192,0.000244140625,0.00030513853289393383,0.90516820138692633,True
46026,San Francisco,META00319,1.0798236968420314,0.059120052049739899,1.1019909581222913,0.0358390039202756,0.80040991404749517,0.023853650974001668,0.77485659366193138,0.025805961532244522,718413.30682878837,0,8192,0,6.1027706578786769e-05,0.89934742015160851,True
46026,San Francisco,META00320,1.023807319147938,0.045680207652673659,1.0886827057227995,0.038570895789480732,0.9151315331777532,0.025390660068676338,0.94899754077854315,0.017381907468765126,713818.41224842018,8192,8192,1,0.99993897229342121,1.2095585126916755,False
46026,San Francisco,META00321,1.0006303496315005,0.063812322503000729,0.97622412885482235,0.03721106784500558,0.83701686840792122,0.015326624298982088,0.67285272221031955,0.018586457711772114,607091.57036723953,0,8192,0,6.1027706578786769e-05,0.95623670472164513,True
46026,San Francisco,META00322,1.1191733169414499,0.050142782213306425,1.1391076281943577,0.045491528105821952,0.82848534525046236,0.019420289943710811,0.66895898094023321,0.014736463594079149,667446.54803939979,4512,8192,0.55078125,0.55077505187355058,1.191006629682263,False
46026,San Francisco,META00323,1.4160203223942012,0.060518980700614629,1.0965837259722895,0.041283769341152299,0.88767447609431294,0.021388485331259473,0.76661620379550421,0.01403231559370216,732428.52347238397,8192,8192,1,0.99993897229342121,1.8346976036212839,False
46026,San Francisco,META00324,1.0023213817351924,0.057132347505415626,0.99331697942676833,0.037484886658691249,0.83541198538762362,0.018157636742574486,0.80181408263580278,0.018853012536112969,634796.68280589487,1,8192,0.0001220703125,0.00018308311973636029,0.99351917798307909,True
46026,San Francisco,META00325,1.0680222574737608,0.043068912026097285,1.2868534036616062,0.02874930965967246,0.90304807607147519,0.014828159058738079,0.79992695094984212,0.014161875644427599,578897.95509287121,8192,8192,1,0.99993897229342121,1.1410894921790649,False
46026,San Francisco,META00326,1.2211704553723108,0.038321409869749232,1.1053768697035107,0.032977372179602733,0.88723651200336517,0.023073788578113288,0.85980059617521332,0.01901053551667007,668971.72549466696,8192,8192,1,0.99993897229342121,1.1463072297812833,False
46026,San Francisco,META00327,1.0976880633472084,0.045377303964500439,1.3545059494889147,0.044243559606862326,0.80842648518842819,0.015265233593906231,0.85658509439709218,0.015915988353607798,677818.14679426549,5706,8192,0.696533203125,0.69650921518369335,1.274571732204683,False
46026,San Francisco,META00328,1.3479366424647548,0.044694039120295161,1.3726040000113775,0.038778513597609213,0.83423984244799709,0.023910467452481571,0.93792292892053286,0.019311455152443934,766787.45760090044,8192,8192,1,0.99993897229342121,1.4129104548500968,False
46026,San Francisco,META00329,1.381872308738848,0.059790280424707146,1.4364400729509956,0.03136052119028912,0.70595966100947571,0.016850055330591168,0.76396384993190236,0.024327948703069965,709377.77681089099,0,8192,0,6.1027706578786769e-05,0.77888100988620845,True
46026,San Francisco,META00330,1.1274777416951167,0.057678250164283712,1.1234537749993323,0.035658398862883585,0.92628147112385029,0.019719194313091069,0.77326047031716871,0.019273842512442768,689005.60741312616,8192,8192,1,0.99993897229342121,1.3540616599896969,False
46026,San Francisco,META00331,1.2590757941637221,0.049222994852695851,1.3792547437278868,0.039046161580139155,0.69899139187913428,0.022850988985395553,0.79458797119875524,0.014808260807942768,699080.43080452131,0,8192,0,6.1027706578786769e-05,0.92188110419266922,True
46026,San Francisco,META00332,1.0854371156478335,0.038221612837198708,1.2371616562083954,0.028187559551993736,0.75021019483575047,0.024592923630400918,0.88733908543649176,0.024923250043433001,666584.29552406212,11,8192,0.0013427734375,0.0014036372513120956,0.99693961754072269,True
46026,San Francisco,META00333,1.4040025246838133,0.035525996361900541,1.0488124564628689,0.028503824558885317,0.79698717973469269,0.014481625306988353,0.71753312504340172,0.019959121565359811,559459.65734584734,23,8192,0.0028076171875,0.0028683022092029779,1.0617562725221905,False
46026,San Francisco,META00334,1.2598056356439251,0.052812101998062411,1.2068517004411599,0.028841899499576322,0.70350485912509275,0.019579203887622,0.70628675119733841,0.017293555657061144,617202.21375534032,1,8192,0.0001220703125,0.00018308311973636029,0.8899460878158505,True
46026,San Francisco,META00335,1.08375153483497,0.054525182056847976,1.2880488075400547,0.036617007234391152,0.72397140107993463,0.016050998107953039,0.75946401606773895,0.023109187255360382,661065.59629926481,0,8192,0,6.1027706578786769e-05,0.82089500141527871,True
46026,San Francisco,META00336,1.3727134221940211,0.060643988942538252,1.2662312749146643,0.03375118784411188,0.67459287590649986,0.022619281668071371,0.68090221391348338,0.025338482988480193,720945.71957311174,0,8192,0,6.1027706578786769e-05,0.77085208404217864,True
46026,San Francisco,META00337,1.2850089698852112,0.049962823691956308,1.0256923425477482,0.037847606563666439,0.94746630725338887,0.025817249829923183,0.88268391744414842,0.022766083429191002,767582.25589226896,8192,8192,1,0.99993897229342121,1.6210459943718214,False
46026,San Francisco,META00338,1.3237380081720509,0.040188582723260667,1.3336131399919882,0.031216013392962278,0.93138120985795991,0.022641115650221255,0.82846919830588095,0.018048199927725214,700882.86919380783,8192,8192,1,0.99993897229342121,1.4617631215915083,False
46026,San Francisco,META00339,1.4395741141312532,0.049628499312347196,1.0283929364983835,0.040147235930073029,0.7345868992129263,0.022022940100328986,0.68713502906263446,0.02514177582537595,700210.89370244101,0,8192,0,6.1027706578786769e-05,0.90810533703393859,True
46026,San Francisco,META00340,1.2955560051664834,0.045658014258416001,1.0101073557385098,0.044089818874771106,0.70937358626460667,0.017165354484657884,0.9477201435271787,0.024881907574204332,690235.60914608592,0,8192,0,6.1027706578786769e-05,0.79942476498288517,True
46026,San Francisco,META00341,1.0632782494530835,0.062322881455709314,1.2055585681212171,0.043210990627650658,0.67613955665892711,0.016418242734747252,0.93858963959043806,0.01645458802543542,675849.33715452882,0,8192,0,6.1027706578786769e-05,0.79417512342110519,True
46026,San Francisco,META00342,1.1178607791485133,0.045748201755636472,1.2379095394528834,0.032841113307623987,0.74398785798612632,0.019208786192251196,0.8635297353271123,0.020604456834725036,646829.04490296985,0,8192,0,6.1027706578786769e-05,0.85006838624573555,True
46026,San Francisco,META00343,1.2714182413809529,0.054455803570700873,1.1144073152655647,0.034289388525204391,0.77609880813484222,0.018725465931103285,0.6841046272796395,0.023953348592146186,665228.38052040478,0,8192,0,6.1027706578786769e-05,0.85713809675015584,True
46026,San Francisco,META00344,1.1743670175475007,0.061962706407729468,1.232126608318568,0.030540308288648413,0.74975141836712522,0.01571560883064833,0.66627517987860263,0.021903666598001387,635006.02634506859,0,8192,0,6.1027706578786769e-05,0.81197461968412199,True
46026,San Francisco,META00345,1.2409343582671459,0.045420394523346834,1.113678181223033,0.045053428229177364,0.72583906143918897,0.021856029289778839,0.88293654180061432,0.019084067551733967,700284.47780016705,0,8192,0,6.1027706578786769e-05,0.85314790086608083,True
46026,San Francisco,META00346,1.2814206254204985,0.047858998400460505,1.0442517638528959,0.029474046380713263,0.71523375752054319,0.023110652240345753,0.7406692702152502,0.024850709316782404,649989.14989538724,13,8192,0.0015869140625,0.0016477480776272428,1.0038379608185959,False
46026,San Francisco,META00347,1.2555771314244826,0.049557872308291222,1.3962974805793431,0.029654548077818251,0.82190107841556181,0.021136861914591038,0.88372406979557094,0.018926117798433895,694262.19354109862,1,8192,0.0001220703125,0.00018308311973636029,0.98017312254442623,True
46026,San Francisco,META00348,1.3662187434979287,0.036428172514250519,1.0188516905646523,0.037926024482278539,0.8612281999798842,0.018413262350167697,0.79397639343046122,0.022785328383524935,651844.92775816401,5044,8192,0.61572265625,0.61570853167337969,1.1714043883489427,False
46026,San Francisco,META00349,1.3793292924317417,0.036117305562744714,1.1090043943191477,0.028690454018071458,0.89813339575128626,0.022892416091173748,0.69582875280073642,0.016110366987402633,628799.63538797828,8192,8192,1,0.99993897229342121,1.0783430156858791,False
46026,San Francisco,META00350,1.4217578594873703,0.040215545752446846,1.2467982892765157,0.029637189607349394,0.88354723944701885,0.018934107682590774,0.70220420939889405,0.021658044681991336,652864.73239666049,8192,8192,1,0.99993897229342121,1.1840754878356763,False
46026,San Francisco,META00351,1.2723392164474985,0.049492395462712786,1.2634447116963339,0.038386131682675628,0.74493078386799394,0.018141058435789864,0.71347522337219138,0.017671128917995344,663473.03491834179,0,8192,0,6.1027706578786769e-05,0.95821520330895316,True
46026,San Francisco,META00352,1.1734854597099893,0.064857884929462595,1.2919536820798876,0.044346093967249638,0.95983693227038747,0.021202740023733645,0.85175892499520556,0.016835081471145954,792287.02239172056,8192,8192,1,0.99993897229342121,2.4431437636839193,False
46026,San Francisco,META00353,1.3894587033553354,0.062056305881279791,1.0274617729045152,0.044093104495167887,0.72332424194149425,0.021768151697255395,0.69052895360639432,0.021198196379679998,724164.20684115228,0,8192,0,6.1027706578786769e-05,0.95364818066456758,True
46026,San Francisco,META00354,1.3763518929144067,0.052987187730362886,1.0073304638630609,0.045328784204201125,0.90283724633052542,0.018228722171943545,0.82889926651220702,0.023763768377352168,737196.52436899091,8192,8192,1,0.99993897229342121,1.8680840717323965,False
46026,San Francisco,META00355,1.4083550486789453,0.063862229150194044,1.2683545263424907,0.027681537265399628,0.73139788229510994,0.025572105801363432,0.83234479652236826,0.018873762820206988,727415.49411893054,0,8192,0,6.1027706578786769e-05,0.82059839094329401,True
46026,San Francisco,META00356,1.2771481569334975,0.064255383470739613,1.2197541825348124,0.024959500650316786,0.77114553216686454,0.014252307421918757,0.67667405631608857,0.025282741280096742,633115.26408414461,1,8192,0.0001220703125,0.00018308311973636029,0.91872734759068231,True
46026,San Francisco,META00357,1.369638234162649,0.040817017206612904,1.2006990434734177,0.044492946318514054,0.68991008249349273,0.015179882813332199,0.73704981423346461,0.023445890828459152,667858.9886138211,0,8192,0,6.1027706578786769e-05,0.88833402943046846,True
46026,San Francisco,META00358,1.1749250136226741,0.04243239121745114,1.3927210758724757,0.032416009434211621,0.67226824762874104,0.01519391771829964,0.95358205448590172,0.02438961831798013,658554.82483965671,0,8192,0,6.1027706578786769e-05,0.833636926408718,True
46026,San Francisco,META00359,1.4010983175041698,0.043776568855350244,1.2835013272946787,0.045234717921665543,0.93625979175057927,0.02141655257856017,0.90138726382685053,0.023700166270379266,806725.7480473863,8192,8192,1,0.99993897229342121,2.4202467618189467,False
46026,San Francisco,META00360,1.0317469536449151,0.051392738201646151,1.3295171612569978,0.042000369096026398,0.79763208211721059,0.023499214206629617,0.72338376488724532,0.025716204211332361,750415.82422630326,1617,8192,0.1973876953125,0.19742463078237521,1.1112986296703053,False
46026,San Francisco,META00361,1.0295521080478547,0.058110970185132081,1.2047711101830176,0.044587235840489403,0.88123402158089648,0.022445842046725676,0.65324538228542395,0.016892707097124874,720490.54777439602,8192,8192,1,0.99993897229342121,1.4192677617055121,False
46026,San Francisco,META00362,1.2561709075635652,0.053312642667434865,1.3942747712422396,0.041076798547687934,0.75717035763912965,0.020596963743793339,0.69751514703149642,0.019776435261712952,730140.63417682657,4925,8192,0.6011962890625,0.60118393750762844,1.2301450487928678,False
46026,San Francisco,META00363,1.1351234252025226,0.052177782680364611,1.3093602806277276,0.032308461131807728,0.73209521732464267,0.017882986652629718,0.68530647557869229,0.018825644348175029,629708.21861617581,0,8192,0,6.1027706578786769e-05,0.82414310336437491,True
46026,San Francisco,META00364,1.1478611121198408,0.051087546664527916,1.029518516684172,0.03631514299605873,0.7342636510612699,0.02015254805396792,0.87976165884041102,0.014570185251137319,622988.41025051055,1,8192,0.0001220703125,0.00018308311973636029,0.88178060048230289,True
46026,San Francisco,META00365,0.97366363488739749,0.051415729402479307,1.0926811208135108,0.038871170860850054,0.80294287047963597,0.014608121141998668,0.77053351032455197,0.020751810488087975,616259.31755560299,0,8192,0,6.1027706578786769e-05,0.90553045086557027,True
46026,San Francisco,META00366,1.1608649090325089,0.037369937627619386,1.2639731892207258,0.0409981278031777,0.70900134621223487,0.014589938543515337,0.65357249911928894,0.024332307919765671,627851.24090303562,0,8192,0,6.1027706578786769e-05,0.93844362370456702,True
46026,San Francisco,META00367,1.3046915565877049,0.057860611648647531,1.0191669568150163,0.039764523076528377,0.68548622501199485,0.015299995360851432,0.81266730998623582,0.024118880848355697,668233.13164448366,0,8192,0,6.1027706578786769e-05,0.77755176702419437,True
46026,San Francisco,META00368,1.3772534018604172,0.045101551123184216,1.1912257978400045,0.034375751588996424,0.70557718446074147,0.020713641916319615,0.84979665547751426,0.016855077498074824,652910.83852858585,0,8192,0,6.1027706578786769e-05,0.79191846954678236,True
46026,San Francisco,META00369,1.3295524976438367,0.050710359631595092,1.151969381638329,0.025881051973607429,0.93786803957961173,0.019914535361686556,0.86078102611887908,0.021531318802082956,681474.63810042024,8192,8192,1,0.99993897229342121,1.2994312545605027,False
46026,San Francisco,META00370,1.2932428141317647,0.045190284232754042,1.434767458836226,0.029518415004461104,0.90066627107616148,0.019161209886895375,0.86401442330952571,0.01839877554704333,686007.8605344675,8192,8192,1,0.99993897229342121,1.3390885485120358,False
46026,San Francisco,META00371,1.010326923488265,0.042686262923575725,1.2245400383157645,0.043250873400365097,0.66207971897633644,0.020377506478530566,0.65109113608785818,0.018689808027331164,636376.04530037823,0,8192,0,6.1027706578786769e-05,0.88478652079350195,True
46026,San Francisco,META00372,1.3022112069027938,0.064912814132070465,1.1576848305793661,0.030415808200030856,0.71077176411029175,0.022485456353772929,0.77668569553104483,0.020509543342384362,693148.96797280118,0,8192,0,6.1027706578786769e-05,0.82989231493631577,True
46026,San Francisco,META00373,1.1431003998096303,0.048591282769985852,1.1254880666023879,0.04205346749970431,0.92195455045311636,0.019307595354092256,0.67217593824021105,0.020558634964692124,687816.61619354889,8192,8192,1,0.99993897229342121,1.586180526565812,False
46026,San Francisco,META00374,1.2907296878096188,0.051550697846567503,1.3213571932081203,0.037036235152274152,0.8965637606337864,0.019772126744099956,0.81151759657425604,0.025682014864948338,757595.33405607345,8192,8192,1,0.99993897229342121,1.6715338943971858,False
46026,San Francisco,META00375,1.4114150391602507,0.047540098790185774,1.262121937358871,0.04299382740847596,0.66454611852255219,0.018049858657432971,0.7568457367312591,0.015395694727018782,674961.09004107048,0,8192,0,6.1027706578786769e-05,0.86593556698298957,True
46026,San Francisco,META00376,1.2586021682446975,0.062560295362529855,1.4248533363310008,0.036831320640980075,0.67307751855810005,0.025760963227699538,0.77721848670613192,0.018970360334626145,753849.02028931549,0,8192,0,6.1027706578786769e-05,0.87919892960264456,True
46026,San Francisco,META00377,1.2628668742621767,0.048427655891281618,1.3222950495626427,0.02797470037123349,0.64432943280135335,0.022385406052065931,0.818264454497585,0.019596042349307414,643169.55101317994,0,8192,0,6.1027706578786769e-05,0.85865377217259975,True
46026,San Francisco,META00378,1.1323094880234832,0.046130175305055351,1.2019304480489283,0.033150373417279035,0.84729063288050843,0.022685535369111443,0.7597603482537183,0.025701608640810364,698360.11082260497,16,8192,0.001953125,0.0020139143170999634,1.0010128702180121,False
46026,San Francisco,META00379,1.1315917371261897,0.046840249270041809,1.0415737698753678,0.030930820295524405,0.74715958199250365,0.016200691104741927,0.8074765506719459,0.016889539831166901,574009.7181582147,15,8192,0.0018310546875,0.0018918589039423899,1.0169880448523485,False
46026,San Francisco,META00380,0.9883102988308794,0.038854087281770769,1.0332562890259647,0.040701464536972085,0.85125792287079438,0.014514462794901711,0.94625624441091127,0.023319213960297604,633603.95528715802,8192,8192,1,0.99993897229342121,1.086663521289194,False
46026,San Francisco,META00381,1.1839202777553297,0.041103261585925824,1.1860213200295198,0.035958923013810831,0.79613035507743857,0.018530965800223845,0.86157315089769426,0.01743849676521389,638374.2723582309,0,8192,0,6.1027706578786769e-05,0.92126097830348108,True
46026,San Francisco,META00382,1.1554122455278542,0.058398378774485657,1.1770630250008349,0.03707917150303499,0.92181170383900524,0.016181643308506549,0.72915676879396407,0.016278065100261002,660949.93868403067,8192,8192,1,0.99993897229342121,1.549762781971658,False
46026,San Francisco,META00383,1.1511664506111507,0.060977016392704489,1.0376355097575132,0.027467679726217289,0.909211254963738,0.019924106309755128,0.77074261720066262,0.023238935800162421,669889.99354250042,8192,8192,1,0.99993897229342121,1.1439680654832545,False
46026,San Francisco,META00384,1.3023593706697414,0.052455349680130853,1.3742986704986242,0.040866110842045653,0.67540507367985958,0.021408145081510503,0.78670930383546644,0.020816898069709204,733160.71454917535,0,8192,0,6.1027706578786769e-05,0.92282189159634054,True
46026,San Francisco,META00385,1.3056361299577826,0.037606527479066301,1.0401035210702063,0.034797689764925144,0.67433710613642117,0.023527760968535687,0.88642231470054866,0.015605978868191686,615696.8938395814,2,8192,0.000244140625,0.00030513853289393383,0.93307209887305098,True
46026,San Francisco,META00386,1.2166892161485618,0.058533505121287514,1.2414266715500293,0.041658635121202235,0.81073449347014126,0.020723442191789877,0.64063373365585075,0.022330405504659413,728522.82133430254,7835,8192,0.9564208984375,0.95636518979616747,1.3191917923021297,False
46026,San Francisco,META00387,1.1652907912466042,0.036214616375463013,1.2264059019568945,0.032764781826305406,0.79394264524674629,0.018135029398952451,0.66593264185316936,0.01984655468848269,602348.67788697302,1,8192,0.0001220703125,0.00018308311973636029,0.93261243830256513,True
46026,San Francisco,META00388,1.3503624821012872,0.04177510506985279,1.2597773281553124,0.032890292132353734,0.90632393847746118,0.015361737132863242,0.68510441308948689,0.016124634274639008,620124.67946599773,8192,8192,1,0.99993897229342121,1.4738843178370957,False
46026,San Francisco,META00389,1.0831084569773184,0.061364046937172553,1.3900491075994423,0.024995317072212427,0.73030805118977371,0.018522671695540803,0.71300628437415037,0.018427465052701916,619012.44766547182,0,8192,0,6.1027706578786769e-05,0.86277384523797418,True
46026,San Francisco,META00390,1.0916158738140043,0.03839240484683356,1.017157621887725,0.044644986388270788,0.70672684340248793,0.023436437886649775,0.85693173818427748,0.025586062500734731,686949.54813317547,0,8192,0,6.1027706578786769e-05,0.81216240937746831,True
46026,San Francisco,META00391,1.0271447202947515,0.063525972603528172,1.2555891423228238,0.032615134170922544,0.7142703183885738,0.021758291803594152,0.85790028787223305,0.014280203602404238,651905.62200420711,0,8192,0,6.1027706578786769e-05,0.7994252272953517,True
46026,San Francisco,META00392,1.2827399763908551,0.038150509969694997,1.245438448714552,0.027023185225433254,0.81601665234157317,0.024557695498305693,0.75780855680220072,0.015554005012915966,632505.91274932737,4,8192,0.00048828125,0.00054924935920908091,0.95819676689882116,True
46026,San Francisco,META00393,1.1081984756572782,0.041435070043569666,1.4308255118109376,0.042808089577290161,0.64870801640227915,0.0204864012872732,0.90786911527390668,0.025982684198603827,740182.03861726075,0,8192,0,6.1027706578786769e-05,0.94223485049531397,True
46026,San Francisco,META00394,0.97491204044861657,0.064018303890174239,0.99114928971668614,0.034444914630555552,0.92831349315640965,0.018588042176660415,0.69357505629469196,0.023791594103674006,658055.19948189717,8192,8192,1,0.99993897229342121,1.1426467913525427,False
46026,San Francisco,META00395,0.9917435359754575,0.057408716219329567,1.3978905198388774,0.042515668688466027,0.69728704157691046,0.023923797163617203,0.66518439085635428,0.017539128775312354,713100.59781436145,2,8192,0.000244140625,0.00030513853289393383,0.97095498148551995,True
46026,San Francisco,META00396,1.0738622079609783,0.043792862182567636,1.3834574511505175,0.030442570300993371,0.94376316433857665,0.015289150471707421,0.93052313553746713,0.024939455602512116,678831.72538196179,8192,8192,1,0.99993897229342121,1.416755412148593,False
46026,San Francisco,META00397,0.96897166127810119,0.047154855965734488,1.2283214545543439,0.029095193772794837,0.79788989220686057,0.020623721631055376,0.77227085888374991,0.018137829426063401,613725.69324484398,5,8192,0.0006103515625,0.00067130477236665442,0.95646206961949476,True
46026,San Francisco,META00398,1.0363001867046733,0.055215330564269874,1.2975730757933366,0.034970601853049899,0.79083691578690352,0.019563708537960987,0.89793383560505469,0.019066180573197644,682847.49552363635,0,8192,0,6.1027706578786769e-05,0.93407646735767602,True
46026,San Francisco,META00399,1.1184650685589967,0.042535893012006082,1.0082301335474944,0.043615726544175101,0.77367449113223474,0.020138706305545838,0.76800804517732812,0.014445242090846234,622887.35646170937,0,8192,0,6.1027706578786769e-05,0.85213898152593626,True
46026,San Francisco,META00400,1.2113678058583981,0.051938429487987603,1.1978420587362182,0.027820362509716107,0.67017990268806726,0.023798422620024247,0.79736493056008229,0.023158196993074389,658295.42810826807,2,8192,0.000244140625,0.00030513853289393383,0.93208913258392989,True
46026,San Francisco,META00401,1.3313267354719223,0.057258658921051905,1.3617460338741616,0.044733558829305492,0.93443442863788251,0.021986315367882252,0.74286511575404024,0.015936109863621744,795605.74427135638,8192,8192,1,0.99993897229342121,2.6466274514064287,False
46026,San Francisco,META00402,1.1613009521269375,0.05625126031541347,1.3326980726579278,0.039602448214526006,0.81238836541155734,0.01503364726902744,0.83275269696401732,0.02409253953118546,715632.08295587136,4570,8192,0.557861328125,0.55785426583668984,1.242575319010059,False
46026,San Francisco,META00403,1.1816700055111045,0.064800070263018941,0.96912524700658609,0.027173996233748221,0.68305348788176001,0.023719567242259938,0.69893094537142086,0.022120204232342577,640063.1868861455,25,8192,0.0030517578125,0.0031124130355181254,1.0723735565790822,False
46026,San Francisco,META00404,1.0816794628448929,0.044591552873343529,1.2035459751166901,0.029482395727867733,0.81905708860818538,0.017066689163700851,0.73794420557182483,0.01825653382588769,593695.84967768763,3,8192,0.0003662109375,0.0004271939460515074,0.9497780998709362,True
46026,San Francisco,META00405,1.1246830672307657,0.056182367420093714,1.1208496342055976,0.025009338714027982,0.75698472114041915,0.020933954690213374,0.70311824157365188,0.017364440376323551,601503.40752097033,22,8192,0.002685546875,0.0027462467960454044,1.0580216056022338,False
46026,San Francisco,META00406,1.0308457583274306,0.042988873031107981,1.1277166513600714,0.035851722028468237,0.86366100456386441,0.015440195525547463,0.80968307747941548,0.016536455762642566,598603.56884683471,7767,8192,0.9481201171875,0.94806542170145247,1.0414351282519527,False
46026,San Francisco,META00407,1.1716116962934036,0.052674671257695108,1.4278049107703943,0.044695457160845442,0.77431555467257063,0.024036655882123854,0.88757455239347849,0.016333189179382986,775647.75635876576,7893,8192,0.9635009765625,0.96344440375930673,1.3140801719653104,False
46026,San Francisco,META00408,1.0615088811867892,0.053072378995871833,1.163312153525734,0.032580685866577808,0.86155596037703497,0.019816758174324933,0.68992011573237166,0.024044565728596926,662165.02368115378,0,8192,0,6.1027706578786769e-05,0.98548090127959709,True
46026,San Francisco,META00409,1.0446385945961818,0.053807025027470895,1.2108389428627655,0.033028836748695778,0.65379775450705047,0.023592432696268276,0.7326908533025599,0.019331425152301893,640216.20302191493,1,8192,0.0001220703125,0.00018308311973636029,0.90971965264017018,True
46026,San Francisco,META00410,1.3748866507937796,0.05374451193661936,1.3772487868405598,0.042859941900667442,0.90541471498445159,0.017381115189313987,0.77533552778932635,0.016142134882286056,746352.43720455025,8192,8192,1,0.99993897229342121,2.3605464432407186,False
46026,San Francisco,META00411,1.3900245029785181,0.048516048453022195,1.0637687517958756,0.045377860822017474,0.89926311036078044,0.016074813336816231,0.85388092417905936,0.024244033234073488,725519.54795241228,8192,8192,1,0.99993897229342121,1.9112176679777191,False
46026,San Francisco,META00412,1.2718328299542723,0.050161888803465372,1.2587838052445126,0.04284266822580745,0.89117007310635188,0.022474868655796971,0.81971977104582794,0.016874805888195725,750880.91494379169,8192,8192,1,0.99993897229342121,1.7653323120240194,False
46026,San Francisco,META00413,1.3075267990453159,0.062256260139751163,1.0875688090801801,0.028286127031725776,0.94656855860339695,0.016880430572203828,0.79871467671738572,0.022233607813080591,682446.06692673441,8192,8192,1,0.99993897229342121,1.3864871287059353,False
46026,San Francisco,META00414,1.3190035204282138,0.060726032102437301,1.0682562092800776,0.035204594280990667,0.64849376354305788,0.019233648279958493,0.65897484125496941,0.025888949966354068,667881.56788146973,0,8192,0,6.1027706578786769e-05,0.79673234234316614,True
46026,San Francisco,META00415,1.1984096397153097,0.048019522997070761,1.2114509329303567,0.034938499159625019,0.89977613472206008,0.019822410651079619,0.85417875935030529,0.021626834725672901,701758.63546837261,8192,8192,1,0.99993897229342121,1.3159346942948897,False
46026,San Francisco,META00416,1.2547801870357067,0.035350778462842951,1.1643873410062058,0.044721221859685238,0.68116562747123321,0.015888895140653257,0.70972609959282618,0.017253930700130281,613845.99773248855,0,8192,0,6.1027706578786769e-05,0.82937375718115525,True
46026,San Francisco,META00417,1.2695305241582231,0.057901049334817364,1.2400984758933244,0.030993606444895634,0.76677364685232963,0.017619223732490856,0.73370393235095777,0.020589966559826863,659274.78381059656,0,8192,0,6.1027706578786769e-05,0.82568239174016356,True
46026,San Francisco,META00418,0.99854074355761535,0.038573783644146035,1.2404892656492024,0.030250001300933471,0.71369710829890232,0.021167321752773374,0.72878469702566329,0.016403142069760502,582932.26788581698,15,8192,0.0018310546875,0.0018918589039423899,1.0289674371493058,False
46026,San Francisco,META00419,1.1126068493138901,0.060748008677527818,1.4122567748892385,0.035484029522182443,0.95010103288400582,0.01452532095420745,0.75416408686359837,0.020697801252886165,698716.01014448504,8192,8192,1,0.99993897229342121,1.9740566205573704,False
46026,San Francisco,META00420,1.4275923792954723,0.055976125182327696,0.97090787812534807,0.034780393863251491,0.76293000387866161,0.022357184832606132,0.8330391142521727,0.019063565167862288,688826.85106001631,0,8192,0,6.1027706578786769e-05,0.8721509287961946,True
46026,San Francisco,META00421,0.98137166695943301,0.04618070828939886,1.2823185253049907,0.036111718589145199,0.75245167689456349,0.0230889678240155,0.80886721487888225,0.019755607732737726,672659.92772955948,0,8192,0,6.1027706578786769e-05,0.87909870360829623,True
46026,San Francisco,META00422,1.3644823479428241,0.05819500042724117,1.1564705898780914,0.029219967198923644,0.86409183075818086,0.025404407410670307,0.72577874328214265,0.01910530317304035,720186.68616569089,8192,8192,1,0.99993897229342121,1.0773660057905934,False
46026,San Francisco,META00423,0.98871336782183894,0.037273753209215339,1.0557569544077681,0.044666667318493711,0.95493667836212603,0.023146418314577685,0.78102727830154395,0.019535143736139852,696340.10694025771,8192,8192,1,0.99993897229342121,1.3263702448152297,False
46026,San Francisco,META00424,1.3322035549647966,0.049345813177341893,1.3699043533935462,0.032986123069518189,0.74572028066074869,0.020537572063363645,0.73454628798696819,0.017580824064198742,674904.04862360947,0,8192,0,6.1027706578786769e-05,0.88488077482341732,True
46026,San Francisco,META00425,0.97951052028523566,0.050440637211362271,0.98184705712122522,0.030156332228088348,0.92798385529032079,0.02569052470290447,0.70120832085996765,0.021811656180095815,667987.09213781485,8192,8192,1,0.99993897229342121,1.1372667808929371,False
46026,San Francisco,META00426,1.2631125754666788,0.046534262840644082,1.0156081794853147,0.043742894110841826,0.8928383504951749,0.021497360274911878,0.80917110115062163,0.015137151107942948,686314.76287959912,8192,8192,1,0.99993897229342121,1.4456172763331836,False
46026,San Francisco,META00427,1.0260894879513871,0.043305443053849188,0.9742255748470412,0.02939464168104278,0.65025392073781385,0.0217053129681084,0.73305169460483133,0.016937771262115604,552124.10774392157,3928,8192,0.4794921875,0.47949469058952765,1.2485314031582126,False
46026,San Francisco,META00428,1.3193488366076433,0.040384930427625504,1.4083382188340674,0.027431448955697567,0.70234013941156936,0.017894545684367318,0.65564848205106574,0.022612021193221817,611842.20896378497,0,8192,0,6.1027706578786769e-05,0.83660330921201409,True
46026,San Francisco,META00429,1.2056649331095268,0.053139994053830131,1.347476365823844,0.043924419791418853,0.71109111419358251,0.022773134904988654,0.9589556421781058,0.018124278852988208,757309.12712951261,21,8192,0.0025634765625,0.0026241913828878309,1.0105574339539687,False
46026,San Francisco,META00430,0.9944769038721234,0.042460841139755741,1.1218259009735805,0.027158969420053171,0.76781007109304245,0.025071199359810843,0.78234599106525937,0.016811120300131401,605535.36909766775,28,8192,0.00341796875,0.0034785792749908459,1.0950123374153322,False
46026,San Francisco,META00431,1.2359599406107635,0.040840090922219872,0.99382737256328169,0.030787895751970724,0.73298433267805285,0.025274691162937693,0.8212160770332837,0.018716432965160269,628625.74008186965,21,8192,0.0025634765625,0.0026241913828878309,1.053835383767233,False
46026,San Francisco,META00432,1.3111193886945069,0.064982226171535123,1.2032514475253786,0.033225090774667849,0.89136165600890849,0.019137377615516614,0.7225818457044213,0.014971329438547757,694765.78199931595,8192,8192,1,0.99993897229342121,1.462323216557639,False
46026,San Francisco,META00433,1.2697737160559024,0.057304538431887979,1.095488367357859,0.03733271893604781,0.95574596528841405,0.017278404397080262,0.82919516480647182,0.022211295975946219,712967.81467267114,8192,8192,1,0.99993897229342121,1.8415842850605868,False
46026,San Francisco,META00434,1.2975307525771973,0.047492195419642259,1.3135380649085013,0.04348755173059124,0.94914297783882196,0.024635528225472589,0.76054408372137361,0.024713125681391772,816965.0786266058,8192,8192,1,0.99993897229342121,2.3179262360120187,False
46026,San Francisco,META00435,1.3649200680052336,0.040368690233642215,1.020350683810523,0.027359849908751011,0.71221417552445332,0.014691966528561713,0.85804223753091891,0.023742386496778151,586969.15585664148,31,8192,0.0037841796875,0.0038447455144635665,1.1034114958350107,False
46026,San Francisco,META00436,1.0063154243287884,0.035401204623116161,1.4331929800107046,0.037652044374871733,0.76866969994334533,0.021796537154416602,0.94819013319546397,0.018938850343032946,691699.71710556198,87,8192,0.0106201171875,0.010679848651287684,1.046290196861511,False
46026,San Francisco,META00437,1.076405881931465,0.063609477274888873,1.2354252309315867,0.026077886614179091,0.81970364796663564,0.019650885935169622,0.83153617667233581,0.017547187513868856,644231.4515245147,2,8192,0.000244140625,0.00030513853289393383,0.96538049064783049,True
46026,San Francisco,META00438,1.3759531371858795,0.03782752307072107,1.3378630618761131,0.038136051672054791,0.67358626569915303,0.023461810897122397,0.8267259756757428,0.023285275357418402,710454.17150585866,0,8192,0,6.1027706578786769e-05,0.82164559430637896,True
46026,San Francisco,META00439,1.3263773842052344,0.041475361665728697,1.3988235778412519,0.034200271003210533,0.71609333233074945,0.016715200247490694,0.74423521378952406,0.014471029868060139,623114.04842510866,0,8192,0,6.1027706578786769e-05,0.83853614318454905,True
46026,San Francisco,META00440,1.4155515009540878,0.036961885257919713,1.0530097650535672,0.041781761742197887,0.75043306865094905,0.016237689949354431,0.8069308514889737,0.025878371318823354,660212.80346530303,0,8192,0,6.1027706578786769e-05,0.90599641866233849,True
46026,San Francisco,META00441,1.0048616607378877,0.038279506592095447,1.3441067335730794,0.029583767650070314,0.70058245061362623,0.019106199506382836,0.82477157473377183,0.024031929022503853,622160.8294695596,17,8192,0.0020751953125,0.0021359697302575369,1.0237658161743437,False
46026,San Francisco,META00442,1.0430100743289308,0.036565356284671877,1.0046398870901403,0.026418467412521771,0.73930419145258208,0.024095626418288385,0.76975336526386262,0.025729952101018479,607164.14974541566,88,8192,0.0107421875,0.010801904064445257,1.2300330742574301,False
46026,San Francisco,META00443,1.0851994060063677,0.063375949280174898,1.3916392945282392,0.039557833144794954,0.90047347157622459,0.017932479769237758,0.95495103664734349,0.014937553657631997,732788.43595512782,8192,8192,1,0.99993897229342121,1.7457246076664279,False
46026,San Francisco,META00444,1.0585820708061908,0.047837121198556223,1.3749508040896985,0.025702760547341025,0.71034512080603163,0.025226963409253754,0.64195412390143736,0.024036038144881155,641407.463100794,7,8192,0.0008544921875,0.00091541559868180155,0.96351093520674791,True
46026,San Francisco,META00445,0.99233481637387044,0.055010428287394574,1.0842099943474812,0.032955378043039135,0.71960773766861597,0.019058130839785057,0.76025943767499315,0.014088693448805041,586038.76896983455,2,8192,0.000244140625,0.00030513853289393383,0.93689256321245418,True
46026,San Francisco,META00446,1.0252673501058733,0.046474736890552676,1.1895610763448878,0.036797276987377343,0.87393309248535822,0.024196876412005464,0.64939237813008088,0.01419540848829301,661808.18461167393,7507,8192,0.9163818359375,0.91633101428048336,1.1042451996253249,False
46026,San Francisco,META00447,1.2175347245250607,0.042804227099667969,1.2432849435772795,0.032103176807394822,0.77140421294849426,0.023139233815776816,0.92976750345470882,0.022893538478336931,697855.88460199861,0,8192,0,6.1027706578786769e-05,0.9134109010197059,True
46026,San Francisco,META00448,0.97302751758646899,0.035245868380943936,1.4153001121642523,0.031314477670136273,0.80437588361675694,0.014883733467486577,0.87769525105030377,0.018273818351399768,599209.05757831957,9,8192,0.0010986328125,0.0011595264249969486,0.99188528081783256,True
46026,San Francisco,META00449,1.2511664994914289,0.057074614931319573,1.4198484898689343,0.035172761483742286,0.90679823810770155,0.019538150396738778,0.7764754903951856,0.015843598997772854,722459.15440007357,8192,8192,1,0.99993897229342121,1.7813413775791698,False
46026,San Francisco,META00450,1.0380668772910293,0.043612743131414763,1.4013087656862213,0.036859330340612152,0.85843178899754191,0.01586833367372445,0.68214391235788074,0.01532323989438748,630549.75839604042,7817,8192,0.9542236328125,0.95416819235933115,1.3176832710215711,False
46026,San Francisco,META00451,1.1030310827310554,0.035764402552167777,1.2780457866019059,0.042925648365795536,0.89385100568772358,0.015480149841685444,0.88334031006342473,0.020328597741910707,676587.32427743846,8192,8192,1,0.99993897229342121,1.485929455215981,False
46026,San Francisco,META00452,0.98448370404789853,0.052910843785674656,1.33173131604249,0.028932212241568465,0.83154168625787006,0.022212615862178552,0.92356498002188903,0.020122634094190118,681674.06456703774,3139,8192,0.3831787109375,0.38319296960820215,1.0197101530138335,False
46026,San Francisco,META00453,1.3597100252914007,0.047446827448613893,0.973354242330566,0.044881993483793993,0.69464659387734817,0.023632338434222085,0.7831780094826909,0.019557039054188919,685698.11074210668,0,8192,0,6.1027706578786769e-05,0.78566488203537643,True
46026,San Francisco,META00454,1.3869282093103972,0.047107083875884165,1.1825613020480783,0.032335136266749463,0.93916049082893971,0.02584060272741235,0.64286587233843062,0.018093411069420806,718568.878265579,8192,8192,1,0.99993897229342121,1.6193254158483261,False
46026,San Francisco,META00455,0.96468690095838705,0.036995730418498331,1.1303306993479911,0.043521584302402175,0.90985118365251316,0.019185937702406328,0.74360748732146853,0.01965177235489866,657756.76909821492,8192,8192,1,0.99993897229342121,1.2092863388042083,False
46026,San Francisco,META00456,1.4348861263670112,0.062132222848025533,1.0245158558778977,0.039968361321488274,0.77556586006457839,0.020368003938184949,0.80364756574377205,0.016512951535210971,707948.98682038591,810,8192,0.098876953125,0.098925912364213359,1.0685599451138938,False
46026,San Francisco,META00457,1.4004956560079664,0.063288118728675596,1.0977578968438026,0.04116192685614202,0.7851815379957594,0.018315564883928461,0.73997257279987616,0.022145321870448695,728327.44795483281,4903,8192,0.5985107421875,0.59849871841816182,1.2117825535024922,False
46026,San Francisco,META00458,1.0124805913600969,0.035919164414133779,1.1269794302199971,0.042628071341096301,0.68663919989882305,0.022904769374059122,0.7634037725710352,0.025496158528996431,665114.42264293216,0,8192,0,6.1027706578786769e-05,0.84711025754506708,True
46026,San Francisco,META00459,1.3035897590458818,0.050331736845326325,1.3359952388393233,0.038541630460258089,0.71506828641104625,0.019220609506274827,0.8445734668993381,0.021301906252024189,713758.67170943425,0,8192,0,6.1027706578786769e-05,0.91530882625784815,True
46026,San Francisco,META00460,1.3906425927610884,0.039904882556453768,1.1246372583177802,0.044130992145478602,0.77296641794601495,0.015957479522473502,0.91131615139717892,0.017623040808648308,662976.8929883478,695,8192,0.0848388671875,0.084889539851092391,1.0986133497121806,False
46026,San Francisco,META00461,1.2204013497837543,0.040282201901932033,1.13422742661511,0.036061064592616057,0.89065532844334161,0.019365550854834851,0.7944822599798278,0.021138815713174275,664711.24609467003,8192,8192,1,0.99993897229342121,1.2214033445256156,False
46026,San Francisco,META00462,1.2470386329599874,0.052843777956409703,1.0207124316950096,0.033957119037580683,0.6853215502728125,0.018825394162435023,0.66956601439262897,0.022536978596568481,622198.66701704625,1,8192,0.0001220703125,0.00018308311973636029,0.90727641438371887,True
46026,San Francisco,META00463,1.4104604937872636,0.040251321417418141,0.98065259846072128,0.035614071076172003,0.95154723823372089,0.019091002259000379,0.94513706674255171,0.024184981193643002,700336.3320350257,8192,8192,1,0.99993897229342121,1.6528843806524789,False
46026,San Francisco,META00464,1.0611820725761711,0.063110998805144702,1.2430282992118076,0.038934543201565676,0.87168346756302773,0.019318879043747159,0.92758830258208924,0.022036976579973472,743698.51980783499,8192,8192,1,0.99993897229342121,1.2761623543085858,False
46026,San Francisco,META00465,1.1197773504906916,0.036828075673400865,1.1525209630016322,0.028984719293238554,0.78339398958590234,0.016457974970688558,0.93597927304326645,0.01675587510714216,576092.33316727832,18,8192,0.002197265625,0.0022580251434151104,1.0306975310677304,False
46026,San Francisco,META00466,0.99928556648307665,0.058242130288265442,0.97153679273848359,0.044556893133330493,0.66481911546833827,0.017203136395805722,0.87741531142242379,0.01993873194354923,638618.11098388897,0,8192,0,6.1027706578786769e-05,0.77702185567055604,True
46026,San Francisco,META00467,1.1961594841045107,0.058907822451819095,1.3658919454778622,0.026995421195853898,0.68751932478198685,0.016710829786134297,0.6428892490496132,0.018497910691443468,610509.21736945515,0,8192,0,6.1027706578786769e-05,0.81847226634482173,True
46026,San Francisco,META00468,1.1996220273093703,0.042036276260280322,1.4225332167337577,0.025188921654868603,0.74738536151328017,0.019934267643518092,0.6472700254317526,0.019547866925111824,603286.17284194008,1,8192,0.0001220703125,0.00018308311973636029,0.89199427882768179,True
46026,San Francisco,META00469,1.1020556062672862,0.048282283456637598,0.96541078986528817,0.038375590556463626,0.64522880655289727,0.025209200177802878,0.77104870248880641,0.014587431195503953,612331.49184876762,1,8192,0.0001220703125,0.00018308311973636029,0.91387724444884988,True
46026,San Francisco,META00470,1.4052509385817376,0.063690148385386697,1.350755404018867,0.032455961688189303,0.91842923132400811,0.015622649526857249,0.69323258717885416,0.017148581057468786,702033.15670001402,8192,8192,1,0.99993897229342121,1.9631974962449308,False
46026,San Francisco,META00471,1.2584804068286157,0.045407565630640218,1.0670200441674296,0.033263831241969882,0.80138902220614516,0.022885584337692846,0.79557942790491165,0.014428764791071181,637617.66251616029,1,8192,0.0001220703125,0.00018308311973636029,0.91632059099469243,True
46026,San Francisco,META00472,1.297979580457965,0.041371188691677434,1.2330939007987136,0.024623224748626077,0.83664157723052013,0.016898967562536227,0.84734471168929804,0.017106319338411564,593841.67204489058,6097,8192,0.7442626953125,0.7442328817283046,1.0329327910935961,False
46026,San Francisco,META00473,1.0118642404209164,0.047365952705953777,1.2310596675765924,0.044210921776442036,0.9078649385861981,0.023430241503650188,0.73679515099145276,0.02048996498693011,737931.29148152797,8192,8192,1,0.99993897229342121,1.444593331540295,False
46026,San Francisco,META00474,1.3369581081607882,0.048298358426848431,1.3546204088413933,0.041119604388780505,0.79903034939248563,0.022453539440754695,0.70820332218649495,0.017787559403330051,733930.17267677467,8111,8192,0.9901123046875,0.99005248382765776,1.3879814013426457,False
46026,San Francisco,META00475,1.0987310301330753,0.041141867912159999,1.3850742845518329,0.043552370624704101,0.893394264467954,0.023311320275185982,0.77978349809606207,0.024754474238093446,777346.44264467666,8192,8192,1,0.99993897229342121,1.646359466331917,False
46026,San Francisco,META00476,1.3834263359867791,0.048452055211097481,1.1433062841924078,0.025982449300832332,0.78218234863426506,0.01647981243950274,0.75182698690959859,0.016496582176614812,593455.31616584503,10,8192,0.001220703125,0.0012815818381545221,0.99631688298771293,True
46026,San Francisco,META00477,1.199036482392795,0.039367076156177717,1.1477745789586702,0.029061915009687963,0.922665302805458,0.017239110397980525,0.8586882250018173,0.025988285303247455,652308.43541938625,8192,8192,1,0.99993897229342121,1.2733807033078193,False
46026,San Francisco,META00478,1.1326417315036026,0.038256130154563868,1.0788357579965293,0.03452913717612751,0.66565821184419149,0.024601165766876577,0.90842634862792826,0.01471038002316508,609579.47696381609,16,8192,0.001953125,0.0020139143170999634,1.0333460374705383,False
46026,San Francisco,META00479,1.2068130159904624,0.045042870593965258,1.0694897506185137,0.040979594191852618,0.66313735443009958,0.023875363250630541,0.64968147357865358,0.023593398889323082,660716.93318516552,0,8192,0,6.1027706578786769e-05,0.81107000528805873,True
46026,San Francisco,META00480,1.1225749293965581,0.058037245423747795,1.3412657023508752,0.026912815473698469,0.6737112487223087,0.025728373216437644,0.91893082226678646,0.023726550351201484,704422.6068543935,1,8192,0.0001220703125,0.00018308311973636029,0.88516553432016587,True
46026,San Francisco,META00481,1.2384085704997734,0.058766073099846952,1.0084818701522362,0.032057351551304812,0.84444661052687497,0.01484688412766982,0.79291487628911583,0.016582699412542343,613844.2056452377,3892,8192,0.47509765625,0.475100695715855,1.0212797722669804,False
46026,San Francisco,META00482,1.1686152762888218,0.044088686902377966,1.374173839492796,0.04052653605869027,0.95749479090746481,0.016399185563829945,0.83954243590246458,0.0198423908575442,713418.33481315465,8192,8192,1,0.99993897229342121,2.1072112093408788,False
46026,San Francisco,META00483,1.2350112148589707,0.062862703871487846,1.2841602827766072,0.03540573067296357,0.9366774625837837,0.016092916915183861,0.83557470158879876,0.025054075858135898,742009.34067141975,8192,8192,1,0.99993897229342121,1.8697078662230873,False
46026,San Francisco,META00484,1.2901836591981741,0.03549784898758046,1.3537389405975131,0.024563873573428169,0.86082181858476858,0.018606735952492567,0.70069825909059757,0.024947676374959357,622598.80799969763,4,8192,0.00048828125,0.00054924935920908091,0.98894774074211367,True
46026,San Francisco,META00485,0.97006135814539551,0.054988425004439151,1.2058867571581722,0.042335333792597934,0.857804906433842,0.024049887346857465,0.78465293645890077,0.017890899903966414,722701.40260328318,4709,8192,0.5748291015625,0.57481996826559256,1.076064862519678,False
46026,San Francisco,META00486,1.3426532771989037,0.045547301928181155,1.1800232649161817,0.03805934174943381,0.84895402016298749,0.019018624009704541,0.91494643891484073,0.024750323686065903,728027.03014106513,8192,8192,1,0.99993897229342121,1.2970639887046793,False
46026,San Francisco,META00487,1.1256095866142664,0.060556519479895599,0.96867893760963997,0.036564010828944539,0.67103590968999438,0.016246740426149583,0.79690760130472216,0.023125293640105585,629685.73881525989,1,8192,0.0001220703125,0.00018308311973636029,0.88381087487528731,True
46026,San Francisco,META00488,1.4362992779759187,0.040086796966507368,1.1592971140846218,0.028073899941278777,0.95935968093892321,0.020330296150803506,0.87005969904289093,0.020462109041823204,676995.58543204411,8192,8192,1,0.99993897229342121,1.4369446588609986,False
46026,San Francisco,META00489,1.2342743267756155,0.052603759721463583,0.98684724326706952,0.044858894504753874,0.80328323303887528,0.023319120787516683,0.95133171376854286,0.021062833217134352,736956.53622770146,121,8192,0.0147705078125,0.014829732698645185,1.0255605542740696,False
46026,San Francisco,META00490,1.1096335423426436,0.049204306732821904,1.3399676388651565,0.033466242697300162,0.90190602374933082,0.015547770176289796,0.82092518437053041,0.023363253124623014,676243.49625745846,8192,8192,1,0.99993897229342121,1.3510410813627791,False
46026,San Francisco,META00491,1.0753603918845098,0.055594218301569645,1.3278248363353935,0.037066849166664688,0.86236080007476845,0.016323990304996993,0.75642512871768641,0.021292577910607544,684630.30806034047,8192,8192,1,0.99993897229342121,1.2935771090955615,False
46026,San Francisco,META00492,1.2506701918834324,0.038023802594549745,1.104240973201867,0.026266758555420395,0.6825206277037722,0.023622750586629108,0.6490600602085036,0.02034468099529313,583150.34030543757,28,8192,0.00341796875,0.0034785792749908459,1.0926665978843395,False
46026,San Francisco,META00493,1.3719253822857909,0.060478095519072156,1.371350960952771,0.039359581420186793,0.94962499435509473,0.020075621503780314,0.92303507493798653,0.022633438822572585,822286.4026274744,8192,8192,1,0.99993897229342121,2.5670450740176216,False
46026,San Francisco,META00494,1.1940819387268253,0.036530559527094934,1.3666103509638887,0.024799392681674737,0.88659761910172652,0.016134271638946381,0.65054518992196197,0.016611015496162701,567841.16328277439,8192,8192,1,0.99993897229342121,1.0478430856466321,False
46026,San Francisco,META00495,1.0142731517106538,0.04334214431532131,1.2420169566932131,0.039214952870627866,0.67290151476492177,0.024762046622589406,0.64703462821620128,0.025121315442556989,672065.27535557328,0,8192,0,6.1027706578786769e-05,0.95296738478761966,True
46026,San Francisco,META00496,0.98355040600402011,0.042903077682974577,1.0979804563134066,0.031652338522139951,0.88316705416227803,0.023848968152002138,0.94128324003652386,0.018601968730984218,664332.72432920907,8192,8192,1,0.99993897229342121,1.1333687008591657,False
46026,San Francisco,META00497,1.3396680344379346,0.06085664036012102,1.1426350182503122,0.041630625618077864,0.74876936685479656,0.021074558949311428,0.86556785805111591,0.014706084182071425,715335.38367663079,10,8192,0.001220703125,0.0012815818381545221,0.99804531518196138,True
46026,San Francisco,META00498,0.97798992222413894,0.04159771003713602,1.3566650062277692,0.037535840882578914,0.66882974973433185,0.022754489773872746,0.93609545772498293,0.017402471781040423,664901.91354234342,18,8192,0.002197265625,0.0022580251434151104,1.0233428780618967,False
46026,San Francisco,META00499,1.1668461726617494,0.041351687877822889,1.2204849741818318,0.032870217407448457,0.7372292244238714,0.021916453693821912,0.69867660422636224,0.022679388787438248,643385.8681699374,0,8192,0,6.1027706578786769e-05,0.86619465088425773,True
46026,San Francisco,META00500,1.2502147404215727,0.038557501150534197,1.2042479151954602,0.027740440352743145,0.72930504878193092,0.019625367504808821,0.93439733937756531,0.02524052298020079,647437.78842720937,9,8192,0.0010986328125,0.0011595264249969486,0.98945897440176322,True
46026,San Francisco,META00501,1.3211639843420224,0.060949343363612588,1.104602149879272,0.037593381106333992,0.83847186982703747,0.019738804407132833,0.92638331414816366,0.018484129013577211,723219.89776590606,8192,8192,1,0.99993897229342121,1.2342170806804273,False
46026,San Francisco,META00502,1.31505419499842,0.063198585037086863,1.3428150445992493,0.030595298183530642,0.81114610276503263,0.019346966493280368,0.69835502948247941,0.015270167270392158,682524.39140809572,118,8192,0.014404296875,0.014463566459172465,1.0502689197758266,False
46026,San Francisco,META00503,1.0982682716107992,0.045443622347301177,1.25692252029678,0.037271138636405021,0.80394350619949639,0.025009565720548951,0.74202982073675061,0.017886734492090346,692507.00349794433,3,8192,0.0003662109375,0.0004271939460515074,0.98446867241948632,True
46026,San Francisco,META00504,0.97171705115284546,0.04042493910531289,1.0151084084848925,0.035077785665285528,0.67167308590136443,0.016379391318539688,0.70808654540408811,0.021332064120425452,557013.34810020577,19,8192,0.0023193359375,0.0023800805565726839,1.0258890440675508,False
46026,San Francisco,META00505,0.97831328927431827,0.064061247857727141,1.2741833451079194,0.039024510933817931,0.79862712515761047,0.018505469126492941,0.68056217150652853,0.021461712439439444,686662.71905233664,0,8192,0,6.1027706578786769e-05,0.96013085986115465,True
46026,San Francisco,META00506,1.2665224071289418,0.062000675282229731,1.2016849662558946,0.030099112448671399,0.8580276012188397,0.022416146034958239,0.8160758479897452,0.017467393370013681,705916.17185964342,8192,8192,1,0.99993897229342121,1.0478063570239258,False
46026,San Francisco,META00507,1.3729773338623359,0.061579453552855754,1.408903478852503,0.039950887352345435,0.6415856677343712,0.02115827160564096,0.89634773516539157,0.023214778513811835,783116.24606509949,0,8192,0,6.1027706578786769e-05,0.86365434997378987,True
46026,San Francisco,META00508,0.96827199152697663,0.044322686628194552,1.2625863039860756,0.034085269561126716,0.95620242774094,0.020641998806763123,0.91170403820798307,0.02144606247244827,698956.71074402926,8192,8192,1,0.99993897229342121,1.3392622421648339,False
46026,San Francisco,META00509,1.3979987698014678,0.052223450564083965,1.3572395308120826,0.031013463511849915,0.69546562966182179,0.017265736717420033,0.88817337392639717,0.018628898518595047,669674.52597749257,0,8192,0,6.1027706578786769e-05,0.77900803363125859,True
46026,San Francisco,META00510,1.1060633682875367,0.059040177964160792,1.366558450951463,0.038664603937259269,0.8207550337047641,0.022630932175252708,0.88572516396422718,0.02193881421541272,767831.9251847273,6331,8192,0.7728271484375,0.77279384840717691,1.2070791074033025,False
46026,San Francisco,META00511,1.0619584801683273,0.047747090493919266,1.3714190216597266,0.024776824332551715,0.68394191603763077,0.018098172864730182,0.94966971779385001,0.017830098077367067,598939.53435774299,10,8192,0.001220703125,0.0012815818381545221,0.98248315586692414,True
46026,San Francisco,META00512,1.1521926946969112,0.064320677347621466,1.3606354929500155,0.02745019002276752,0.81354661449786181,0.018321530701872188,0.66799354962746238,0.022718245709119438,667752.98133204097,0,8192,0,6.1027706578786769e-05,0.89318751526340412,True
46026,San Francisco,META00513,1.1843899449979565,0.035083385968218091,1.0798919220232528,0.027763115695966119,0.95601938645611417,0.016803135074707275,0.86878387937930435,0.021379577472906142,608581.21217546484,8192,8192,1,0.99993897229342121,1.324316169756959,False
46026,San Francisco,META00514,1.251471475473561,0.056471204426770311,1.0989091354537337,0.030963082368928346,0.78530312166336669,0.014324084116258575,0.82537804041926555,0.023771808983553421,642399.57961844956,1,8192,0.0001220703125,0.00018308311973636029,0.90195692419141571,True
46026,San Francisco,META00515,1.2756154673311022,0.036785383574164783,1.016772242600458,0.040611209203866745,0.82603384814794534,0.022140334762803755,0.86972449604197011,0.019236154050925706,669361.00277630612,81,8192,0.0098876953125,0.0099475161723422429,1.019180738007492,False
46026,San Francisco,META00516,0.97572402295174088,0.038097490022874603,1.1669366921587712,0.038189742481877495,0.89222150193263139,0.025322382052236053,0.92532013432569582,0.021571669741296921,719675.83212529484,8192,8192,1,0.99993897229342121,1.1579020083381817,False
46026,San Francisco,META00517,1.2075361036180465,0.049066875109355132,1.0513714707862989,0.034003771599244705,0.69310209429589531,0.021259288579561365,0.92806103040732868,0.01904754934064205,645833.10692406248,1,8192,0.0001220703125,0.00018308311973636029,0.91030247761919925,True
46026,San Francisco,META00518,1.0547326661375958,0.036474805026535023,1.2650666375039901,0.026489841355419194,0.85339327826579103,0.020978500387220694,0.7420881697933569,0.020871019178396989,613594.79701362166,15,8192,0.0018310546875,0.0018918589039423899,1.0198781571873168,False
46026,San Francisco,META00519,1.1343656293802002,0.03860810045276912,1.2346348636298317,0.026226033750278203,0.87328782966322605,0.025449221658713248,0.90188756184775287,0.014665041293816258,645183.37471833522,8192,8192,1,0.99993897229342121,1.1235080663212287,False
46026,San Francisco,META00520,1.0436032151649903,0.060321329094746849,1.1484169595494298,0.033319801518851437,0.77771408205194348,0.01416227040159187,0.92386742676302958,0.025863479270974016,664783.67655367381,0,8192,0,6.1027706578786769e-05,0.92115662795844799,True
46026,San Francisco,META00521,1.2843591587627579,0.04181139007201521,1.0822846040658427,0.036541490491288103,0.92909989721366748,0.024692595801900655,0.87891463870927855,0.014218766962574471,693965.29925020866,8192,8192,1,0.99993897229342121,1.4390762215626478,False
46026,San Francisco,META00522,1.2322387453035659,0.042790231852392689,1.2697889751591893,0.025422365967778731,0.74687337130851505,0.02215288449265327,0.95235219122501269,0.017026112252339735,629566.00219452754,6,8192,0.000732421875,0.00079336018552422804,0.97929843867274102,True
46026,San Francisco,META00523,1.0515002166983254,0.050853936807800218,1.0541902275070838,0.026354271083258284,0.78374622987473486,0.018802571563059808,0.80387447714504412,0.02179498035071566,602641.30656387482,31,8192,0.0037841796875,0.0038447455144635665,1.1128320081890941,False
46026,San Francisco,META00524,1.0232322272017824,0.058702268917140754,1.0422913582233382,0.039250587518581861,0.82096503483285233,0.015050324998320425,0.74495399660215167,0.016913450223917263,615066.29891314439,0,8192,0,6.1027706578786769e-05,0.90915442936826352,True
46026,San Francisco,META00525,1.3444390858074229,0.063733049600856753,1.1755690104571095,0.045439245641030628,0.64822714552379035,0.014396790712928948,0.9370588513924909,0.016250984724791046,703214.34426843596,0,8192,0,6.1027706578786769e-05,0.78868530243045842,True
46026,San Francisco,META00526,1.2638541867357334,0.05524964533590776,0.97290251690639828,0.041505283923919653,0.84281307815711692,0.014270585028457249,0.69820120155486654,0.017413374662991848,627612.70994527265,3934,8192,0.480224609375,0.48022702306847309,1.1838632499387995,False
46026,San Francisco,META00527,0.99837674415029121,0.054358649169012598,1.1888474823488568,0.042486411799458598,0.6529464095016132,0.0247065812626018,0.87434466300236136,0.024474024312907374,723359.35250287282,0,8192,0,6.1027706578786769e-05,0.78384351254268492,True
46026,San Francisco,META00528,1.3274811852552588,0.053006287758510837,1.1185820589582398,0.03742914788765446,0.66554141321142335,0.018914010916265392,0.64070539879612487,0.024776508414952929,660542.33134739485,0,8192,0,6.1027706578786769e-05,0.77617560572466249,True
46026,San Francisco,META00529,1.1529126448678324,0.036652332542965758,1.3890914805787038,0.034605153156926957,0.78612787534393103,0.022110397770421768,0.74643703056745025,0.01537087376083226,650005.36508602963,10,8192,0.001220703125,0.0012815818381545221,0.99882760914711988,True
46026,San Francisco,META00530,1.328949964312907,0.0511879594069065,1.1924171927263372,0.043363083119798418,0.93535489485231471,0.017478733316773468,0.9365889143179762,0.023073592668212819,763366.97902369883,8192,8192,1,0.99993897229342121,2.1980735333991297,False
46026,San Francisco,META00531,1.3912834460732619,0.051869160574507862,1.253092505963419,0.033713137562696442,0.74302206311661334,0.016256969926536764,0.78286894482029623,0.0250979790421181,685712.74774608004,0,8192,0,6.1027706578786769e-05,0.83450113124399572,True
46026,San Francisco,META00532,1.0592988564899377,0.057711227858302044,1.1120591490045255,0.027220540973265428,0.93402421561005256,0.018258709740555372,0.89722172140659429,0.01911565362008736,646562.03795743012,8192,8192,1,0.99993897229342121,1.2576871236212139,False
46026,San Francisco,META00533,1.1804459594548062,0.041996486062785915,1.2210764910818004,0.039430484892935963,0.93092726035210505,0.015968296537297637,0.79924765546698862,0.014179782596314318,641609.63365654368,8192,8192,1,0.99993897229342121,1.6496489109852912,False
46026,San Francisco,META00534,1.209772226309207,0.044890932125314566,1.1010708519043748,0.042647669789060892,0.6920477213160583,0.014152645046716015,0.90963303521785344,0.022857012290253199,653652.77921122906,0,8192,0,6.1027706578786769e-05,0.78007985571519012,True
46026,San Francisco,META00535,1.2309544374520269,0.048663517004718049,1.2066947974705569,0.036507490219532659,0.95389858726187926,0.01417652313348187,0.78921832015601723,0.014359800221439154,634264.29538805527,8192,8192,1,0.99993897229342121,1.8068097589440157,False
46026,San Francisco,META00536,1.3055087827765868,0.060912624982181432,1.0885553083570321,0.032552893117360517,0.81560504396618461,0.021530361998667598,0.85310800717964907,0.021857034759221815,714903.68120742321,0,8192,0,6.1027706578786769e-05,0.96960138479418312,True
46026,San Francisco,META00537,0.9821456832245159,0.049919621251482603,1.0951396463726433,0.028322426829639438,0.76568137058830832,0.025989899029674156,0.71245642749373883,0.016080992741993622,615638.67509754351,22,8192,0.002685546875,0.0027462467960454044,1.0536181265953082,False
46026,San Francisco,META00538,0.96953593897926338,0.053965601248759501,1.0684956566050194,0.041466836482995678,0.85623934756080866,0.020294455047396825,0.89291042055189496,0.01713618171829305,673438.70215642848,8192,8192,1,0.99993897229342121,1.0724701570461193,False
46026,San Francisco,META00539,1.3140258568157486,0.037982594279117154,1.0635347259725527,0.031032410229024542,0.7581422446210927,0.014529201544476835,0.69636523092074831,0.01874947879647982,558966.47045564186,11,8192,0.0013427734375,0.0014036372513120956,0.99923376577123446,True
46026,San Francisco,META00540,1.2200304693101311,0.0463758810354436,1.3471852494855683,0.032722272676249872,0.73602498595739696,0.018021349174605444,0.6528386847857014,0.015820713716185739,619277.618415865,0,8192,0,6.1027706578786769e-05,0.88059172910199413,True
46026,San Francisco,META00541,1.0758392999450126,0.060669143424068234,1.0224154063531226,0.029954699057801938,0.89271597058284025,0.018683638600554369,0.7050364114975689,0.019183076252609173,629948.2870440121,8192,8192,1,0.99993897229342121,1.0659281707741952,False
46026,San Francisco,META00542,1.0543263574682482,0.055303361938578509,1.2086866362709578,0.039705774665340497,0.82625266416994791,0.018107251563370452,0.72418388860747718,0.022283782193195465,683350.85494983324,146,8192,0.017822265625,0.017881118027584523,1.0549420700785381,False
46026,San Francisco,META00543,1.2646051956010469,0.063575430542811576,1.3038485050861546,0.033516669768725006,0.79919119987900178,0.023971555552009978,0.94693759375889108,0.022622312251012217,778991.87929821468,89,8192,0.0108642578125,0.010923959477602831,1.0358611348466487,False
46026,San Francisco,META00544,0.97587252617620701,0.036171077373461979,1.2884327148770076,0.03958139520596643,0.78739580489367644,0.01754553869199748,0.69190476550392277,0.01465656426748323,607249.67803225969,28,8192,0.00341796875,0.0034785792749908459,1.0136273153627318,False
46026,San Francisco,META00545,0.99947401588777485,0.058283839653032833,1.3555309660999355,0.040583919292234066,0.66408557786823186,0.021218959834898968,0.87811638655443902,0.024534492955000618,733077.37615232531,0,8192,0,6.1027706578786769e-05,0.82262936500213701,True
46026,San Francisco,META00546,1.0157134623122621,0.061740750698198663,1.2872511450207733,0.039866573117652737,0.74043705300347007,0.014311596826437978,0.88686264421205552,0.019322287819691222,672129.51167434105,0,8192,0,6.1027706578786769e-05,0.86193508678270869,True
46026,San Francisco,META00547,0.97057725465284284,0.063386152855547606,1.1693186218273577,0.029578102787621734,0.87513351631838621,0.024437932495251939,0.89147164607678664,0.017719694462112353,692204.70120504336,8192,8192,1,0.99993897229342121,1.1158830478376069,False
46026,San Francisco,META00548,1.3173720555897823,0.040128661674386751,1.222077964253605,0.045126928571522673,0.85154814978739213,0.02508227855557036,0.64332757148936859,0.023863571752164567,752692.01896852988,8192,8192,1,0.99993897229342121,1.5750668195626576,False
46026,San Francisco,META00549,1.3547875273583077,0.056275830230639076,1.0848712648488492,0.038352571628275843,0.91037409786739776,0.024137498543583984,0.88077899198205878,0.023916916804870299,785592.83057774487,8192,8192,1,0.99993897229342121,1.6574865753753742,False
46026,San Francisco,META00550,1.0828529879069426,0.060566344524615089,1.0523114656518977,0.041934955889781855,0.8233270074575294,0.025717762428530459,0.87281835123410634,0.015486957304987455,720475.10929906159,0,8192,0,6.1027706578786769e-05,0.97522615126368417,True
46026,San Francisco,META00551,1.3244871881997171,0.035851356460729171,0.9685762397887927,0.036184281930539047,0.65978640158781654,0.020204527321899039,0.67455791066840343,0.021740644158771739,589366.76864834479,4,8192,0.00048828125,0.00054924935920908091,0.96286432663225574,True
46026,San Francisco,META00552,1.0223440696734716,0.04520629197709515,1.1703004337848222,0.028701103795435019,0.79154416832940377,0.021149693275609588,0.84432710656732057,0.015038274085316427,601824.0777788714,12,8192,0.00146484375,0.0015256926644696693,1.0033846655786669,False
46026,San Francisco,META00553,1.1444356922377867,0.047709024088592671,1.0795067080739098,0.030287231284692569,0.88320449435607218,0.02026359158697498,0.66760516347998866,0.0252687576126603,648002.73801176145,7860,8192,0.95947265625,0.95941657512510681,1.0390256704091971,False
46026,San Francisco,META00554,1.4292209252961854,0.035886012762281781,1.4273772052617999,0.042156485833646062,0.70828383722165267,0.025902459158873868,0.72994040495912593,0.018837279313234558,735171.49508285476,583,8192,0.0711669921875,0.071219333577444158,1.0702939821636894,False
46026,San Francisco,META00555,1.02135849138747,0.050601394568132139,1.3789588471823704,0.029348459874082331,0.86512047060042829,0.019604852848569269,0.88494741628403206,0.024423399442302832,693158.0178749006,8192,8192,1,0.99993897229342121,1.1248603384066145,False
46026,San Francisco,META00556,1.0980904032941237,0.039472449822977207,1.0311278373699746,0.030384176164705564,0.69237024100507738,0.023809564297543929,0.67589635761475686,0.014049558108268698,565045.14833259326,28,8192,0.00341796875,0.0034785792749908459,1.0862784925272755,False
46026,San Francisco,META00557,1.162701443939574,0.049851376737852129,1.4259390553195568,0.044135211413123682,0.69418419134445353,0.01979659083108555,0.65142990835190195,0.015779977578693902,697269.28632139368,736,8192,0.08984375,0.089893811790552905,1.1081644073994665,False
46026,San Francisco,META00558,1.291817011961097,0.04393409477216436,1.3372502810908995,0.033295163913219843,0.86790468430202661,0.021186204889115809,0.82521433018143397,0.016007869948895158,684588.54228600312,8192,8192,1,0.99993897229342121,1.2549948341236317,False
46026,San Francisco,META00559,0.98102607412717824,0.058097901485936604,1.4309781186091632,0.025359465892212187,0.85964575372180718,0.016084193686430728,0.86300104851914083,0.023106979663153761,649371.26569903595,8192,8192,1,0.99993897229342121,1.0708505361564122,False
46026,San Francisco,META00560,1.1459670604013019,0.037392326089146402,1.410675665559816,0.039451500005220776,0.82917244656866529,0.023270875021805075,0.7313533182211176,0.022020719019538917,723371.48631445097,7131,8192,0.8704833984375,0.87043817893323572,1.2760037916769118,False
46026,San Francisco,META00561,1.0706380593750375,0.043885857530894731,1.3948007826688489,0.03411405104951129,0.92055541050622436,0.019865631047540779,0.69144748674626322,0.016723803192584576,666154.55896720581,8192,8192,1,0.99993897229342121,1.4772349138088356,False
46026,San Francisco,META00562,1.2649262397915964,0.064907673200919933,1.4229758453446388,0.045059672905013587,0.66935251885695868,0.01674432586162174,0.87025729579655509,0.018090838213230882,757914.00908106938,84,8192,0.01025390625,0.010313682411814963,1.0464668432889868,False
46026,San Francisco,META00563,1.385563142246331,0.062534886701336043,1.295838522956219,0.043030601514186848,0.68836969138758541,0.024547257035104159,0.72143197345526056,0.024795074762651616,795140.36367378093,380,8192,0.04638671875,0.046442084706456728,1.0540870031275469,False
46026,San Francisco,META00564,1.3268617661480566,0.064342079949008008,1.3800165528714505,0.025467428864542358,0.92591069969799478,0.019504497966467325,0.91977083640857116,0.018445536397079649,722688.08596757799,8192,8192,1,0.99993897229342121,1.3957182878260375,False
46026,San Francisco,META00565,0.97414144732709607,0.060086298723558577,1.1114982004005582,0.036919733850542417,0.70773405293664859,0.022499706563295752,0.80287928623879523,0.024589222343473934,683570.99519599963,0,8192,0,6.1027706578786769e-05,0.80957435114849241,True
46026,San Francisco,META00566,1.2135491167629133,0.036304113145674284,1.3513994557026145,0.045207998595113805,0.74655692407688123,0.0257490899252651,0.82020638697092441,0.024000437230202887,765012.89038974873,997,8192,0.1217041015625,0.12175027462467961,1.0807972527761465,False
46026,San Francisco,META00567,1.4132532907466342,0.055482148914915513,1.4192681851174254,0.03970176755301183,0.87136232590622398,0.025191985174620776,0.7028794916839034,0.025810600847835402,830467.47253410309,8192,8192,1,0.99993897229342121,2.0265018627530282,False
46026,San Francisco,META00568,1.1538939893194133,0.041411981479332741,1.0463701128898597,0.025580845685567268,0.66393013621086372,0.022530486362651644,0.71655615011350104,0.019588308414154487,569158.3437849133,67,8192,0.0081787109375,0.0082387403881362137,1.1732232038608905,False
46026,San Francisco,META00569,0.98560097303620742,0.045271290171897474,1.3036065894209985,0.040938431143622403,0.85867991252599418,0.016918471836724368,0.85473751726127811,0.019387980004206627,678165.97427953803,8192,8192,1,0.99993897229342121,1.2153510960913989,False
46026,San Francisco,META00570,1.074885457030484,0.060808312174168877,1.0739313757225808,0.03087206238155836,0.85417112334048806,0.025098416399366653,0.66686532143507993,0.023885313748789432,694138.57400730124,2,8192,0.000244140625,0.00030513853289393383,0.98318304768353104,True
46026,San Francisco,META00571,1.1797146921888482,0.052889391461666782,1.1023179685245641,0.03456624644025643,0.698341881145911,0.021007715976636129,0.73734318066213256,0.018886797246715496,637990.94395900506,0,8192,0,6.1027706578786769e-05,0.85111885548540878,True
46026,San Francisco,META00572,1.3931745792933834,0.044918378149988343,1.0533254417014972,0.031908502639466534,0.78894041493934175,0.02163820725823205,0.92842560111650307,0.024657184743441023,696313.28538871522,2,8192,0.000244140625,0.00030513853289393383,0.94068212166809484,True
46026,San Francisco,META00573,1.094525783409199,0.053423753807301327,0.96793417783600344,0.03508898285304967,0.81507602052489236,0.021921864360606051,0.72127307928515971,0.014559966194899224,622287.29704005236,3,8192,0.0003662109375,0.0004271939460515074,0.95164592038496176,True
46026,San Francisco,META00574,1.4327658546734685,0.062995631304335428,1.1331027442717565,0.028907952554627546,0.70719502181589933,0.015508204824656029,0.77150709327401601,0.020171187172261511,650401.15586983832,0,8192,0,6.1027706578786769e-05,0.86739157164887537,True
46026,San Francisco,META00575,1.3946039638483074,0.043599250459378111,1.406895614968362,0.042787825628301496,0.87231659829540975,0.017007903694851566,0.68816044185690584,0.01973041480867492,723574.93858311768,8192,8192,1,0.99993897229342121,2.0491444231765654,False
46026,San Francisco,META00576,1.0724633804371611,0.06116158398059246,1.160549288109255,0.031749159775654297,0.69618045477517998,0.024066501367012258,0.68669371421140557,0.019745847607993694,653746.86618048814,0,8192,0,6.1027706578786769e-05,0.85950735635091025,True
46026,San Francisco,META00577,1.3600880604755059,0.044158245441631647,1.2971877450064024,0.04291210414105863,0.72687041040119948,0.019875833040054785,0.67777832631700874,0.024317324939644086,715245.39780114801,636,8192,0.07763671875,0.077688270474795554,1.0927261358430056,False
46026,San Francisco,META00578,1.1055185704099375,0.050184796484687988,1.2792024333296355,0.035520524379588365,0.9266753824808589,0.023124930876159612,0.70251095037200428,0.017950764543548554,706866.91569834447,8192,8192,1,0.99993897229342121,1.4695332880906222,False
46026,San Francisco,META00579,1.3487410355207792,0.056540828956152325,1.0945102824048174,0.025157864480030868,0.67555376840011561,0.020443212823151698,0.78903763023016149,0.024967610085346151,650698.34928299848,15,8192,0.0018310546875,0.0018918589039423899,1.0242375011612486,False
46026,San Francisco,META00580,1.2281775648102353,0.039322147193213794,1.3937256958303019,0.031996235548851108,0.79349374626473101,0.023545650389314197,0.92498921300207781,0.016343671215038266,681612.66191691032,1,8192,0.0001220703125,0.00018308311973636029,0.9443738051351801,True
46026,San Francisco,META00581,1.325061495343868,0.03819556340177014,1.103886507739315,0.041701410047017148,0.67491194433330171,0.021574227457513657,0.85002452817340168,0.022048185165482868,672919.93529227679,0,8192,0,6.1027706578786769e-05,0.78501005838732796,True
46026,San Francisco,META00582,0.96084587107650621,0.062934907976041302,1.4037908276353948,0.033678757940834469,0.76200813500142661,0.015642787773212666,0.72552457514643331,0.018501549558626214,642533.78506733745,0,8192,0,6.1027706578786769e-05,0.86407657082651612,True
46026,San Francisco,META00583,1.0166477131091587,0.058557978505020924,1.2078454939197223,0.037960354850568874,0.74604396242120397,0.01511192805583287,0.84763586734924501,0.020455396581046094,651867.61350807489,0,8192,0,6.1027706578786769e-05,0.8372043297435463,True
46026,San Francisco,META00584,1.2456932539929615,0.050384074954715224,1.1352983037847713,0.035450977754902073,0.70133991359785186,0.014091453350762121,0.83843446139169064,0.016956289062212467,608257.05143109127,0,8192,0,6.1027706578786769e-05,0.81275654594005808,True
46026,San Francisco,META00585,1.2608457288732791,0.057166594681049773,1.1992751819866567,0.031296153620816274,0.89857197707534642,0.014133841784943181,0.8375115609174939,0.022915578977647705,670173.93348297034,8192,8192,1,0.99993897229342121,1.2958428456281961,False
46026,San Francisco,META00586,1.0802247736291428,0.063669643035106471,1.3811973997815201,0.027379382419464655,0.66137939704628135,0.020310467503701284,0.86328046128510183,0.020858996594368361,662033.31540892378,0,8192,0,6.1027706578786769e-05,0.8156679987164891,True
46026,San Francisco,META00587,1.2681282875401025,0.050472424487982094,1.2790609641370976,0.031586710274428116,0.73382858631248193,0.025964068685133838,0.7488218971855698,0.025071911271965619,717127.73113178613,0,8192,0,6.1027706578786769e-05,0.8040259369839543,True
46026,San Francisco,META00588,1.3031155954214655,0.035478634960436024,1.3723151192696268,0.027618092790008049,0.75199348534804766,0.020865030767768387,0.70728892854099801,0.024838532805691711,638314.68691221543,1,8192,0.0001220703125,0.00018308311973636029,0.88075234003686631,True
46026,San Francisco,META00589,1.1416119726407199,0.045729146143568891,1.0426632473981137,0.028022379840590642,0.8167304501096927,0.015138080779072215,0.81823381041032561,0.017961319182426931,569961.14559653832,26,8192,0.003173828125,0.0032344684486756989,1.085509248116846,False
46026,San Francisco,META00590,1.017949918260892,0.050506745949863534,1.0217534854124224,0.031925451614313302,0.86996653170051075,0.014434863768759448,0.92074318484170259,0.022002479345419636,614323.58926859149,8192,8192,1,0.99993897229342121,1.1138132026213545,False
46026,San Francisco,META00591,1.3883422003357002,0.0606925478672386,1.2412348324049021,0.038907054850034928,0.73790245346682937,0.022083842878158802,0.95181123420651115,0.020247426605488176,767015.77809974132,39,8192,0.0047607421875,0.0048211888197241546,1.0204562146358467,False
46026,San Francisco,META00592,1.2095797245483517,0.038700621009562043,1.3044655412926605,0.025105608308639941,0.66754946519001901,0.018089845263814498,0.78867160741392095,0.015540605527730161,557295.68010545848,9,8192,0.0010986328125,0.0011595264249969486,0.99117086725062353,True
46026,San Francisco,META00593,1.237401733066305,0.049714954985628668,1.3096612980211568,0.037808425742370456,0.8290703474515263,0.023701326630006542,0.71510527395160739,0.025936463634569498,751973.9047627839,6739,8192,0.8226318359375,0.8225924569754669,1.2614264234880621,False
46026,San Francisco,META00594,1.2258054815967505,0.062721991080475006,1.236480223378623,0.042086306340673896,0.84826922444288044,0.02441161418956184,0.70778132303637653,0.025218223046665336,794842.06786655879,8192,8192,1,0.99993897229342121,1.511248685132061,False
46026,San Francisco,META00595,1.2523928063985164,0.041877241805391298,1.3251991461665458,0.029019953985765637,0.66148656371536085,0.018733674210469974,0.76708456928989122,0.024718746040619268,630992.39444944623,0,8192,0,6.1027706578786769e-05,0.86338302146527746,True
46026,San Francisco,META00596,0.97771863674771931,0.048145064656955464,1.1376757678037843,0.029137740156362238,0.73474081915046185,0.021502661431406476,0.91787663596551561,0.01425504243634357,594847.73868178518,17,8192,0.0020751953125,0.0021359697302575369,1.0203865630320188,False
46026,San Francisco,META00597,1.2612341254854798,0.057947988673205643,1.0066659734913617,0.033669324135748538,0.93843011038344959,0.024011032378296049,0.66205795781483578,0.020764228710229392,711330.30792646238,8192,8192,1,0.99993897229342121,1.4353404231062294,False
46026,San Francisco,META00598,1.0224412643829428,0.053350115187653598,1.2238018254050049,0.036760974458198079,0.92384895211936646,0.01681957536790573,0.9435258000038147,0.017210870502818342,672340.72176331794,8192,8192,1,0.99993897229342121,1.3731338342057746,False
46026,San Francisco,META00599,1.3355913603362721,0.061159869904082453,1.2712621502327726,0.027709921034708835,0.85491372417920153,0.023554015251665748,0.67536968248113183,0.016744488607002721,699752.7580231888,627,8192,0.0765380859375,0.076589771756377392,1.0521835806934328,False
46026,San Francisco,META00600,1.1279410509949592,0.046325093110385379,1.1678911094951885,0.043836297672654644,0.88691564355031394,0.016111606990164472,0.79325510769275254,0.025162499625692131,700731.35017725115,8192,8192,1,0.99993897229342121,1.4522202471187824,False
46026,San Francisco,META00601,1.1488162808042561,0.055840279199978624,1.2189795946913831,0.031141403844484748,0.65233438034605062,0.015689368173663839,0.68974670457499365,0.015526724053031016,584004.0239513024,0,8192,0,6.1027706578786769e-05,0.84671500755247064,True
46026,San Francisco,META00602,1.2484056883492183,0.062717704770916011,1.0298204565798699,0.042370210208094429,0.75464667450353196,0.024896707071258767,0.85099346681857169,0.021860158521307502,751496.16202296736,0,8192,0,6.1027706578786769e-05,0.87095810312900068,True
46026,San Francisco,META00603,0.99287624979863609,0.036353724532005256,1.179480961860045,0.032234563627999265,0.93981141031106985,0.016223085928814902,0.90632393113950149,0.017749771381738735,607125.01299005188,8192,8192,1,0.99993897229342121,1.2367200562233713,False
46026,San Francisco,META00604,1.3176688279658404,0.055907006571197751,1.3778434113972433,0.02685674784561342,0.74245082296442955,0.020272881164532918,0.91545377455727817,0.022386034849428464,700134.0407467609,0,8192,0,6.1027706578786769e-05,0.8666759515294602,True
46026,San Francisco,META00605,1.3965671276819771,0.049884879807192119,1.3071311167990476,0.024732994015901056,0.85645259216499703,0.023020912083459598,0.86682414995095036,0.01664944723498293,681555.55801323208,8192,8192,1,0.99993897229342121,1.0767847766816108,False
46026,San Francisco,META00606,1.2210565372102491,0.056074636958264576,1.0801558411095979,0.03281845157437762,0.8568503841050179,0.015812532819214631,0.9055950552328218,0.017654893075176002,643663.7928942201,8192,8192,1,0.99993897229342121,1.082959837738648,False
46026,San Francisco,META00607,1.3489468481671452,0.037431361003713498,1.2132450443784639,0.030134484938939748,0.8531042486860283,0.022534260708068271,0.91278752578923295,0.014142246315325605,647163.85420035291,8192,8192,1,0.99993897229342121,1.0941569838103411,False
46026,San Francisco,META00608,1.3532968186031158,0.035837897118889926,1.2292312299669135,0.037164369330127435,0.75648265809499471,0.025341824608713794,0.66225475757047758,0.02502731605381512,695724.33870301081,0,8192,0,6.1027706578786769e-05,0.95897301659790279,True
46026,San Francisco,META00609,1.3216851542208985,0.036329544824134287,1.195590384670701,0.040763616340674075,0.80751602359859675,0.015661188290184893,0.82172119106884456,0.01759510862983758,639052.96705100709,1345,8192,0.1641845703125,0.16422555840351519,1.1302662075277885,False
46026,San Francisco,META00610,1.1572148224927357,0.047923663831280626,1.1907646689782228,0.027272062168166779,0.81385451441703383,0.021467853485930981,0.90991936558154807,0.01407694556166535,623590.65705700428,6,8192,0.000732421875,0.00079336018552422804,0.98195403788786406,True
46026,San Francisco,META00611,1.3678872966649758,0.0415651838511506,1.2560891654473947,0.04180382969360999,0.822595492395509,0.021022280889607736,0.89195999231535406,0.015649330813948932,709376.50610303308,8093,8192,0.9879150390625,0.98785548639082144,1.3490200069021605,False
46026,San Francisco,META00612,1.0340947653078152,0.045256326402328552,1.0712733756658888,0.025948534445097451,0.86295766873291591,0.018451729962880845,0.80945684504883231,0.014406506438097171,567740.21361860179,8126,8192,0.991943359375,0.99188331502502136,1.1395411641562865,False
46026,San Francisco,META00613,1.35299179332937,0.049581621364656076,1.3883586361576128,0.034422981622557164,0.81989193789885273,0.022659263841110527,0.81775681432043168,0.015449642299030467,715468.03755992674,5142,8192,0.627685546875,0.62766996216282189,1.212527546787159,False
46026,San Francisco,META00614,1.254421166663451,0.043083447278884072,1.27611865530321,0.024893878508313934,0.8603260368796678,0.017172302769602944,0.88849818861542096,0.021918519635167912,634175.43070233345,8192,8192,1,0.99993897229342121,1.0779507706071068,False
46026,San Francisco,META00615,1.2818219189860394,0.059443107256685598,1.1261559969992476,0.039335287299810007,0.87234992057610428,0.023943643631101331,0.8099812768282062,0.018357241476864419,749837.39033811796,8192,8192,1,0.99993897229342121,1.423986172777046,False
46026,San Francisco,META00616,1.3755962212466439,0.057372171769496924,1.0076012640000735,0.040084505612744341,0.71474024207416753,0.021043525224820933,0.7404059208902114,0.022656683027645098,698038.19086496148,0,8192,0,6.1027706578786769e-05,0.79628213063003062,True
46026,San Francisco,META00617,1.1730598190087849,0.056612868859734676,1.2616904118939316,0.0421979051040582,0.81747320781492916,0.014337863165526685,0.92697468010027295,0.019481238428502651,703717.46355046704,6852,8192,0.83642578125,0.83638471866227271,1.2881811806010572,False
46026,San Francisco,META00618,1.3824579298591679,0.05023377495739878,1.0503452047522237,0.038258014043992428,0.89736434155487288,0.019390410710191361,0.89731184213928161,0.017052158640776666,694551.00061022816,8192,8192,1,0.99993897229342121,1.5358628901253375,False
46026,San Francisco,META00619,1.2361889198572151,0.045606442958371102,1.2983866485821856,0.044410035542288478,0.85920830024065686,0.020701157014855108,0.71047623273751204,0.021575047890523738,738994.59059651662,8192,8192,1,0.99993897229342121,1.6392596093721441,False
46026,San Francisco,META00620,1.3458096463885099,0.051524528329487757,1.4127584570951248,0.037511031084244702,0.95684569797934071,0.022836186455093034,0.72046886646339936,0.01453618372673769,756888.34957186156,8192,8192,1,0.99993897229342121,2.360366944808602,False
46026,San Francisco,META00621,1.3496573679251054,0.05261330342267069,1.0626408477092364,0.04511684988708517,0.7962455107118529,0.024487701075396197,0.77274915686874757,0.014481836634312939,719299.21480592305,5273,8192,0.6436767578125,0.64365922128646402,1.2046217012672071,False
46026,San Francisco,META00622,1.3300962640345937,0.036288605012972944,1.2895862222098036,0.034661650564951914,0.95484373725746696,0.021319543117773718,0.6923735365070165,0.022526264670518707,699377.00824700389,8192,8192,1,0.99993897229342121,1.7619355123587987,False
46026,San Francisco,META00623,1.4256243681808209,0.047628898271107167,1.3524157336648455,0.027260295139400748,0.83276140744524019,0.016329970215181545,0.88902672188429999,0.025544691174814827,689728.94176039938,6585,8192,0.8038330078125,0.80379592334920058,1.0238226119320122,False
46026,San Francisco,META00624,1.3652880408022758,0.053516769860511182,1.0585697870817219,0.036575335309120993,0.913420984680819,0.02318994295487474,0.84060427519383984,0.019860248591594239,736716.11953907798,8192,8192,1,0.99993897229342121,1.5529975554228905,False
46026,San Francisco,META00625,0.96483757987800756,0.053696714130941618,1.0098018221310749,0.030764947922920241,0.86442178895161104,0.021751393933851049,0.94238467150060212,0.020421329207663905,657521.88358066347,8192,8192,1,0.99993897229342121,1.1282976184561015,False
46026,San Francisco,META00626,1.0821272280705596,0.053920375214451227,1.076548131898956,0.027318683240490239,0.66979762962973943,0.018583078019575178,0.83183586404236698,0.017021063125820215,578563.85227936541,22,8192,0.002685546875,0.0027462467960454044,1.0588041258399523,False
46026,San Francisco,META00627,1.3184117543355254,0.036450515978788803,0.98124084886142948,0.029239587807763385,0.85245730988789092,0.024969697912536302,0.84799288915794513,0.025125677414101554,676151.41995984514,8192,8192,1,0.99993897229342121,1.0983464547509389,False
46026,San Francisco,META00628,1.3627398552722279,0.043737460533184537,1.4212120226112028,0.037395860294328176,0.95526243470462191,0.014796867184236888,0.64593406387931251,0.016791171301372483,673001.63877290697,8192,8192,1,0.99993897229342121,2.3786255762561517,False
46026,San Francisco,META00629,1.157940758040894,0.059201049871077771,1.0138859317097577,0.031273035248631169,0.64248950114667269,0.02554908065279704,0.752007734157362,0.016298521107182239,628956.86796287005,4,8192,0.00048828125,0.00054924935920908091,0.96952823459991377,True
46026,San Francisco,META00630,1.1706251219205426,0.037750686968503672,1.3584827027650912,0.024964725806191166,0.9215269259895007,0.024565541386135557,0.82234555628592521,0.021000963318521616,679537.46415312355,8192,8192,1,0.99993897229342121,1.2541220351509974,False
46026,San Francisco,META00631,1.1897436284534328,0.061818929827030952,1.0728760550206089,0.029813568426469251,0.91735805638759294,0.024983721269327401,0.95414829405813939,0.025255258303923764,768258.05670759757,8192,8192,1,0.99993897229342121,1.2502901718854389,False
46026,San Francisco,META00632,1.2622946915366442,0.037661165211496143,0.98362677857256231,0.043101895015367472,0.91799346029583728,0.015061905956009283,0.75133394313394919,0.021366770574736429,631154.96186610579,8192,8192,1,0.99993897229342121,1.5159845717254985,False
46026,San Francisco,META00633,1.1378626297077248,0.06275390992749702,1.1684936268671642,0.029105994460947249,0.95043775748596215,0.016593487387228191,0.74391976929308945,0.018391653985057769,649380.8996303482,8192,8192,1,0.99993897229342121,1.3151492776641094,False
46026,San Francisco,META00634,1.1290944474255726,0.041536659943189086,0.99826432763739303,0.033201318326426865,0.89709399653025879,0.0142812280044879,0.89164212119817177,0.017506189862878739,584167.07348796364,8192,8192,1,0.99993897229342121,1.134273026920984,False
46026,San Francisco,META00635,0.97906522422339304,0.041782950140572719,1.2243285444679333,0.041574791050297329,0.67876673981191638,0.020896552139042179,0.82191352065980672,0.02264223930815466,667826.70368751662,0,8192,0,6.1027706578786769e-05,0.85694450777463393,True
46026,San Francisco,META00636,1.0964170319917483,0.047636495442097436,1.1939801029777191,0.040779546124911706,0.95722065265985079,0.025441277962936954,0.84683679545186452,0.021730088346752826,771518.30186175136,8192,8192,1,0.99993897229342121,1.6528777328487883,False
46026,San Francisco,META00637,1.1700228595971807,0.05934337333796854,1.0061610140944972,0.036677418770505725,0.90504268073831584,0.018169835549612927,0.86105402351771054,0.018106026344564499,672919.54289621289,8192,8192,1,0.99993897229342121,1.2242706703247854,False
46026,San Francisco,META00638,1.19266831427175,0.035220130285679253,1.0594309384285749,0.039725462705083571,0.92673796208391113,0.022806943856094282,0.93380062261315744,0.021710310233995639,709231.61836009799,8192,8192,1,0.99993897229342121,1.3622720761866636,False
46026,San Francisco,META00639,1.3102593921501446,0.048882469469669787,1.2657225048561598,0.043691266989781249,0.76950684384995494,0.014474014929331024,0.93787845896193178,0.023406409238033263,725169.35393527977,3412,8192,0.41650390625,0.41651409740021972,1.2120711208309343,False
46026,San Francisco,META00640,1.3708492560815224,0.046114641208212903,1.0749464737640075,0.036017396602637988,0.66514588207924352,0.017016756172978369,0.89606247518017579,0.017734152739346209,625841.5524843717,0,8192,0,6.1027706578786769e-05,0.83468150676236896,True
46026,San Francisco,META00641,1.2439910403907599,0.037405322889693192,1.1586342850027158,0.045275997270900273,0.90844372008108687,0.020773177367386333,0.91856929400309784,0.020933755229831215,732161.30195072514,8192,8192,1,0.99993897229342121,1.6562525741894438,False
46026,San Francisco,META00642,1.2947080627587677,0.051999693771885062,1.1102337669427995,0.031947419867744783,0.92498573738987178,0.025473549416817433,0.81199757862700461,0.016385065148886796,714679.32413244119,8192,8192,1,0.99993897229342121,1.3397523051347739,False
46026,San Francisco,META00643,0.98734419445168509,0.046358774921002058,1.1271979960885605,0.038979879747097664,0.94286200272036069,0.021286114600403819,0.67109854289688242,0.024863943296378418,691399.37664489669,8192,8192,1,0.99993897229342121,1.3287232789585031,False
46026,San Francisco,META00644,1.4177117697662063,0.053996792057071655,1.3354741567883019,0.043998472919706738,0.84638956369089624,0.017505820900740512,0.67197503316282048,0.018322182379320491,740177.8034667623,8192,8192,1,0.99993897229342121,2.0235186739522075,False
46026,San Francisco,META00645,1.1787364402518075,0.062288963314938231,1.1012672725880943,0.030814878297233138,0.8677591296764996,0.018619625095529425,0.84875474541322959,0.015291570948334422,652254.80094289256,8192,8192,1,0.99993897229342121,1.10019539886577,False
46026,San Francisco,META00646,1.4308892041511763,0.042501477527929245,1.2296866741250514,0.035228365798333695,0.90738417342464284,0.014494614001681831,0.77364197515288635,0.023719086306028887,670991.45999434846,8192,8192,1,0.99993897229342121,1.6446218746240093,False
46026,San Francisco,META00647,0.99381257696131153,0.047536395180748765,1.1134305839654179,0.029930660367010573,0.71775472033784604,0.016948076758901337,0.73328211539079402,0.023744455826907068,587876.87976778357,15,8192,0.0018310546875,0.0018918589039423899,1.0142682308213475,False
46026,San Francisco,META00648,1.0247915946913742,0.050831128661381994,1.0620442872148408,0.040716519071003682,0.86534948110739007,0.018127537247756592,0.94272105467128453,0.025535716570414278,705114.1330557171,8192,8192,1,0.99993897229342121,1.1362736027372906,False
46026,San Francisco,META00649,1.0324395780960161,0.061726168476167034,1.3126698059284303,0.035777360902788373,0.92746566601557312,0.024387142625764434,0.8694092743366082,0.022890308082557223,779905.25485041295,8192,8192,1,0.99993897229342121,1.449860163589217,False
46026,San Francisco,META00650,1.1244786157927293,0.063754025794622207,1.2800718414805639,0.040076892784021254,0.79025144070388365,0.023566732051769207,0.91556921756043252,0.024487205552843186,790359.24559103674,347,8192,0.0423583984375,0.042414256072256802,1.0556447740611701,False
46026,San Francisco,META00651,1.276543677484673,0.048648900030922426,1.0474869381224143,0.04519641620331178,0.66285275047705805,0.021935652109823532,0.65599000557328246,0.018869924732743508,661270.12009435124,0,8192,0,6.1027706578786769e-05,0.77984007517015652,True
46026,San Francisco,META00652,1.1238517403732637,0.049481722657529773,1.4372076907982829,0.040422728092243169,0.89421025345420135,0.021786530560251861,0.72724830140252217,0.022434749297778039,760503.68889017636,8192,8192,1,0.99993897229342121,1.7578869409629116,False
46026,San Francisco,META00653,1.0384957129532493,0.044148956869729417,1.2134809918693543,0.034231817106880398,0.84151897625614802,0.018977290805860067,0.9307048017127999,0.025786453473917968,690433.23930069956,8192,8192,1,0.99993897229342121,1.0468220765014549,False
46026,San Francisco,META00654,1.0043878804787481,0.056509287261577182,1.4142734390992502,0.035679403807039052,0.77979737790500303,0.025502743393107589,0.83483143135977689,0.014763054646983385,712037.23709019192,1,8192,0.0001220703125,0.00018308311973636029,0.96580771369655816,True
46026,San Francisco,META00655,1.0583984358260943,0.058811302885705727,0.99857519974836184,0.043851925433390053,0.7882885530022502,0.025923608518099897,0.738724501872001,0.021164279373294018,716532.90291787067,0,8192,0,6.1027706578786769e-05,0.86445065823918188,True
46026,San Francisco,META00656,1.0453019396429242,0.051639338349689881,1.3375628700315061,0.042526798779137634,0.66799053261159946,0.022664225497198882,0.84154225052852105,0.017680827703181554,703605.51580674108,0,8192,0,6.1027706578786769e-05,0.85534538162552043,True
46026,San Francisco,META00657,1.4120328051381683,0.042496484992991371,1.3649908078286017,0.029045876472891464,0.8880896070536004,0.01843214830135095,0.83373904291709489,0.021207480648641371,681057.32244550437,8192,8192,1,0.99993897229342121,1.2438637551473011,False
46026,San Francisco,META00658,1.268929161324416,0.054138028267178298,1.1609605576032005,0.040136058763315656,0.86182082552687722,0.024109109887121165,0.89892876855621962,0.019608717187900498,759711.09236055019,8192,8192,1,0.99993897229342121,1.378391174132954,False
46026,San Francisco,META00659,1.0521477385211835,0.059240758553704517,1.02903422857481,0.04020109338452367,0.93752727055089791,0.022256784305290621,0.86259711771664349,0.023419616387495238,740300.07433927304,8192,8192,1,0.99993897229342121,1.3195004256120531,False
46026,San Francisco,META00660,1.2704096885543466,0.05431207046820459,0.9860060128702044,0.037228939532193389,0.79245760561447576,0.016537770026580273,0.64501250136956712,0.014044775946568945,604045.72145596554,0,8192,0,6.1027706578786769e-05,0.90070657213858518,True
46026,San Francisco,META00661,1.3083604663805983,0.041632134775497105,1.4163804192177076,0.030082010535456616,0.78934262767309371,0.024645759926278203,0.87518643907052152,0.017930827609726467,696114.12041034049,0,8192,0,6.1027706578786769e-05,0.91195042660060122,True
46026,San Francisco,META00662,0.99093920321983453,0.056713571749737457,1.1557314349958516,0.025056625677869666,0.86870285576520734,0.015469169662217685,0.66367846069387892,0.015167909714343248,558126.52956667996,111,8192,0.0135498046875,0.01360917856706945,1.0578802003956058,False
46026,San Francisco,META00663,1.0200185532374366,0.038798399419370112,1.4006012560336356,0.032316980625086637,0.83168685001045883,0.0143697520032801,0.84828776248894422,0.021873248155652371,627194.82575877814,73,8192,0.0089111328125,0.0089710728670816548,1.0368363928739017,False
46026,San Francisco,META00664,1.3068573484688288,0.047342231696284189,1.4388352843337708,0.043439842649328445,0.9252527857059587,0.014038572458165458,0.81589529237776837,0.024139092123827113,753424.11352230527,8192,8192,1,0.99993897229342121,2.4632980571211678,False
46026,San Francisco,META00665,1.4267215323797156,0.043402483255256377,1.2390018591399516,0.031070152737448009,0.7554893843133339,0.023059206317602741,0.75510914967295817,0.017730851369007358,662778.43587631918,0,8192,0,6.1027706578786769e-05,0.82202261603602989,True
46026,San Francisco,META00666,1.3976512642701746,0.045050238897509899,1.303089107834182,0.028620819575243997,0.86937953795691036,0.023957271971344622,0.74168536869883062,0.023582461212184852,714182.80860825081,8192,8192,1,0.99993897229342121,1.0989323013329515,False
46026,San Francisco,META00667,1.2575280507838722,0.044780224739585012,1.2876066384275113,0.034724795078696961,0.69676663589373833,0.020555283763968375,0.77021642474588392,0.020015828540286017,659258.70679979865,0,8192,0,6.1027706578786769e-05,0.80409448017162488,True
46026,San Francisco,META00668,0.96594458208484935,0.043830189128427122,1.3382457874359748,0.037724644393582293,0.79272473982654146,0.015754117935861144,0.82079378056304875,0.018566376193828154,637077.3102443259,2,8192,0.000244140625,0.00030513853289393383,0.98466696790353048,True
46026,San Francisco,META00669,1.3563820241097599,0.056593607090009962,1.3492083253727001,0.037741262128915737,0.84482397607243132,0.01540613043097503,0.90042750526745485,0.019094059756876121,723639.29454512324,8192,8192,1,0.99993897229342121,1.5734467621240784,False
46026,San Francisco,META00670,1.4357996998586569,0.064784022483130865,1.3102908891361074,0.038956060524686267,0.8510915085298898,0.017538802840839685,0.87859792593417441,0.014876678111877636,748328.26115687087,8192,8192,1,0.99993897229342121,1.8305889426650932,False
46026,San Francisco,META00671,0.97143391435617921,0.047799555472293441,1.1775058652212289,0.02652286978609426,0.93062828509000317,0.020340160534154897,0.95607796389605515,0.02450072366721863,674861.25499532849,8192,8192,1,0.99993897229342121,1.2530770481594351,False
46026,San Francisco,META00672,1.2961408100339709,0.048582793889276547,1.0811115997196776,0.032516104355793142,0.7895701001826162,0.019899092030855294,0.87134615628402035,0.021559244860319723,667047.01226032199,1,8192,0.0001220703125,0.00018308311973636029,0.91740189555208684,True
46026,San Francisco,META00673,1.4170908599704246,0.05923439369216793,1.149307231054997,0.033637687008263042,0.80920457820032565,0.01874915438453444,0.95520669335548525,0.015958907827752538,697337.79437916516,565,8192,0.0689697265625,0.069022336140607835,1.0713272498895388,False
46026,San Francisco,META00674,1.4107531099488526,0.064133735191027663,1.41980989496993,0.025669408057195656,0.76096442399051356,0.022235732364579371,0.65410398286238947,0.016763435757445509,691554.04176971468,0,8192,0,6.1027706578786769e-05,0.7891390978171785,True
46026,San Francisco,META00675,1.2106437684120739,0.039196685867248469,1.2025177845252779,0.025549113812627089,0.8813284187441629,0.02212276580567182,0.93191989068861414,0.023805662137496589,673975.39340379706,8192,8192,1,0.99993897229342121,1.1529309804842718,False
46026,San Francisco,META00676,1.0474904105832137,0.046878047492375237,1.18210208572164,0.038161727971322425,0.68803544517968218,0.023988586166618368,0.90338430771823164,0.020800590283470984,683098.753004606,0,8192,0,6.1027706578786769e-05,0.86983837928335039,True
46026,San Francisco,META00677,1.0104368234995817,0.057195980366786109,1.3144086934032251,0.031100649459373471,0.95191467491684167,0.02050831805534534,0.74830431186790658,0.017853742172051833,681014.95098555356,8192,8192,1,0.99993897229342121,1.3703477060144784,False
46026,San Francisco,META00678,1.2968140815468796,0.055506653123947841,1.2930791260436587,0.03788828966331835,0.71719021856321818,0.021349374592501299,0.76781498309307084,0.015332685616060047,693652.0028711427,0,8192,0,6.1027706578786769e-05,0.89208905518536818,True
46026,San Francisco,META00679,0.96154235432739765,0.036068677360710823,1.2922179583128308,0.030029888338809936,0.83108983363357969,0.024951772871428309,0.65963223512272262,0.020060554139629854,637330.82684818492,8,8192,0.0009765625,0.0010374710118393751,0.99187870789551302,True
46026,San Francisco,META00680,1.3996055635098683,0.050106094031208553,1.1408373102698144,0.045265693912196266,0.88388219487317832,0.016280274661671403,0.88582419959296799,0.019886351614455275,726422.64151344879,8192,8192,1,0.99993897229342121,1.9387611577447561,False
46026,San Francisco,META00681,1.1782339587592914,0.05101437057409984,1.3148459006589126,0.037364751554152711,0.92963045941796163,0.016551070611172627,0.6446379465492813,0.02069144337612154,681392.99459087744,8192,8192,1,0.99993897229342121,1.8296904739294351,False
46026,San Francisco,META00682,1.0994223234997189,0.062486169610373149,1.1128697592738623,0.030211609426420358,0.90217952292273929,0.020958080220900677,0.92458344683500815,0.017570063464277343,684694.35828714864,8192,8192,1,0.99993897229342121,1.1948918020000348,False
46026,San Francisco,META00683,1.1283715992393797,0.038508922271389016,1.4286328175984504,0.034754650530687874,0.68330965236341668,0.019037428516322528,0.80002826074717204,0.015272156715354201,624139.86264422419,0,8192,0,6.1027706578786769e-05,0.91283169623933047,True
46026,San Francisco,META00684,1.0602754135822603,0.042282009685326451,1.2457120025094226,0.033739903646076402,0.74320698975209964,0.024282003883374315,0.86900096652161907,0.018904067457933466,664321.41818851163,1,8192,0.0001220703125,0.00018308311973636029,0.90813975607553465,True
46026,San Francisco,META00685,1.0008966131267008,0.046886375453849181,1.2989074241298142,0.026590524096214908,0.85531105584163192,0.014448898394679,0.67235090146520626,0.020654023235544931,575275.0290643815,4,8192,0.00048828125,0.00054924935920908091,0.98780795336856719,True
46026,San Francisco,META00686,1.2088105760712817,0.052395858077885819,1.2298185554989234,0.03564600040451326,0.64410979610957386,0.025778960080756936,0.9292282437963737,0.025426438373823926,734621.60706384573,0,8192,0,6.1027706578786769e-05,0.84949113063903492,True
46026,San Francisco,META00687,1.0914308280254699,0.049687693125206732,1.0759007977429871,0.024758261533913837,0.75501852066961106,0.014632700788975295,0.90375687829151585,0.022745353998513809,585575.05694614258,34,8192,0.004150390625,0.004210911753936287,1.1380199776870901,False
46026,San Francisco,META00688,1.429489472830721,0.052094819263613229,1.0452807137942619,0.034033184991678303,0.79059881664522613,0.020586307814794154,0.8660107911584809,0.025757635856581709,716045.09007372253,0,8192,0,6.1027706578786769e-05,0.92499140408559688,True
46026,San Francisco,META00689,1.3514855930472924,0.057950086639593709,1.2116138647001606,0.036084421812727294,0.95094330095065083,0.016670262895553421,0.69282213972176909,0.021689363349372132,710050.2628801465,8192,8192,1,0.99993897229342121,2.0962106008406711,False
46026,San Francisco,META00690,1.1658215563465755,0.044556258830148104,1.0366887206996787,0.039153802690788483,0.92008389254883793,0.018629910695704646,0.78123810926251092,0.01869834268067402,654327.36864364624,8192,8192,1,0.99993897229342121,1.3371208005939457,False
46026,San Francisco,META00691,1.0422186417571107,0.044674066278188623,1.3985505536178096,0.031157803788602487,0.85042922519965303,0.022785596588409427,0.7306781457719993,0.015412108604094287,657057.66035910032,259,8192,0.0316162109375,0.031673379714390333,1.0577886478586005,False
46026,San Francisco,META00692,1.3469296821850694,0.046658767959254055,0.97379420977961939,0.032014296361288885,0.91060193636547004,0.020834766100297563,0.91451139485197386,0.018031506211404518,667885.92199789872,8192,8192,1,0.99993897229342121,1.2402021535110159,False
46026,San Francisco,META00693,1.3984844455344234,0.039411734198503662,1.3364762962647316,0.035024611872980824,0.88231438169538889,0.02504715386780201,0.80720400621226851,0.025383097923981933,764141.96270265337,8192,8192,1,0.99993897229342121,1.4369553015805692,False
46026,San Francisco,META00694,1.057574887902252,0.062604343838567222,1.3784517745473657,0.036651101291624633,0.82493667421142192,0.025914551674768672,0.73114444384447042,0.016016798219691441,739542.02929168358,3859,8192,0.4710693359375,0.47107286708165508,1.1491236651982917,False
46026,San Francisco,META00695,1.3621235448915552,0.0568827765024357,1.296404103169732,0.030454207688233603,0.7724080038634954,0.020011637182086608,0.90734701047084365,0.019526910547835983,704870.59491134179,0,8192,0,6.1027706578786769e-05,0.92432600731683467,True
46026,San Francisco,META00696,1.2119452629254357,0.042749528883267392,1.2082753467976439,0.043950586452402476,0.77917397092309026,0.018634706333255698,0.71557183410276637,0.01460082018346916,655166.35590582923,617,8192,0.0753173828125,0.075369217624801657,1.0878313739554952,False
46026,San Francisco,META00697,1.3822837450767351,0.04072581372085661,1.1934563647857774,0.037141360534160721,0.69724612214146686,0.014243767294819227,0.76556043492368175,0.018428448178604853,612102.6188193413,0,8192,0,6.1027706578786769e-05,0.7842077816781281,True
46026,San Francisco,META00698,1.1439256289266611,0.061499909997651661,0.96127204060713245,0.030124603307880467,0.70012245188839983,0.022745057227798238,0.8110288311991336,0.02582526272154511,667513.9773563093,15,8192,0.0018310546875,0.0018918589039423899,1.0229955370331041,False
46026,San Francisco,META00699,1.3130902251539081,0.052322521040123422,1.3758919737915225,0.036710130206950367,0.77750527771895828,0.01615148880620354,0.93454633673280207,0.025350058755811044,739345.55612587393,678,8192,0.082763671875,0.082814597827413641,1.1255682837000383,False
46026,San Francisco,META00700,1.0479847539241767,0.044408777273728203,1.4054243646835636,0.041861125242487592,0.75627240007221275,0.018644325134757372,0.78599144704933188,0.022098497077081454,703597.2947051581,200,8192,0.0244140625,0.024472110338093496,1.0707954374798498,False
46026,San Francisco,META00701,1.053691796936058,0.064449824368186609,1.1833058859325301,0.028549418972711817,0.7290517742467848,0.016567297597945611,0.87926796842761501,0.024009609622629477,650090.61863909464,1,8192,0.0001220703125,0.00018308311973636029,0.90494060110174279,True
46026,San Francisco,META00702,1.0780545118446905,0.064104140940957607,1.064433890731588,0.043474380530155801,0.64319262246398312,0.022709096310050934,0.94453073627566309,0.019231310361432524,703176.61776969966,0,8192,0,6.1027706578786769e-05,0.76595344109267616,True
46026,San Francisco,META00703,1.162426475053808,0.06207696358700044,1.3531278222162302,0.038432652798812868,0.65149073720478601,0.018890890133110516,0.75475688789387585,0.017774337267137175,687134.94134721241,0,8192,0,6.1027706578786769e-05,0.7893978815810635,True
46026,San Francisco,META00704,1.2332980284070021,0.040319319817022366,1.0379724680433622,0.024816542103464286,0.87688897833756618,0.019600488778094782,0.85083780688334654,0.016494305382165463,591603.95252252021,8192,8192,1,0.99993897229342121,1.1688558637339193,False
46026,San Francisco,META00705,1.1711819990187451,0.052858989999189226,1.1420878795447897,0.028443515351319771,0.65680909498276885,0.019952860102991337,0.75861066046872494,0.021310300658236671,614798.51136158779,4,8192,0.00048828125,0.00054924935920908091,0.96343841003375186,True
46026,San Francisco,META00706,1.364149656463828,0.046720198967097941,1.134792452809386,0.040055152080015678,0.74349785758028286,0.024171523589413411,0.79949888400958913,0.022265190080512504,721132.26056550455,0,8192,0,6.1027706578786769e-05,0.91975190409500351,True
46026,San Francisco,META00707,0.96005260077033272,0.044771412415192821,1.418048254822402,0.043145245183429937,0.75853040163328234,0.024453015697141825,0.83667228919817549,0.021124209777565673,745667.67125102028,160,8192,0.01953125,0.019589893811790552,1.0415871359834652,False
46026,San Francisco,META00708,1.1266172778561785,0.053046952359575822,1.1969349261003781,0.0380810058850342,0.68586910586576733,0.021861390775369628,0.66083682489199369,0.021040485785375339,663583.97823390155,0,8192,0,6.1027706578786769e-05,0.81396565304464386,True
46026,San Francisco,META00709,0.9620205136749963,0.046633308852938725,1.2680093040601912,0.041359822394335513,0.68637954117681144,0.017418166180716874,0.81362440424602589,0.021109636337472922,654063.76766399643,0,8192,0,6.1027706578786769e-05,0.83136817851839828,True
46026,San Francisco,META00710,1.3162852093985542,0.044839056273986697,1.0826189458104629,0.034587243821596766,0.91645044436380751,0.01796984750532421,0.73632893628891638,0.025491949861043028,674680.81634034612,8192,8192,1,0.99993897229342121,1.4017327101041936,False
46026,San Francisco,META00711,1.3742735063380944,0.038673909262399039,1.0388833128284669,0.041840665684704723,0.92887462768980078,0.02479936747445555,0.69174369362498311,0.02053814903693045,717152.97856381268,8192,8192,1,0.99993897229342121,1.723752251565285,False
46026,San Francisco,META00712,1.1834265088103093,0.055457737117154016,1.1074538892001713,0.043219473394359283,0.87733948986140875,0.019288177864329688,0.68183621946778539,0.025661066919951341,721400.5167613494,8192,8192,1,0.99993897229342121,1.4557873172346185,False
46026,San Francisco,META00713,0.99465217415277307,0.048109826732938885,0.99909288613116121,0.043700140240062413,0.8884863861968928,0.023836083943398527,0.75604324293749747,0.022518014515497252,704424.47330728034,8192,8192,1,0.99993897229342121,1.0929069263525739,False
46026,San Francisco,META00714,1.2534781590481281,0.045154330113472217,1.2890874635419884,0.039225794454686151,0.70510030835385451,0.016639941651436136,0.69514518131821634,0.023664865979869443,664879.24028935865,0,8192,0,6.1027706578786769e-05,0.90044748671031383,True
46026,San Francisco,META00715,1.2038470530286531,0.060360683875735975,0.99546516849824962,0.041980640998447158,0.64460496485961172,0.015379661735462341,0.76074336194324421,0.017703481880585271,625888.20603064867,0,8192,0,6.1027706578786769e-05,0.77461959624822951,True
46026,San Francisco,META00716,1.1230746554353228,0.063920235077594825,0.96509284098344661,0.032776100403683762,0.73826451161803364,0.016642808464486781,0.82765335636974613,0.024364708453891513,644664.85852164624,3,8192,0.0003662109375,0.0004271939460515074,0.95286743162076892,True
46026,San Francisco,META00717,1.4198284576182636,0.043186277267466641,0.99562347488828851,0.042762284150145408,0.75351451429168625,0.025603318911886642,0.90145084390593566,0.016373578633052041,698951.66191667074,0,8192,0,6.1027706578786769e-05,0.96548875155420633,True
46026,San Francisco,META00718,1.2557353594499645,0.0597281682283958,1.2478492116251341,0.02522839193244953,0.94760180511110081,0.022612415385299848,0.88133327949189111,0.01461906589210229,693781.18839596678,8192,8192,1,0.99993897229342121,1.3199947964319239,False
46026,San Francisco,META00719,1.2261954354020876,0.044104402734980661,1.4187947992699712,0.036038931647482897,0.94797591144835736,0.025525927416116926,0.73623881614943243,0.017320725339805387,753160.02530385728,8192,8192,1,0.99993897229342121,1.8704321757095939,False
46026,San Francisco,META00720,1.2061854225525661,0.052569016915527081,1.3892373000720111,0.038617334427435,0.89993815066643956,0.014915816104621648,0.65713821027976083,0.020118299645635135,687636.34493113682,8192,8192,1,0.99993897229342121,1.8766073561199483,False
46026,San Francisco,META00721,1.0884745630590797,0.040687157125379153,1.2810688070390694,0.039825739264695646,0.80824844125706252,0.024936635262779498,0.72025569689132141,0.018347799875136506,697796.60393618909,717,8192,0.0875244140625,0.087574758940559008,1.0601666451164191,False
46026,San Francisco,META00722,1.225065778052048,0.039261257104477532,1.1195610471456836,0.032153190188727115,0.79667927340323474,0.019438788904414805,0.95264139023424288,0.022408313201803857,654721.12831238855,3,8192,0.0003662109375,0.0004271939460515074,0.94893624076389715,True
46026,San Francisco,META00723,1.0275585918643073,0.054613548295430338,1.1616416350658383,0.028576745155863226,0.84771965873937782,0.015934963186854102,0.8148323401887434,0.017610458054752341,600325.81498710613,540,8192,0.06591796875,0.065970950811668497,1.0130462146673609,False
46026,San Francisco,META00724,1.3844309074699477,0.03616122552046272,1.2492204932658426,0.032930128611940945,0.93257315940061947,0.019704260949701784,0.67397707896578418,0.019156601887595097,656534.55552587425,8192,8192,1,0.99993897229342121,1.5630747968997361,False
46026,San Francisco,META00725,1.2288382737726766,0.049012101660181384,1.4301157661182076,0.03160180610824094,0.94586375140107004,0.021440301033412969,0.81898139072754472,0.019282395503108507,725837.43748127448,8192,8192,1,0.99993897229342121,1.6899023741036505,False
46026,San Francisco,META00726,1.2004551651534674,0.056733013536534205,0.98272190493448652,0.039505816051098111,0.74530559064320134,0.018540692507765084,0.65610077084401908,0.025371278102988008,657946.10148431966,0,8192,0,6.1027706578786769e-05,0.80960501307954802,True
46026,San Francisco,META00727,1.2487078061015491,0.04235171332747914,1.3901720499884453,0.033007866411844777,0.83719197522252997,0.016405412894970751,0.68122399589521698,0.024075476513820478,658656.29342405708,2817,8192,0.3438720703125,0.34389112657146342,1.1945290157645594,False
46026,San Francisco,META00728,1.3466244736532376,0.054087842209994047,1.4344174417763957,0.031457321234639547,0.87630713856541309,0.022818375089320629,0.95230624538106812,0.023039913335056873,783102.62245917041,8192,8192,1,0.99993897229342121,1.4414154772973946,False
46026,San Francisco,META00729,1.0355240108042032,0.056660393760880702,1.3995577814323328,0.035876010419508005,0.78428441548248151,0.020121054381185676,0.95136635221366184,0.025441849328251283,747913.17139845178,8,8192,0.0009765625,0.0010374710118393751,0.99671428266976281,True
46026,San Francisco,META00730,1.0027715570521225,0.060985297732174065,1.3770900506410413,0.035282321831630298,0.72812108401573783,0.022862647423638801,0.65231471312892242,0.021401608676160509,692461.4363223426,0,8192,0,6.1027706578786769e-05,0.89285007154037932,True
46026,San Francisco,META00731,1.1128947204831297,0.048386121838529167,1.1570478555154891,0.024654422187812018,0.82810977940248209,0.023659644639213162,0.8898994667771104,0.023990574705096787,672031.77513839072,2579,8192,0.3148193359375,0.31484193823996093,1.0710882823348813,False
46026,San Francisco,META00732,1.4142257258619972,0.047294557723887298,1.3914479995068523,0.032359898103289549,0.88982517176372478,0.024660184140835057,0.68574775036695512,0.022556760930983334,750147.18333927414,8192,8192,1,0.99993897229342121,1.5488722301182789,False
46026,San Francisco,META00733,1.2082120283194575,0.061336543412382462,1.4320188286312256,0.025122907835767646,0.72762790820234946,0.021516942302120444,0.83785904655733345,0.014753268094304639,654175.44004513905,0,8192,0,6.1027706578786769e-05,0.81747371810850955,True
46026,San Francisco,META00734,1.1041833094024107,0.059289150386963543,1.2986000075629347,0.044540147662525897,0.64769636082035598,0.018944854195097005,0.72480292668911261,0.018815012998936859,696220.22658395628,0,8192,0,6.1027706578786769e-05,0.80447041702111355,True
46026,San Francisco,META00735,1.4341110168766154,0.044484104449585102,1.0458167206691253,0.03063927032180138,0.69961370298524972,0.022572347115705049,0.95326947748364288,0.022153417250868068,670950.03803267516,4,8192,0.00048828125,0.00054924935920908091,0.96275659206590103,True
46026,San Francisco,META00736,1.1881747361376782,0.053669989935437916,0.99959302137443196,0.030662630647678726,0.92549229710409642,0.022971769159056916,0.72987223948669133,0.015086650897360422,654522.32690004178,8192,8192,1,0.99993897229342121,1.1924196625010486,False
46026,San Francisco,META00737,1.202501089700422,0.053217823425850075,1.4083079703123293,0.031958569659562064,0.71935194336677122,0.014056954584821714,0.79056402502235357,0.017189600895339767,628613.09236334602,0,8192,0,6.1027706578786769e-05,0.79122523729804817,True
46026,San Francisco,META00738,1.2999142912726083,0.061827368645409303,1.2859756481151337,0.032173596611431238,0.71651006859161381,0.014543269934083839,0.86495946736322282,0.021354659099565135,676527.80763934902,0,8192,0,6.1027706578786769e-05,0.8117097884766441,True
46026,San Francisco,META00739,0.99528403558053624,0.039307091852291018,1.1918541255859081,0.039110394429561969,0.72310148199384472,0.01943368353758352,0.7152393794887788,0.015683095650098587,604914.98115071119,0,8192,0,6.1027706578786769e-05,0.87848558551505229,True
46026,San Francisco,META00740,1.2375544619198033,0.058976755909264683,0.96235061356104845,0.042031460857010872,0.76439141543595945,0.018865766590827598,0.93497308192900253,0.021975244941943223,702822.42606965348,0,8192,0,6.1027706578786769e-05,0.92460558901096446,True
46026,San Francisco,META00741,1.3916206604031622,0.056121114820838987,1.3437791001612707,0.033793352328228825,0.64505396687013428,0.022917491415197062,0.74589121639730871,0.014872026812003801,683450.17587953829,0,8192,0,6.1027706578786769e-05,0.76984623469425084,True
46026,San Francisco,META00742,1.0713554034438066,0.037335487225077402,1.1456096521278953,0.04081892023586986,0.80992636794270612,0.022309262549467988,0.95676019520032818,0.016635323408064843,670567.85873297753,1,8192,0.0001220703125,0.00018308311973636029,0.97392497276733792,True
46026,San Francisco,META00743,1.2273741047148472,0.047189087397960967,0.98844811207108685,0.033380826621989594,0.79834707341777955,0.020546453066581944,0.7247837921905298,0.024564698544699025,647385.84000500082,4,8192,0.00048828125,0.00054924935920908091,0.96798517279456875,True
46026,San Francisco,META00744,1.1829849344556951,0.057000985221096506,1.3392146850451132,0.038492633297763437,0.90758595216361515,0.01711207369914531,0.64861160262389173,0.018612413610494628,698645.70884797943,8192,8192,1,0.99993897229342121,1.8402626034105611,False
46026,San Francisco,META00745,1.3106808137740324,0.056220864561960314,1.0936544409550866,0.041227833922467434,0.87785348823952791,0.018338231164920817,0.71398699067304949,0.021389154713472545,708065.60138746304,8192,8192,1,0.99993897229342121,1.5672010267472853,False
46026,San Francisco,META00746,1.129571278581275,0.056776383439276143,1.4359358785063285,0.029144565730225981,0.68364204664766459,0.021231497048465397,0.66007811839290875,0.019436040833558699,648989.36958738638,0,8192,0,6.1027706578786769e-05,0.81419500009201229,True
46026,San Francisco,META00747,1.2298014994888209,0.054654735328877352,1.1523553436415352,0.035748433966774358,0.84369771311061581,0.025121299431696158,0.85999436853430833,0.024818899884884987,760291.01847736398,8192,8192,1,0.99993897229342121,1.0846641030797028,False
46026,San Francisco,META00748,1.4330432466018663,0.053873899706397131,1.4112868033531791,0.029249465303672739,0.7163957237070816,0.023816075415279962,0.93842428780972731,0.015189364290128767,705892.93951382104,0,8192,0,6.1027706578786769e-05,0.83964890032053452,True
46026,San Francisco,META00749,1.3447759120752254,0.047019795919701998,1.1335300608535521,0.026306394915705331,0.65855037421233253,0.025175952372932436,0.86826910434772664,0.025696327451722067,673522.76254127384,14,8192,0.001708984375,0.0017698034907848163,1.0091648507457753,False
46026,San Francisco,META00750,1.1768378894269047,0.0406059172000552,1.0437680008718735,0.041883319550808359,0.71392107629687185,0.018481256037308463,0.90918617433254156,0.024432418031747061,666007.08755808522,0,8192,0,6.1027706578786769e-05,0.81194252443581949,True
46026,San Francisco,META00751,1.3624333274145759,0.056798377881091822,1.2099592178411784,0.040483380992303364,0.86311600206536454,0.02425266346381141,0.6642361378227094,0.015234147535037507,743979.70840810204,8192,8192,1,0.99993897229342121,1.6740661193181308,False
46026,San Francisco,META00752,1.1455275429698069,0.043136924038599263,1.3059748750689582,0.025606802078243049,0.77204290287003996,0.017220855941781962,0.79544135615690292,0.025157888583232875,619970.82893272291,4,8192,0.00048828125,0.00054924935920908091,0.9680757865670705,True
46026,San Francisco,META00753,0.97667551915803941,0.064539489415100196,1.1622922255353505,0.039891736596603999,0.65265905466001228,0.023105285825885613,0.71795179940232501,0.014232168834166635,649845.35933235311,0,8192,0,6.1027706578786769e-05,0.77364123200368218,True
46026,San Francisco,META00754,1.2831607709149235,0.060281299559663201,1.3967665550432697,0.039521969862928899,0.77495029002012528,0.019009639533752253,0.79584026739031177,0.018079949343556983,738697.7697375979,6189,8192,0.7554931640625,0.75546197973880147,1.2746907175499473,False
46026,San Francisco,META00755,0.9859747710358796,0.06237921270993637,1.3263745121091848,0.042430039190618274,0.76067617369941165,0.019660223677332396,0.68432240669867539,0.014325666713473635,684032.21620740602,6,8192,0.000732421875,0.00079336018552422804,0.98665125714163104,True
46026,San Francisco,META00756,1.34995997949409,0.03957410053697482,1.0092769307619744,0.040505097242736321,0.83500733503051228,0.017319533488376577,0.75234648128314452,0.015625274172448224,618521.05299048265,2777,8192,0.3389892578125,0.33900891004516048,1.1355778376457686,False
46026,San Francisco,META00757,1.187461042834012,0.058482089290557024,1.3139232629034778,0.035319639337030272,0.84317612464114666,0.020676338549045478,0.94414527135358961,0.015434189051002125,714420.70614051912,8192,8192,1,0.99993897229342121,1.2169883202563083,False
46026,San Francisco,META00758,1.110901582268254,0.056108602653003187,1.274926117390166,0.043897602748488439,0.71862976856965122,0.02137639275514008,0.84918160814371535,0.015509710319664171,708459.83560206357,0,8192,0,6.1027706578786769e-05,0.88427754956882465,True
46026,San Francisco,META00759,1.22949245947366,0.049146550127631902,1.0609376233011321,0.034273542144369992,0.86893713334546019,0.01736407447023415,0.91606789519882992,0.019202653454961451,654685.15935110988,8192,8192,1,0.99993897229342121,1.1159338312150653,False
46026,San Francisco,META00760,1.1567684466476595,0.061443132202962297,1.0358836471544086,0.04546054542634706,0.68213467307063858,0.025294642531856849,0.93256721873900372,0.025400465322636644,764890.47064782539,0,8192,0,6.1027706578786769e-05,0.78507816811447839,True
46026,San Francisco,META00761,1.3337788210778703,0.050284826347283929,1.3703288954626536,0.033850177249434836,0.75121485303939051,0.024070983442537698,0.81229521543474092,0.023843446754126387,742869.55830903491,0,8192,0,6.1027706578786769e-05,0.91787319082200836,True
46026,San Francisco,META00762,1.0902110185708112,0.04976291530981132,1.2969030081798536,0.043603100552882655,0.87590429365110711,0.017719309330735029,0.90246650924349059,0.021980301432164881,736719.03519471013,8192,8192,1,0.99993897229342121,1.5188087322265076,False
46026,San Francisco,META00763,1.0886618969941859,0.051855117486186056,1.3608207401425572,0.031380859274171578,0.88908255081873766,0.01402439132685444,0.88776586326610429,0.016667207215246081,633095.48506764439,8192,8192,1,0.99993897229342121,1.2190678833512181,False
46026,San Francisco,META00764,0.99753426953073743,0.061207465122656235,1.0387025359156272,0.031702174162939259,0.69797441984130359,0.019473754931328576,0.80616220881288103,0.016480384154393877,600605.81156855053,4,8192,0.00048828125,0.00054924935920908091,0.96943611749211589,True
46026,San Francisco,META00765,1.0551344285884769,0.036637013374559525,1.0163838576860458,0.030748390822440411,0.70186386332612116,0.022182384568133564,0.83496996111058286,0.025010688171275223,613120.38512451958,49,8192,0.0059814453125,0.0060417429512998905,1.123747054847857,False
46026,San Francisco,META00766,1.2491449249642523,0.042948609753930424,1.0755729781657604,0.031327100732142718,0.73321585082672758,0.018221168603953043,0.66265379485269094,0.014846457721696358,570468.42435963126,4,8192,0.00048828125,0.00054924935920908091,0.97200322760330515,True
46026,San Francisco,META00767,1.1777025758624662,0.048046046610827009,1.1238751359314898,0.036682450080189923,0.7537348498095694,0.01514810396874898,0.785068339633757,0.023442068314068313,636741.90930317272,0,8192,0,6.1027706578786769e-05,0.82782592520560327,True
46026,San Francisco,META00768,1.173726585973323,0.057839834447185365,1.340635299274735,0.033607882822247276,0.85539761836383588,0.02204021034964708,0.9425530160782063,0.019871371010940546,742718.34031744767,8192,8192,1,0.99993897229342121,1.2114498920316776,False
46026,San Francisco,META00769,0.9819355567258804,0.064392595803800606,1.0518781029200432,0.026115223736597293,0.65015729344635365,0.018073187082039113,0.88170390028644552,0.022477261190451625,604811.58425016282,26,8192,0.003173828125,0.0032344684486756989,1.0822814124758107,False
46026,San Francisco,META00770,1.3353146865914669,0.063095994200739719,1.0484075123400922,0.037110515201879801,0.87769594861523137,0.024177533715618604,0.73238440476285738,0.018173682162238001,738199.57041442837,8192,8192,1,0.99993897229342121,1.4016554659725138,False
46026,San Francisco,META00771,1.2863449427867257,0.053765095715814906,1.2668799000263027,0.024724215512337895,0.95007763307240789,0.024213333766692321,0.78361122347814605,0.023265431555859008,726274.30505085306,8192,8192,1,0.99993897229342121,1.3334036513612093,False
46026,San Francisco,META00772,1.322685272916392,0.041204050879794334,1.27456354760902,0.028783387455017916,0.80982061502481117,0.023602077634108917,0.7048971778913351,0.024885312467735048,679322.67423177278,0,8192,0,6.1027706578786769e-05,0.88141486217559695,True
46026,San Francisco,META00773,1.0072687078033522,0.039804664719319351,1.1173708191350888,0.028957424618681515,0.8591259442788991,0.019051748783069086,0.7667745578668308,0.017936657622301462,588213.70778650127,534,8192,0.065185546875,0.065238618332723056,1.0620049405620946,False
46026,San Francisco,META00774,1.1582571663565238,0.052279127071601067,1.109403210401495,0.028258292927666739,0.76130257739860052,0.017846103709001013,0.88012095561869597,0.016944965837086792,606251.87432468939,10,8192,0.001220703125,0.0012815818381545221,0.99651277818969086,True
46026,San Francisco,META00775,1.2225896795159126,0.06347137040409262,1.3322879990685006,0.030021469747189656,0.90889696707658896,0.014909493419179489,0.9060432740607568,0.023492388093423341,710132.49791436491,8192,8192,1,0.99993897229342121,1.4223570605516569,False
46026,San Francisco,META00776,1.2618667220146254,0.054541025806427001,1.2854832766844075,0.040228832226775271,0.69316741264547699,0.023233625927821459,0.93999086264668863,0.021236216724755536,751636.13443315332,0,8192,0,6.1027706578786769e-05,0.86957927305723348,True
46026,San Francisco,META00777,1.3937147511234191,0.051348952695058563,1.0123111997915988,0.040734629201850017,0.95963604872067032,0.01774551000238354,0.65776197731408659,0.015008794569081172,667299.11279636691,8192,8192,1,0.99993897229342121,2.1425856995433081,False
46026,San Francisco,META00778,1.4136039132680558,0.051165379931111032,1.2770093077798903,0.030692259651316375,0.70445931967035036,0.02167108787613406,0.71890330655380907,0.015697666456303185,654347.59086619329,0,8192,0,6.1027706578786769e-05,0.78432308355833125,True
46026,San Francisco,META00779,0.99658042793570434,0.037487328705001974,1.4262815193967862,0.02814170936776075,0.93437699684231712,0.022463445640189327,0.65153989736964324,0.025838262154165965,671741.29642897507,8192,8192,1,0.99993897229342121,1.2555801964839488,False
46026,San Francisco,META00780,1.1864179276606976,0.04928562063144884,1.3922888358700896,0.037826196211294211,0.82375697347098042,0.020202907575478688,0.86142064009918418,0.014270586852111806,697834.03506706993,6283,8192,0.7669677734375,0.76693518857561338,1.2550386259388802,False
46026,San Francisco,META00781,1.0723151064051364,0.050261330474509341,1.1445395813590709,0.04402775157331347,0.79469040144923109,0.024912934120020384,0.81675971714294504,0.024460812838952961,747415.99558670737,0,8192,0,6.1027706578786769e-05,0.9238371951428187,True
46026,San Francisco,META00782,1.0441136206702328,0.039136478112641516,1.312881319975074,0.030177843903108501,0.66075946883628911,0.014622159144699278,0.73775791205247532,0.016154713383016772,548314.02618972131,11,8192,0.0013427734375,0.0014036372513120956,0.9908951105866789,True
46026,San Francisco,META00783,1.3800410675851453,0.060392133044617421,1.1061856319935357,0.029533109055907371,0.77531693319986217,0.016369223519173765,0.88386341714003136,0.020232610067606082,665653.21830478113,1,8192,0.0001220703125,0.00018308311973636029,0.90739405397536455,True
46026,San Francisco,META00784,1.2355023644732763,0.061229718993275138,1.1148466082007424,0.032064737556313616,0.70967024729496664,0.025961903144480818,0.65637503551437382,0.02302306172507855,692791.83979586139,0,8192,0,6.1027706578786769e-05,0.84320982456913562,True
46026,San Francisco,META00785,1.3582085135476523,0.047036600524810374,1.2535356825947064,0.028458191449079556,0.9463689855536167,0.022339560937047302,0.87464929597440477,0.018557489434868735,706512.35373023746,8192,8192,1,0.99993897229342121,1.4346271180610819,False
46026,San Francisco,META00786,1.3923477401548545,0.038918609336481932,1.2383518925217265,0.043411922327750652,0.73239149158793038,0.01951470878780091,0.67750076838666584,0.01703965537400819,667238.82863050571,169,8192,0.0206298828125,0.020688392530208714,1.052825353149335,False
46026,San Francisco,META00787,1.0596240923909765,0.049263111239774476,1.0579047527940757,0.039063192839705545,0.95356427246066511,0.020318333619499925,0.84400095622640392,0.01669084258801555,674071.15474654373,8192,8192,1,0.99993897229342121,1.3842358558379568,False
46026,San Francisco,META00788,1.4016291601410789,0.042385675720279223,1.2705350049463475,0.037752398997662327,0.66348100331891569,0.023062025688316848,0.70978324741275434,0.023422996578138521,692572.32261782954,0,8192,0,6.1027706578786769e-05,0.81137591115207386,True
46026,San Francisco,META00789,1.0522730108339822,0.050539242641993803,1.2673120148880441,0.030627976925335074,0.90344181651674405,0.01585472251664408,0.75358350222525328,0.019351619310021731,625771.20912582474,8192,8192,1,0.99993897229342121,1.1347369102158431,False
46026,San Francisco,META00790,1.0088105307447184,0.055399956817722966,1.3202905708786803,0.035427592372864684,0.87811175834111233,0.017503730009186466,0.66573649256080303,0.017078130973388294,651441.47398542927,8192,8192,1,0.99993897229342121,1.2577048986099351,False
46026,San Francisco,META00791,0.9902125698169415,0.043467405503899839,1.0258002316045502,0.025840058901090125,0.94869485358283878,0.024851196297085258,0.81535753856795679,0.022391669182718888,660192.47298267239,8192,8192,1,0.99993897229342121,1.2553110835225354,False
46026,San Francisco,META00792,1.3404750728375734,0.045118104528297336,1.3181650122005828,0.032659749662967877,0.66945481878001767,0.025978026159864529,0.69782780910791675,0.014243608367390723,655918.51744189207,0,8192,0,6.1027706578786769e-05,0.79142455813157553,True
46026,San Francisco,META00793,1.434518777257807,0.045300244845491833,1.0540440533765512,0.034036567979609231,0.64352784132455398,0.020110270893889091,0.91825666209664081,0.017974551181961812,636168.43420518911,1,8192,0.0001220703125,0.00018308311973636029,0.88010311054102874,True
46026,San Francisco,META00794,1.2800912346352635,0.054471515416450858,1.3107044036703823,0.032813922148330288,0.77161464207794506,0.025251696073898162,0.68466796274710418,0.021517572197333745,719393.96295651188,0,8192,0,6.1027706578786769e-05,0.94305074552547008,True
46026,San Francisco,META00795,1.2124634245178356,0.057557983379217706,1.3858560292663022,0.042969636910258818,0.84082427129783099,0.025469825623169212,0.90052146047485104,0.018948088974020585,814371.06537108799,8192,8192,1,0.99993897229342121,1.6151930307222975,False
46026,San Francisco,META00796,1.0875886955723859,0.04225179578743038,1.1314025808892669,0.035474338818252821,0.649828377566251,0.020157488329313144,0.81992316214129668,0.015492560676088967,593439.86719342531,4,8192,0.00048828125,0.00054924935920908091,0.94442449064106926,True
46026,San Francisco,META00797,1.1907514312931902,0.05001685874438333,1.0855505174921378,0.036211816507783295,0.7767142631400068,0.023895420748587061,0.71157497359279098,0.020916675784743634,676749.87107647257,0,8192,0,6.1027706578786769e-05,0.84922390494377364,True
46026,San Francisco,META00798,1.1336050678590046,0.048058859568992647,1.3273741235302956,0.041688150301809002,0.81842649378009191,0.025206868017633631,0.91399288564078984,0.018180944102333167,758789.92443865002,6702,8192,0.818115234375,0.81807640668863668,1.212097057180886,False
46026,San Francisco,META00799,1.0264392191854541,0.043024532170012633,1.3083549897413167,0.025906572915512946,0.87958443343204307,0.025636977260315462,0.70942593703960966,0.020642228718597076,661451.8575337081,8192,8192,1,0.99993897229342121,1.0580790353798195,False
46026,San Francisco,META00800,1.2760160167144268,0.036701761596719215,1.1368703155135318,0.026141328121609513,0.72182307066055507,0.019948497270144302,0.9598681613452259,0.022315844924632851,618986.4371123059,26,8192,0.003173828125,0.0032344684486756989,1.0786421897888303,False
46026,San Francisco,META00801,1.320743314522669,0.037729680085596282,1.0860743943621478,0.033617026261856031,0.88876263633551944,0.024746869326570595,0.95082842528341549,0.016654702363872582,686033.6079135302,8192,8192,1,0.99993897229342121,1.1779173056657837,False
46026,San Francisco,META00802,1.1550502781729659,0.057801162271796006,1.2609838197393803,0.029907329781141221,0.84465507202905055,0.01954706090663233,0.944725677989525,0.018795762696778247,685763.01865213539,8192,8192,1,0.99993897229342121,1.0792563154956099,False
46026,San Francisco,META00803,1.3154528736512816,0.054965808918954272,1.3159501004955132,0.028235633452499298,0.72997976539992304,0.014783688272707995,0.9491969278063892,0.022420180321447446,665347.00822057435,0,8192,0,6.1027706578786769e-05,0.85536870959100431,True
46026,San Francisco,META00804,1.4203901715025087,0.036527143532718097,1.1537480720378404,0.038706857774980931,0.76905159566814973,0.023507593000284186,0.72817080759129371,0.019977949622244567,678093.48363515548,0,8192,0,6.1027706578786769e-05,0.96722331020139218,True
46026,San Francisco,META00805,1.0053613955885643,0.061634705448068795,1.1229975294702514,0.037696965851035991,0.78159116055895894,0.021056536838056163,0.90471491001083271,0.016439759784646325,673649.39516481443,0,8192,0,6.1027706578786769e-05,0.91711131666300172,True
46026,San Francisco,META00806,1.2634695627253527,0.059578515618492964,1.3842301343698704,0.030912639624624871,0.92333388948712103,0.015529040147873454,0.94092330431572346,0.014368216680304595,680101.91639861872,8192,8192,1,0.99993897229342121,1.6472412997067829,False
46026,San Francisco,META00807,1.0346221655835321,0.063848460236780466,0.9844024014321342,0.025648974505000803,0.70315291542264513,0.015007426578874442,0.94855573195160514,0.019355698717925505,583998.78798966657,34,8192,0.004150390625,0.004210911753936287,1.1397776185439266,False
46026,San Francisco,META00808,1.0793770064306862,0.054708547555705152,1.1891789039679255,0.032267852721085663,0.93476738029223583,0.014952956798811702,0.83023982385139883,0.015954486983072325,624600.09643314721,8192,8192,1,0.99993897229342121,1.2925132866271241,False
46026,San Francisco,META00809,1.2267818108727144,0.038133504779858392,1.0263864288594364,0.025927044110402121,0.73745970319628729,0.016863209648664799,0.73194125418389866,0.017637615779520652,539612.83530888171,42,8192,0.005126953125,0.0051873550591968751,1.1749289217330945,False
46026,San Francisco,META00810,1.1822581221658852,0.051772698826785812,1.3505500108255659,0.033429296811979411,0.7127975605644411,0.016575029722422991,0.89941992738024501,0.02072926134009298,667584.32515549555,0,8192,0,6.1027706578786769e-05,0.81804359116060665,True
46026,San Francisco,META00811,1.3541638853431617,0.04108337261005484,1.2261856163026055,0.044185823516982359,0.72440365267267226,0.022401367024282089,0.728525762795732,0.024350712389200523,723037.19781595666,15,8192,0.0018310546875,0.0018918589039423899,1.0045452769837397,False
46026,San Francisco,META00812,1.0665907920263593,0.064563058123412398,1.1165721686505008,0.024519808360797729,0.80787241801495768,0.023473957269501612,0.81547987311221715,0.021094336269394734,664996.14152055164,20,8192,0.00244140625,0.0025021359697302574,1.0474686729029536,False
46026,San Francisco,META00813,0.99330696778872962,0.041310525050312907,1.2845939760021858,0.041477041210432788,0.72706293142741263,0.025378714002594421,0.8046451604414302,0.01616571740907911,682981.33403420483,0,8192,0,6.1027706578786769e-05,0.89970723974538658,True
46026,San Francisco,META00814,1.4229110970946197,0.043190329446855177,1.1311816047382157,0.030259385990168121,0.8458026514858944,0.016659023860639249,0.71963665345355299,0.021886269885349689,629852.15029059723,12,8192,0.00146484375,0.0015256926644696693,1.0002751689529106,False
46026,San Francisco,META00815,1.4212281584463333,0.063065902125056861,1.2333795097861193,0.043631257268491229,0.83812363116894961,0.020400504373771253,0.83454625948458871,0.02220294666065865,801205.36218848405,8192,8192,1,0.99993897229342121,1.8388774944085746,False
46026,San Francisco,META00816,1.0943624326306436,0.04160507191026605,1.0547613020869089,0.043661578526095091,0.75909952008705917,0.016293446562581831,0.86507553690980998,0.018664679036866038,628401.58864772995,0,8192,0,6.1027706578786769e-05,0.85210746503091328,True
46026,San Francisco,META00817,1.2219472647957625,0.064190402208047448,1.0126138441251995,0.028266867108771694,0.8296420184151978,0.017978759863612134,0.92242052072243874,0.014412539997137824,632226.85678700358,8000,8192,0.9765625,0.9765043329671671,1.0348551601929559,False
46026,San Francisco,META00818,1.2654360706165493,0.038830151218840772,1.0392121037146054,0.027942145923613444,0.87471449581677674,0.023389167338094721,0.91478447592080803,0.024555948997595355,679916.25949959375,8192,8192,1,0.99993897229342121,1.1493929564701717,False
46026,San Francisco,META00819,1.110474944853395,0.059931633946869893,1.2995199397334909,0.044628324199515332,0.77441332646075045,0.021282354714192733,0.80796945349834415,0.023300546199608616,766376.66454566119,1710,8192,0.208740234375,0.20877578420602955,1.1252285309673877,False
46026,San Francisco,META00820,1.4075032919215098,0.044382376302243808,1.1026823359887703,0.044047153470410612,0.827634636135402,0.024369663664968552,0.94028680698100153,0.023353266498935925,774674.358179142,8192,8192,1,0.99993897229342121,1.378226944312682,False
46026,San Francisco,META00821,1.2304691757322961,0.061986854475135966,1.0180819967495769,0.045035804405909291,0.73800580577544983,0.017438529216221601,0.65848145761675847,0.02489678374275707,690235.42011747113,0,8192,0,6.1027706578786769e-05,0.85176474576159888,True
46026,San Francisco,META00822,1.0363617288129097,0.058730178162142224,1.0894594895351137,0.029311794380906878,0.71042929307911673,0.023720822413177176,0.93334890435554652,0.02154021620354972,665075.21912993887,7,8192,0.0008544921875,0.00091541559868180155,0.98534351696604117,True
46026,San Francisco,META00823,1.3550869228834392,0.05580269423887204,1.1086182632308967,0.024678864188233833,0.82019393808824892,0.018992101157332297,0.64872109675953771,0.022698766964213305,636569.89613613591,15,8192,0.0018310546875,0.0018918589039423899,1.0191382109435991,False
46026,San Francisco,META00824,1.3520730069166671,0.056350573505451348,1.2168846121933405,0.025734298696628147,0.93164861185195191,0.024142239258941666,0.80483637848930023,0.018960261537694707,718653.8471944388,8192,8192,1,0.99993897229342121,1.3034483685111438,False
46026,San Francisco,META00825,1.3795932702350753,0.056391765025131685,1.1880422748088282,0.025278298303929032,0.68885851440685741,0.01837581562729235,0.8459135337735818,0.02390486512663717,657548.24689820595,2,8192,0.000244140625,0.00030513853289393383,0.95009183809240727,True
46026,San Francisco,META00826,1.2286149463373865,0.051667600169738773,1.030427814555231,0.038107857465848188,0.7124544629795202,0.020992267001295264,0.95910751309228837,0.016049512599661569,656106.02412265085,0,8192,0,6.1027706578786769e-05,0.8247603890507873,True
46026,San Francisco,META00827,0.96427740721563227,0.047141607637085164,1.3870184535935144,0.043793282603681483,0.72275124372235733,0.018352266361471255,0.7033859130948823,0.022602493507548713,691411.93136667064,13,8192,0.0015869140625,0.0016477480776272428,1.008293504375424,False
46026,San Francisco,META00828,1.3865547064965185,0.057787003691209732,0.98745703991834366,0.034346503635206999,0.6566378732149597,0.017390543687892168,0.87414657867376411,0.014460654391862473,621398.25410920009,1,8192,0.0001220703125,0.00018308311973636029,0.88159172125575191,True
46026,San Francisco,META00829,1.2784682857074943,0.059311576786737999,1.4164983437966154,0.035708566947742056,0.74155610587333476,0.022434632131395599,0.91767748142980299,0.020419610400465627,759885.73974825453,9,8192,0.0010986328125,0.0011595264249969486,0.99267504551925856,True
46026,San Francisco,META00830,1.109209172834239,0.041706566562646118,1.368509969231575,0.02779568281418323,0.72012553520972555,0.015668024789278048,0.95068868516755001,0.014309517637968849,578138.26250723132,2,8192,0.000244140625,0.00030513853289393383,0.90413729156005629,True
46026,San Francisco,META00831,1.1425020453501802,0.061918615021959347,1.1471375648707451,0.033070445480473616,0.75876554418502595,0.024466445566217576,0.79235885410134044,0.015313160613126294,677005.48478805984,0,8192,0,6.1027706578786769e-05,0.8420398718014559,True
46026,San Francisco,META00832,1.4302084599298617,0.057106974202561722,1.1749707433089567,0.024901675691914794,0.89915638262482855,0.025671954897951217,0.90677443453986895,0.021702946644107789,752093.33104769106,8192,8192,1,0.99993897229342121,1.1680338379258297,False
46026,San Francisco,META00833,1.2007451471587109,0.045474229645004673,1.0104650986581012,0.041195260368111858,0.82575110952493247,0.016351086352396547,0.83219619332929662,0.022943720002136181,656314.66248108225,12,8192,0.00146484375,0.0015256926644696693,1.0000152306253285,False
46026,San Francisco,META00834,1.1849288910162508,0.048539007218847005,1.3241513393810405,0.038893812331159613,0.72253489842601104,0.025237754761268456,0.91316000093378591,0.016461057709726439,719407.1699659708,0,8192,0,6.1027706578786769e-05,0.91491651503242555,True
46026,San Francisco,META00835,1.325725001801441,0.052717575537301865,1.0968886139692997,0.044068128726706082,0.86620135986455604,0.016832845692241739,0.71211585224677698,0.017007102671201556,681872.96571082214,8192,8192,1,0.99993897229342121,1.6190309141217738,False
46026,San Francisco,META00836,1.1497349251522031,0.055368484335511059,1.3956550805797669,0.044485679514954718,0.94362899814729251,0.018281627764337387,0.79753580749055153,0.018577009739365328,763389.50781913579,8192,8192,1,0.99993897229342121,2.3758825594882698,False
46026,San Francisco,META00837,1.3159067874961179,0.05205294939139514,1.1506557726216649,0.04288916127180932,0.81123388987600653,0.015746278824882946,0.65489447979121096,0.023822441613013778,686603.59047873702,7163,8192,0.8743896484375,0.87434395215427807,1.3407841483807916,False
46026,San Francisco,META00838,1.168856622169828,0.039983246059327009,1.3205282222957349,0.040460107184077575,0.89371830146496678,0.014965381736519463,0.8986909301939473,0.014974545522298802,656213.03089874017,8192,8192,1,0.99993897229342121,1.5681405507794122,False
46026,San Francisco,META00839,1.015524323735542,0.051957544254080792,1.2948394677766211,0.027991403321193473,0.76027390319181976,0.019172843797235984,0.93239334778715621,0.016552411926635459,621806.9446176854,2,8192,0.000244140625,0.00030513853289393383,0.91471212477022357,True
46026,San Francisco,META00840,1.1754464132182807,0.047667432685374392,1.0920182329065051,0.042388862459086019,0.87065143669640077,0.022394516924978888,0.67688593878647818,0.021140014522209004,701818.68561613245,7933,8192,0.9683837890625,0.96832662028560967,1.286837306094736,False
46026,San Francisco,META00841,1.0066304866008311,0.055042647117357679,1.0507706300015056,0.042118220749411531,0.73513031550322683,0.015200519550162682,0.66985732421197619,0.015573533690294629,595327.75923809444,0,8192,0,6.1027706578786769e-05,0.77964029548323066,True
46026,San Francisco,META00842,1.1951699401922189,0.044537981971517475,1.3816815833517033,0.038862120725784925,0.80066450252205479,0.018874137501998921,0.69259882208838852,0.022728822550096481,696959.49786553066,4729,8192,0.5772705078125,0.57726107652874403,1.2300851471582805,False
46026,San Francisco,META00843,1.1758082971061785,0.060302225734082074,1.0689894284641428,0.041371891726453988,0.7326458495126108,0.015232560953278065,0.91204700373317626,0.015098639973672041,646034.16025048238,0,8192,0,6.1027706578786769e-05,0.85095353072887725,True
46026,San Francisco,META00844,0.98744772200020836,0.041158160967481087,1.1401965658972184,0.041917264294850883,0.7623118220729973,0.020355670711330983,0.69108430446448843,0.023385749013365237,652343.34512605506,0,8192,0,6.1027706578786769e-05,0.84956758931859466,True
46026,San Francisco,META00845,0.98925185268358684,0.041223599489953938,1.0178806295291227,0.02569185639129342,0.83636133218432107,0.025157226650120795,0.84163476990354835,0.024191539006152889,643243.57310396456,4741,8192,0.5787353515625,0.57872574148663491,1.2162052630976239,False
46026,San Francisco,META00846,1.14128964047934,0.04697903050070433,1.2719750893526602,0.031196083039424359,0.7846932508288561,0.022001293661259164,0.89590219276407113,0.022846344798543118,689723.76159958541,0,8192,0,6.1027706578786769e-05,0.92163239815740872,True
46026,San Francisco,META00847,1.0717638003848111,0.039860990016415618,1.1387451631884544,0.029616415500077677,0.68172956074774271,0.019763989750405022,0.71122528206321167,0.019669890869045921,573285.32294335123,20,8192,0.00244140625,0.0025021359697302574,1.041973791709836,False
46026,San Francisco,META00848,1.077533712064235,0.048135222537630938,1.1838831586442311,0.03819364111833478,0.75281333394192185,0.016269807515937006,0.64809948727519351,0.019718660575335323,617276.11235087912,0,8192,0,6.1027706578786769e-05,0.87827419678194996,True
46026,San Francisco,META00849,1.2181131134445176,0.060205340510637403,1.3255430337209457,0.031635026216872059,0.64087690344913495,0.024442199725578193,0.80294315677004968,0.021955313745273649,704061.80929884221,0,8192,0,6.1027706578786769e-05,0.78366975975013553,True
46026,San Francisco,META00850,1.3379665307943702,0.05091600116854135,1.4298410891485698,0.039635330182647484,0.76490411825467097,0.016029079744639588,0.72360690222804047,0.022834676026254837,717632.334191881,5352,8192,0.6533203125,0.65330159892591233,1.2868380661335861,False
46026,San Francisco,META00851,1.408062826011637,0.039618817481668088,0.99412030409267071,0.025264423324105285,0.67768219504365457,0.020102912186614162,0.64118554823038121,0.018143512289142457,554101.96793831501,41,8192,0.0050048828125,0.0050652996460393016,1.1663879562145572,False
46026,San Francisco,META00852,0.98270201455852868,0.043551404967573169,1.4213522083332268,0.034934629963293093,0.8855173105001759,0.020691725065421263,0.87353477883818498,0.016036614417957482,680431.85247732222,8192,8192,1,0.99993897229342121,1.2521319164569478,False
46026,San Francisco,META00853,1.0910078296757284,0.03557216590897095,1.1030806937844946,0.033115664224594415,0.83920643119359928,0.019632524157659814,0.77878987744730599,0.023510548072188907,628572.78948466666,7,8192,0.0008544921875,0.00091541559868180155,0.98103044115733762,True
46026,San Francisco,META00854,1.4272882892349532,0.057499733163260611,1.3486056354498708,0.026015173322872807,0.79124210604400735,0.016488835036864755,0.77165844148665808,0.017995306817788079,654111.24612236395,0,8192,0,6.1027706578786769e-05,0.88995939098574961,True
46026,San Francisco,META00855,0.97205526564369849,0.047391790924463675,1.0717094998178038,0.032752621569321766,0.66857982749068301,0.017042931561821094,0.71930119847309937,0.025628094391930839,590396.26025787392,11,8192,0.0013427734375,0.0014036372513120956,0.99548810015054978,True
46026,San Francisco,META00856,1.4321759583866984,0.037036263345874218,1.3456453322214039,0.042265608794835235,0.78869462131354351,0.019965725049440268,0.8055769999689506,0.014128445598708203,690812.94200349925,6445,8192,0.7867431640625,0.78670816550714029,1.302832177090113,False
46026,San Francisco,META00857,1.0556857720635082,0.053557972702260551,1.2950749597486353,0.037874663262176908,0.80214977144968858,0.017948960711549874,0.81342646471684588,0.015886274582112305,662103.29814305506,10,8192,0.001220703125,0.0012815818381545221,0.9973005277377458,True
46026,San Francisco,META00858,1.0566886344717699,0.038991995113052208,1.2774890829936014,0.035920037985236748,0.91383661639167035,0.021462467921697176,0.67154440496487355,0.017798827334215318,661350.57474707137,8192,8192,1,0.99993897229342121,1.3331925559579305,False
46026,San Francisco,META00859,1.272690352562533,0.046949468941130987,1.1163269416769286,0.032226000361325571,0.7666857044959916,0.025422563361890138,0.80241163288627582,0.021495335750016581,687225.11370522378,1,8192,0.0001220703125,0.00018308311973636029,0.89228133275408206,True
46026,San Francisco,META00860,1.3308556024675031,0.058638554899643966,1.0479818025485939,0.032025320676242211,0.92845155007743052,0.015702946735987794,0.75810369832173619,0.025521588993642052,682879.15334235434,8192,8192,1,0.99993897229342121,1.4577696041427315,False
46026,San Francisco,META00861,1.2779409497192895,0.062114797674659404,1.4376584212774655,0.036278212587691983,0.79575826868237542,0.015949824773542991,0.78370877790071869,0.02161759277169659,727868.75222077023,6173,8192,0.7535400390625,0.75350909312828029,1.2981367516349218,False
46026,San Francisco,META00862,1.154121438837391,0.035311162483054034,1.4020360236241314,0.026543872674382202,0.92437305270607162,0.014295148920703703,0.85233428687278734,0.019924460430402094,601800.22344663867,8192,8192,1,0.99993897229342121,1.2432331746809742,False
46026,San Francisco,META00863,1.4098385396265216,0.046256359534303557,1.1070217108304974,0.03112441572835321,0.88169789462977044,0.016913832659793744,0.95464671754020114,0.015357311813936623,640130.25893966539,8192,8192,1,0.99993897229342121,1.206755477971625,False
46026,San Francisco,META00864,1.412736476652259,0.059094013173569271,1.2728952158422451,0.034319254898182786,0.94051306879316532,0.015720811277951489,0.94749059366327804,0.020203632497020587,736241.88302317879,8192,8192,1,0.99993897229342121,2.0836869829549514,False
46026,San Francisco,META00865,1.0092671430766398,0.042836566316805824,1.1344636517191709,0.026452153234311299,0.67640876658693394,0.022073317030542581,0.89544812362609916,0.015126639775467854,570315.60983544507,605,8192,0.0738525390625,0.073904552666910775,1.2412040961758128,False
46026,San Francisco,META00866,1.0786901527720001,0.045890766897628672,1.311891745801137,0.039373002349300024,0.68713140042449616,0.024800574930613939,0.66870913620810346,0.018289679585638,676045.47752162674,0,8192,0,6.1027706578786769e-05,0.93606713286960175,True
46026,San Francisco,META00867,1.1602050872541234,0.04445388748564516,1.1645348325330771,0.038522843935694412,0.92224761491418505,0.022371560153815293,0.66483847757290115,0.022278598405398031,701834.64450485806,8192,8192,1,0.99993897229342121,1.4772539202092847,False
46026,San Francisco,META00868,1.2246948596648877,0.046211540157805278,1.4355779412023815,0.033254543208218454,0.65752697258839388,0.015927450188997251,0.9162941483761764,0.016088222508720381,635325.71896164957,0,8192,0,6.1027706578786769e-05,0.7855265905633364,True
46026,San Francisco,META00869,1.1857206318357214,0.046059829393694594,1.3855219493609103,0.030228521503956527,0.68276059208868389,0.015516288882514623,0.73599234631313493,0.025482972652402153,631309.82689652755,0,8192,0,6.1027706578786769e-05,0.79702712868028569,True
46026,San Francisco,META00870,1.1952668134285014,0.062344643052314949,1.1625840051803833,0.032645020208359778,0.66217918491536709,0.020278979350202581,0.90910696569196769,0.020432233964540199,676957.8812510299,0,8192,0,6.1027706578786769e-05,0.8119081092467938,True
46026,San Francisco,META00871,1.196443018554185,0.039684815539067678,1.1510774323951618,0.0370148086425683,0.81499480165067395,0.017914651177406066,0.71015853449364497,0.015213606104779179,609755.17160725279,9,8192,0.0010986328125,0.0011595264249969486,0.99218176705858607,True
46026,San Francisco,META00872,1.1472029924747638,0.045011879741680014,0.96156493850159708,0.0442988900112277,0.91087400380762218,0.018470509094663239,0.89445591562122895,0.016420885560650231,658068.328830763,8192,8192,1,0.99993897229342121,1.3261729479890449,False
46026,San Francisco,META00873,1.1596284273204778,0.039391587351279816,1.0998552276346567,0.03840535605518669,0.85262201043333641,0.022228379147175348,0.78747741459606901,0.01942778321068285,668351.96002920554,706,8192,0.086181640625,0.0862321493958257,1.0394885749932865,False
46026,San Francisco,META00874,1.3199832032867616,0.058649118632841626,1.1384954577032549,0.029720531960681751,0.91138296998551227,0.021736122614168355,0.8232961080863479,0.016120859094495295,695113.16555486561,8192,8192,1,0.99993897229342121,1.2623814852773789,False
46026,San Francisco,META00875,1.2790854106919762,0.039670264166356592,1.2608747981056008,0.04244064526690447,0.91236820112340555,0.024993871427081864,0.81752974811484402,0.0202831195679892,764283.88270410604,8192,8192,1,0.99993897229342121,1.7408848134451913,False
46026,San Francisco,META00876,1.1437342520274014,0.040914808193544303,1.1487389220350295,0.03464009521567743,0.86493457567355225,0.021560841868326883,0.84114858282103189,0.024675134316655856,690323.09515164967,8192,8192,1,0.99993897229342121,1.1019126152257643,False
46026,San Francisco,META00877,1.3812871496387964,0.043677950507977188,1.1712106736625205,0.031513626907591706,0.66244932801160483,0.018269863359687791,0.87085691175621571,0.02567064758876228,657576.3827834524,0,8192,0,6.1027706578786769e-05,0.87508695918756951,True
46026,San Francisco,META00878,1.3340182863985013,0.035611738191854335,1.0769825377740987,0.043396771465006381,0.78631643986253785,0.020904150438395913,0.89066981760340136,0.022298934668433038,693195.93250503647,24,8192,0.0029296875,0.0029903576223605519,1.0076217195575228,False
46026,San Francisco,META00879,1.355713696267882,0.04600272775033943,1.2645447876162166,0.029188526709024075,0.9370977797484239,0.017568226622920399,0.80416386934168638,0.015177535608553403,644006.93193039438,8192,8192,1,0.99993897229342121,1.4507853530469084,False
46026,San Francisco,META00880,1.1640250690040386,0.054047171348285836,1.3562974201398232,0.030586226861027795,0.79508267222112661,0.024684770055215566,0.84954875818805053,0.021679363018152452,723363.28707160254,0,8192,0,6.1027706578786769e-05,0.91784560165785778,True
46026,San Francisco,META00881,1.0900445224247912,0.035940697117494598,0.99741087930993155,0.037457592096425775,0.90144812633266369,0.019854415651802914,0.88234102910870915,0.023651328610899872,659540.3627134019,8192,8192,1,0.99993897229342121,1.1708921423947056,False
46026,San Francisco,META00882,1.0650188712348101,0.058142124742404933,1.0336405052227673,0.040019735952518468,0.70412149339996344,0.017149991940473099,0.66922405810635921,0.020992677828736945,625162.47121924942,0,8192,0,6.1027706578786769e-05,0.79321066527905226,True
46026,San Francisco,META00883,1.3842483327967976,0.049403213947503945,1.2537867603581139,0.03847458609089708,0.84243439294915068,0.014676141785062553,0.84342471371252103,0.020714949145234467,692433.30818132707,8192,8192,1,0.99993897229342121,1.44661479081164,False
46026,San Francisco,META00884,1.1469359256791769,0.064645284530466585,1.2364296527073235,0.041238475268900704,0.91693134811242216,0.021660747535293783,0.84065553531394077,0.025926088571103914,801490.16576176544,8192,8192,1,0.99993897229342121,1.7694286959273564,False
46026,San Francisco,META00885,1.2658010247332596,0.047082306722325711,1.3865356779535893,0.035266141902648637,0.80711049309331273,0.017346595733558907,0.89689234864681278,0.019397004932737043,692428.79960895074,1107,8192,0.1351318359375,0.13517637007201269,1.1337375162714542,False
46026,San Francisco,META00886,1.0039805537477295,0.060463403896943643,1.2167992206254035,0.025553775895118227,0.77050760958595599,0.022009384450348262,0.74515935985894044,0.022708594040798495,644150.87751339795,6,8192,0.000732421875,0.00079336018552422804,0.97919328854100973,True
46026,San Francisco,META00887,1.3004667328208717,0.035740708134465678,1.0960560357843665,0.026162059464333316,0.7639959913075427,0.018965822015027389,0.92198904074289101,0.024087401490493231,619584.49166511884,31,8192,0.0037841796875,0.0038447455144635665,1.1077999474420488,False
46026,San Francisco,META00888,1.4185523608929025,0.057335739565675489,1.120302671779819,0.030362927924414362,0.69763483978150953,0.023587874753487822,0.87237333636261671,0.019949807368507485,696463.0102254299,0,8192,0,6.1027706578786769e-05,0.86444137382685593,True
46026,San Francisco,META00889,1.3133972156692946,0.048744605145880499,0.99200727344639539,0.03859824555904879,0.75794238964732563,0.023766533415691529,0.85034771113757135,0.018158724641994393,680420.49084409629,0,8192,0,6.1027706578786769e-05,0.85061390521437208,True
46026,San Francisco,META00890,1.0693294935356781,0.062961485454404109,1.3087072360360572,0.044168841095116318,0.72519079569048617,0.017790681448205128,0.80130169099705328,0.02362980160502913,735669.09863170749,0,8192,0,6.1027706578786769e-05,0.92141079513253465,True
46026,San Francisco,META00891,1.1561274323709478,0.04587210322988175,1.4076046984294557,0.028884949814319452,0.9008709611043777,0.019670922449354675,0.95760856871049405,0.023622964160028931,710928.03069951129,8192,8192,1,0.99993897229342121,1.2158643822872646,False
46026,San Francisco,META00892,1.1216961688029665,0.037688159822696271,1.2013096531640803,0.026185140365452504,0.73067554575403493,0.019994629698957524,0.76840335917496183,0.021251338483065974,588226.23469354189,22,8192,0.002685546875,0.0027462467960454044,1.0565416216907193,False
46026,San Francisco,META00893,1.1134783389221989,0.057994727649833003,1.2694715922552948,0.028209883132429198,0.69354419537461598,0.022184926585018291,0.79018687654244379,0.020166328963863306,651474.31244916737,0,8192,0,6.1027706578786769e-05,0.87187334479882705,True
46026,San Francisco,META00894,1.4097231085875939,0.038930570777371533,1.2913451748961757,0.036229530662334988,0.83010615880596728,0.016055296094420159,0.93282999472575279,0.020768975941393451,681074.0802619051,8189,8192,0.9996337890625,0.99957280605394849,1.2287527276537322,False
46026,San Francisco,META00895,1.1791534736929725,0.062226778591559645,1.2279473661837983,0.029387101485277085,0.84165892323726732,0.024864115852365917,0.86044441090265278,0.022255001703006136,737565.73225957726,7922,8192,0.967041015625,0.96698401074087637,1.0396800865817211,False
46026,San Francisco,META00896,1.4059884002105851,0.042155982247085888,1.4334800393307585,0.041563755556509027,0.90398682994863644,0.023366144033455209,0.7881567580739951,0.019192425909422085,783102.67780819687,8192,8192,1,0.99993897229342121,2.1379023719069221,False
46026,San Francisco,META00897,1.2674619449405324,0.061263195826139455,1.2227495621593067,0.029286077950409203,0.66693006904200869,0.015117018314198417,0.94622291020379834,0.025911154352628675,680917.02160541061,0,8192,0,6.1027706578786769e-05,0.83578657769470177,True
46026,San Francisco,META00898,1.0328586451639115,0.051596222499442762,1.4099364009913946,0.04345857468236454,0.74421972411187387,0.015175318215740169,0.77310824623089991,0.019789401630496806,689015.23750157561,182,8192,0.022216796875,0.022275112901257169,1.0786064748112805,False
46026,San Francisco,META00899,1.3565226216698012,0.054285099672452833,1.3285203682684901,0.043729321217708894,0.95901531226882508,0.021887653703586734,0.92785093227099225,0.02530231338764883,851207.51034149434,8192,8192,1,0.99993897229342121,2.7182038834976292,False
46026,San Francisco,META00900,1.1677415253203265,0.053263164451132924,1.0865089115094679,0.040324591169735149,0.68901979881106534,0.017210678126432389,0.73842620176451779,0.016060898217719902,622626.44054400083,0,8192,0,6.1027706578786769e-05,0.7760015619267896,True
46026,San Francisco,META00901,1.3777413070764615,0.061864687795092577,1.4028476503210132,0.028814761301141311,0.66722114953791722,0.01973540064712067,0.67305232372820611,0.016213181098849821,663087.80508771352,0,8192,0,6.1027706578786769e-05,0.77461273507964934,True
46026,San Francisco,META00902,1.3299302961561765,0.064302727770637544,1.0664196609350998,0.040681905520121728,0.8170066721830207,0.02570765221823626,0.76193660947094899,0.023977144294119526,782842.07214289892,5949,8192,0.7261962890625,0.72616868058098372,1.2218405746549117,False
46026,San Francisco,META00903,1.3708970423818065,0.037557615087003948,1.1322526347768209,0.036948805760834619,0.69935155862652443,0.021829141606013368,0.79891265910899634,0.020094892715119439,650236.85790555144,0,8192,0,6.1027706578786769e-05,0.81295650618621307,True
46026,San Francisco,META00904,0.99121845257547747,0.059605979057256578,1.2544092704246808,0.024854143277019874,0.70629404886147751,0.014573493018344756,0.87520920425286308,0.014727895924540411,560764.25551490614,8,8192,0.0009765625,0.0010374710118393751,0.98723846247139968,True
46026,San Francisco,META00905,1.244280921673844,0.047950624625656142,1.0877078414272066,0.035732877148323447,0.87286072437133178,0.016012970886132974,0.89055161273384431,0.020585660103220091,657375.31316746736,8192,8192,1,0.99993897229342121,1.1782676502967495,False
46026,San Francisco,META00906,1.2185514200747256,0.05951759107547519,1.1812081515633075,0.028310999833639407,0.80368087560735346,0.02094087438249518,0.73969129280864532,0.022985022419137774,677264.57667479466,1,8192,0.0001220703125,0.00018308311973636029,0.89956075022511928,True
46026,San Francisco,META00907,1.2684905702481486,0.039839286536373732,1.0571451407057904,0.039679894834030498,0.71309782931956733,0.016434445097330726,0.8402008264623464,0.014694888523337918,595971.87982346583,0,8192,0,6.1027706578786769e-05,0.82486400743370902,True
46026,San Francisco,META00908,1.4261623747888426,0.035290407797117833,1.2271013543328408,0.03380422122761443,0.81299068778050998,0.017904386975994745,0.77401574178539267,0.023225362666139025,653255.67358642176,8,8192,0.0009765625,0.0010374710118393751,0.99047704107676815,True
46026,San Francisco,META00909,1.2794291994740183,0.058405600561186377,1.2902438497882187,0.028360728695192648,0.77590680285034364,0.017082982328622372,0.69690564249742648,0.020189387580437933,646625.53619659191,0,8192,0,6.1027706578786769e-05,0.82490982181662187,True
46026,San Francisco,META00910,1.3830474962915527,0.042960653902199289,1.1998186338680152,0.040544612735949025,0.78014371953588935,0.025054609453308452,0.68377183230240179,0.015075303015830405,696508.09996245475,2965,8192,0.3619384765625,0.3619553277187843,1.1313946681902305,False
46026,San Francisco,META00911,1.2742655983189297,0.0390436239966249,1.0357997414397924,0.039981627120633495,0.91456897072545418,0.014978646917837436,0.75066688968375739,0.024574516970044737,644843.80640002189,8192,8192,1,0.99993897229342121,1.4799231128588037,False
46026,San Francisco,META00912,0.98000616931535345,0.05094351808580462,1.2394501207153215,0.026218534517702535,0.64949323276811577,0.016766235951827569,0.696998617565872,0.019499269055702824,556915.58804064186,31,8192,0.0037841796875,0.0038447455144635665,1.0723688608098401,False
46026,San Francisco,META00913,1.2602612194928038,0.064585820368021352,0.96378582799176116,0.041638043701746869,0.90404224387246668,0.02187972381616015,0.70564312836200282,0.023672096549085385,742077.56993431097,8192,8192,1,0.99993897229342121,1.5421588763804597,False
46026,San Francisco,META00914,1.1670571925703674,0.036830707167322868,1.1590357591128797,0.044522950333562503,0.65806520696510828,0.0208762355549513,0.95684060792505832,0.018312802939275053,665214.65416428621,0,8192,0,6.1027706578786769e-05,0.81883865727842564,True
46026,San Francisco,META00915,1.3615361857688,0.061013874427139896,1.2690196787437531,0.043283345511695187,0.86689077977227968,0.014237323032615023,0.74698401139701964,0.022174492269323012,739552.084604364,8192,8192,1,0.99993897229342121,2.0208109894332789,False
46026,San Francisco,META00916,1.2752707769112308,0.041496337221224214,1.1717548524376535,0.041524301697482682,0.82690677879072183,0.018762815168960324,0.83068879585426925,0.020969178105399142,689902.4002054208,4558,8192,0.556396484375,0.55638960087879896,1.2003391787852495,False
46026,San Francisco,META00917,1.3121529693569522,0.058448958482642949,0.97479262792456778,0.025330140360477656,0.64701262961241901,0.021367674254548399,0.78756674685704253,0.019373956224242053,614414.56405234709,32,8192,0.00390625,0.00396680092762114,1.1177724021674151,False
46026,San Francisco,META00918,1.0638727964287709,0.043704465211249599,1.1178741934370509,0.041300683948071557,0.69526307333478299,0.015988301254091137,0.75278567607528257,0.020497486630358563,615236.39475589921,0,8192,0,6.1027706578786769e-05,0.79020808600026871,True
46026,San Francisco,META00919,1.0465276728468909,0.060777339433681937,1.2258260530622387,0.034403298132991644,0.81445344126978891,0.018067821454130658,0.93757280868109572,0.01479540104692291,657024.56196526007,0,8192,0,6.1027706578786769e-05,0.97944173481277785,True
46026,San Francisco,META00920,1.050943358998607,0.048904882720455102,1.403117814379639,0.02879376805762289,0.83315687809709049,0.018367653769994739,0.91709964241039776,0.022554578558847942,673024.43760677066,8025,8192,0.9796142578125,0.97955571829610644,1.0319371113170448,False
46026,San Francisco,META00921,1.0700209036903066,0.03897997431290344,0.98493386546571693,0.031797419982344019,0.80027002377903067,0.016933043125467315,0.89975899962288963,0.022167275181055157,597681.38400746416,26,8192,0.003173828125,0.0032344684486756989,1.0900018688108175,False
46026,San Francisco,META00922,1.1373440539940678,0.038476583162480316,1.1465311448898361,0.034850471486383372,0.91191130049472391,0.016878389651420363,0.95620087614455174,0.020973417017172223,653758.23460600898,8192,8192,1,0.99993897229342121,1.2465276516385169,False
46026,San Francisco,META00923,1.277641486601099,0.060039756111782805,1.4067931389184123,0.027304752494367618,0.90245236368860804,0.022931377333163472,0.90085611247235031,0.025044707075807002,773126.57503063674,8192,8192,1,0.99993897229342121,1.295781786152653,False
46026,San Francisco,META00924,1.180090836636859,0.035634819250542613,1.3951484267555561,0.029851916068702092,0.94616257697011386,0.025951105735904992,0.73922781443825403,0.02237428468846879,717666.27574677253,8192,8192,1,0.99993897229342121,1.3663006682186514,False
46026,San Francisco,META00925,1.291203575893124,0.063897858727977541,1.1250830174882553,0.032378880275274274,0.76050628674881737,0.024925200896711193,0.93117261983298394,0.015802709696233749,713552.36433541181,0,8192,0,6.1027706578786769e-05,0.90259168210923246,True
46026,San Francisco,META00926,1.3809537469923308,0.064671237331730164,1.0614625766465957,0.033530680670607729,0.83888498871636996,0.016622619234145153,0.80093500569102094,0.02025858260728253,689088.53516729723,2701,8192,0.3297119140625,0.3297326986451849,1.1163639008424766,False
46026,San Francisco,META00927,1.1419946622029029,0.055725705080270332,1.2592865507562869,0.03167018049798731,0.94708326241205754,0.019360923215550403,0.94195209678776859,0.023893221699426856,731902.60924701206,8192,8192,1,0.99993897229342121,1.481840575698802,False
46026,San Francisco,META00928,1.0677298915901567,0.042347829370116705,1.1054905815051841,0.033976634239870199,0.72861065962784044,0.022029801669736528,0.69398141049225026,0.017231481714499709,603449.05897618714,2,8192,0.000244140625,0.00030513853289393383,0.93450574065597558,True
46026,San Francisco,META00929,1.0528620571545348,0.044203592265428644,1.3345638960254425,0.031871307232829785,0.67171719923986395,0.017984004083408129,0.90875461938479341,0.01711490337700329,613072.26716606214,6,8192,0.000732421875,0.00079336018552422804,0.94906535071623299,True
46026,San Francisco,META00930,1.3114505297071677,0.041662858485537017,1.256583938982953,0.033502310866159991,0.70732574586782582,0.025848946913979202,0.85196331076880805,0.019266545588367115,686284.64866079472,0,8192,0,6.1027706578786769e-05,0.80535768048245004,True
46026,San Francisco,META00931,1.1013158361209019,0.047304759904799862,1.2815736074922974,0.025528833061388388,0.84535365541504381,0.022588144219702677,0.81163806998287613,0.02107603232680301,656693.00633273541,1009,8192,0.1231689453125,0.12321493958257049,1.0172567844467058,False
46026,San Francisco,META00932,1.0685308130690794,0.035969279358726326,1.3310058738165262,0.033779589477943586,0.94324031365345506,0.02162896593855558,0.71625474388957955,0.017695063878307399,664447.11966294597,8192,8192,1,0.99993897229342121,1.4145499156748584,False
46026,San Francisco,META00933,1.1167979536348427,0.048834438471439999,1.0806792439930852,0.039325679940483936,0.72654861363430012,0.024245508428201237,0.89829744493099173,0.02428055878294073,710166.73643053987,0,8192,0,6.1027706578786769e-05,0.81436306855242802,True
46026,San Francisco,META00934,1.394940525785946,0.037515584837776922,1.1657851568276976,0.029754971437615116,0.73653462378439505,0.017741730754699935,0.76914884915246562,0.015705442265827551,583740.57342335209,2,8192,0.000244140625,0.00030513853289393383,0.93866121811876158,True
46026,San Francisco,META00935,1.0080459295511095,0.045620256862383579,0.97021424403003498,0.031849738015380095,0.81278843438762627,0.020630257310244343,0.84267003140341823,0.019252767371839234,610313.40044764348,26,8192,0.003173828125,0.0032344684486756989,1.0772606921216619,False
46026,San Francisco,META00936,1.2400215852132608,0.055757798067631897,1.3582714065417223,0.036459584905494169,0.9141530940307212,0.020386969672575452,0.71809578064515089,0.021426040734375464,741291.07506368286,8192,8192,1,0.99993897229342121,1.8060177090349985,False
46026,San Francisco,META00937,1.307515675685202,0.056381029556952178,1.3464132018487676,0.028658410481629995,0.8058841516795634,0.022991061015434175,0.74767379266670064,0.01696839565923644,691500.50636456092,0,8192,0,6.1027706578786769e-05,0.89995466072097641,True
46026,San Francisco,META00938,1.2893033355095573,0.057573424523822095,1.1942597093876712,0.026736887156711221,0.80560982105546164,0.014587639420794333,0.79133400190342507,0.025781204349259769,650622.98483270651,1,8192,0.0001220703125,0.00018308311973636029,0.92158807690058453,True
46026,San Francisco,META00939,1.041951220525779,0.040473168840189054,1.17258511968021,0.040267789007521843,0.77267492429480489,0.014180087392421926,0.88471539004132016,0.025226306396642924,650287.39092279074,0,8192,0,6.1027706578786769e-05,0.88229952179622839,True
46026,San Francisco,META00940,1.1485767854954445,0.040549607049765943,1.185312020638883,0.031710919119032094,0.94545804356091623,0.02324400338011566,0.75546319607571721,0.023052519255404341,692102.36003040522,8192,8192,1,0.99993897229342121,1.2743022400514372,False
46026,San Francisco,META00941,1.274615396953126,0.04366488238734699,1.0403424645488148,0.032534998624777323,0.78058096229579621,0.021612258185318166,0.76587242404921407,0.017095132544579943,624637.34877681173,4,8192,0.00048828125,0.00054924935920908091,0.95630886345402966,True
46026,San Francisco,META00942,1.2272945669882027,0.044721483022087435,1.1359664188746683,0.038009818704726556,0.7386754385698644,0.01437585466904103,0.76170272641472014,0.025039394599063236,637769.0999776409,0,8192,0,6.1027706578786769e-05,0.82756099643007053,True
46026,San Francisco,META00943,1.2382864402358029,0.064248438737097499,1.4325113652611026,0.039781634607769747,0.87969699024082826,0.023032951021418308,0.68930093079041821,0.020521086437837642,796341.15390642383,8192,8192,1,0.99993897229342121,1.9723342668185218,False
46026,San Francisco,META00944,1.1887381300286428,0.053958702847616419,1.0235052283889488,0.037680373061250619,0.65506152683833929,0.024529548938892802,0.80320898879646141,0.015386293380319651,644996.3467745235,0,8192,0,6.1027706578786769e-05,0.83752919164889172,True
46026,San Francisco,META00945,1.4123719899153706,0.053868993211171577,1.1308407738879631,0.038995531413141965,0.83354931234958562,0.023741567233258098,0.73527270504467912,0.02428817549085872,756592.0150015367,8144,8192,0.994140625,0.99408031246185768,1.3488663416801239,False
46026,San Francisco,META00946,1.245222563338519,0.054784831630129358,1.2765416461453534,0.025803991647313493,0.64328438826862799,0.024355025864541944,0.93948432209371724,0.018710013946363374,660483.17712592508,2,8192,0.000244140625,0.00030513853289393383,0.92233643471423177,True
46026,San Francisco,META00947,1.1003948135089279,0.039640963459280129,1.3024463168866125,0.034884248040577846,0.795442933357835,0.020573389605539616,0.75098476546677451,0.020831244921753058,656673.04693191708,0,8192,0,6.1027706578786769e-05,0.96394882795123682,True
46026,San Francisco,META00948,1.2170953567411793,0.059457741609950973,1.4341868479778785,0.02639338405388519,0.92124071612557101,0.015805656907220071,0.70851251506091628,0.024697292433281268,678586.25687151053,8192,8192,1,0.99993897229342121,1.3809603998304436,False
46026,San Francisco,META00949,1.073361775399283,0.063294378501767931,1.1181848764465692,0.039554428618581307,0.79973145173555726,0.014358257999216584,0.69435118718572175,0.025105858510880409,662393.50283169898,0,8192,0,6.1027706578786769e-05,0.893257992782996,True
46026,San Francisco,META00950,1.2010737850929978,0.044944800411661344,1.4237799834508373,0.027591226906907719,0.88462972949806862,0.02586044283505964,0.77192136519951526,0.024409436570996604,729608.90295127127,8192,8192,1,0.99993897229342121,1.0922032367316401,False
46026,San Francisco,META00951,1.3012385448351125,0.036081532712422322,1.2932268289700992,0.045413494533318985,0.64176635096003032,0.015587023164999676,0.74658551703949683,0.020738267737903888,656752.30183248571,0,8192,0,6.1027706578786769e-05,0.84531335355542103,True
46026,San Francisco,META00952,1.4088468026560761,0.04649073778278362,1.1451841473958968,0.035983773883135735,0.89602454853790181,0.025617920801496073,0.72703197811260278,0.020010310785408186,735032.67039967317,8192,8192,1,0.99993897229342121,1.4949311238712795,False
46026,San Francisco,META00953,1.0195253224905292,0.061101003139614321,1.3755198411957179,0.033383666846636011,0.751519603749642,0.015790383801244035,0.78712467176987588,0.02299725743819583,667650.49699971557,0,8192,0,6.1027706578786769e-05,0.8327539445250286,True
46026,San Francisco,META00954,1.3881553676422707,0.046288160155645311,1.4148588879976609,0.026037730115691337,0.65318759700186479,0.014858717230799567,0.89246873472247468,0.024221018405718636,641307.66431437247,0,8192,0,6.1027706578786769e-05,0.83408282215199003,True
46026,San Francisco,META00955,1.0400962648529328,0.056318666596331481,1.1295316297431097,0.037051243850038822,0.75943262355626251,0.023348407117777119,0.70109637357156829,0.014636354182330204,649738.19151515909,0,8192,0,6.1027706578786769e-05,0.80044540225939698,True
46026,San Francisco,META00956,1.1929736569602394,0.05121162520802236,1.2731780797904768,0.044823483667006135,0.92469962408631945,0.024888587692294545,0.90587955119992647,0.019448881585340184,805306.99704903853,8192,8192,1,0.99993897229342121,1.9586787970571502,False
46026,San Francisco,META00957,0.97464082711083622,0.058510341655961168,1.1102747290423525,0.044387437428838571,0.84979809079977997,0.014714732761523396,0.90212613457857804,0.023837857859928833,693718.67817262479,8192,8192,1,0.99993897229342121,1.0734815055044518,False
46026,San Francisco,META00958,1.2321484839035379,0.04824900385027641,1.4395599634972152,0.043329203389903051,0.76749790144096686,0.019122065180670375,0.86723945115078271,0.021592329016025605,756574.29232813569,6928,8192,0.845703125,0.84566093006224829,1.3005315066252452,False
46026,San Francisco,META00959,1.4384724190809659,0.039233717289553258,1.2820224819959405,0.030058991353336107,0.65422931361177883,0.02160470950583776,0.67078525246911713,0.025646308444331484,643837.97981272056,0,8192,0,6.1027706578786769e-05,0.83650844240757294,True
46026,San Francisco,META00960,1.4388542470853924,0.063250198150989034,1.4049039296829919,0.039453920219797045,0.91604875474170644,0.021976919696444643,0.76125414510289369,0.021265604365710008,825300.70450903941,8192,8192,1,0.99993897229342121,2.519840293270498,False
46026,San Francisco,META00961,1.2222633146951001,0.054404315369171209,1.2342670174015045,0.043307746348016984,0.71580458526071988,0.020456766347315303,0.70410999458855184,0.016594466983245681,692234.70585266699,0,8192,0,6.1027706578786769e-05,0.94111469486860133,True
46026,San Francisco,META00962,0.99989573542849208,0.045927844601102781,1.0322700814691486,0.02755202305588229,0.74432833582206115,0.025430602571994067,0.83003572451215812,0.023063759924952021,635444.78678373666,34,8192,0.004150390625,0.004210911753936287,1.1357358783082203,False
46026,San Francisco,META00963,0.96565918815713814,0.041929212557765758,1.3590514266002984,0.031867732629652014,0.76586756164304381,0.015567670819399693,0.84215508436871223,0.023132088271894499,625412.26083725609,1,8192,0.0001220703125,0.00018308311973636029,0.91958930266296657,True
46026,San Francisco,META00964,1.3609923248321851,0.060053816494540446,1.056508781335264,0.024699886730874993,0.95250138396743789,0.020817060833020436,0.73487217957718109,0.023873169742585718,697774.37536753586,8192,8192,1,0.99993897229342121,1.29310692218884,False
46026,San Francisco,META00965,1.2972285970218858,0.049650343777821487,1.1763307989142331,0.033938180149906627,0.93643431323800819,0.022820520735388546,0.68337131316707966,0.023516481761108637,722482.85901189293,8192,8192,1,0.99993897229342121,1.585614266919805,False
46026,San Francisco,META00966,1.4316488385072028,0.035554492757815512,1.3597258775870951,0.028731620569337205,0.79190562703411527,0.024967954464049556,0.85904185742850725,0.020885867078667103,691289.71544563025,0,8192,0,6.1027706578786769e-05,0.90955806078717349,True
46026,San Francisco,META00967,1.2539569892378153,0.058045099040169384,1.184891661247933,0.042597010630609611,0.81039893016745923,0.016193829637618,0.71992736801150647,0.020033326195312742,695731.34448547265,6435,8192,0.7855224609375,0.78548761137556455,1.2937107913292962,False
46026,San Francisco,META00968,1.2921897945327236,0.038084346222088401,1.3831184526406171,0.040895817744478168,0.8849731791010983,0.01885754601328472,0.93021326306898056,0.015734139073242118,710095.18514240556,8192,8192,1,0.99993897229342121,1.7056993025199032,False
46026,San Francisco,META00969,1.12324485668913,0.051744037816233143,1.2572248367667456,0.033184298844650455,0.85374011639409886,0.018772690068675525,0.6415992509130457,0.024833411329316879,668003.32086698059,1345,8192,0.1641845703125,0.16422555840351519,1.1185747881344397,False
46026,San Francisco,META00970,0.98645968585283017,0.057704073835767991,1.1692678873987743,0.034068697682239579,0.71694633621127957,0.023480125873784341,0.87166902891795506,0.022753215650055975,685783.18529229355,0,8192,0,6.1027706578786769e-05,0.84121452154716025,True
46026,San Francisco,META00971,1.0283319899896306,0.059918670729625298,1.1497494083418167,0.035564315732742921,0.75447203925162976,0.019070656753598286,0.86753429588944053,0.016525890150761037,646766.5098855258,0,8192,0,6.1027706578786769e-05,0.86851225216733352,True
46026,San Francisco,META00972,1.2155924867118189,0.046932263844133237,1.3620067779746314,0.039920163269336235,0.87131946051040465,0.015015796329876341,0.71708120866941549,0.017222646688038336,670496.14204030507,8192,8192,1,0.99993897229342121,1.6342819801731128,False
46026,San Francisco,META00973,1.1818801533274657,0.051279547018749948,1.2321763177250875,0.026378521460602079,0.84033264723892231,0.021338553000738905,0.7501399731063273,0.02451391280110983,668976.63654753577,2,8192,0.000244140625,0.00030513853289393383,0.97092243219976926,True
46026,San Francisco,META00974,1.1462608264221841,0.055578436241041917,1.1225293311351483,0.037996328161536287,0.70269259321660771,0.015082314209985796,0.86396688735752269,0.022011025067918598,651739.65552613011,0,8192,0,6.1027706578786769e-05,0.77788141745883677,True
46026,San Francisco,META00975,1.0839495627971174,0.061287287874647683,1.411125715689231,0.036159898009237086,0.89192573433729616,0.025020859973795041,0.8194723027692159,0.025397231188216542,803507.31267635606,8192,8192,1,0.99993897229342121,1.4887102186115084,False
46026,San Francisco,META00976,1.1145287472930172,0.049983287956342638,1.0000334769888977,0.04080698245379271,0.82352201479667109,0.024631908478916338,0.77458899814980442,0.017999405396695669,683929.73391104187,0,8192,0,6.1027706578786769e-05,0.93679634685022228,True
46026,San Francisco,META00977,1.3063535879041588,0.037932598478540143,1.4093779429980287,0.039474615195691051,0.84931710617969725,0.014387237775021976,0.65272140621626862,0.025946506946058198,679218.67959057179,8192,8192,1,0.99993897229342121,1.592003748094162,False
46026,San Francisco,META00978,1.0631498814462796,0.035689562294443353,1.3261592045453234,0.026683540625339709,0.77011916935913216,0.021326215022984665,0.85592753821993928,0.016570525093594326,599644.22042465687,9,8192,0.0010986328125,0.0011595264249969486,0.98904997119831761,True
46026,San Francisco,META00979,1.2479952876224947,0.05509130611653925,1.2123816900069413,0.041395579235371238,0.83750119079908414,0.020789330416577829,0.82723861612241389,0.024769311498016193,759951.44221920264,8192,8192,1,0.99993897229342121,1.3497921737281811,False
46026,San Francisco,META00980,1.2125885004317403,0.055528262647102963,1.0142977097086405,0.026722724351994295,0.7256991357590602,0.016171891519161999,0.85554168736434499,0.01636134514989426,581017.52941914927,26,8192,0.003173828125,0.0032344684486756989,1.085753296392179,False
46026,San Francisco,META00981,1.0376867342352518,0.050768967936490009,1.2153841509241228,0.035537479926453217,0.64044698678534595,0.018563540361086213,0.83338889615141831,0.016399031360705446,613050.01278314518,0,8192,0,6.1027706578786769e-05,0.87635076945876456,True
46026,San Francisco,META00982,1.0880717665210751,0.062792863680823499,1.3876600563445776,0.0308538347991325,0.73540991141069789,0.021902045411515955,0.82439833882223834,0.020047983345874921,695837.12326368107,0,8192,0,6.1027706578786769e-05,0.81401597264628844,True
46026,San Francisco,META00983,1.352373642474606,0.049441638819129607,1.1581753206919256,0.026572115051500266,0.75213272316399937,0.015559894439041091,0.77811256749167856,0.021717900236387002,612146.16007111233,4,8192,0.00048828125,0.00054924935920908091,0.97343670675614924,True
46026,San Francisco,META00984,1.204509392244258,0.060175273881826391,1.316831126875053,0.033928635684187171,0.94188343776446093,0.024739353277958454,0.889433157216728,0.016927457422049208,768262.15760442847,8192,8192,1,0.99993897229342121,1.7046530745034767,False
46026,San Francisco,META00985,1.3014336701974654,0.053092840093076493,1.4009955561748328,0.041971722809273915,0.94261479917824076,0.017029574314392143,0.83899029976627926,0.015462063739307275,741843.70128657517,8192,8192,1,0.99993897229342121,2.4966920872620544,False
46026,San Francisco,META00986,1.0410203961088873,0.05316654847147162,1.090563128706435,0.03864351002880595,0.66604721535009137,0.01979094167243553,0.83617414338559959,0.023461664769791744,658106.27032131574,0,8192,0,6.1027706578786769e-05,0.80853217235678354,True
46026,San Francisco,META00987,1.3333165518063728,0.042222572620431505,1.2663063912704058,0.043060202251486886,0.736856034262798,0.019531388882722996,0.93551889016279932,0.016566855011364456,698840.69107203151,49,8192,0.0059814453125,0.0060417429512998905,1.0233697465852678,False
46026,San Francisco,META00988,1.2808872674274221,0.042078645504836802,1.0343152754818155,0.029687838454048709,0.9304761792409304,0.017335174076477857,0.70176597857654355,0.024440929986556142,626516.86231620971,8192,8192,1,0.99993897229342121,1.1947286676754509,False
46026,San Francisco,META00989,1.3971484770931915,0.042135656063019361,1.0012629524044931,0.02464615561981516,0.76525377624920587,0.024289077891683213,0.92149907443065215,0.021755842985840313,651437.55970126484,39,8192,0.0047607421875,0.0048211888197241546,1.1606220175506095,False
46026,San Francisco,META00990,1.2238856338926432,0.043433498960939704,1.319764255639055,0.030484871267845038,0.70384457384269739,0.023688069695461628,0.84651325546334322,0.023241188943055588,680876.77291319123,0,8192,0,6.1027706578786769e-05,0.83803864983221454,True
46026,San Francisco,META00991,1.2450105668062108,0.037865875461184501,1.3334217659469969,0.036731969529370467,0.73347279286582356,0.018703122716361827,0.81069557807463988,0.016826735718345948,643377.94896218658,0,8192,0,6.1027706578786769e-05,0.8892840243593868,True
46026,San Francisco,META00992,1.1529867242034588,0.04980874387255279,1.093406303319981,0.027868652476873802,0.74227298259049734,0.024203661269046571,0.74434089961544614,0.018263680794831001,626334.57057396183,16,8192,0.001953125,0.0020139143170999634,1.025978269657754,False
46026,San Francisco,META00993,1.2892050862773183,0.041735475172683972,1.1257411597744575,0.031450214537757912,0.87436180580831346,0.016984696163707954,0.75913003829508341,0.022077951037865716,631595.77666508057,7295,8192,0.8905029296875,0.89045526669107777,1.0678255435694421,False
46026,San Francisco,META00994,1.0462372643384852,0.054191106963210542,1.2584450296507403,0.029865660092756825,0.84206282454220838,0.015070265402676319,0.65519942611167314,0.015745198194830213,588042.43176081579,0,8192,0,6.1027706578786769e-05,0.96942336167193988,True
46026,San Francisco,META00995,0.96780258315802292,0.037058830288592734,1.2489597867470301,0.033906552615713084,0.894702761743422,0.01783209067628648,0.83985262702143504,0.024909721985915834,656511.87251165195,8192,8192,1,0.99993897229342121,1.1043069413563691,False
46026,San Francisco,META00996,1.3257821881478928,0.059762243127919515,0.9765402407466699,0.025994303848168237,0.75102684599276937,0.020667463730744524,0.69609023671131898,0.0231752900340748,642012.50086919521,26,8192,0.003173828125,0.0032344684486756989,1.0822749720865448,False
46026,San Francisco,META00997,1.0501680612168487,0.054419866950739013,1.411891999044419,0.025965174660884903,0.94500601006872142,0.023403718760207467,0.87385447197285826,0.014013809279026356,681168.56619775528,8192,8192,1,0.99993897229342121,1.2820700766538613,False
46026,San Francisco,META00998,1.3990615595010856,0.049849677212055687,1.0329048782189612,0.039298296351320962,0.7856868013778715,0.015497042139385523,0.7071746673359397,0.018538085418029735,636635.03017558611,77,8192,0.0093994140625,0.0094592945197119489,1.0289665177935561,False
46026,San Francisco,META00999,1.017541408900813,0.04657260428379318,1.3117627865872676,0.039118365827524079,0.93593800091527313,0.018987894016253847,0.83398935169614574,0.020813845003970224,709288.90331492363,8192,8192,1,0.99993897229342121,1.5701854412119254,False
