station_id,site_label,design_id,logit_probability__HGBR__holdout,logit_probability__ExtraTrees__holdout,logit_probability__RandomForest__holdout,logit_probability__QuadraticRidge__holdout,logit_probability__selected_holdout,system_ratio_quantile__HGBR__holdout,system_ratio_quantile__ExtraTrees__holdout,system_ratio_quantile__RandomForest__holdout,system_ratio_quantile__QuadraticRidge__holdout,system_ratio_quantile__selected_holdout
44025,Long Island,META00002,-4.3614673648008031,-4.3306738177794362,-3.9316946969056046,-6.7116092152666731,-4.3306738177794362,1.1133714436522777,1.150183086191267,1.1694028776973859,1.050232445352091,1.050232445352091
44025,Long Island,META00023,-5.1535973814448406,-4.2015424278559328,-4.0100018299451152,-6.3717650847724441,-4.2015424278559328,1.1303682798833421,1.2073780033230093,1.203230441444687,1.2079715475917183,1.2079715475917183
44025,Long Island,META00029,-2.0163272877439873,-1.4581199653417078,-3.3052967728173446,2.2849107970370599,-1.4581199653417078,1.268228579511314,1.2298305851255078,1.2405828824512652,1.2473869641340665,1.2473869641340665
44025,Long Island,META00036,-3.7077732359154463,-3.5571074358250403,-3.7568191006568736,1.7744375250000033,-3.5571074358250403,1.2757151274476191,1.2305167394999401,1.2450923308305315,1.3925315746034441,1.3925315746034441
44025,Long Island,META00049,8.9982896677911572,8.5109117100327882,9.636816995994824,4.0753834515277818,8.5109117100327882,1.3709746573262473,1.4531446999817361,1.4790303104551454,1.4446001191543023,1.4446001191543023
44025,Long Island,META00056,-4.7508863053354169,-5.1282732024891127,-5.1285030087132419,-4.1231721898530109,-5.1282732024891127,1.1209872639790115,1.1158688960472112,1.1193053967325239,1.0678140912325298,1.0678140912325298
44025,Long Island,META00057,8.3809270045314435,8.7846461899746835,8.8239270126382845,2.9311602166709689,8.7846461899746835,1.3531441545643339,1.3459428557117799,1.3334840072892487,1.3457513132438494,1.3457513132438494
44025,Long Island,META00073,-4.3311353227851148,-4.9959159149798102,-5.0251760026920671,-4.051987246884913,-4.9959159149798102,1.0730276020500196,1.0819689850634988,1.0923618667273798,1.0920975063065819,1.0920975063065819
44025,Long Island,META00077,10.305088655205722,9.654327001208074,9.6400255402996358,12.32118809783783,9.654327001208074,1.761258933557067,1.6187240627635957,1.6528702294475965,1.8033891179834356,1.8033891179834356
44025,Long Island,META00079,-2.8956047043714821,-2.0717384295954799,-3.0518101129666237,0.58917176377777047,-2.0717384295954799,1.2599673388318726,1.257143844951103,1.2398992567098823,1.2046359044749941,1.2046359044749941
44025,Long Island,META00082,-2.8746038879600149,-3.8481915166745755,-3.6392718441294716,-2.217230437150862,-3.8481915166745755,1.3143773045385612,1.242460685932455,1.2661697459192611,1.3130106584945409,1.3130106584945409
44025,Long Island,META00085,-5.3660471797282838,-5.4436526801221969,-5.5364566040052736,-4.3028829899316987,-5.4436526801221969,1.1171974230802804,1.0743398418277881,1.0755755013279935,1.0740019990482899,1.0740019990482899
44025,Long Island,META00089,9.3201197597723251,9.6774369630186516,9.7041215611328902,6.2725466059887678,9.6774369630186516,1.3460035911982207,1.4046848256469562,1.3853613642392533,1.3661049959734912,1.3661049959734912
44025,Long Island,META00100,5.2487555102624786,2.6146751929855161,3.3002524253888041,1.1016888336226018,2.6146751929855161,1.2485327823525463,1.2782261356527644,1.2285518932304937,1.2367795978439808,1.2367795978439808
44025,Long Island,META00101,4.0905500423002552,4.789364074211985,3.7385663371730593,2.196779819102912,4.789364074211985,1.2721076062242416,1.3484071605353576,1.359677078383045,1.2581124775233121,1.2581124775233121
44025,Long Island,META00102,9.7297332146884568,9.6151665262229162,9.6674110871594028,6.1557669174629082,9.6151665262229162,1.471854256760365,1.5900946034743935,1.5768673100084882,1.4911351384206855,1.4911351384206855
44025,Long Island,META00118,-3.5174733275389909,-3.7664111974743553,-3.7282336877528732,-4.5585289018461843,-3.7664111974743553,1.2986462051519512,1.2494410119824908,1.2297765239132405,1.2955945825576258,1.2955945825576258
44025,Long Island,META00119,9.4112604431759799,9.6915761015153379,9.6962461138575016,9.119946995010844,9.6915761015153379,1.5357808752471211,1.5174454416947247,1.5346176954553086,1.4478097216257302,1.4478097216257302
44025,Long Island,META00125,-6.3896792300732415,-6.3311207100116178,-6.2488482654731952,-6.894699956610336,-6.3311207100116178,0.99878423259996174,1.0219767470384242,1.0086489331890285,0.98781184596351501,0.98781184596351501
44025,Long Island,META00130,9.647495508036771,9.656199063882422,9.7018745503278456,7.6661797653586845,9.656199063882422,1.5085608512508772,1.5344975865249113,1.5484178194363885,1.4670122943901314,1.4670122943901314
44025,Long Island,META00145,9.3221886707477726,9.6906355130847555,9.6944573678266526,10.481894972636105,9.6906355130847555,1.8557490526774421,1.858986777761493,1.8254317575370087,1.8929200881355388,1.8929200881355388
44025,Long Island,META00152,-3.874349740459528,-3.4285985335839753,-3.6470783442403159,-1.0437633991566422,-3.4285985335839753,1.2306804874744515,1.1973369935541887,1.2013468742112228,1.220471815876552,1.220471815876552
44025,Long Island,META00154,9.952813431453583,7.9829186224965651,9.6770557514099629,3.3458437670153964,7.9829186224965651,1.2085327389685494,1.329970403351094,1.3493448568484179,1.2882301613118383,1.2882301613118383
44025,Long Island,META00157,-6.243038443589227,-5.8933685093320962,-5.9601002800375804,-7.2522327101889328,-5.8933685093320962,1.0009737663506013,1.0357145923281061,1.0282836833617446,0.97692681723962149,0.97692681723962149
44025,Long Island,META00158,-3.9251325189415924,-3.8855668315310132,-3.8470384427329334,-5.4344645899052031,-3.8855668315310132,1.3184988311730357,1.2674012172921796,1.2751664855592506,1.36599972080374,1.36599972080374
44025,Long Island,META00162,-6.4519595835108046,-5.9342250626891131,-5.9170413129179806,-5.1715383265113699,-5.9342250626891131,0.97350109066004087,1.0239157284760676,1.0236392528685094,0.96682181553677693,0.96682181553677693
44025,Long Island,META00165,-5.5099138888295167,-4.7790640003455538,-4.6642109246740713,-2.7179345442751037,-4.7790640003455538,1.0894871495989893,1.1238933359856269,1.137375082733052,1.1005563317362628,1.1005563317362628
44025,Long Island,META00167,9.3407632498923565,9.6692043989810372,9.6947770457150355,9.7730441578393741,9.6692043989810372,1.7480126208645788,1.8674095308504077,1.839207458825179,1.7658082487772633,1.7658082487772633
44025,Long Island,META00168,0.078601809844529233,2.4930795694184122,1.4126615825178381,3.0162950329600413,2.4930795694184122,1.3046893242552187,1.3002770711140472,1.2951135175746236,1.2617486434122176,1.2617486434122176
44025,Long Island,META00170,-4.6286063209241446,-4.3476949521639119,-4.240088657386754,-3.8921117413756914,-4.3476949521639119,1.0503891570170847,1.1103502415206292,1.1195646022673558,1.0265020814322865,1.0265020814322865
44025,Long Island,META00187,-1.2340824792746554,-4.2325968884409448,-2.9168385520544269,-3.681075500987582,-4.2325968884409448,0.9888105205208424,1.0927162847364529,1.0894258728174993,1.0157066755413662,1.0157066755413662
44025,Long Island,META00193,-5.0684121666101083,-4.773057050920702,-5.1172760108213735,-3.9469692947848865,-4.773057050920702,1.1050310526103004,1.1125053596907883,1.0892128672762977,1.1019246036003192,1.1019246036003192
44025,Long Island,META00194,-5.4717367488757152,-4.1293224534053641,-4.8878254092303113,-2.9627901681211037,-4.1293224534053641,1.0560292864181726,1.0928437151151791,1.1161992251056465,1.1486126383272841,1.1486126383272841
44025,Long Island,META00198,-5.002368375617313,-4.5106417917327946,-4.2623808904708538,-2.4330595752957782,-4.5106417917327946,1.1090918678517736,1.1384774357834153,1.1361181273910563,1.0796323011315168,1.0796323011315168
44025,Long Island,META00199,-5.1815566295667033,-4.6478732136374337,-4.6850379102440503,-3.8835325783278867,-4.6478732136374337,1.1507931015467334,1.1668971672700192,1.1559336743629636,1.1696807115275363,1.1696807115275363
44025,Long Island,META00200,-2.2862734333898791,-3.0505576439079962,-2.7851972955884587,-1.1166817297317104,-3.0505576439079962,1.4316891205402387,1.3615597904669621,1.3808760567190621,1.7421975020002634,1.7421975020002634
44025,Long Island,META00206,-7.4065909502957084,-7.282583286579376,-7.3059548806169543,-8.9163206740110095,-7.282583286579376,0.98296080278862452,0.98623009590732069,0.98167269272443347,0.94632839338733377,0.94632839338733377
44025,Long Island,META00208,-2.3517202593503037,-3.3451467926916596,-3.097042995261678,-1.0749821982648777,-3.3451467926916596,1.2156880469459193,1.1888147757547591,1.2231082466412047,1.1360337691798532,1.1360337691798532
44025,Long Island,META00213,-5.7876469688593382,-6.2744537313932716,-6.338410869243396,-5.5661610950570291,-6.2744537313932716,1.028558935171398,1.0370674559679827,1.0224570239152886,1.0506655304057166,1.0506655304057166
44025,Long Island,META00215,-5.1443661987652174,-4.2184402839051067,-4.6955299085449509,-4.0486731044350908,-4.2184402839051067,1.0198959182815523,1.0885763347776936,1.0660266687122899,1.0775836119892006,1.0775836119892006
44025,Long Island,META00217,-1.8015790381421979,-3.1915578037555803,-2.8690741602179073,-1.702437839905814,-3.1915578037555803,1.4317447131402961,1.3458793981465078,1.3711075839156937,1.5025819867347296,1.5025819867347296
44025,Long Island,META00221,9.4204036039731225,9.7013140559896129,9.7041215611328902,7.7871919927808992,9.7013140559896129,1.503392353741511,1.5401679415438783,1.512344624039653,1.5468425050047194,1.5468425050047194
44025,Long Island,META00223,10.015837388260971,9.4880219171145139,9.5438061758814587,5.0149170589863052,9.4880219171145139,1.4473901170859409,1.5063500220057431,1.5025156618400191,1.4479826657276453,1.4479826657276453
44025,Long Island,META00226,2.1570312805800254,1.7641265105038864,0.19933066514955627,0.63390108652417509,1.7641265105038864,1.2704098235298527,1.3260592656255441,1.2320646932438817,1.3231674678405292,1.3231674678405292
44025,Long Island,META00233,10.507029204215552,9.7041215611328298,9.7041215611328902,11.647278424913095,9.7041215611328298,1.6235976105725729,1.511272466732182,1.5302383298570077,1.5657099182876131,1.5657099182876131
44025,Long Island,META00235,9.2204465126520638,8.9940934287789798,9.6715302890673716,4.0155182800778428,8.9940934287789798,1.2565035767265604,1.3075882444174833,1.3044766556685883,1.2593440035578223,1.2593440035578223
44025,Long Island,META00236,8.4778102505833797,8.6130484876577196,8.9462954878766752,2.732111200689078,8.6130484876577196,1.4549567806127488,1.3946006784858354,1.3723246006366048,1.4127477279624945,1.4127477279624945
44025,Long Island,META00241,-4.8152584987128142,-5.042242188704904,-4.6904775596017432,-7.3095591279569057,-5.042242188704904,1.1255571703228824,1.1201476622344004,1.1436110238177608,1.1013525348136612,1.1013525348136612
44025,Long Island,META00253,2.0111610282007142,2.6431990233217419,1.7570695576051045,1.860731492485125,2.6431990233217419,1.3019739652298432,1.3189356490208215,1.3422811860818435,1.2550201850904323,1.2550201850904323
44025,Long Island,META00255,9.8364611750035333,9.7041215611328298,9.7018755570183171,11.17880665472137,9.7041215611328298,1.5046334470654623,1.5809185717857117,1.5260566133554345,1.5807626727660844,1.5807626727660844
44025,Long Island,META00256,10.342930170910684,9.6779272476069309,9.5589698461442545,7.6807931928006052,9.6779272476069309,1.3000453715622458,1.3150218295594014,1.3282529642806369,1.2825453604128823,1.2825453604128823
44025,Long Island,META00257,9.3539980246223582,9.6688168424764012,9.6887751154716923,7.993980991874154,9.6688168424764012,1.4154148319003914,1.4252729288668775,1.4324064509111307,1.411071271164001,1.411071271164001
44025,Long Island,META00267,-2.7462064134280748,-3.1453728194703321,-3.426354619179429,-2.2539867143326995,-3.1453728194703321,1.4342605364115093,1.3824827544672682,1.3522938702591301,1.6356288837619353,1.6356288837619353
44025,Long Island,META00274,7.3392105902892633,7.6543246848660482,9.6220106518178099,3.4530428249039602,7.6543246848660482,1.4841745401242494,1.4991602072079204,1.55979982889768,1.4218815601727255,1.4218815601727255
44025,Long Island,META00285,9.7049530530736838,9.6838234865120008,9.672104311089079,9.0840362708091273,9.6838234865120008,1.3150357800740098,1.368181079880314,1.3766360032057188,1.313009233441478,1.313009233441478
44025,Long Island,META00289,-0.8738931347751786,-1.6476953700308683,-0.46335573358021803,-0.83314242498699642,-1.6476953700308683,1.1629042047102551,1.2321013017539704,1.2139119533951965,1.1835130510755587,1.1835130510755587
44025,Long Island,META00292,-7.0329805984275255,-6.358424413366091,-6.5009945617057987,-5.9690438020177448,-6.358424413366091,0.95835167904649909,1.008490059371375,1.0032609394527727,0.93897311125349914,0.93897311125349914
44025,Long Island,META00308,-5.3951077318110787,-4.9371175339997331,-4.5214791887018393,-5.0422285433802481,-4.9371175339997331,1.1032324067777268,1.1162853509983153,1.1435051234872207,1.0642705063963473,1.0642705063963473
44025,Long Island,META00313,-5.4286592924956345,-5.2925287955936078,-5.2462370075303744,-5.8275281809290069,-5.2925287955936078,1.0227463665736987,1.0822955467867821,1.0832040914575181,1.0279957598097691,1.0279957598097691
44025,Long Island,META00317,10.876248195507442,8.3464628166555386,8.2661189070758354,12.951949316845337,8.3464628166555386,2.0735001678345228,1.9291102295617752,1.9811896922943772,2.4987957387228317,2.4987957387228317
44025,Long Island,META00318,1.7466616007650995,0.65950028511161995,1.1352647882514959,0.005240339327242105,0.65950028511161995,1.2338960820842437,1.2510891107989879,1.268439245457109,1.2312691702856704,1.2312691702856704
44025,Long Island,META00327,-5.6424174896536394,-5.6274180390220661,-5.7407423552901253,-7.5172207605846548,-5.6274180390220661,1.0677324749003629,1.0518807254948768,1.0444543198310692,1.0393826597476123,1.0393826597476123
44025,Long Island,META00331,-0.45210144446469597,1.0125124540537633,-1.5844611437828222,1.8794622469043158,1.0125124540537633,1.2054512109023607,1.2466432168926518,1.2469534373651159,1.2108219504780293,1.2108219504780293
44025,Long Island,META00338,9.6034271218321088,9.7041215611328298,9.7041215611328902,13.827017669211322,9.7041215611328298,2.0145776475796189,1.857858690623974,1.8552094598623243,1.8008143193046242,1.8008143193046242
44025,Long Island,META00354,9.3805339695317151,9.4428984958965785,9.5873836590912287,3.7869780710340426,9.4428984958965785,1.5937743541866387,1.6274907433575725,1.6331165444406031,1.5857683297251919,1.5857683297251919
44025,Long Island,META00364,-3.7589724688919777,-3.5891641311736029,-3.4484485913364935,-2.5184375878629255,-3.5891641311736029,1.1194515820469959,1.1341882846159015,1.1577413596523425,1.1682626246285108,1.1682626246285108
44025,Long Island,META00366,-5.679944776010923,-4.0410598605786152,-4.135864167743188,-3.294700654609505,-4.0410598605786152,1.0996081252322438,1.1462778409445293,1.1439032885360911,1.1043679066360697,1.1043679066360697
44025,Long Island,META00368,10.057401043360249,9.691486256735697,9.7041215611328902,9.1039514180017296,9.691486256735697,1.5045145372420683,1.5156685415606856,1.5352020787152802,1.4943499531106761,1.4943499531106761
44025,Long Island,META00374,10.083353081777874,9.6915328028698031,9.6765072755235284,9.4932888014276369,9.6915328028698031,1.6408635343241391,1.7259952909942611,1.6822082792294202,1.5461143219405189,1.5461143219405189
44025,Long Island,META00376,9.6671251236338716,9.6926454554417205,9.6970230498296104,11.775154720915182,9.6926454554417205,1.632319482567459,1.6189509676047444,1.5740813931573252,1.6626455394774087,1.6626455394774087
44025,Long Island,META00382,-5.9111430339286528,-4.6181310442443788,-4.7262054697316183,-4.467871136521107,-4.6181310442443788,1.0579671020854833,1.1511048469104737,1.1209329008867124,1.0311823341415924,1.0311823341415924
44025,Long Island,META00386,9.4967954649968416,9.6908742870426074,9.7041215611328902,11.713420656349665,9.6908742870426074,1.3570883794589399,1.4244096823564534,1.4439537926856705,1.3897428728703622,1.3897428728703622
44025,Long Island,META00393,5.2625135710716249,7.069023484546495,7.2932048714085678,3.8582001746777812,7.069023484546495,1.2450010327784673,1.2833282769929395,1.2877450731951734,1.3057059934970603,1.3057059934970603
44025,Long Island,META00417,4.9541350620806011,6.0254277176109134,5.5134144011389239,2.9997058301717745,6.0254277176109134,1.2978959510702723,1.2756523750678905,1.2765530740726245,1.2950403367530332,1.2950403367530332
44025,Long Island,META00425,-5.8543862816555539,-5.9799270591080953,-5.9602893894140569,-4.3104749588597091,-5.9799270591080953,1.0788174003992197,1.0490557912661866,1.0540245250307483,1.1341134738614689,1.1341134738614689
44025,Long Island,META00434,-5.8853648261623137,-5.6517847704090283,-5.3461537780954504,-6.5592475865116393,-5.6517847704090283,1.0154221809695769,1.0438214385040316,1.0634864740663172,0.9575011313594185,0.9575011313594185
44025,Long Island,META00441,2.878697664156145,2.0248729290442435,4.3943919187789682,1.7824926223563815,2.0248729290442435,1.3257612250918831,1.312043132705613,1.2973312138420849,1.2562085634887641,1.2562085634887641
44025,Long Island,META00450,-7.7395854714144674,-7.6031534947508472,-8.0926774787670848,-7.3036769745104833,-7.6031534947508472,0.9603742307299048,0.97956467164282879,0.96925950059314192,0.90722263969547912,0.90722263969547912
44025,Long Island,META00460,-1.0260290095470526,-0.36653723831354534,-1.3471997304123633,0.90327295321135181,-0.36653723831354534,1.2170851995331378,1.276141843103457,1.2345473084223959,1.2947985447329726,1.2947985447329726
44025,Long Island,META00461,-2.3679544097370226,-3.1811127613479875,-3.0326247453693882,-0.94469257710189003,-3.1811127613479875,1.4030387716620178,1.3257556329063329,1.3446842554822915,1.4289161333359559,1.4289161333359559
44025,Long Island,META00466,10.169788070293752,9.6815393237315952,9.4638607947376219,15.334181723590113,9.6815393237315952,1.6705932648994468,1.5209391682115057,1.5606823456956089,1.6133072009691005,1.6133072009691005
44025,Long Island,META00476,8.7414952130828425,8.9505806939267654,9.1154603944036943,3.4643011841061808,8.9505806939267654,1.2003234447136399,1.2995886395141534,1.3145935360939831,1.1772856910377778,1.1772856910377778
44025,Long Island,META00487,9.7640739785283674,9.3013744365210496,9.2690535780866963,5.1834944506448339,9.3013744365210496,1.3252020459293719,1.2841063311075174,1.3228552488239393,1.2380840971555853,1.2380840971555853
44025,Long Island,META00489,-2.6542351898259628,-3.0088875805573743,-2.2900153847375351,-3.0329469278312047,-3.0088875805573743,1.1234151313926384,1.1497042501172168,1.1537038037560727,1.1807196626738723,1.1807196626738723
44025,Long Island,META00492,-4.1418761195540119,-5.7104568819911519,-5.5617559811073143,-4.7379336724910299,-5.7104568819911519,1.1183623850395032,1.0556064525982043,1.0785255070745527,1.0230501816461013,1.0230501816461013
44025,Long Island,META00493,-5.4031540069874184,-5.8051662427880508,-5.5970119845032853,-7.3820024812372713,-5.8051662427880508,1.0402848826196724,1.0581654223055028,1.0623870404232403,1.028911728735459,1.028911728735459
44025,Long Island,META00498,-5.0599902297365222,-4.9572678873323985,-4.4915724477435326,-7.2831850910407434,-4.9572678873323985,1.1071688958150987,1.1181069071105365,1.1490659258375771,1.1416333422102052,1.1416333422102052
44025,Long Island,META00508,9.5324862001361854,9.6504302352869331,9.6978299308787648,7.7966161559746272,9.6504302352869331,1.3750030721813014,1.3709105758128302,1.3958159414389315,1.419786477886994,1.419786477886994
44025,Long Island,META00511,9.4136975620964858,9.5462424366161809,9.6955250426262456,4.9124997867046867,9.5462424366161809,1.3789619578722723,1.3755015112243869,1.388702083311887,1.348833208643514,1.348833208643514
44025,Long Island,META00514,9.6983093131328086,9.692670555348462,9.6702696902778325,8.0129705368863728,9.692670555348462,1.3289495836978293,1.3850298135120811,1.3924256596996458,1.4262032005868768,1.4262032005868768
44025,Long Island,META00516,-4.0904848573237214,-4.2183998594021386,-3.9660183707765793,-2.2664576997394583,-4.2183998594021386,1.2776944287575684,1.2269147153546847,1.2524210858673008,1.2736665541398502,1.2736665541398502
44025,Long Island,META00518,10.140600477605096,9.6701823734781893,9.7041215611328902,6.9215547425326012,9.6701823734781893,1.3910132777171351,1.3964176296633526,1.4046059732781888,1.3693842882744665,1.3693842882744665
44025,Long Island,META00527,-5.2861961836895075,-5.5655474293265854,-5.6110411283990507,-6.4428932788392821,-5.5655474293265854,1.0638151236918669,1.0629063742287364,1.0469059325574943,1.0754434040939336,1.0754434040939336
44025,Long Island,META00529,-6.0948447513520021,-5.6300181048558366,-5.5128543737334423,-6.5232668735705284,-5.6300181048558366,1.0085735103092652,1.0654340624444474,1.0598833618362831,0.97635282167569992,0.97635282167569992
44025,Long Island,META00533,-4.9116010341031666,-4.496178871873945,-4.7748616675104438,-6.0882736999680516,-4.496178871873945,1.1561479302400772,1.1686079048477289,1.1567404305942384,1.0954379283465256,1.0954379283465256
44025,Long Island,META00541,-3.3460361419507954,-3.2791588374545926,-2.3771126621150476,-0.84735214305012263,-3.2791588374545926,1.2280426177948323,1.2181836507241204,1.21937562626413,1.1678985468566212,1.1678985468566212
44025,Long Island,META00545,-4.7383324930261388,-4.8605269842899341,-5.0080581880864337,-4.6516213437794312,-4.8605269842899341,1.0935795731071469,1.124510979204117,1.1082169961735258,1.0855962731279249,1.0855962731279249
44025,Long Island,META00548,-2.4838249506223593,-0.82007810681390725,-2.0452839011446589,0.50348921340727426,-0.82007810681390725,1.2687972334764537,1.2570818885502542,1.2342367005725234,1.3733877444999136,1.3733877444999136
44025,Long Island,META00551,1.6436023581289561,1.8554349970713224,0.94929661090548911,0.023754365105416508,1.8554349970713224,1.2037112756877142,1.234283351421001,1.248174711204729,1.1547749278888366,1.1547749278888366
44025,Long Island,META00560,9.5308804088393888,9.7041215611328298,9.7041215611328902,15.896932569951638,9.7041215611328298,2.095076321837829,1.9554974030291199,1.9020072158099997,2.1103777280844196,2.1103777280844196
44025,Long Island,META00564,-4.2570577249908919,-4.5533991532672262,-4.3701431936736199,-5.4258551596216504,-4.5533991532672262,1.1624245893832712,1.1504403067768414,1.1508044096715642,1.2008197639439881,1.2008197639439881
44025,Long Island,META00568,-4.9089776540202354,-4.7776686872686858,-4.707672188421248,-3.0258170857254578,-4.7776686872686858,1.0699431858693988,1.0990371994137007,1.1086655040217841,1.1067864289230656,1.1067864289230656
44025,Long Island,META00572,4.7427583830208011,6.0249279045476198,4.8417003690928926,3.3407438536879588,6.0249279045476198,1.3499916785689055,1.3918480013818726,1.3668292756645974,1.3298959167477096,1.3298959167477096
44025,Long Island,META00581,-4.1931806699756455,-4.0477899892657687,-3.7961587195125763,-3.706065872121707,-4.0477899892657687,1.2263856420814225,1.2161565900921283,1.2198086350263211,1.1434428220568631,1.1434428220568631
44025,Long Island,META00585,11.393736549623839,8.8520725382196961,9.5554319384799147,3.3721495906288181,8.8520725382196961,1.3049038645368878,1.3138689869955309,1.3151359396673004,1.3186450871272204,1.3186450871272204
44025,Long Island,META00586,9.4945901430391402,8.9179515490911321,9.1191838421670486,4.8435323489061446,8.9179515490911321,1.2698432626625513,1.3054209447729661,1.3204250133156017,1.3125188908927019,1.3125188908927019
44025,Long Island,META00588,-4.3051375925976219,-2.8428082487595465,-3.0263087274463478,-0.60030973168010038,-2.8428082487595465,1.1623050412976903,1.1932480439696971,1.1948505733976982,1.1564144742336642,1.1564144742336642
44025,Long Island,META00593,10.002597349831786,9.2894534154744779,9.2578809882806681,5.1281798235181704,9.2894534154744779,1.2229096107399635,1.3036609038328819,1.3285375043253427,1.1987850163407996,1.1987850163407996
44025,Long Island,META00596,-3.4749760375323686,-0.94149135735646861,-3.587964868756941,1.1318458695120825,-0.94149135735646861,1.2821138295715266,1.2522252904078801,1.2682132519543667,1.2741356741408727,1.2741356741408727
44025,Long Island,META00601,9.7161048742566916,7.1566385455507513,9.4343290120362084,5.2975986570494458,7.1566385455507513,1.3737977615500212,1.4270059248104359,1.4765520323417873,1.4054698541800372,1.4054698541800372
44025,Long Island,META00603,-5.7868907760268531,-5.3898313076180218,-5.5858135654965393,-4.8350276529255121,-5.3898313076180218,1.0759669203982412,1.0810409014260247,1.0472891261455617,1.0469313918653644,1.0469313918653644
44025,Long Island,META00618,-4.5944162383425589,-4.826009935858953,-4.36745575999492,-4.3271862448346194,-4.826009935858953,1.1478998182663676,1.1367260349638963,1.1461596736313799,1.0738206355722923,1.0738206355722923
44025,Long Island,META00619,-6.8175423972672231,-6.1068057315733233,-5.7367707838141353,-7.1994091124555073,-6.1068057315733233,1.0421726514222631,1.0770615162199346,1.0777896545087704,0.97388028536440285,0.97388028536440285
44025,Long Island,META00623,-3.7642176316485569,-4.2947685282418631,-4.560232095832915,-4.5578453615270123,-4.2947685282418631,1.2399676732272942,1.1830797252761498,1.1497499390337194,1.3008643782914395,1.3008643782914395
44025,Long Island,META00627,10.03343480163543,9.7041215611328298,9.6887751154716941,14.482231035133449,9.7041215611328298,1.3871571723723097,1.4458494195364744,1.4417680409887825,1.4845703647123929,1.4845703647123929
44025,Long Island,META00632,9.6381522677080369,9.606988070585869,9.2816916192808989,8.2146984629714446,9.606988070585869,1.4949660119038439,1.4314334593288416,1.4230830435898343,1.3413073582944881,1.3413073582944881
44025,Long Island,META00640,9.2164710522564057,9.6818046297987728,9.7021752847281846,12.663012587934656,9.6818046297987728,1.8039434869780642,1.7341070516153301,1.7136789690829837,1.7101167274291043,1.7101167274291043
44025,Long Island,META00644,-4.0541303316163519,-4.2875449024198735,-4.1015778932299698,-5.6216017314697444,-4.2875449024198735,1.1633807058672674,1.1712961106976343,1.1760260885238252,1.1529993617984413,1.1529993617984413
44025,Long Island,META00646,9.7807595666412492,9.5773271735968599,9.3160709457132143,6.0354090021141467,9.5773271735968599,1.2809201832950645,1.3137081191656232,1.3275966821141505,1.2256211709434295,1.2256211709434295
44025,Long Island,META00647,-4.9628203198103433,-5.0303929363410234,-4.831859430808632,-7.4622371029364265,-5.0303929363410234,1.060014359659107,1.1059939554138218,1.105974851901786,1.1019971404965219,1.1019971404965219
44025,Long Island,META00653,9.016993311995849,6.7363878929980991,7.552672305330117,2.7529260223646936,6.7363878929980991,1.3443997224032413,1.2923300245743454,1.281465466970982,1.3266031055163565,1.3266031055163565
44025,Long Island,META00654,10.250360261161413,9.7030402964635503,9.7019753183756077,16.722723513848578,9.7030402964635503,1.8201598470710245,1.8242681792684274,1.7534570443348696,1.9647707254285689,1.9647707254285689
44025,Long Island,META00658,-3.9319206705198422,-3.3904848006218526,-3.4171632110793166,-1.6341812164986149,-3.3904848006218526,1.1554866434233466,1.1648422267810372,1.1653088959137177,1.1265386451386314,1.1265386451386314
44025,Long Island,META00668,-0.18014133212917446,1.2434557004163105,0.40948075543533141,1.3731352987213361,1.2434557004163105,1.2414942594050526,1.2908822012105261,1.2866494064647882,1.2466401727662104,1.2466401727662104
44025,Long Island,META00671,10.344956081916759,9.6818875308178356,9.6676900600919335,9.1735921832047165,9.6818875308178356,1.3852832270421715,1.3631858697487014,1.3489053416758241,1.383694999103861,1.383694999103861
44025,Long Island,META00672,9.4321089465832344,9.4835514035217816,9.7017758446592577,5.9428496855978796,9.4835514035217816,1.5934678414622445,1.5990539961163988,1.582893558065479,1.5366498009032845,1.5366498009032845
44025,Long Island,META00673,8.8415581016435496,9.1110262863766245,9.6799376081276254,4.3272960980936146,9.1110262863766245,1.3703567708176896,1.4093949218941784,1.3929181062930061,1.3187780447333859,1.3187780447333859
44025,Long Island,META00676,9.71629907278699,9.610173611005008,9.7026235539295271,6.6192844248515046,9.610173611005008,1.5285026765013123,1.5691638681114393,1.6098103005247715,1.5634513226047915,1.5634513226047915
44025,Long Island,META00679,9.453665037706223,8.2377020548365874,9.4297603239335537,7.3549622640685195,8.2377020548365874,1.6874580676289999,1.6134961755902897,1.6836229758702235,1.6903710616739094,1.6903710616739094
44025,Long Island,META00680,-8.3584775793397164,-7.8556566522750231,-8.1486969150773074,-6.3496606088075742,-7.8556566522750231,1.0122588332347582,0.96841880169168248,0.96610158262434409,0.94051430592885965,0.94051430592885965
44025,Long Island,META00684,9.3311933264213796,7.3554058794833903,8.9827517990718757,2.7689274502301129,7.3554058794833903,1.1791645552235555,1.2754755919124228,1.2892417616531207,1.1844377216986233,1.1844377216986233
44025,Long Island,META00687,9.8036634885945091,9.6835270771126467,9.6587821565100018,10.217369924631281,9.6835270771126467,1.7171702510864455,1.7448757652616864,1.6534680927947285,1.7063349265063579,1.7063349265063579
44025,Long Island,META00691,-5.0145377760304601,-4.3823531796818118,-4.016998720731686,-6.7115157428268413,-4.3823531796818118,1.0999757104405499,1.1536392805892666,1.1759268744544087,1.0386205605191945,1.0386205605191945
44025,Long Island,META00695,-5.4586047488377671,-4.9952465484359196,-5.0820079439281427,-5.2776902141387536,-4.9952465484359196,1.0492252622969551,1.0587407958669159,1.0857398728928047,1.0866663245667363,1.0866663245667363
44025,Long Island,META00699,-4.7424765047475086,-4.7072385213888541,-4.7967292506134953,-5.1756581567783018,-4.7072385213888541,1.1449231949220247,1.1762957221665198,1.1662176095492522,1.1417807513491949,1.1417807513491949
44025,Long Island,META00708,-3.3095256605844545,-1.6656516381651096,-1.7995504122790131,0.20024389485613753,-1.6656516381651096,1.2214988159679048,1.2336187241173222,1.2321230308935442,1.2012575633500613,1.2012575633500613
44025,Long Island,META00713,-3.0277459586985938,-2.1687979902192893,-2.3929512799351826,-0.081448151410528802,-2.1687979902192893,1.2574999505631663,1.235575394463438,1.2655604706133525,1.2399646467635228,1.2399646467635228
44025,Long Island,META00714,-3.9504589691488303,-4.0670210388662289,-3.8797617757368594,-5.5118863606816175,-4.0670210388662289,1.2523998592958894,1.2063098610980518,1.221578537131506,1.3070956598210208,1.3070956598210208
44025,Long Island,META00716,-8.3142028527946099,-7.2568576164277223,-7.2084217815667504,-8.504905870867292,-7.2568576164277223,0.97065174957138101,0.99381330351976938,0.99011901102162136,0.94220464245582547,0.94220464245582547
44025,Long Island,META00717,-3.0025013216504801,-3.2885370819949844,-3.0773496651973113,-4.3944339236825334,-3.2885370819949844,1.344915041501338,1.313219527164742,1.3278524110267227,1.5143622275182145,1.5143622275182145
44025,Long Island,META00724,-6.0377176746215904,-5.5601576904287411,-5.917001391573196,-5.2778444559295652,-5.5601576904287411,0.99785976877438431,1.0296233356341873,1.0292913815100186,1.0315308010392146,1.0315308010392146
44025,Long Island,META00729,-5.5573122862289273,-6.2471669025258985,-6.0800906799387455,-6.1189541567363284,-6.2471669025258985,1.0430266496640657,1.0242425010246072,1.0253154361938648,0.99969909312594463,0.99969909312594463
44025,Long Island,META00733,-7.057325613533262,-5.3081933048732717,-4.8804909470423459,-5.8440728511404947,-5.3081933048732717,1.098969758874901,1.1330694534673122,1.1521283387829255,1.0619421516328655,1.0619421516328655
44025,Long Island,META00734,-2.4298353964217347,-3.0528387198519291,-3.0153449688039378,-2.5064487833934623,-3.0528387198519291,1.4497269598106886,1.3463961432576033,1.330902886101704,1.8296010705973798,1.8296010705973798
44025,Long Island,META00738,-7.2958708926439293,-6.583103486472603,-6.9878418796842183,-6.6362946631296351,-6.583103486472603,0.9699004991116158,1.017864380255237,0.99918774032022051,0.91870277861051974,0.91870277861051974
44025,Long Island,META00739,5.2938206532142775,6.1217618036875887,5.9279504989674772,2.972777117173969,6.1217618036875887,1.2043547874792286,1.2345697222215393,1.2268844569314061,1.2509861013075363,1.2509861013075363
44025,Long Island,META00753,-4.6978730952115981,-5.00159452387099,-5.0287315083054116,-4.0188954128616272,-5.00159452387099,1.1594604820408156,1.1326340824009917,1.1304195783255651,1.1276659189054905,1.1276659189054905
44025,Long Island,META00768,-3.5722989033169252,-2.6045809809970675,-3.9567488477311623,-0.67011707422516731,-2.6045809809970675,1.2230998978159211,1.2342968424543228,1.2345048141941461,1.1757976066238565,1.1757976066238565
44025,Long Island,META00769,-5.2811554388892761,-4.7285614678166041,-4.7333879439293236,-5.4999997563793164,-4.7285614678166041,1.1505014907001065,1.1729009623201725,1.1626135208715105,1.1327188833661095,1.1327188833661095
44025,Long Island,META00775,9.6201153266101969,9.6993819039896163,9.6990680518751002,10.870097281993685,9.6993819039896163,1.6100796564130813,1.6199146205579993,1.5947028809080461,1.5934937712660027,1.5934937712660027
44025,Long Island,META00790,-4.2136554045326893,-3.908783657400452,-4.0991577615604173,-1.9378129393044037,-3.908783657400452,1.1531881835753224,1.1763800145507288,1.1997746089808712,1.1361209349960384,1.1361209349960384
44025,Long Island,META00792,-5.0649025951803157,-4.7660071808638005,-5.0218335972371149,-3.2740567627584873,-4.7660071808638005,1.1050839947298157,1.0886876393160987,1.0844259184819074,1.1147340448356626,1.1147340448356626
44025,Long Island,META00794,-1.8577731270924656,-2.9243266403466848,-2.690456896533302,0.37886886912023188,-2.9243266403466848,1.4758875931586501,1.3552228508234647,1.3831780815029417,1.881029429777193,1.881029429777193
44025,Long Island,META00795,-1.2179118605554644,-0.85602666249852211,1.0200068661015327,-0.38658596042827398,-0.85602666249852211,1.2180872283613291,1.2055497927110814,1.2241452232820704,1.2170447817325587,1.2170447817325587
44025,Long Island,META00800,-2.8364543840102683,-3.2704044113139892,-2.1928889479363396,-0.81058534086648792,-3.2704044113139892,1.2766283680540409,1.2048341427472391,1.2210893301271373,1.2513363182792034,1.2513363182792034
44025,Long Island,META00802,-6.6500855691295246,-6.1582467068406253,-6.3677729609889591,-7.019473582895726,-6.1582467068406253,1.0017680345268281,1.028814398904824,1.0180108092943323,0.98879514699703575,0.98879514699703575
44025,Long Island,META00806,10.092161533967639,9.6507039253574085,9.3403502311274273,11.822775212317563,9.6507039253574085,1.7951603228522588,1.7953044787714154,1.7634339866789142,1.6215291409695971,1.6215291409695971
44025,Long Island,META00811,9.724124556776971,9.6825163489684289,9.6935658370015432,11.127774683304624,9.6825163489684289,1.5054462701509721,1.5561652093707781,1.5410569183964353,1.5258869820121244,1.5258869820121244
44025,Long Island,META00813,-5.1234127093608395,-4.4649028493548384,-4.4335742575177477,-5.7457196324709816,-4.4649028493548384,1.1726903041849077,1.2189898969282671,1.221246456106813,1.2128242291427322,1.2128242291427322
44025,Long Island,META00814,9.5304220106669018,9.6902851161676935,9.6705398017921524,9.5551366339089014,9.6902851161676935,1.885075535485818,1.8445720840065116,1.8181288988891435,1.69110638744867,1.69110638744867
44025,Long Island,META00816,-5.2221851898088545,-4.7750560249575633,-4.9893104132405846,-4.5760124773031148,-4.7750560249575633,1.0420887131046841,1.0900937890679534,1.0789079307433611,1.0549138509294094,1.0549138509294094
44025,Long Island,META00820,-7.5279965826547066,-7.184153905783158,-7.35053571726933,-6.0187068100658765,-7.184153905783158,1.0280881724519908,0.99268458966789541,0.98411810878483252,0.98338470898633878,0.98338470898633878
44025,Long Island,META00821,9.4636838732190824,8.7855891436557965,9.5535666671417623,6.2365540121226717,8.7855891436557965,1.6430490387765584,1.5639395090980253,1.6222724125706971,1.5470912541186033,1.5470912541186033
44025,Long Island,META00825,-5.8147184731352253,-5.367654330844049,-5.5445461967758245,-5.3729671184746781,-5.367654330844049,1.0891745578261798,1.0986486318457462,1.0903854896600913,1.0995634630159443,1.0995634630159443
44025,Long Island,META00828,-6.0559549275496503,-5.7632978621192379,-6.1456765432455418,-7.1157307773010219,-5.7632978621192379,1.0596210955277774,1.073410101130108,1.073281508596589,0.93056320733652254,0.93056320733652254
44025,Long Island,META00830,9.7388838908375366,9.6949548626423905,9.7041215611328902,6.5944212678926384,9.6949548626423905,1.3568578716765616,1.3663808896085461,1.3598563745828303,1.3067264221666846,1.3067264221666846
44025,Long Island,META00835,-2.2351107511703838,-1.6195609921400833,-0.34296471889913188,-1.5043941219683634,-1.6195609921400833,1.2699624548104924,1.2320399318726649,1.220020313902797,1.230555007485193,1.230555007485193
44025,Long Island,META00836,-6.5794427420311932,-6.2214769936483849,-6.5237889079613582,-8.3641711183058529,-6.2214769936483849,1.0432732170064902,1.0392165971012126,1.0283943483618618,1.0612932759857423,1.0612932759857423
44025,Long Island,META00839,-6.129222338676704,-6.0895783279861613,-6.2991120636151212,-6.51871151821915,-6.0895783279861613,1.0376349448215505,1.0477479417996753,1.036960985598995,0.99058570738504303,0.99058570738504303
44025,Long Island,META00846,9.5326724038542316,9.6878475130881156,9.6772256983281704,10.474005253645856,9.6878475130881156,1.5501296400337334,1.5906317696795649,1.6031113685383227,1.5674691331807831,1.5674691331807831
44025,Long Island,META00848,4.7246508982125031,6.2835674455498403,5.8033534606350212,1.8680678007712976,6.2835674455498403,1.2321188336095728,1.2423923148350189,1.2675300926884117,1.2009177027433373,1.2009177027433373
44025,Long Island,META00856,9.2793006015063444,8.4128475472146835,9.5908464038578511,3.8617819582639488,8.4128475472146835,1.3251584806082577,1.3752177622471686,1.4393859100189279,1.3127826102565856,1.3127826102565856
44025,Long Island,META00857,10.038613651846319,9.6606542360903678,9.3442722802171918,10.294861322155656,9.6606542360903678,1.3779444377766132,1.3682882821731901,1.4414205049947726,1.282934311554442,1.282934311554442
44025,Long Island,META00863,-2.8008890620313052,-3.4859924536225866,-3.2403558041152358,-4.2931929916408258,-3.4859924536225866,1.3006405335982079,1.2719913985080873,1.2966310875153055,1.380628128063351,1.380628128063351
44025,Long Island,META00872,9.2446937229654811,9.6782788387056637,9.7041215611328902,7.7363538712745834,9.6782788387056637,1.4702048910062093,1.4894516615722979,1.4607388611853214,1.4336165367184401,1.4336165367184401
44025,Long Island,META00878,-2.3927776319989054,-1.2823294337913653,-2.3181411775941174,-0.081460607970309851,-1.2823294337913653,1.2343260719743234,1.2349687113070686,1.2104220511163091,1.3520380264682332,1.3520380264682332
44025,Long Island,META00879,-7.7679104252549598,-7.1599743259501052,-7.3020506998620238,-8.6205649666280681,-7.1599743259501052,0.96829032907347479,1.0015655004047297,0.9871416034305478,0.9404010778166314,0.9404010778166314
44025,Long Island,META00889,-5.645929995079551,-5.9237007900297529,-5.8656018858062486,-5.2865407058112757,-5.9237007900297529,1.0898396379416977,1.0659021757335625,1.0593637103929829,1.0545203897576767,1.0545203897576767
44025,Long Island,META00892,-1.3473304698123576,-1.4584241425384887,-2.2344507659632167,-0.55758797867860022,-1.4584241425384887,1.2347981625402213,1.2474652955100671,1.2278459492877745,1.2835181065587025,1.2835181065587025
44025,Long Island,META00895,-2.3380558399184954,-3.316520313075586,-3.2758074673430246,-2.0001008579222836,-3.316520313075586,1.3512770096986118,1.2971130226114524,1.3017144760904704,1.3099451316386819,1.3099451316386819
44025,Long Island,META00900,-1.4299471933133781,-2.7870095373796953,-2.6215339269480173,0.86395912794603802,-2.7870095373796953,1.5601810167876211,1.3739789976009129,1.3896198685603824,1.842740655031833,1.842740655031833
44025,Long Island,META00902,-4.6377795095550987,-5.2593056768996034,-5.4029505966667877,-5.1538047657226187,-5.2593056768996034,1.0981022780664287,1.1090471116791587,1.1084201337358184,1.0511854258758528,1.0511854258758528
44025,Long Island,META00911,-5.4837059571735027,-5.6129550491594919,-5.6405872083097695,-7.3057332488292479,-5.6129550491594919,1.0341029388410827,1.0701023573032671,1.0675433940271599,0.96408175732248924,0.96408175732248924
44025,Long Island,META00912,-0.30367478086654554,-1.4124815146923557,-1.566331252532196,-0.32143260062510737,-1.4124815146923557,1.1369307059914187,1.1731088950964663,1.1650354552582878,1.1693830561113647,1.1693830561113647
44025,Long Island,META00913,-3.6390219377494519,-4.3424700430622867,-3.8939443597933363,-4.6996946883685462,-4.3424700430622867,1.2219009930379405,1.2007499060438116,1.2284177832395995,1.168361065246982,1.168361065246982
44025,Long Island,META00926,5.5697861242178179,4.7146156781086574,6.3028987923009057,4.9069242611546775,4.7146156781086574,1.3047115502704942,1.311730195664468,1.3066942217848896,1.2844073554446562,1.2844073554446562
44025,Long Island,META00935,9.7957960190697495,9.6003931831837157,9.6772652812257949,9.2732056507833196,9.6003931831837157,1.8016401893332614,1.598493990809037,1.6590899083775812,1.6192294578401947,1.6192294578401947
44025,Long Island,META00940,9.2269661436120884,7.2066787340856386,9.4292997539767445,4.4318122103277409,7.2066787340856386,1.4438123218237018,1.4747954635126463,1.56116842397515,1.4286069671070136,1.4286069671070136
44025,Long Island,META00948,9.0449536075779058,7.768000280974297,9.4416771684383054,5.7764823559928402,7.768000280974297,1.5855586813293614,1.5816804965310718,1.5622654528155453,1.5925822582295563,1.5925822582295563
44025,Long Island,META00951,9.6772908849431332,9.4595082069367091,9.6603314703291314,5.2780843549958929,9.4595082069367091,1.3382626451466972,1.3597982389451984,1.3718678979213732,1.2918072726002798,1.2918072726002798
44025,Long Island,META00957,-2.5458294465675024,-3.9007002340681174,-3.7179050766526229,-3.3562413731539453,-3.9007002340681174,1.2651119638370114,1.251431167111946,1.2513164489599728,1.3232354877031398,1.3232354877031398
44025,Long Island,META00964,9.390991341512434,9.6945300325945816,9.6970230498296104,10.84615954040974,9.6945300325945816,1.8259892195900336,1.775159411456225,1.7304182239390689,1.695830883783727,1.695830883783727
44025,Long Island,META00965,9.7697930012595915,9.670180170513726,9.7041215611328902,6.8344248138753088,9.670180170513726,1.3337630806769099,1.3457874375967769,1.3524209595193644,1.3179392198224347,1.3179392198224347
44025,Long Island,META00967,-3.4761064851699484,-3.9060557673004466,-3.1547333677759699,-2.8076376071084646,-3.9060557673004466,1.152019027263103,1.1263190857210059,1.1325450735168958,1.1471187405755638,1.1471187405755638
44025,Long Island,META00973,-4.0724612461821588,-4.2708722675109883,-4.6682687326434182,-2.2731005689911479,-4.2708722675109883,1.0962575506807219,1.1132748985863623,1.1172077724838172,1.0802417072686097,1.0802417072686097
44025,Long Island,META00975,9.4219669107486919,9.6618016764532246,9.6859313836470005,8.5721419843569393,9.6618016764532246,1.5004705203836861,1.5458368714935986,1.5541391764922965,1.4910788306472156,1.4910788306472156
44025,Long Island,META00987,-2.8550182630446037,-3.8558188615959792,-3.453455980093092,-4.7447150861596974,-3.8558188615959792,1.2939449067459792,1.2730096623687404,1.2798542574461493,1.4101963038080827,1.4101963038080827
44025,Long Island,META00992,-6.0010535676903718,-4.6094990988377766,-5.4513690525138028,-3.578767603542663,-4.6094990988377766,0.99088093192747007,1.0729017571680175,1.050334447309625,1.0339117710670382,1.0339117710670382
44025,Long Island,META00997,6.2865565913693739,2.4321025165875216,4.1293344339971219,1.2487455298018997,2.4321025165875216,1.2762487839442507,1.2774921765584264,1.2695683067381986,1.2052736583833983,1.2052736583833983
44025,Long Island,META00998,9.7307665832899719,9.6305841971712738,9.6919484579863298,5.7972584964771459,9.6305841971712738,1.4148959166759303,1.4350683151930737,1.4110192349038988,1.3968326226247396,1.3968326226247396
41025,Diamond Shoals,META00016,-6.2720712886108361,-5.8814614527265068,-5.8638894672356123,-5.9742328679010042,-5.8814614527265068,1.0271954363211449,1.0397802395724789,1.0493965368219744,0.97652607334494945,1.0397802395724789
41025,Diamond Shoals,META00029,-4.6368515264868142,-5.0514695578468265,-4.3557292634987652,-5.0419989184171801,-5.0514695578468265,1.1021396698207242,1.0560893548553931,1.0812830822259953,1.1397695506343235,1.0560893548553931
41025,Diamond Shoals,META00047,-4.5992048381864921,-3.8256536953532647,-3.9731895686348411,-5.3211823974971839,-3.8256536953532647,1.1967519631421821,1.2369501154513072,1.2131803685956715,1.3647215287741816,1.2369501154513072
41025,Diamond Shoals,META00049,9.5605124444540461,9.6935612904609396,9.7041215611328902,9.5952493957628668,9.6935612904609396,1.4572472079807071,1.4970311309811275,1.4288606207128263,1.4773354586441747,1.4970311309811275
41025,Diamond Shoals,META00052,-5.3566900669923561,-4.9478395366387451,-5.8281452029632446,-4.3129303543869995,-4.9478395366387451,1.0301841122676865,1.0579596933454851,1.0349884806287293,1.0816051030911604,1.0579596933454851
41025,Diamond Shoals,META00058,-5.3336530246998359,-5.0099209110168195,-5.3555076029685198,-4.8087803350319698,-5.0099209110168195,1.0830953087307047,1.1167168256598663,1.0963457730222224,1.0479128874924546,1.1167168256598663
41025,Diamond Shoals,META00060,10.110746156187306,9.6900647591578828,9.7041215611328902,8.3747125127951314,9.6900647591578828,1.7883820825694046,1.7707584928616904,1.7681291769933731,1.7320074265965666,1.7707584928616904
41025,Diamond Shoals,META00063,6.8077216444713633,6.0937130776793582,7.7859243134314031,3.1013586270894056,6.0937130776793582,1.1654476941154648,1.2317804248305495,1.2178987776722414,1.2446591755459999,1.2317804248305495
41025,Diamond Shoals,META00066,-6.0134477180931647,-6.052597899366388,-6.2357842725399291,-6.1561589356327326,-6.052597899366388,1.0351279088402014,1.0219081561570922,1.0150801497348672,0.9653342094962748,1.0219081561570922
41025,Diamond Shoals,META00069,-4.9736273956143888,-6.090439896946048,-5.6710467198528178,-7.425586112416088,-6.090439896946048,1.0322724164363546,1.0273720429136139,1.0370373681052771,0.97642545002643921,1.0273720429136139
41025,Diamond Shoals,META00072,9.9270403681922659,9.7015138692715013,9.7041215611328902,13.477481868877167,9.7015138692715013,1.7568870735302817,1.7146185297228562,1.7437879876825113,1.7776595115123488,1.7146185297228562
41025,Diamond Shoals,META00073,-3.4341164416402954,-3.9295301647287322,-4.5445446362589808,-2.2825200491127715,-3.9295301647287322,1.1312335421747592,1.111586626752346,1.0942716015623484,1.1162592784798879,1.111586626752346
41025,Diamond Shoals,META00075,-4.7499426296853624,-4.5341944754598975,-4.7524583105024218,-4.6532410627587124,-4.5341944754598975,1.1507691580600501,1.1813535265563533,1.1495675540180494,1.1347000053256053,1.1813535265563533
41025,Diamond Shoals,META00081,-3.9493840042515425,-4.8490990687367894,-4.398624867850204,-3.6659273693497711,-4.8490990687367894,1.0651300291908656,1.0772329084278909,1.082376205063448,1.0528162873316171,1.0772329084278909
41025,Diamond Shoals,META00098,-4.0944003236544519,-4.2602891557173894,-4.3002279665504721,-5.9548332983710077,-4.2602891557173894,1.2260949517989923,1.2034181310435985,1.2055314811384275,1.23860024891904,1.2034181310435985
41025,Diamond Shoals,META00099,-6.1520244340127013,-5.3193224312099199,-5.3766561775872272,-8.241560680310414,-5.3193224312099199,1.0151930667592104,1.0840004380439958,1.0841538553582579,0.99618391500414694,1.0840004380439958
41025,Diamond Shoals,META00101,9.6996017582032756,9.6867220317773164,9.7041215611328902,8.7500334864919225,9.6867220317773164,1.3113031040905265,1.3938508719012173,1.3513647829933901,1.3965122767684024,1.3938508719012173
41025,Diamond Shoals,META00104,-0.98974405304187574,-2.7546730005745532,-2.4162990029448066,0.27793155278613746,-2.7546730005745532,1.6288992229872468,1.4446725063062635,1.4643693900390815,1.8094030027889993,1.4446725063062635
41025,Diamond Shoals,META00108,8.8500502621080042,3.0608686347199767,2.7062418463544504,2.1486415769482536,3.0608686347199767,1.4117466059924122,1.3223929924899398,1.3713640706798085,1.3998056838146655,1.3223929924899398
41025,Diamond Shoals,META00116,9.0723571710798829,9.5191326257281155,9.5450318812744239,4.3959512521203745,9.5191326257281155,1.2573892011210737,1.2720421149324472,1.2460544846348149,1.2337329588100336,1.2720421149324472
41025,Diamond Shoals,META00120,-3.5938478123042041,-2.2891201905317358,-2.5776462346758562,-0.79850862210694928,-2.2891201905317358,1.1090291390019411,1.173788977224149,1.1790774175554757,1.1775157817240578,1.173788977224149
41025,Diamond Shoals,META00123,8.4701194817994949,8.964857584872048,9.3010528902356633,3.7430140132295069,8.964857584872048,1.1210765491788934,1.2276328039169708,1.2234281937351339,1.2040713984727798,1.2276328039169708
41025,Diamond Shoals,META00130,9.0786940786068264,9.5147660845782074,9.6837515137796739,6.757587165570234,9.5147660845782074,1.4422839058363448,1.4125325600975276,1.3894743958785747,1.506679126039129,1.4125325600975276
41025,Diamond Shoals,META00147,-4.7784121999798304,-4.5672523838454868,-5.1285784944897745,-4.9794659730257003,-4.5672523838454868,1.1163315994079834,1.0980797614018274,1.0924066640178103,1.031812861967945,1.0980797614018274
41025,Diamond Shoals,META00153,-5.360464172567486,-4.8755225724135487,-4.971961377301426,-2.7304224849344578,-4.8755225724135487,1.093899859558193,1.117562524218279,1.082958578035321,1.0958538448910267,1.117562524218279
41025,Diamond Shoals,META00155,-2.3878994814180801,-3.5603996944970246,-3.3017606832568602,0.46632893655138186,-3.5603996944970246,1.3722263057136648,1.309222411205488,1.339816068883269,1.2288734838322348,1.309222411205488
41025,Diamond Shoals,META00164,9.3840642324729515,9.5562477116546631,9.6837515137796739,6.4768830483240318,9.5562477116546631,1.2368830620167039,1.3280989091310917,1.3175538918766665,1.3088274863906413,1.3280989091310917
41025,Diamond Shoals,META00169,-4.4514243130993014,-2.9658174400695829,-3.8926682351908775,-2.1544256617010991,-2.9658174400695829,1.1284184477227042,1.1537107201644621,1.1283810928992546,1.1500882043908909,1.1537107201644621
41025,Diamond Shoals,META00172,-5.4522760778886274,-4.6668081473120173,-5.0358053034694885,-5.9656594179215121,-4.6668081473120173,1.1051866212894479,1.1714448415680587,1.1198872552661214,1.1662400802924375,1.1714448415680587
41025,Diamond Shoals,META00190,-5.4781456472067749,-5.2577283356591753,-5.1282330686899344,-7.1900087300732398,-5.2577283356591753,1.0720923907574751,1.0988272405853488,1.1013061812775911,1.069346094822105,1.0988272405853488
41025,Diamond Shoals,META00193,-5.652964484468832,-1.9615821728467517,-3.1397039509250484,-1.5692201429606394,-1.9615821728467517,1.1239343534812138,1.1937619443422025,1.1578650130503902,1.1358422381150892,1.1937619443422025
41025,Diamond Shoals,META00194,-6.5605964342951486,-6.1827537074633634,-6.2004643135967301,-6.8887866144205603,-6.1827537074633634,0.99336196512495867,1.0226638825885757,1.0303508062897828,0.93416946137303469,1.0226638825885757
41025,Diamond Shoals,META00197,9.7359436688723715,9.4007399014635364,9.6971246361791561,5.5382980911166193,9.4007399014635364,1.2512799313758314,1.2704586791316188,1.2889970751485125,1.2295023617019609,1.2704586791316188
41025,Diamond Shoals,META00198,8.4135571367804047,8.3522731190601114,9.0167122922497587,2.5306170860696686,8.3522731190601114,1.2321755860984116,1.2168660839675467,1.2069510098121234,1.1823071762594597,1.2168660839675467
41025,Diamond Shoals,META00199,10.096280646488646,9.6927305582041807,9.6942945879023998,11.116647373148307,9.6927305582041807,1.3529655766893747,1.381184808567425,1.3805583247170048,1.4251331038942903,1.381184808567425
41025,Diamond Shoals,META00200,8.7704559628194492,7.7754274873097851,8.6850795369823963,2.1035187105846145,7.7754274873097851,1.2330927992693952,1.2297078269912289,1.2317099326180192,1.1970255592299659,1.2297078269912289
41025,Diamond Shoals,META00209,-3.9184961690855573,-4.2576501747771829,-4.2757360086256302,-3.5493174834093031,-4.2576501747771829,1.2374039778279573,1.1880935924712179,1.188881401639833,1.3668239137632165,1.1880935924712179
41025,Diamond Shoals,META00215,-5.9848731670883772,-6.0737582850133576,-6.0783672779177698,-7.1477345602713829,-6.0737582850133576,1.0423696951868113,1.0308585327867443,1.0282551543538938,0.99489566424614606,1.0308585327867443
41025,Diamond Shoals,META00221,-6.3984350608989757,-5.6896782762712466,-5.7761401789866795,-7.5564799579246182,-5.6896782762712466,1.0434694394402324,1.052449271053584,1.0575921969189765,1.0180794477023944,1.052449271053584
41025,Diamond Shoals,META00228,10.154476901493462,9.6831335251465234,9.7041215611328902,7.5089332528443062,9.6831335251465234,1.4013497933160648,1.406387220852201,1.3937609654807717,1.4349049018403055,1.406387220852201
41025,Diamond Shoals,META00233,9.6287470304842522,9.7041215611328298,9.7041215611328902,10.782063250034355,9.7041215611328298,1.5836949710306036,1.6281211873747363,1.5779738285014455,1.5868531533831458,1.6281211873747363
41025,Diamond Shoals,META00235,9.5182260721034702,9.6895228652047223,9.7041215611328902,7.6691168747027225,9.6895228652047223,1.3460408760634579,1.3416981120409259,1.3543969570084406,1.3898645592918377,1.3416981120409259
41025,Diamond Shoals,META00238,-6.586431175654119,-6.3115845182124595,-6.3926126285594131,-7.3013271655953256,-6.3115845182124595,1.0166316519296981,1.0150127574880365,1.0088034160463759,0.9433029237795193,1.0150127574880365
41025,Diamond Shoals,META00249,-3.5846434017095472,-3.4863730223448353,-3.3679329951615178,-4.9441418308273057,-3.4863730223448353,1.2972793370423517,1.3330358734165526,1.3353371945912398,1.2392041230237469,1.3330358734165526
41025,Diamond Shoals,META00256,6.7570911067601758,7.3391040323248964,9.0649167668624564,1.8645024960540972,7.3391040323248964,1.1528581088120016,1.2231254220895997,1.1712982706486417,1.2383153690501074,1.2231254220895997
41025,Diamond Shoals,META00260,-2.4194129142873892,-3.0677406068153603,-3.0120189286034682,-0.21733390435737499,-3.0677406068153603,1.5655483104039611,1.4388585830549705,1.4654093099082544,1.5065519447858002,1.4388585830549705
41025,Diamond Shoals,META00268,9.8429472776648819,9.6956706724232475,9.7041215611328902,11.181549850781405,9.6956706724232475,1.997157957398515,1.8772303575254605,1.8886934122783672,1.7921245432526458,1.8772303575254605
41025,Diamond Shoals,META00280,0.57957158573282563,0.74705459147280828,1.6259744952138122,1.5996284962752965,0.74705459147280828,1.1397188302814767,1.2108340492528884,1.224141730447998,1.1664151100312741,1.2108340492528884
41025,Diamond Shoals,META00288,9.5485103742364927,9.6958886423386321,9.7041215611328902,12.787707425771881,9.6958886423386321,1.6941813436824515,1.7015897934773718,1.6137400054628528,1.6439828664588707,1.7015897934773718
41025,Diamond Shoals,META00289,-1.7381218594550836,-2.687531427125065,-2.7788202764544017,-2.8485114011329333,-2.687531427125065,1.4846478071438665,1.3854507710975377,1.3731073617146601,1.8201127488407138,1.3854507710975377
41025,Diamond Shoals,META00292,-4.9911118047782654,-4.9851342047590155,-4.5523781446725016,-6.0901575323369173,-4.9851342047590155,1.1035540104470158,1.1214564466445671,1.1370307015416574,1.0174567867212563,1.1214564466445671
41025,Diamond Shoals,META00294,-4.9358844159758108,-4.5708518993744773,-4.3352625185812661,-5.1126611405469555,-4.5708518993744773,1.1524786465897789,1.1865500968455864,1.1802497689157554,1.0751364093383382,1.1865500968455864
41025,Diamond Shoals,META00295,7.4931829687432279,8.1448667863101392,9.1031666838433374,2.7548736733257417,8.1448667863101392,1.2817086444984027,1.2261331887678215,1.2441586957159125,1.2399698156658159,1.2261331887678215
41025,Diamond Shoals,META00307,-2.1838522968035283,-3.5820861106960367,-3.1935621814633284,-1.5312201927179636,-3.5820861106960367,1.4397409025808143,1.3441251506341421,1.3769132377476976,1.4006444849163506,1.3441251506341421
41025,Diamond Shoals,META00309,-4.619838908217476,-4.6851982607483791,-4.8237914074613961,-0.91584268006153047,-4.6851982607483791,1.0524756184979775,1.1036415182925017,1.045078488746964,1.1813189056157871,1.1036415182925017
41025,Diamond Shoals,META00319,9.2708166756232622,7.7985653140480116,7.7294866979393095,8.8917935619049402,7.7985653140480116,1.8674402535444958,1.7758385966260175,1.6613522115775459,2.0936419172943301,1.7758385966260175
41025,Diamond Shoals,META00325,0.26858767902362757,-0.98517382508341578,-1.2833545838414981,0.45833484963570947,-0.98517382508341578,1.1782680948884108,1.1874477686316689,1.2256770371320231,1.1603238921382062,1.1874477686316689
41025,Diamond Shoals,META00330,6.115255840211633,5.5556247789837894,6.3867036969925977,2.8392386596214134,5.5556247789837894,1.2594854893070346,1.2549170181523959,1.2383140642370429,1.2440748760641469,1.2549170181523959
41025,Diamond Shoals,META00336,-3.7529152818640146,-3.7450879542881292,-3.8729054717547076,-3.324935324500963,-3.7450879542881292,1.1045470866894598,1.1221775126238605,1.1053500368266094,1.1080570497459954,1.1221775126238605
41025,Diamond Shoals,META00339,-5.6540590957990364,-5.0811687532567706,-5.1693089900440805,-7.1851890153630675,-5.0811687532567706,1.0897689461224587,1.1078285516788682,1.0959124700930161,1.0634534036327776,1.1078285516788682
41025,Diamond Shoals,META00343,-6.8653021394951157,-6.4931471556532898,-6.5095990757323667,-7.4575542351617097,-6.4931471556532898,0.9543842181376917,0.99581120706458115,0.99168682961649046,0.90402987757074893,0.99581120706458115
41025,Diamond Shoals,META00347,-1.8989153336779825,-3.0450618711122801,-2.8291163828102182,1.1836591357818671,-3.0450618711122801,1.4879673903006161,1.3514533873917092,1.3784952089817959,1.7963842002092267,1.3514533873917092
41025,Diamond Shoals,META00348,-4.5783265740872503,-4.1693578589699634,-3.6245773934172116,-6.396402237425062,-4.1693578589699634,1.1816872848379854,1.2396530724362103,1.2654610095960146,1.2395075271103146,1.2396530724362103
41025,Diamond Shoals,META00351,10.235063583953194,9.7041215611328298,9.7041215611328902,8.6902303369991039,9.7041215611328298,1.3527787360302266,1.3265118409280372,1.3593263421233173,1.3029949443827797,1.3265118409280372
41025,Diamond Shoals,META00355,-4.3562699713939166,-4.0442418907112909,-4.0359590746204637,-2.8822096375371706,-4.0442418907112909,1.1860774817916553,1.2218765765542847,1.2182506400959856,1.1281927024964327,1.2218765765542847
41025,Diamond Shoals,META00359,10.371586282220578,9.7013918463465814,9.7041215611328902,9.1199765485676885,9.7013918463465814,1.9532064142311527,1.8723496902434527,1.8707557802395081,1.8328477859224794,1.8723496902434527
41025,Diamond Shoals,META00381,9.4442541725900124,9.1487869083411617,9.5078980531493951,5.0467106593993076,9.1487869083411617,1.2364156908010298,1.2909141733168275,1.3071183555991808,1.2114060408214089,1.2909141733168275
41025,Diamond Shoals,META00386,-4.784988326787273,-4.2304696619885469,-3.8553673862486559,-2.486454740204096,-4.2304696619885469,1.0521806925986041,1.0947684056606146,1.088330676466331,1.0459319206600555,1.0947684056606146
41025,Diamond Shoals,META00391,6.8931299164097917,6.5697822947578954,8.3315709481807403,1.4794963677032125,6.5697822947578954,1.1471779413919938,1.1501246557167615,1.1551424555253547,1.0992206925768064,1.1501246557167615
41025,Diamond Shoals,META00395,-4.8109444783754629,-3.9437942379314821,-5.4184519250514054,-2.364151614543478,-3.9437942379314821,1.0530079970844088,1.1009629880991703,1.0633038292480448,1.0990618969750581,1.1009629880991703
41025,Diamond Shoals,META00400,-4.3208197873747256,-4.4283071536387695,-4.457001591092447,-4.3917053486829367,-4.4283071536387695,1.1568167384429642,1.1771877298962972,1.1721272940045184,1.2895413659428396,1.1771877298962972
41025,Diamond Shoals,META00407,-5.1497272327010197,-4.9031775980719887,-4.8893971666280791,-7.3267910086330899,-4.9031775980719887,1.1727024757555253,1.1464221077714296,1.1576029634373972,1.1559463674977777,1.1464221077714296
41025,Diamond Shoals,META00412,2.8296631775679786,3.8470417581490777,3.3908301712434197,2.8906131684655354,3.8470417581490777,1.2832063543012087,1.344126064955077,1.2997478985135713,1.3283830453525507,1.344126064955077
41025,Diamond Shoals,META00413,10.039921843554794,9.6641560380083185,9.4627705456881888,9.2856887163087087,9.6641560380083185,1.3929155867583751,1.386469171216598,1.3861967874748242,1.3386633770293028,1.386469171216598
41025,Diamond Shoals,META00415,-4.4729881657491974,-2.9069697023798269,-3.1684413424533533,-3.8055554819637534,-2.9069697023798269,1.1298468805145809,1.1196581795800264,1.1398896171036048,1.1096996775936816,1.1196581795800264
41025,Diamond Shoals,META00416,-3.7059286693180686,-3.8914708032089105,-4.1523682207883663,-3.9540303924649685,-3.8914708032089105,1.1177754960288251,1.0967801704938471,1.0965281920326932,1.1462192157510327,1.0967801704938471
41025,Diamond Shoals,META00425,10.424520442517757,9.6959806629073295,9.7041215611328902,12.704740351942792,9.6959806629073295,2.0533282639462991,1.8771208563085964,1.8424371598806848,1.9555659379456434,1.8771208563085964
41025,Diamond Shoals,META00429,-5.6607545909074943,-6.440176085184623,-6.0878316462175928,-5.8222942608346466,-6.440176085184623,1.0364769890589078,1.0043277532704857,1.0124977357444502,0.95059326908400665,1.0043277532704857
41025,Diamond Shoals,META00431,-2.6154687525191522,-2.27810388103148,-2.3390998910014447,0.52162552381127447,-2.27810388103148,1.2458969834110563,1.2342812710053752,1.2703149657960506,1.2169864441172473,1.2342812710053752
41025,Diamond Shoals,META00432,9.0529536708819478,9.4753598255338449,9.468799987902397,5.1944159552741089,9.4753598255338449,1.2745308856848001,1.3212450887222087,1.3259946349761693,1.2925704705631262,1.3212450887222087
41025,Diamond Shoals,META00438,10.077603051317936,9.6796348634515805,9.6634981674053257,13.755946344856387,9.6796348634515805,1.8541031863995703,1.8495370220070075,1.8413280525565117,1.9163283006031944,1.8495370220070075
41025,Diamond Shoals,META00443,7.1936332755444337,6.7227603191282892,8.9959729812694569,2.4454006454111901,6.7227603191282892,1.3874322868072819,1.3796574021686838,1.4006590397228369,1.3690091076770421,1.3796574021686838
41025,Diamond Shoals,META00448,-3.3350073896063948,-3.6598001701977676,-3.8335006104154612,1.4438584981384608,-3.6598001701977676,1.305851705468337,1.2497278138341514,1.2318280141348665,1.2256538977746558,1.2497278138341514
41025,Diamond Shoals,META00463,8.743280626223811,8.0084069942218061,7.7016603264352499,4.1779871984733052,8.0084069942218061,1.4500765297485891,1.4168958349885492,1.3487858574826739,1.4070431656787235,1.4168958349885492
41025,Diamond Shoals,META00466,7.2579388922620565,5.3012904583492046,6.7809384890373785,1.3942088848568381,5.3012904583492046,1.2720082114725111,1.2709768329487532,1.250108719527312,1.2261220545624272,1.2709768329487532
41025,Diamond Shoals,META00467,-0.30703146729761138,1.5257056902749595,2.5379774573771274,2.1779109361289808,1.5257056902749595,1.3626698332145932,1.3224772447470181,1.4033300145177607,1.2991481114347174,1.3224772447470181
41025,Diamond Shoals,META00468,10.126642876278165,9.3940240670273152,9.4589870022389402,6.530096009848771,9.3940240670273152,1.5304047668013478,1.4817763596467366,1.476165768242484,1.5551784372012747,1.4817763596467366
41025,Diamond Shoals,META00469,-5.6336924054913977,-5.9762530015974367,-5.9227511338871262,-6.2474844146569906,-5.9762530015974367,1.0078926634170149,1.0210182508149599,1.0327916061502491,1.0085107712650088,1.0210182508149599
41025,Diamond Shoals,META00470,-5.7227538631994666,-5.8627544183881408,-5.7328093468105026,-5.0651142996108387,-5.8627544183881408,1.0274893587650433,1.0324309133221781,1.0251515797202704,1.0299190606045441,1.0324309133221781
41025,Diamond Shoals,META00477,9.1341302286145041,5.128998942665393,8.4632276834422289,2.0082133708709273,5.128998942665393,1.3351065506851283,1.3093048583521296,1.3759608498576834,1.3090582337917576,1.3093048583521296
41025,Diamond Shoals,META00478,-4.4188979643485444,-4.3439128049240106,-4.5482305944639023,-4.1418105987913707,-4.3439128049240106,1.2346067744934037,1.2069878959036831,1.1985421838465,1.2213313962770704,1.2069878959036831
41025,Diamond Shoals,META00480,9.4530115855812795,9.6363991954516468,9.2716431954684744,8.9791206215019805,9.6363991954516468,1.5795507527619808,1.5287834192761622,1.5420459410064031,1.3898898604643439,1.5287834192761622
41025,Diamond Shoals,META00482,-2.6479921204982824,-2.0801145151711653,-2.784825358426871,-0.1911306458673605,-2.0801145151711653,1.2196403258500688,1.2072239660979491,1.2639512273182758,1.1496884248797301,1.2072239660979491
41025,Diamond Shoals,META00489,8.3354871607730345,8.0711399737682221,8.8508996748341318,3.1186180356051305,8.0711399737682221,1.3418535015385826,1.3210147644651553,1.3592893025521859,1.3020737293012834,1.3210147644651553
41025,Diamond Shoals,META00490,-2.4371524170181265,-2.2269026808448484,-2.3625888511872373,-1.0354869109934979,-2.2269026808448484,1.121505527577763,1.1484016707129765,1.129504055444009,1.194548602644055,1.1484016707129765
41025,Diamond Shoals,META00492,-0.94504102143101121,0.061344077310920148,-1.2301999936224066,0.49092318124630901,0.061344077310920148,1.1679889694668535,1.186777640861036,1.233807985438838,1.217206606375794,1.186777640861036
41025,Diamond Shoals,META00495,10.424963858912355,6.7216280200403711,8.6494420631529039,2.4983506923370271,6.7216280200403711,1.4987921985073103,1.3612945158564722,1.3914262129343091,1.3540183194876991,1.3612945158564722
41025,Diamond Shoals,META00497,-6.4953667131313901,-5.7001090686426021,-5.5844555523821402,-6.5248296005314774,-5.7001090686426021,1.0336127687427705,1.0617348029372058,1.06515090819655,1.0252561785186616,1.0617348029372058
41025,Diamond Shoals,META00499,0.016677945546293236,-1.9586876934340018,-1.4311971116711764,-0.14816951177709159,-1.9586876934340018,1.2466031969262064,1.2158869135101888,1.2465834565442975,1.1653642693852726,1.2158869135101888
41025,Diamond Shoals,META00501,9.9747389185927613,9.6785048880816014,9.689841162130314,8.7868861902140587,9.6785048880816014,1.3205206000900012,1.3442864191160553,1.3492603769672331,1.3956540231615038,1.3442864191160553
41025,Diamond Shoals,META00508,-4.4481470174353985,-4.1076014107907035,-4.1113025549946665,-0.78854548533628854,-4.1076014107907035,1.2791550675981302,1.2130255266704772,1.2431042314620957,1.2584924917783971,1.2130255266704772
41025,Diamond Shoals,META00511,-5.3293418376075614,-5.0908662755769045,-5.2252626799187984,-3.8725276668578879,-5.0908662755769045,1.0080291924524474,1.0840848450225846,1.0503870327578835,1.0984517766316624,1.0840848450225846
41025,Diamond Shoals,META00513,-5.3880647197109504,-5.6110099428451896,-5.7326875974016449,-5.5631973658337133,-5.6110099428451896,1.027645521976233,1.0375050849760206,1.036197053604702,1.0535825517102591,1.0375050849760206
41025,Diamond Shoals,META00516,-5.9484260054579092,-5.9302900038249433,-5.8924119129385408,-6.5844521076351272,-5.9302900038249433,1.0292981414105327,1.0332714579885085,1.0321820865870461,0.95714519806348108,1.0332714579885085
41025,Diamond Shoals,META00520,-4.5833123704842746,-4.8183733376442861,-4.6321304227908744,-4.6676659814177226,-4.8183733376442861,1.1504121057733321,1.1352339790667192,1.1224454511006663,1.1614156081459746,1.1352339790667192
41025,Diamond Shoals,META00524,-2.2087614762023287,-2.8492879518143739,-2.7757208384680556,-1.7111793333494774,-2.8492879518143739,1.5005938786467945,1.3921248420789738,1.4263187829518724,1.8370872409545158,1.3921248420789738
41025,Diamond Shoals,META00525,-6.1888516527733097,-6.3817641021995213,-6.2368997554839405,-8.0506058663290219,-6.3817641021995213,1.0220699020633561,1.0145561612630607,1.0205556005753653,0.89421116732562367,1.0145561612630607
41025,Diamond Shoals,META00530,-5.2162010412322433,-5.1372618723815799,-5.3195594957849694,-4.9046089392680967,-5.1372618723815799,1.0832249036476251,1.0528618056909571,1.0582380131462117,1.1232103930596982,1.0528618056909571
41025,Diamond Shoals,META00537,-3.2121366631917918,-3.9274485817828735,-3.558596064696439,-2.9755480156932337,-3.9274485817828735,1.3315121413432562,1.3041330933069035,1.3362298352610336,1.2229362315326933,1.3041330933069035
41025,Diamond Shoals,META00542,3.0942369233294453,3.1395251321040427,2.6295396441751624,3.0354064262413987,3.1395251321040427,1.4084239985120863,1.4806244622442415,1.3974943052197701,1.5725280512425903,1.4806244622442415
41025,Diamond Shoals,META00544,-5.3052444855257592,-5.3172439598450758,-5.2643050829988649,-6.8238666616515467,-5.3172439598450758,1.073071071666748,1.0979766846080798,1.0934441430271917,1.0357461524173939,1.0979766846080798
41025,Diamond Shoals,META00546,2.267468461346636,2.1038184097894543,1.411277403865165,1.4646102049124357,2.1038184097894543,1.4073477170895363,1.4129360117393992,1.3292651529298432,1.4402683627089077,1.4129360117393992
41025,Diamond Shoals,META00552,10.144374572803306,9.6569691940267468,9.5537970636188199,8.5726362282900936,9.6569691940267468,1.4589285186899259,1.4158895468981292,1.4603685918737606,1.4687258281911044,1.4158895468981292
41025,Diamond Shoals,META00554,-4.5606879974857826,-4.9184744356749235,-5.1324822156203185,-6.2690482955714479,-4.9184744356749235,1.1232548484440601,1.1005428342484713,1.1025674884011925,1.0964982765656179,1.1005428342484713
41025,Diamond Shoals,META00555,9.6832576503035259,9.6712946991576114,9.7041215611328902,9.070250618635658,9.6712946991576114,1.9937111052939063,1.9028659378062271,1.9752287019376706,1.7753032271776465,1.9028659378062271
41025,Diamond Shoals,META00563,8.9499894161946827,9.2782808478934626,9.4757866350916782,3.3660589317463772,9.2782808478934626,1.2186791407085551,1.2534658829924608,1.2445732620378218,1.2130082090658492,1.2534658829924608
41025,Diamond Shoals,META00564,-6.3950699622310498,-5.7838748266243742,-6.1077030333416493,-4.7658547812579384,-5.7838748266243742,1.005188922222521,1.0449293329149631,1.0271835016493984,1.0254071528137274,1.0449293329149631
41025,Diamond Shoals,META00565,-4.4586853610713346,-4.5468173481836338,-4.5869406992302562,-3.9576105664392136,-4.5468173481836338,1.155646837133929,1.1663600936831771,1.1371554837595133,1.0711871177952359,1.1663600936831771
41025,Diamond Shoals,META00569,-0.48490141015361032,-1.3084667560234571,-1.9612517865261772,1.8196955038894811,-1.3084667560234571,1.2443015849781047,1.2293361349428404,1.252934340558423,1.2226093969220935,1.2293361349428404
41025,Diamond Shoals,META00571,8.8793180383577095,7.5997843308975748,9.44616654796868,3.6134383554003859,7.5997843308975748,1.1905899763333201,1.2178570530818147,1.2235214711195141,1.181502493918585,1.2178570530818147
41025,Diamond Shoals,META00576,-5.8866815928919101,-3.7556670412568147,-4.5314000928572726,-1.96597329692819,-3.7556670412568147,1.140337770107998,1.1358736606802184,1.1340873354078429,1.2061090945282327,1.1358736606802184
41025,Diamond Shoals,META00577,-4.7995883253058969,-3.468212327908581,-3.7962340611589869,-0.99146405363974166,-3.468212327908581,1.0957426050329655,1.1425676852834405,1.1272604614482158,1.0815507896623155,1.1425676852834405
41025,Diamond Shoals,META00580,8.3906337434073741,9.2069429461523455,8.5243269360307039,5.1547937402390591,9.2069429461523455,1.2746568575585504,1.281725265166775,1.3025813647120588,1.1984202194598335,1.281725265166775
41025,Diamond Shoals,META00582,-2.1658095018030545,-3.4445702203311446,-3.152062071386581,-1.6661581293956136,-3.4445702203311446,1.5218732762509828,1.3822692275032535,1.4069352126565231,1.5067709686753938,1.3822692275032535
41025,Diamond Shoals,META00587,-3.3828861278782689,-3.28472934092781,-3.7850056607786184,3.0947327158241089,-3.28472934092781,1.327549759777072,1.2892159499938491,1.2684162724795802,1.3330199850771289,1.2892159499938491
41025,Diamond Shoals,META00597,9.3621174331264534,8.372172486875586,9.0758144181233984,1.9499168580592288,8.372172486875586,1.1877852241359741,1.18778201682941,1.1804110698802577,1.1529721916148179,1.18778201682941
41025,Diamond Shoals,META00598,-5.103282582900257,-4.7298878523895844,-5.0609546139030019,-2.7951261520223345,-4.7298878523895844,1.0684549574848159,1.1340988513981656,1.1061806604802535,1.0748816388434326,1.1340988513981656
41025,Diamond Shoals,META00599,-6.3891445107386931,-5.4950371123515769,-5.7684202770893913,-4.5001523234875815,-5.4950371123515769,1.0378866073974293,1.047477063268873,1.0242635639060034,1.0384004576904473,1.047477063268873
41025,Diamond Shoals,META00610,-2.3762169806829041,-3.4997580217805284,-2.9503751222172943,-0.5978663659464758,-3.4997580217805284,1.4417830393208908,1.3635257289970466,1.3970806350968632,1.3861149904970906,1.3635257289970466
41025,Diamond Shoals,META00621,8.8716671288328399,7.9398022903457166,8.9635717469806515,2.8685015020579185,7.9398022903457166,1.2241875591233742,1.3631928057937401,1.2992286263225528,1.3046604382279154,1.3631928057937401
41025,Diamond Shoals,META00624,8.210029450662395,2.7981124508322139,6.757587006019846,0.14463754290909114,2.7981124508322139,1.2747990762217267,1.2377413416953225,1.2422213720275628,1.1554868877611673,1.2377413416953225
41025,Diamond Shoals,META00645,3.3534727478738562,3.4804417542132722,3.673105507243644,1.7943766948692665,3.4804417542132722,1.3587200744804737,1.3758826892853413,1.2802932127883857,1.3626313181015455,1.3758826892853413
41025,Diamond Shoals,META00646,8.8248248372176583,9.0138464730212302,9.4237256412655448,6.2630918866456122,9.0138464730212302,1.2057722641943867,1.3508478104678958,1.3941845858439361,1.3360902291760874,1.3508478104678958
41025,Diamond Shoals,META00657,9.2041506936155884,9.6494614175499365,9.6895826340095201,6.9922197405054796,9.6494614175499365,1.3289813755558724,1.3916185142320401,1.3870732329227873,1.3282584368668007,1.3916185142320401
41025,Diamond Shoals,META00658,-6.0542206383437769,-6.4743556842705976,-6.7962815055899366,-5.2166397558029596,-6.4743556842705976,1.0299063418447638,0.99990550724915184,0.99131567937499188,0.93256766171607619,0.99990550724915184
41025,Diamond Shoals,META00659,-3.1043625198696532,-3.4396100536098158,-3.1780087107019286,-5.2331736292291513,-3.4396100536098158,1.3578951715737408,1.3409510966368803,1.3635463445786293,1.2315045653257193,1.3409510966368803
41025,Diamond Shoals,META00665,-3.9745198202138532,-4.1502301308629228,-4.4293325833320623,-1.8496545306097265,-4.1502301308629228,1.2603455356291837,1.2176223989363231,1.2112348642625914,1.1753640095619684,1.2176223989363231
41025,Diamond Shoals,META00666,-0.69450605628471263,-1.9812932865043422,-1.4613141488606873,0.082488241208094948,-1.9812932865043422,1.1314200123364271,1.1563063896227719,1.1492826461653054,1.1472458216023382,1.1563063896227719
41025,Diamond Shoals,META00672,-6.7555768148432964,-6.3157821441477475,-6.3327274964614171,-6.9803599733450072,-6.3157821441477475,1.0055132098666566,1.0111360003358334,1.0048462131290379,0.92974589687817244,1.0111360003358334
41025,Diamond Shoals,META00673,13.270450191533067,8.7684170515028104,8.993476702678084,6.2364625933739521,8.7684170515028104,1.7635501361595858,1.7098500513694561,1.6648121200509183,1.8779678206761485,1.7098500513694561
41025,Diamond Shoals,META00676,-5.577885313150178,-5.1776909592299054,-5.4259092466488106,-5.4331139060455618,-5.1776909592299054,1.085174759879721,1.0905326920258755,1.0826610880492176,1.0614887512949644,1.0905326920258755
41025,Diamond Shoals,META00683,9.2108521737799087,9.5801111987649179,9.6988738674175892,6.368430687407951,9.5801111987649179,1.7152540279920248,1.7544222982563171,1.7997407535364454,1.5589718142024214,1.7544222982563171
41025,Diamond Shoals,META00686,-3.73699941288322,-4.6171889246241813,-4.6404292624993477,-0.79713655621886392,-4.6171889246241813,1.1468322388756595,1.1396007061832816,1.145230809815281,1.1865856119950402,1.1396007061832816
41025,Diamond Shoals,META00690,-2.2351713889809419,-3.5771664552724709,-3.1867947140176422,-1.4010275862451356,-3.5771664552724709,1.5064860654382037,1.3726461285631324,1.3869149579116542,1.4103931634388431,1.3726461285631324
41025,Diamond Shoals,META00698,-6.1351434218504215,-5.8272912580493639,-5.9379765111411844,-6.5123329965973644,-5.8272912580493639,1.0235911893211493,1.0553413474452302,1.0407193702489212,0.97455591671664377,1.0553413474452302
41025,Diamond Shoals,META00700,7.809302194576988,7.8684324573956834,8.3527339467350838,3.5884079564719209,7.8684324573956834,1.3551004775804971,1.3228461659770907,1.2752203775080149,1.3903902912689543,1.3228461659770907
41025,Diamond Shoals,META00715,-5.7020129401058304,-5.5927141027319145,-5.3496636879420665,-5.1469699478736244,-5.5927141027319145,1.044385041484216,1.0540677983808198,1.0466957490198259,1.0451055623945051,1.0540677983808198
41025,Diamond Shoals,META00718,-5.2390835178318511,-4.8916608031161415,-5.0227263696543663,-6.3216850503876971,-4.8916608031161415,1.0941711182136353,1.1556742333472678,1.1257022082160932,1.1375486788386358,1.1556742333472678
41025,Diamond Shoals,META00727,9.604053112707863,8.9045648384412299,8.9964644689313857,4.2094830730599249,8.9045648384412299,1.3880010840479204,1.4302433966866057,1.4309200345108377,1.4325883996942372,1.4302433966866057
41025,Diamond Shoals,META00737,-5.7708843724432084,-5.6125769695982504,-5.6418401506811264,-5.7896977451438341,-5.6125769695982504,1.0501085662031651,1.0692244378779485,1.0504204683533833,1.0156101661311432,1.0692244378779485
41025,Diamond Shoals,META00739,-5.8605341405733409,-5.3814897785013418,-5.560657341637258,-6.0096733649611815,-5.3814897785013418,1.01596489493054,1.0820321656147054,1.0751018765332092,1.020179845133163,1.0820321656147054
41025,Diamond Shoals,META00742,9.1969685058672539,9.7041215611328298,9.689841162130314,14.561171767460468,9.7041215611328298,1.7196899225916609,1.7423618688220752,1.6638576573106929,1.7790649612340061,1.7423618688220752
41025,Diamond Shoals,META00750,12.45389150807847,9.4569998601613161,9.5831589452476411,8.0531056183550795,9.4569998601613161,1.8981173828408389,1.8027026162168256,1.7442746828189313,1.9672484811019786,1.8027026162168256
41025,Diamond Shoals,META00752,-4.7951581661797507,-3.059321508930136,-3.462923488686243,-1.8468008925034827,-3.059321508930136,1.1689143997447355,1.177756569345356,1.1964974815119356,1.1388387105026427,1.177756569345356
41025,Diamond Shoals,META00768,-4.8425746536494785,-5.3668490905138482,-5.3796769272437945,-6.8302130743910219,-5.3668490905138482,1.0585420202287017,1.0907316654425685,1.0619832744038453,1.0862196900843952,1.0907316654425685
41025,Diamond Shoals,META00774,-5.4295659384208097,-5.026249073158187,-5.0344371172184905,-3.709926201184703,-5.026249073158187,1.1139908113495074,1.0917755958414759,1.0681915105792681,1.0441271984190814,1.0917755958414759
41025,Diamond Shoals,META00775,-6.4406764381910762,-5.9042352009781238,-5.6716162258306912,-6.3070887350178211,-5.9042352009781238,1.0162447995399355,1.0314056235625118,1.0408964357282833,0.9660344387627644,1.0314056235625118
41025,Diamond Shoals,META00783,-4.2481313417101711,-5.0004040792330802,-4.8175897670477452,-5.1194595411619037,-5.0004040792330802,1.0483332385707662,1.0661643754944741,1.0750263224375918,1.0213102966807937,1.0661643754944741
41025,Diamond Shoals,META00785,-4.0970410440967635,-4.66055687136038,-4.6609662538399892,-2.7417864320160019,-4.66055687136038,1.2350445444481433,1.1683400923470564,1.1461171229569003,1.2165025838755619,1.1683400923470564
41025,Diamond Shoals,META00787,-5.9069436024265434,-5.3024059012894256,-5.5272000185094194,-7.5440890924904744,-5.3024059012894256,1.0534499134384461,1.1006690971625595,1.0849628306718186,1.0629396666188289,1.1006690971625595
41025,Diamond Shoals,META00789,10.001008414266042,9.7041215611328298,9.7041215611328902,13.328730568945272,9.7041215611328298,1.9492697189207702,1.8331694047910401,1.837298782836813,1.8421981256958573,1.8331694047910401
41025,Diamond Shoals,META00808,10.37341383972859,9.2609112451451132,9.7010758173209695,5.3724727633499256,9.2609112451451132,1.5022259378115883,1.3857409867665671,1.4857647985630689,1.4001504907574172,1.3857409867665671
41025,Diamond Shoals,META00811,-6.0970837152417188,-5.2197263020936289,-5.5108396650441858,-3.7006231602034125,-5.2197263020936289,1.0791725857821146,1.0594436712531454,1.0559997874124123,1.1168517438599543,1.0594436712531454
41025,Diamond Shoals,META00831,9.3063915203369749,9.6570944101965015,9.6741880911987277,7.3983376285453017,9.6570944101965015,1.4955453920637041,1.5075564465224691,1.570160190976075,1.4273732290192769,1.5075564465224691
41025,Diamond Shoals,META00834,-6.6245420721648873,-6.2928584431706724,-6.3258062450340589,-7.4983185404189845,-6.2928584431706724,1.0150203680816012,1.0126560158608666,1.0054208535012996,0.93195534204517039,1.0126560158608666
41025,Diamond Shoals,META00836,-1.4938684113778724,-2.1964411009257159,-2.943790369761214,-2.078574002415408,-2.1964411009257159,1.1689165358147044,1.1659798285165195,1.1486639224496411,1.189969461926536,1.1659798285165195
41025,Diamond Shoals,META00837,10.038905167243882,9.6867033223310877,9.6840624016862726,9.0432889677071984,9.6867033223310877,1.3052313314123807,1.359871157690931,1.3555047039813426,1.3199566588201626,1.359871157690931
41025,Diamond Shoals,META00838,-1.6689658382471897,-0.72631707687325719,0.3721234468666092,0.49601694955884323,-0.72631707687325719,1.2023465855130473,1.2183482054792987,1.2039682010638841,1.1606807370990373,1.2183482054792987
41025,Diamond Shoals,META00844,-6.292612395355146,-4.9195623604640675,-5.9852669286180351,-3.3446962752863727,-4.9195623604640675,1.0200229434460197,1.0541151432390325,1.046400955271005,1.1177841473420465,1.0541151432390325
41025,Diamond Shoals,META00852,9.4298111884011888,8.4239194457917961,8.4072055757414539,6.2164468346844934,8.4239194457917961,1.4764813621057584,1.3958696941040305,1.4204304652774642,1.4305396276386819,1.3958696941040305
41025,Diamond Shoals,META00858,5.6154405715913915,4.5301626010079268,4.2301219819088489,2.1335750849850941,4.5301626010079268,1.4633929070034633,1.4074275523266171,1.542866595465443,1.4250226896424401,1.4074275523266171
41025,Diamond Shoals,META00864,-3.8171237633545907,-3.9818219119466352,-4.041621330635973,-3.9237221293462961,-3.9818219119466352,1.2496227073678754,1.272659958651206,1.2816094704637204,1.1637692715468544,1.272659958651206
41025,Diamond Shoals,META00869,-0.12685564564238408,1.8218155055563185,0.028367693419850206,3.1350728467156279,1.8218155055563185,1.3495915255149209,1.3188963303977908,1.2962634798393837,1.4144642982991784,1.3188963303977908
41025,Diamond Shoals,META00872,-5.159981934103123,-5.1000708599601161,-5.1217487450791817,-4.6493424711902334,-5.1000708599601161,1.0908238798561929,1.1113457240186522,1.1035384047758974,1.107783566575415,1.1113457240186522
41025,Diamond Shoals,META00873,-6.2187617559569688,-5.4934197341576292,-5.5083241316587559,-6.4131576633676888,-5.4934197341576292,1.0266632109018534,1.0735474195903787,1.0693328089217788,1.0132603011156354,1.0735474195903787
41025,Diamond Shoals,META00882,9.7141529926278061,9.6911579275291562,9.7041215611328902,7.9948264944520764,9.6911579275291562,1.2798482822548578,1.3440669549720055,1.3527757849180577,1.3123734694680087,1.3440669549720055
41025,Diamond Shoals,META00896,-4.7674464011845199,-4.761617037103262,-4.8801005748080142,-4.6381370105463358,-4.761617037103262,1.1661832246072779,1.1326933379955884,1.127642297790264,1.1903195180146822,1.1326933379955884
41025,Diamond Shoals,META00899,-5.3501815563229158,-5.3858065474304011,-4.91263515333881,-6.2350712457489603,-5.3858065474304011,1.0962727761964313,1.101228453479165,1.1117940628934444,0.99453909461220014,1.101228453479165
41025,Diamond Shoals,META00905,-5.6987343860235509,-5.1316297888119875,-5.3546403818146979,-4.5877183238072883,-5.1316297888119875,1.0597878424962821,1.0693945299484571,1.0763142038424156,1.044499532667454,1.0693945299484571
41025,Diamond Shoals,META00908,9.5768296294018196,9.6856194916241272,9.6600276573724635,11.524659071085839,9.6856194916241272,1.7209265429563951,1.6719630354174955,1.6075275611683975,1.6329046945835688,1.6719630354174955
41025,Diamond Shoals,META00910,-3.8108315628212441,-3.2475201359686259,-3.4561983992916492,-1.0067205455971904,-3.2475201359686259,1.444189466501399,1.4069125476410598,1.3967624927357061,1.337221531625675,1.4069125476410598
41025,Diamond Shoals,META00916,-5.5917025899402715,-5.065382578252442,-5.0663974781835943,-6.2966429247279674,-5.065382578252442,1.0919348123513741,1.1117330815553652,1.1096674840376453,1.1274190147872942,1.1117330815553652
41025,Diamond Shoals,META00920,-5.9731614296881812,-5.6402973819585593,-5.6849826696486643,-5.4569475559030156,-5.6402973819585593,1.0506340958958771,1.0596027377859314,1.0543379485515929,1.0131360956267847,1.0596027377859314
41025,Diamond Shoals,META00925,-4.4756448185798199,-4.7711707669535466,-4.9926122640261026,-6.6681753409936304,-4.7711707669535466,1.0924084720782505,1.1333583581184887,1.1190161087197086,1.1645356570359704,1.1333583581184887
41025,Diamond Shoals,META00932,-4.8663125830184448,-4.4708161521681253,-4.5088977545846287,-1.7383297039806633,-4.4708161521681253,1.136468641488946,1.1456587884412117,1.1761714460312094,1.0873329205752642,1.1456587884412117
41025,Diamond Shoals,META00935,6.9269216767067165,6.1612637008318245,5.8773346713232382,2.7759969047588897,6.1612637008318245,1.3232775371290886,1.3306115791212239,1.2807552304347238,1.3408143343433934,1.3306115791212239
41025,Diamond Shoals,META00943,9.7934481200181427,9.6833749129148803,9.7041215611328902,8.6662418527276266,9.6833749129148803,1.3267881697126778,1.4110783759732388,1.3964015333601085,1.441795875967224,1.4110783759732388
41025,Diamond Shoals,META00946,-1.5506175577191927,-1.3505500916670825,-3.4189143192984042,1.0811595116855595,-1.3505500916670825,1.2168645776323073,1.1586411790231925,1.1957085085219559,1.1127014521673946,1.1586411790231925
41025,Diamond Shoals,META00952,9.6473161627304691,9.5599223725020508,9.5298567330245678,6.6402282842160458,9.5599223725020508,1.4696815449314742,1.4576255863894712,1.4386818809559652,1.6163621204072405,1.4576255863894712
41025,Diamond Shoals,META00953,10.733409079099484,9.6977582621995264,9.7041215611328902,10.465644748156979,9.6977582621995264,1.9813806922500461,1.9695119289545608,2.0489439297392518,1.9369019219564003,1.9695119289545608
41025,Diamond Shoals,META00962,10.385782152301685,9.5635609996691375,9.6894142757314121,4.8399175764826783,9.5635609996691375,1.3207702479917554,1.3264004403012406,1.3234991265198317,1.281950588674061,1.3264004403012406
41025,Diamond Shoals,META00965,-6.696575354616467,-6.4394348767930811,-6.4224836412985642,-7.2523494008265246,-6.4394348767930811,0.98790704346880553,1.0096507094006053,1.0043384651182854,0.93041783965814606,1.0096507094006053
41025,Diamond Shoals,META00969,-5.4166220519821691,-6.2067490518760442,-5.9852802069390405,-6.7624009656983191,-6.2067490518760442,1.0164433051097481,1.0182221535720171,1.0276058544072169,0.97682410253312302,1.0182221535720171
41025,Diamond Shoals,META00973,-3.4553277786829515,-3.5374478381788497,-3.3745474921885332,-5.9688091666428509,-3.5374478381788497,1.3198383190412488,1.3163064093782508,1.3144593346859728,1.3397063481940268,1.3163064093782508
41025,Diamond Shoals,META00981,9.4970887602504881,9.1636788220634351,8.9242064444270088,4.777473947840523,9.1636788220634351,1.362309149874281,1.3247547870765282,1.3311038563675694,1.3310032150416355,1.3247547870765282
41025,Diamond Shoals,META00985,0.076149171248776945,-0.5126958448181268,-0.35596082422408948,-0.17988757054703086,-0.5126958448181268,1.2163664952551871,1.1858766297068801,1.2507162976354191,1.030936235265248,1.1858766297068801
41025,Diamond Shoals,META00989,-4.9459527934200036,-4.764536969408101,-4.4296786667839942,-7.6683878645525292,-4.764536969408101,1.1451553278797839,1.1454324411113901,1.1608550126966779,1.0565138351965233,1.1454324411113901
41025,Diamond Shoals,META00990,-5.4695557856975894,-5.3708702177751073,-5.1806627722287333,-6.7561110954520673,-5.3708702177751073,1.0631853157895381,1.0932719642125812,1.0922248877126606,1.0299654892630652,1.0932719642125812
41025,Diamond Shoals,META00995,-4.9180398817494986,-2.8261635041146693,-3.1814824728403761,-0.024909254480645737,-2.8261635041146693,1.1177936254764134,1.1830665987579383,1.1730781521574576,1.1403758327018854,1.1830665987579383
41025,Diamond Shoals,META00996,-3.8157108201101639,-3.9704221018843411,-4.1852983773704731,-3.118663239108372,-3.9704221018843411,1.2588351839603813,1.204857494483035,1.1987931508693483,1.4047239190657161,1.204857494483035
46026,San Francisco,META00002,7.7110326340619118,7.1256529364961629,8.3313089608703468,2.4783805802079213,7.7110326340619118,1.1280817707742419,1.1370666684499473,1.1183462223363425,1.1374674325667258,1.1374674325667258
46026,San Francisco,META00007,-9.1893133707927941,-9.4362309755867138,-9.246820443269776,-9.5732875365036438,-9.1893133707927941,0.85141133786678991,0.83687580122259508,0.83948314479505881,0.78645606669722379,0.78645606669722379
46026,San Francisco,META00012,1.9489378465597293,0.9592423509070539,-0.51516901459995312,-0.76268437114972598,1.9489378465597293,1.1916282798391191,1.2311939067374211,1.1881348562831056,1.1914259377656504,1.1914259377656504
46026,San Francisco,META00019,10.398107023983314,9.1331794913101536,9.6531452164377338,4.608784317695811,10.398107023983314,1.114070229735161,1.1202779070640798,1.1022280158205688,1.1010558136366007,1.1010558136366007
46026,San Francisco,META00020,-5.4657617569065557,-5.5685434374671825,-4.9886873793253725,-1.9817888082204216,-5.4657617569065557,0.98987413456790985,1.0014332684600069,1.0198845625735995,0.97067814838280486,0.97067814838280486
46026,San Francisco,META00026,-9.1497319185317352,-9.1352600901919008,-9.4575274208962661,-8.5905215499732357,-9.1497319185317352,0.88872094519251921,0.89394926368575212,0.87109306736539516,0.85843757823751909,0.85843757823751909
46026,San Francisco,META00031,-7.7518075723534512,-7.8072972408006827,-8.448964454939075,-5.2891290263776209,-7.7518075723534512,0.92977315911593739,0.95221438075983222,0.93453964869003114,0.97118418823318342,0.97118418823318342
46026,San Francisco,META00032,8.8085406480655699,9.2728782306661266,8.5222106279416803,3.360185633614353,8.8085406480655699,1.2740064572668148,1.2247526409250808,1.2781000707043322,1.0963577918232366,1.0963577918232366
46026,San Francisco,META00033,1.8931942691809684,3.5171255712486831,2.2389626840630625,1.7107427712583352,1.8931942691809684,1.1402922048282325,1.2126335157351571,1.1921445275210383,1.2386079048736569,1.2386079048736569
46026,San Francisco,META00039,-7.578602262415215,-8.3322869743375509,-7.1607123309916521,-5.4834855287040973,-7.578602262415215,0.95772456500027603,0.91815274698498972,0.94869492383387077,0.92595504927651051,0.92595504927651051
46026,San Francisco,META00040,7.2339774764900469,7.8985102965078369,7.5602590961932146,1.64444058158004,7.2339774764900469,1.2433602223990379,1.2618835205599126,1.3103357829941089,1.2387090549959232,1.2387090549959232
46026,San Francisco,META00049,-9.6609933784741617,-9.1089234946409601,-9.179605805864357,-9.882855035091282,-9.6609933784741617,0.82124360239598637,0.84685589703647191,0.84068157653029074,0.80350361400015924,0.80350361400015924
46026,San Francisco,META00056,-3.4413449593206571,-3.9221920849470999,-5.5042226050325835,-2.9755630163553177,-3.4413449593206571,1.0558304717411391,1.1027811828689751,1.0723893279035777,1.1525413853336044,1.1525413853336044
46026,San Francisco,META00058,4.1107285214840745,2.51124607957059,6.618256567067113,1.1129702147048932,4.1107285214840745,1.0736780988373644,1.0805188952727283,1.0765134333248685,1.0626706612962296,1.0626706612962296
46026,San Francisco,META00069,-9.6363487436412392,-8.5347685967336187,-8.5122613125916651,-4.4765347021109605,-9.6363487436412392,0.88059049932405764,0.91641960696490232,0.92098267168516479,0.92286626821465034,0.92286626821465034
46026,San Francisco,META00073,-8.1597759501048195,-7.9148648617692379,-7.2516903255138834,-9.8052006835427719,-8.1597759501048195,0.93323793294751456,0.94253000852395186,0.9577937594223459,0.93441350116139354,0.93441350116139354
46026,San Francisco,META00074,9.6962605420182211,9.6216308377030781,9.7041215611328902,5.7011000168655777,9.6962605420182211,1.2026653213731575,1.2219220488218019,1.2316469181585157,1.1818800662843829,1.1818800662843829
46026,San Francisco,META00075,-7.3825465223931239,-5.5479574398466234,-6.2729266179485679,-2.1572084953739146,-7.3825465223931239,1.0004388119404182,1.0149492484999603,1.0347303659855156,0.95977880549675898,0.95977880549675898
46026,San Francisco,META00076,9.5556171718161309,9.662601495611538,9.6170351427098204,14.255027729730378,9.5556171718161309,1.7445161148576438,1.734771883250545,1.7464882367387304,1.6802452546275535,1.6802452546275535
46026,San Francisco,META00080,-7.2333623107139893,-8.0490062427547535,-7.2581732239735279,-6.979096621057181,-7.2333623107139893,0.95447261776622028,0.9504786741314577,0.95186596327837381,0.95218856197284185,0.95218856197284185
46026,San Francisco,META00082,-9.1946664024799727,-8.3398880193271747,-8.1000708913379604,-6.7688543015375924,-9.1946664024799727,0.94199401971252672,0.93623853406050062,0.94785062944678689,0.91411713487474389,0.91411713487474389
46026,San Francisco,META00085,-5.3225019028338032,-5.6568267371829277,-6.4652052382795642,-3.9434652022995098,-5.3225019028338032,0.9647845512957951,1.0166048662142062,1.0064601771620676,0.98118045063265724,0.98118045063265724
46026,San Francisco,META00087,-11.038417267586707,-9.4353317838238997,-9.276158080865855,-10.718155488950462,-11.038417267586707,0.79576763506838433,0.83960669613703587,0.85327880068107342,0.72574586341978153,0.72574586341978153
46026,San Francisco,META00092,9.6554522920330665,9.6879480251976098,9.7041215611328902,7.8107570018817878,9.6554522920330665,1.2302562491421931,1.2632090837486791,1.2764113595574118,1.1884970474641292,1.1884970474641292
46026,San Francisco,META00096,-6.2317796576612388,-7.08597862572711,-7.9735899031646555,-6.5271543092612454,-6.2317796576612388,1.0346241218478769,0.96568972875704184,0.94313608343393651,0.9845239043065952,0.9845239043065952
46026,San Francisco,META00101,-6.9853148488640251,-7.9432674024402905,-8.3835415118595122,-6.3015312545949076,-6.9853148488640251,0.95204889364465017,0.93122213076087534,0.92612409776317817,0.82972246499979507,0.82972246499979507
46026,San Francisco,META00104,-6.4605923170897395,-6.7441895672275818,-6.5543562448014798,-0.58265712024216731,-6.4605923170897395,1.0860289566119237,1.0367699547848479,1.0622064931619066,1.0479932581571703,1.0479932581571703
46026,San Francisco,META00121,9.467693316446459,9.6886658473182141,9.7041215611328902,11.428950396540202,9.467693316446459,1.7335066798976093,1.7186368109849794,1.5660103100110958,1.68028188543651,1.68028188543651
46026,San Francisco,META00124,-8.4452890265923948,-7.948671259614037,-7.7104259900375718,-6.0816962645398593,-8.4452890265923948,0.96670745618688203,0.94820586055226808,0.95825236235381739,0.89662770436911443,0.89662770436911443
46026,San Francisco,META00138,-8.1642067636902826,-7.5533025321134941,-7.6927401672133549,-9.4384369952722711,-8.1642067636902826,0.97458823982448162,0.9582855770043669,0.94304925746743928,1.043729651539518,1.043729651539518
46026,San Francisco,META00142,-4.5717651024884072,-5.0988126842859662,-6.9610212112882435,-1.4757730207003936,-4.5717651024884072,1.2232216744733966,1.0446016790954649,0.99908705496886308,1.4504167132751762,1.4504167132751762
46026,San Francisco,META00143,-8.4244408551693599,-8.2965667543961832,-8.6631264661062417,-5.4274097751678294,-8.4244408551693599,0.91651848075730402,0.91779174048738332,0.89883055450482507,0.91138044002212792,0.91138044002212792
46026,San Francisco,META00148,8.4472407706323622,9.444037660216944,7.1652582638659252,11.784638114345913,8.4472407706323622,1.7888516516794191,1.7593682956445396,1.75918621780602,1.7596488470437663,1.7596488470437663
46026,San Francisco,META00157,-10.24659089237581,-8.6992567162341725,-9.1404990507568424,-5.1387393889614899,-10.24659089237581,0.90948634275480067,0.94187919582661339,0.93196266573265107,0.89638587285423565,0.89638587285423565
46026,San Francisco,META00178,9.2334885037783145,9.6940242613284759,9.7021752847281846,10.596557542652915,9.2334885037783145,1.7289226455284341,1.8110589816231615,1.700925685737706,1.7356403938102856,1.7356403938102856
46026,San Francisco,META00182,-6.0191911718424587,-6.978779610542186,-6.894251049945705,-9.3914132452495096,-6.0191911718424587,0.9849265622833141,0.9758845867135062,0.96630591420612366,1.1432297425245586,1.1432297425245586
46026,San Francisco,META00183,-4.5926458660585645,-5.6128467952248293,-5.6789567038823989,-6.9824601434067777,-4.5926458660585645,1.1569051198225109,1.0920185220930299,1.0810460201241014,1.2445680815922779,1.2445680815922779
46026,San Francisco,META00185,-8.9154333955253708,-7.4408935332581416,-8.7150960081542355,-3.3575250924384714,-8.9154333955253708,0.93014618710770947,0.96665803349053192,0.92371553089548486,1.1312433237601491,1.1312433237601491
46026,San Francisco,META00186,-8.13306670061346,-8.9596556701882424,-7.8832536648755198,-7.9458243891170692,-8.13306670061346,0.94177606646003031,0.88862737450569718,0.8979156064350492,0.89206110124819205,0.89206110124819205
46026,San Francisco,META00206,9.4927588434257011,2.7922369724327059,6.8902682037905354,-0.22516189268905107,9.4927588434257011,1.1085503180389844,1.1246335989348457,1.1165345153472754,1.0357148404443237,1.0357148404443237
46026,San Francisco,META00213,-9.3115306293129816,-9.1871279973453195,-9.3962691926705499,-10.245238045007522,-9.3115306293129816,0.88290701504251612,0.85614032800583229,0.85773633956226747,0.82791408187385385,0.82791408187385385
46026,San Francisco,META00216,-8.0048971891494105,-7.9968445946640863,-7.0440677931399271,-6.3517269895687054,-8.0048971891494105,0.95791487601775838,0.93380068650812098,0.91886785743854427,0.99522525601708423,0.99522525601708423
46026,San Francisco,META00222,8.9806841411695846,9.5987200317173293,9.5219319145300751,16.488569988199298,8.9806841411695846,1.7350219446811963,1.6124347018627352,1.5684490078150211,1.7713886475245038,1.7713886475245038
46026,San Francisco,META00237,9.7517702536002027,9.694853146631333,9.6979663950200816,13.934630435914904,9.7517702536002027,1.9123185169715129,1.8412105148739553,1.8116413339073332,1.8633187312709465,1.8633187312709465
46026,San Francisco,META00241,9.9133601369083735,9.7041215611328298,9.7041215611328902,13.605285643524555,9.9133601369083735,1.3876380455818955,1.3310011485709563,1.3183964566574746,1.3078488800905264,1.3078488800905264
46026,San Francisco,META00247,-1.3032970314787817,-3.0513545153049435,-4.369515730935726,-1.2739215047013364,-1.3032970314787817,1.1732336677540789,1.1161041990433047,1.0752099468725178,1.3040347519733471,1.3040347519733471
46026,San Francisco,META00250,-7.1119546100884028,-5.8202483483710274,-8.3326897562348687,-4.771545147918923,-7.1119546100884028,1.0591636531890019,1.008536522908664,0.98004579413845638,1.2583401008456838,1.2583401008456838
46026,San Francisco,META00252,-8.7271755549427503,-8.2051329013495149,-8.1141121858078087,-4.5507986543689594,-8.7271755549427503,0.93959946735352284,0.9362084780579073,0.94329290933979537,0.88184874265308577,0.88184874265308577
46026,San Francisco,META00254,10.02476859774837,9.5922991048660098,9.7041215611328902,6.8179011328941037,10.02476859774837,1.4710170520033137,1.4394071625122136,1.4929983198229975,1.3315668846870414,1.3315668846870414
46026,San Francisco,META00257,-6.982955075203467,-5.7963275793160722,-4.9808352618593235,-0.32374705127657255,-6.982955075203467,1.1197437835709021,1.0815502159219745,1.057563646696891,1.2071827366991088,1.2071827366991088
46026,San Francisco,META00260,3.4096127524669138,2.8699454598843617,3.6260372167986201,-0.27714681106278161,3.4096127524669138,1.2981070335318843,1.2619990298222163,1.2177941267155243,1.2147229855044621,1.2147229855044621
46026,San Francisco,META00263,-7.3133737489976696,-7.2262033166030655,-7.0396426936090934,-6.1999416435498347,-7.3133737489976696,0.99543025123925755,0.97951094091074153,0.98955284625656692,0.92627143789559574,0.92627143789559574
46026,San Francisco,META00265,9.3249585047156156,9.4986504877559597,9.6873069474629983,8.3678940066627323,9.3249585047156156,1.8593676331319728,1.7573265833516565,1.815254843143532,1.7232037632667203,1.7232037632667203
46026,San Francisco,META00268,-3.1367364631456107,0.22543312917072431,-2.6965508282543746,0.044787416384711953,-3.1367364631456107,1.0820635136575438,1.158288691297354,1.1626252090415667,1.0984667067396123,1.0984667067396123
46026,San Francisco,META00270,-8.3234596518835335,-8.0503900002631905,-7.9551221339528579,-4.3912310329090793,-8.3234596518835335,0.95623377220908601,0.95532247208408627,0.94728460620211019,0.95464361417904264,0.95464361417904264
46026,San Francisco,META00271,-5.848693777616969,-6.0656710226678436,-6.9463273925850366,-2.7715801238102569,-5.848693777616969,0.99104757707123359,1.0065483929890617,0.97900493815619227,1.0511666632006593,1.0511666632006593
46026,San Francisco,META00284,-6.6282525679462374,-8.6038090996747325,-8.1556576300949626,-6.6507848611632259,-6.6282525679462374,0.94465637668547775,0.88917929086006287,0.88788986871606967,0.90921447714738868,0.90921447714738868
46026,San Francisco,META00300,-9.1049208418756056,-9.0831704179014885,-9.6320562181463742,-7.6319385161040589,-9.1049208418756056,0.87477480582264788,0.8901666879703557,0.87678466538229072,0.91394737774085488,0.91394737774085488
46026,San Francisco,META00302,-8.3150390107599499,-8.2335067326922697,-7.6508721454349633,-8.4570122118413593,-8.3150390107599499,0.98993688496101184,0.92704378185692704,0.93714506805255693,0.90884189737539622,0.90884189737539622
46026,San Francisco,META00314,-8.3407173263852847,-8.7253506468432391,-8.8001159825651705,-8.2217098531058141,-8.3407173263852847,0.86605684449842424,0.88477036851474433,0.90693946168018702,0.80385282280548043,0.80385282280548043
46026,San Francisco,META00317,12.228791122043287,8.9332206880544724,8.8690247454562332,3.972812378547935,12.228791122043287,1.6264636632238829,1.5469723158844313,1.4969149317110197,1.7539058537002878,1.7539058537002878
46026,San Francisco,META00320,9.7160815226442363,9.6768877128226762,9.7041215611328902,9.6563740377819691,9.7160815226442363,1.2138093870537381,1.2954385444589842,1.3037291769360426,1.222327330682319,1.222327330682319
46026,San Francisco,META00338,10.048853650541258,9.7014002067421359,9.6863678772063775,10.351339953587695,10.048853650541258,1.5460782850980621,1.5162484949757145,1.446423829151013,1.467754231703732,1.467754231703732
46026,San Francisco,META00340,-8.7612876132883244,-9.1461873189657954,-8.9652973713250628,-7.4557970425698663,-8.7612876132883244,0.84398196504378409,0.84311070861008219,0.83862429794317694,0.84173039353621393,0.84173039353621393
46026,San Francisco,META00343,-9.2714529523312219,-8.4933300302744268,-9.1335959983151422,-6.4258161699404219,-9.2714529523312219,0.89095057778483477,0.9156234107030482,0.89173577257711267,0.9189574088937279,0.9189574088937279
46026,San Francisco,META00349,9.7760736885485784,9.3708946836261298,9.6179225474806795,5.0816990329180562,9.7760736885485784,1.1762395344757424,1.2160982742474646,1.2165898815898655,1.166590525385685,1.166590525385685
46026,San Francisco,META00359,10.514931858925854,9.7041215611328298,9.7041215611328902,17.17825344403775,10.514931858925854,2.2501453357084,2.2226302719940993,2.1970285966890022,2.4296867407475609,2.4296867407475609
46026,San Francisco,META00365,-9.170270603240942,-8.0578058016626173,-7.2951804734572869,-5.0942271785056867,-9.170270603240942,0.93048711901155268,0.94834333802270554,0.97369528104198422,0.88101946584795421,0.88101946584795421
46026,San Francisco,META00366,-9.3170742968633995,-8.9019075644104149,-8.87666674364716,-7.8886271538356052,-9.3170742968633995,0.91595474561649115,0.89557973411770186,0.89698756278046821,0.89464916211387502,0.89464916211387502
46026,San Francisco,META00369,9.5417531973019809,9.6998944935312803,9.7041215611328902,11.578938220818213,9.5417531973019809,1.3228581764918579,1.3037170465420176,1.3149811710833197,1.312906494948417,1.312906494948417
46026,San Francisco,META00377,-9.3616876609710946,-9.1490611113925109,-9.1589022488750018,-10.738420132577845,-9.3616876609710946,0.87443426500478827,0.87576149719493557,0.87899971299393975,0.86345038941718366,0.86345038941718366
46026,San Francisco,META00405,-6.8031847167858572,-7.2868282371293862,-6.3080725207778201,-6.8215453298997168,-6.8031847167858572,1.0415258586250273,0.97628511782596816,1.0353818956127561,0.97274496311813163,0.97274496311813163
46026,San Francisco,META00406,7.8359985451211793,4.6305289092006543,8.1979822302575371,1.2160989529249835,7.8359985451211793,1.0903713721107253,1.1264166001098115,1.1382470484584097,1.0482332991859002,1.0482332991859002
46026,San Francisco,META00410,10.307439127163716,9.6906330213882175,9.7041215611328902,13.466430797236056,10.307439127163716,2.3370791567741156,2.1296590586204807,2.1963525688097927,2.3492632228451216,2.3492632228451216
46026,San Francisco,META00411,10.477747124216485,9.6631531401837645,9.7041215611328902,9.9015891244967271,10.477747124216485,1.8756104498886983,1.8756493388884572,1.8721905573165385,1.8780307764645208,1.8780307764645208
46026,San Francisco,META00418,-7.4700881097432283,-7.4607087941278998,-7.477920367809519,-8.3111122991661244,-7.4700881097432283,0.95136831287075951,0.94611423952820206,0.96194717214842496,1.0470767175190876,1.0470767175190876
46026,San Francisco,META00427,-3.0308150830369982,-5.1364469474736643,-5.5249051991004929,-8.132171899732791,-3.0308150830369982,1.1966446027357469,1.0989781548578657,1.0773520132083929,1.4505245617047018,1.4505245617047018
46026,San Francisco,META00436,-6.3717244097284658,-5.7992736636124729,-5.3881958802186585,-4.1450954092964496,-6.3717244097284658,1.0703635380414462,1.0288000031257036,1.0643577231863279,1.0112619518324899,1.0112619518324899
46026,San Francisco,META00437,-8.3390839765487161,-6.2836997533329395,-7.0889113856095998,-3.2018205890682565,-8.3390839765487161,0.98124639431773109,1.0008933503851398,1.0205167012489829,0.90226559589876332,0.90226559589876332
46026,San Francisco,META00439,-10.045891176826345,-9.2027872707083613,-8.8326332066068183,-7.5018690200451505,-10.045891176826345,0.85543141754385488,0.85852995820446587,0.8732608128870214,0.88848034738593817,0.88848034738593817
46026,San Francisco,META00441,-7.0002161016761741,-7.4738711380274436,-7.3700831509879956,-8.0088379567576915,-7.0002161016761741,0.97060008796350883,0.95123672385613989,0.95889243435902127,1.0141293439565495,1.0141293439565495
46026,San Francisco,META00442,-3.6509974367977218,-5.59712881214866,-5.6765513606356004,-4.3199704881542589,-3.6509974367977218,1.2607853333112577,1.1090361017982853,1.1038205073738148,1.3546406436438447,1.3546406436438447
46026,San Francisco,META00448,-5.8526596426342588,-6.7553077324430459,-5.6733289332356831,-1.4663667548448838,-5.8526596426342588,1.0287725870286475,1.0031645909011682,1.0210972581446667,1.0046838109414546,1.0046838109414546
46026,San Francisco,META00449,9.4774368034966372,9.6714987796503653,9.7041215611328902,8.5444542818986609,9.4774368034966372,1.7763942785096827,1.708313910135018,1.6498903825027547,1.73319962554829,1.73319962554829
46026,San Francisco,META00452,0.70387657464168285,2.0375584351863036,-0.22002760374647246,0.037002881796677212,0.70387657464168285,1.054622145295274,1.0340167297527298,1.0428359817385924,0.98412183150522103,0.98412183150522103
46026,San Francisco,META00454,9.4631350834641257,9.434289031937249,7.0358271316073084,11.405500386241627,9.4631350834641257,1.5548665577130509,1.5407284601002176,1.4708932642658452,1.5528502659724501,1.5528502659724501
46026,San Francisco,META00468,-7.6484499957489511,-8.1408869318320356,-8.1520716186983737,-6.7241223106582702,-7.6484499957489511,0.91296534528566875,0.92050061143084971,0.92154797250281262,0.88903412680089888,0.88903412680089888
46026,San Francisco,META00480,-8.9584515929505084,-8.7267812648514269,-8.6794294800630958,-9.6464293041634441,-8.9584515929505084,0.87810918741834454,0.88751518194563417,0.89737340131455834,0.91851013710485063,0.91851013710485063
46026,San Francisco,META00488,10.075089958673248,9.7041215611328298,9.656777764724735,14.676615835416937,10.075089958673248,1.3969965863176708,1.4294819209032592,1.4020960745850777,1.4908666884049313,1.4908666884049313
46026,San Francisco,META00497,-8.8847399710646506,-7.680014469754151,-9.2592146402327788,-6.0940720833618247,-8.8847399710646506,0.91589534458419597,0.9573269134995398,0.91954036897833613,1.0257147850081312,1.0257147850081312
46026,San Francisco,META00499,-8.8245295669205568,-8.73854331538681,-8.8669760155604891,-8.2345235836518214,-8.8245295669205568,0.8803429435077329,0.90638749636696425,0.89216770761000352,0.88044168500589504,0.88044168500589504
46026,San Francisco,META00510,-1.899439954073245,-0.74643241502197744,-2.4223984402779801,-0.37961731339043914,-1.899439954073245,1.2208778842301939,1.2163448162991661,1.2051090959040798,1.2143474994987979,1.2143474994987979
46026,San Francisco,META00526,2.4697861672945791,1.1920677399811388,3.3785919216958131,-1.0980450780225179,2.4697861672945791,1.1511721693861099,1.2080093302261423,1.2347757950732028,1.2280682085911556,1.2280682085911556
46026,San Francisco,META00530,10.370066401434292,9.7041215611328298,9.7041215611328902,15.672483013774492,10.370066401434292,2.2261981128938819,2.0900356827942339,2.132826229628447,2.1444517320525618,2.1444517320525618
46026,San Francisco,META00537,-6.5816210712727843,-6.9258712171670567,-6.3123831767578391,-5.6428184423642787,-6.5816210712727843,0.98371034898690735,0.99282278471920427,0.9815138175555338,1.0480918926041476,1.0480918926041476
46026,San Francisco,META00540,-8.882678635870894,-9.1792872205819336,-9.2973496843968491,-7.3274515284766846,-8.882678635870894,0.88327782255659326,0.87241198507819739,0.8955927296868621,0.90067205885164925,0.90067205885164925
46026,San Francisco,META00541,9.6465042386635567,9.3454472123158361,9.7041215611328902,2.4266104280795511,9.6465042386635567,1.083796613698657,1.1198328663783657,1.111134049372841,1.0718703392414164,1.0718703392414164
46026,San Francisco,META00542,-5.2402401852949057,-2.8513516322905685,-4.4585405454299529,-2.1419504610969184,-5.2402401852949057,1.0851631484909421,1.1055681393026984,1.0814950712551004,1.0656725387191093,1.0656725387191093
46026,San Francisco,META00543,-6.6039992550874365,-7.1287835144045779,-7.6976769109422465,-3.3065778848522327,-6.6039992550874365,0.9930550064916428,0.98507064648320086,0.96908203511421143,1.0722229630425906,1.0722229630425906
46026,San Francisco,META00545,-9.5184644210387468,-9.141423523815968,-9.3265951471497104,-9.299395332276557,-9.5184644210387468,0.86201202270429056,0.86945456525466058,0.85622322350387037,0.80873780674747098,0.80873780674747098
46026,San Francisco,META00547,8.8413354895490706,9.3240900187012681,9.3062266715597666,3.6107838157134089,8.8413354895490706,1.0516413891133836,1.1331347057089165,1.1560270995176907,1.0132101135284282,1.0132101135284282
46026,San Francisco,META00552,-8.4288202156568701,-7.4973880438543725,-7.8535649618394956,-3.3139339965154808,-8.4288202156568701,0.94794484289690772,0.97442981403978779,0.95849412258087052,0.9948278887233355,0.9948278887233355
46026,San Francisco,META00553,8.2198625983901046,7.6112598825286479,9.4704951033106877,1.8360663207696559,8.2198625983901046,1.0567564744102418,1.0998299635923863,1.0851048899523892,1.0813174739857612,1.0813174739857612
46026,San Francisco,META00554,-7.4301488758978431,-7.1959327852559776,-6.3520320209002641,-3.7638483832761582,-7.4301488758978431,0.95741503537847827,0.95698269687731108,0.94836346568887031,1.0913994158352667,1.0913994158352667
46026,San Francisco,META00555,10.157958779576472,9.0861210790494056,9.5051861546273315,2.8568644983361904,10.157958779576472,1.1098844979971219,1.1248639408252588,1.1120133931301341,1.0763601363155788,1.0763601363155788
46026,San Francisco,META00556,-6.2647183740431593,-6.2851392838838649,-6.5524147905446242,-8.6929922702788485,-6.2647183740431593,1.0640689316409537,1.0418125340005726,1.0040621230198334,1.1887668044770763,1.1887668044770763
46026,San Francisco,META00558,10.276457726105557,8.8389671782392973,9.4825410525860612,2.9775333963031696,10.276457726105557,1.3289134749172642,1.2593714341900939,1.2236934977418772,1.2585379842041089,1.2585379842041089
46026,San Francisco,META00560,2.9362173779700478,2.6039882688293261,1.7033579498510587,0.84660378737051767,2.9362173779700478,1.2423992527899737,1.3342801963799908,1.2920334404751768,1.2542646541625913,1.2542646541625913
46026,San Francisco,META00561,9.9892987257533665,9.6985646778469938,9.6682353588190502,8.5182051099566145,9.9892987257533665,1.3833361816881162,1.4510837989362511,1.3952201695460669,1.4393750518232173,1.4393750518232173
46026,San Francisco,META00577,-4.7116373294615865,-6.4774283246821529,-8.3853127568166972,-4.2561544136183578,-4.7116373294615865,1.0588127767281075,0.99050115894387092,0.95767570808448821,1.086838758751659,1.086838758751659
46026,San Francisco,META00584,-9.7133895144903946,-9.2620683749355326,-9.3642472637866785,-9.4237966837455662,-9.7133895144903946,0.84870112084041227,0.85305950369990247,0.85378443440188978,0.81170568756842143,0.81170568756842143
46026,San Francisco,META00587,-9.5213638169614505,-9.1507433955578747,-9.1435644164282355,-7.7836751152912811,-9.5213638169614505,0.85128814688693788,0.87418493074322479,0.89539276945327029,0.8465303403626665,0.8465303403626665
46026,San Francisco,META00596,-5.5774659573759511,-7.2757581937473486,-6.0986322664563684,-5.2270890377018269,-5.5774659573759511,1.0194000225577735,0.96922055519372541,0.98696531714491154,1.0829944920819348,1.0829944920819348
46026,San Francisco,META00600,9.4614903340523373,9.044884905773575,9.7041215611328902,5.806151946689285,9.4614903340523373,1.3983175428850663,1.4584942327139543,1.4747074961257165,1.4581753258404264,1.4581753258404264
46026,San Francisco,META00602,-9.6680168424199717,-8.59157372216041,-8.9867197089999333,-5.7690498977575899,-9.6680168424199717,0.89600044781046351,0.91933226355743503,0.91165821016800952,0.91889837291850773,0.91889837291850773
46026,San Francisco,META00605,9.4496406251027913,8.1356054829712434,8.7943562645889095,1.3054885718713627,9.4496406251027913,1.0638456131088359,1.0774059169204688,1.0841042393638856,1.034365183843595,1.034365183843595
46026,San Francisco,META00606,8.9486183496352556,8.7621696675790304,9.3779369501471166,2.272741153298123,8.9486183496352556,1.091674838792126,1.1053139487623704,1.0864554963384936,1.1098040706137364,1.1098040706137364
46026,San Francisco,META00618,9.8003626860353243,9.6500372395936171,9.6979663950200816,7.7269750231969372,9.8003626860353243,1.6590818382604107,1.5823920209820024,1.6474368476369432,1.5010944543648173,1.5010944543648173
46026,San Francisco,META00638,9.5226777797256545,9.6551930419668412,9.6630858884212731,10.610403373361038,9.5226777797256545,1.4422793368042839,1.4921341453147652,1.5299569222557416,1.3704427934868026,1.3704427934868026
46026,San Francisco,META00644,9.5304455669571109,7.7186504373968345,7.3486790989609094,7.9152043552693385,9.5304455669571109,1.8883974198429412,1.7163038201685898,1.6911565763241034,2.0242672161892132,2.0242672161892132
46026,San Francisco,META00645,9.2380633772219323,8.9322555067462694,9.3771904533829176,1.6967658216572175,9.2380633772219323,1.1134681585094202,1.124205208561937,1.1332641750515997,1.0883239266910623,1.0883239266910623
46026,San Francisco,META00650,-4.9881230089803505,-4.8424338837133032,-6.1478122600392178,-2.737597544508215,-4.9881230089803505,1.0176277452617002,1.0707758792635487,1.030862441672866,1.1001017317370012,1.1001017317370012
46026,San Francisco,META00659,9.8967956450381092,9.7006304340858502,9.7041215611328902,11.515683669175978,9.8967956450381092,1.4983678480980327,1.4714178233219939,1.4852379570452872,1.407722755925684,1.407722755925684
46026,San Francisco,META00668,-7.08438748878008,-5.999572854940042,-6.452269172452481,-3.727105896439443,-7.08438748878008,0.97025677102800689,1.0301585679376692,1.009586554552929,0.9699500617706136,0.9699500617706136
46026,San Francisco,META00669,11.867582197607966,8.6860087910542276,9.4986199666638989,2.6990224896622785,11.867582197607966,1.5119220285175219,1.415015911530797,1.3618725601905208,1.5463128879901695,1.5463128879901695
46026,San Francisco,META00670,12.669525631652599,8.6809618691228234,8.4650859584394844,3.877482578978348,12.669525631652599,1.6526387739951895,1.5813508504415956,1.521025535613064,1.7945117491524365,1.7945117491524365
46026,San Francisco,META00671,10.339876006334762,9.7041215611328298,9.6718291608929547,14.058682662457828,10.339876006334762,1.1852099636704372,1.2611497501869289,1.2717551680740202,1.2003787066263616,1.2003787066263616
46026,San Francisco,META00673,-7.3651303758423063,-6.3147897858963198,-7.32139821166452,-1.9123883074650405,-7.3651303758423063,1.052743561114371,1.0117728993665875,1.016867171319366,1.1237817807600397,1.1237817807600397
46026,San Francisco,META00676,-9.8099560236833145,-9.3600311168790888,-9.5510492534805529,-9.5150529372182238,-9.8099560236833145,0.85290486252310327,0.85354011776803684,0.86238751775472566,0.84923067354263537,0.84923067354263537
46026,San Francisco,META00681,9.6179877094616995,9.4966649272114196,7.7391957554034567,10.297829477473147,9.6179877094616995,1.9057277803316204,1.7393472642217729,1.7451625549525029,1.7470342054129042,1.7470342054129042
46026,San Francisco,META00685,-3.8973643593700378,-2.874130364113884,-3.8433893735156603,-0.51223941920699534,-3.8973643593700378,1.0249310643927552,1.0398343196681332,1.0220032360513212,1.0086950920043862,1.0086950920043862
46026,San Francisco,META00687,-5.0743431507296579,-6.4493962984409023,-5.9018591468688015,-1.8774093029760419,-5.0743431507296579,1.1448922660096845,1.0419670516769808,1.0768026468915775,1.1197543279332929,1.1197543279332929
46026,San Francisco,META00688,-7.6604186203066345,-7.5990948207577489,-7.4673654059720045,-3.6949844778349759,-7.6604186203066345,0.97891920581553615,0.96093150271689109,0.96084861275277955,1.0123406894569973,1.0123406894569973
46026,San Francisco,META00691,-3.3644069469095954,-2.3900265736722899,-2.5505623110217903,0.54925230295838112,-3.3644069469095954,1.0973182857153103,1.0981120504867743,1.0808505597544955,1.0717658049329848,1.0717658049329848
46026,San Francisco,META00692,10.251680606994682,9.7041215611328298,9.7041215611328902,9.762478640134777,10.251680606994682,1.2929238010953779,1.3406220139212484,1.3363167673677412,1.3048007957284842,1.3048007957284842
46026,San Francisco,META00702,-10.133291139495112,-9.3414451864504198,-8.6927565203136243,-10.9558914313891,-10.133291139495112,0.7647518361909994,0.7985744485248667,0.81583797330654417,0.70592836945672821,0.70592836945672821
46026,San Francisco,META00704,9.7904683025842409,8.9119265920616595,9.023305718269178,6.2661833547674863,9.7904683025842409,1.1440355869894163,1.1283000403620862,1.1338331579435268,1.1320410577989983,1.1320410577989983
46026,San Francisco,META00706,-9.0228527062083259,-8.8292371609916387,-9.5349480854662794,-6.7476716919901385,-9.0228527062083259,0.86801396917720608,0.92656630743874135,0.90513783762266764,0.91802074331036088,0.91802074331036088
46026,San Francisco,META00710,9.4133585467623,9.6537556769904125,9.660753938120525,6.8877280936903045,9.4133585467623,1.3916246899506204,1.4502926186243417,1.4405586172144085,1.3930181299317499,1.3930181299317499
46026,San Francisco,META00711,9.4246601656524565,9.6578028474305384,9.65707476979909,10.196061256308425,9.4246601656524565,1.8205220012046772,1.7772505653257782,1.8628169515787349,1.6498208474800768,1.6498208474800768
46026,San Francisco,META00713,8.209101204043268,9.0713725866550554,9.6788723009591084,3.207146852645447,8.209101204043268,1.2043587769780439,1.3138222432859019,1.3291038979669512,1.0990965678676476,1.0990965678676476
46026,San Francisco,META00719,9.5610772294765525,9.6977809597305047,9.7041215611328902,14.82922286559166,9.5610772294765525,1.9506583893070903,1.8941034814012103,1.8621518287927448,1.8402054139537052,1.8402054139537052
46026,San Francisco,META00720,10.256786369096531,9.5432488032363878,9.6140314783517535,8.6754585196876626,10.256786369096531,1.7873620502612617,1.7628982198838032,1.7925485199504672,1.8112305036228773,1.8112305036228773
46026,San Francisco,META00721,-4.2650359570814746,-4.4570836392217128,-5.703877344154205,-2.415250651321875,-4.2650359570814746,1.0730736071981613,1.0763464936231246,1.0817200817840673,1.0387540359882785,1.0387540359882785
46026,San Francisco,META00724,10.313792793970739,9.677384288438585,9.6710819050221222,9.6306982025503629,10.313792793970739,1.5177227800443476,1.6123417252038807,1.5152326878075053,1.5384300251973821,1.5384300251973821
46026,San Francisco,META00727,-3.624373368526927,-2.0869795559023219,-2.7107657851134879,-0.3222501913831759,-3.624373368526927,1.1270341308084839,1.1347621242749246,1.0924136230569734,1.1788443046702033,1.1788443046702033
46026,San Francisco,META00728,9.7110168493156266,9.5618560964847372,9.5921523784296951,4.5337099606358287,9.7110168493156266,1.3551645140575264,1.2884852110320026,1.2732318202415474,1.4577662656339008,1.4577662656339008
46026,San Francisco,META00732,8.6287372056177229,9.3380577972204932,9.7041215611328902,6.6934667274561566,8.6287372056177229,1.3181299440329055,1.4296119793701332,1.3356270112140636,1.5270773275626224,1.5270773275626224
46026,San Francisco,META00733,-8.5569194100934496,-8.7877537697035297,-8.5513786100133427,-9.7993111053139366,-8.5569194100934496,0.85296798375181038,0.88066033904188312,0.88755207692544225,0.78457341235212941,0.78457341235212941
46026,San Francisco,META00735,-8.2473692544070563,-7.3059210247420996,-7.1913151436627958,-7.6567248236580969,-8.2473692544070563,0.92614373445324294,0.96548897551226165,0.93572211844259645,0.92583437317456219,0.92583437317456219
46026,San Francisco,META00736,9.913285857437522,9.6998944935312803,9.7041215611328902,7.8817282905651993,9.913285857437522,1.1810136087380332,1.2558569555745027,1.2337668539280466,1.2228882802414318,1.2228882802414318
46026,San Francisco,META00743,-8.2091471164822352,-7.5384885524837593,-7.7754953070455164,-4.895648616132835,-8.2091471164822352,0.96635819007472346,0.97227231084591192,0.97053580234593362,0.94851880474771666,0.94851880474771666
46026,San Francisco,META00748,-10.155764175967013,-9.0003427409427132,-8.8478199698496098,-9.7473344822297445,-10.155764175967013,0.82516384140656063,0.85440137015830353,0.87184209517123445,0.8184432438474758,0.8184432438474758
46026,San Francisco,META00754,-2.5388581174485765,-1.8668960450618848,-5.4596319383120635,-2.9510446927588601,-2.5388581174485765,1.1357926415361166,1.1782550450790159,1.0648720135479477,1.2640506279864114,1.2640506279864114
46026,San Francisco,META00755,-8.4010502099959954,-4.8584215848742627,-7.4200792579796229,-5.4674948810782524,-8.4010502099959954,1.0069757925891309,1.0347272112564623,0.98535959647286331,1.0184052395234249,1.0184052395234249
46026,San Francisco,META00762,10.42412229682051,9.5074081133135522,9.5166391615792172,6.7011302344445198,10.42412229682051,1.5285281723498807,1.473885689558726,1.5333683036599066,1.5314387504720197,1.5314387504720197
46026,San Francisco,META00764,-8.0294913593030515,-7.7716465083749471,-8.1727821187151424,-10.00248450044417,-8.0294913593030515,0.93317026408145787,0.93833347138409728,0.88232720425429267,0.94339410193155882,0.94339410193155882
46026,San Francisco,META00772,-7.6664664017740085,-7.5658771166735868,-6.9605716408508913,-3.6360594684498562,-7.6664664017740085,0.96020652875758272,0.96565843849521305,0.99001075109711845,0.94637173583780676,0.94637173583780676
46026,San Francisco,META00774,-6.9957591597039679,-7.5597858200319736,-7.2809821420880487,-5.0930283124102633,-6.9957591597039679,0.98722608278055612,0.96250736607343601,0.95912906881150206,0.94397674856304115,0.94397674856304115
46026,San Francisco,META00776,-9.0801191239823211,-8.9500766196469819,-8.8937077526016548,-8.8328705659089994,-9.0801191239823211,0.88556783616908641,0.88852873872306537,0.86209331300273906,0.8695219654006574,0.8695219654006574
46026,San Francisco,META00779,9.8290760939679043,9.5865321811009334,9.4321566285993157,9.0964355819194314,9.8290760939679043,1.3622056039395507,1.319240917854327,1.3355930101691074,1.2672378651126257,1.2672378651126257
46026,San Francisco,META00798,0.79441468036300367,0.88412402285192337,0.71030905652481158,0.047858094422430497,0.79441468036300367,1.2404189955574447,1.2500405290297159,1.256701805425291,1.2187289466177074,1.2187289466177074
46026,San Francisco,META00813,-9.66065769152471,-8.4076558908660228,-8.8415444746792407,-7.6518893179615368,-9.66065769152471,0.91622507611548198,0.91491461913978922,0.91348633957431125,0.87530706043953888,0.87530706043953888
46026,San Francisco,META00816,-9.6184424465590759,-8.6188206823288578,-8.7258903112522237,-6.5260383797630617,-9.6184424465590759,0.83283288101743158,0.90402782305434715,0.91574652617040253,0.84387199440050709,0.84387199440050709
46026,San Francisco,META00822,-6.6587664644554794,-7.5164856896264807,-6.6867990608557539,-6.4113269602675089,-6.6587664644554794,0.98604679370513304,0.96009745702293003,0.97410058205007299,1.0246326305821456,1.0246326305821456
46026,San Francisco,META00827,-6.6586418863619139,-7.1186482935620896,-7.8719187879792312,-5.4360154586389839,-6.6586418863619139,0.97929773680945054,0.96931508940087074,0.95165665468375527,0.96697622556543417,0.96697622556543417
46026,San Francisco,META00832,9.6979000987088604,9.6632127888519133,8.9025617546263867,7.3256729003123802,9.6979000987088604,1.2989092248568337,1.2452888764619821,1.31254043682743,1.2264705800936397,1.2264705800936397
46026,San Francisco,META00834,-10.132635128449458,-8.8128204111779382,-9.2798974611289466,-7.8030402625611917,-10.132635128449458,0.92664735252777297,0.90744336330865827,0.90604562289423196,0.8957038358571785,0.8957038358571785
46026,San Francisco,META00835,7.0814036481538469,7.0610387736394751,8.220071251328692,4.3388984856922779,7.0814036481538469,1.4991239954773858,1.5784911477185879,1.5161606827391285,1.600831430895113,1.600831430895113
46026,San Francisco,META00842,-1.0469093194348909,-2.0732737226976119,-3.2147315128807405,-1.5638908440387722,-1.0469093194348909,1.1947002285953561,1.2009279317830246,1.1624430577206066,1.1890155996520455,1.1890155996520455
46026,San Francisco,META00852,9.9790305910762473,9.551652127565939,9.6854716548021145,5.6013699636007068,9.9790305910762473,1.2135194492411676,1.3141504406833118,1.2894604338785822,1.2577616481732758,1.2577616481732758
46026,San Francisco,META00865,-4.1897411500555659,-6.068426418795176,-6.0504550725761188,-5.6887346634270504,-4.1897411500555659,1.1532944752031171,1.0437064918067909,1.0536199514771885,1.3659190760854176,1.3659190760854176
46026,San Francisco,META00866,-10.344739425616471,-9.1585524052685443,-9.4518597179550508,-8.0341057709148433,-10.344739425616471,0.88517050718496637,0.90442977468556662,0.89054406584683021,0.86777382796997282,0.86777382796997282
46026,San Francisco,META00870,-9.7792092306443443,-9.1960080985076296,-9.3242741460804055,-10.831620841406282,-9.7792092306443443,0.83593745112171902,0.8510675620390985,0.84019345551044822,0.80542103209041049,0.80542103209041049
46026,San Francisco,META00871,-6.2804444361612948,-5.0029949200329611,-5.6961481874928213,-3.5232900901963022,-6.2804444361612948,1.016266947383438,1.0395498171686119,1.0262845392484794,1.0134742876356819,1.0134742876356819
46026,San Francisco,META00878,-3.428492420478972,-3.4483449430922479,-3.332416899070743,-4.160328510668009,-3.428492420478972,1.1174010683985733,1.1104675642395596,1.1014126000948121,1.017397927517337,1.017397927517337
46026,San Francisco,META00879,9.9748973472010842,9.6959311392947622,9.7041215611328902,10.707668687063286,9.9748973472010842,1.3925370348881085,1.4125345930564344,1.3808534278599411,1.4711433175680195,1.4711433175680195
46026,San Francisco,META00887,-6.9766055903928468,-6.3235726041821589,-5.9740513420319559,-3.0116642505263536,-6.9766055903928468,1.0778581510689,1.0448049337421492,1.0634124653369079,1.041588604534657,1.041588604534657
46026,San Francisco,META00889,-9.4908419841360629,-8.6396766278250539,-9.1822087243987802,-6.3500193885290201,-9.4908419841360629,0.88048450505806164,0.92570350060122475,0.91689501939174456,0.89091905609601563,0.89091905609601563
46026,San Francisco,META00891,10.105871863414466,9.6615630101024994,9.6718291608929547,7.7355016505942427,10.105871863414466,1.2566407727593201,1.2733862800353777,1.2797632799173011,1.2683523330887412,1.2683523330887412
46026,San Francisco,META00898,-4.6536842698709613,-4.9863451581980627,-5.6650929852435032,-4.2237785636144647,-4.6536842698709613,1.0257087614259217,1.0233759590557017,1.0071863048208447,1.0667857877619715,1.0667857877619715
46026,San Francisco,META00900,-9.8828111909377103,-9.5528844870459775,-9.6594352724985733,-10.709821908884841,-9.8828111909377103,0.7917835813637798,0.81205391141276773,0.82063085311401451,0.77853322328244312,0.77853322328244312
46026,San Francisco,META00903,-9.4013631715257571,-9.19435924005864,-9.2776860779635211,-9.7199515387961402,-9.4013631715257571,0.80714845049178463,0.83727560482714503,0.85083594649220162,0.8134752957064848,0.8134752957064848
46026,San Francisco,META00907,-9.3241994809854418,-9.1476636284449562,-9.0025110311719914,-8.8370247212174764,-9.3241994809854418,0.83421596496487838,0.85970140793087102,0.86701338248767457,0.83463753358699,0.83463753358699
46026,San Francisco,META00910,-3.7231244753925936,-3.1179830346223874,-5.1279469567811766,-2.6194732193497807,-3.7231244753925936,1.0499121989366824,1.1163365247740906,1.0376298678657676,1.105253023563487,1.105253023563487
46026,San Francisco,META00914,-9.2717462875636265,-9.181922921508038,-8.5566561421526863,-10.122959018485776,-9.2717462875636265,0.81272939938811595,0.84169789482616519,0.86101844623509427,0.78466973311620836,0.78466973311620836
46026,San Francisco,META00921,-7.5483138762747517,-6.8106256114893649,-7.0053904280664288,-0.73539418447555294,-7.5483138762747517,1.0624497892518157,1.0189346904710477,1.0044127520073545,1.0590063445002116,1.0590063445002116
46026,San Francisco,META00924,9.2103634826044374,9.7041215611328298,9.6472643192770988,11.501603875790885,9.2103634826044374,1.4474017677744715,1.4362385171581,1.3886676202704895,1.390609202941343,1.390609202941343
46026,San Francisco,META00942,-9.9359429355330953,-9.0968109093490046,-9.4265473972497134,-7.9539436090585927,-9.9359429355330953,0.84229647002030694,0.88817216868694226,0.88207556811172905,0.85951773322079816,0.85951773322079816
46026,San Francisco,META00945,2.5528339667513049,1.9639638113670419,1.0424266623757965,0.81416287493856099,2.5528339667513049,1.2099098624150422,1.3232069999640963,1.2312996144435515,1.315815640594306,1.315815640594306
46026,San Francisco,META00947,-6.888350689368365,-7.5595394075803979,-7.8664483375317644,-4.4327792186349875,-6.888350689368365,0.98272761952800314,0.9746331659022146,0.96125533641580341,0.95540563951889124,0.95540563951889124
46026,San Francisco,META00957,8.4583763757308876,8.3711738857060851,9.0864379416746903,2.3334355013579535,8.4583763757308876,1.1958247986537618,1.1618409034557353,1.1614740824073295,1.1363575481359189,1.1363575481359189
46026,San Francisco,META00962,-4.8503151820541852,-6.1502738802845229,-5.8334244258233179,-4.0147522637720332,-4.8503151820541852,1.1753175204172106,1.0546984633358585,1.0437854169727268,1.2113745329766807,1.2113745329766807
46026,San Francisco,META00963,-7.8741517542886497,-7.9600957704429085,-7.7742292985441646,-5.0642868568498187,-7.8741517542886497,0.96133752965011054,0.9320130786575328,0.94015111766355253,0.93201657742490684,0.93201657742490684
46026,San Francisco,META00968,9.4478079459914781,9.5728658897723964,9.696512839450099,8.2589442613940935,9.4478079459914781,1.8095492165333313,1.7718318022582336,1.8179369232144458,1.7091483237079357,1.7091483237079357
46026,San Francisco,META00971,-9.8540148429250678,-9.3772218088055244,-9.4900740461501787,-7.7306478114709662,-9.8540148429250678,0.84043415459920101,0.87338816087784399,0.87340873113185735,0.82561615017216927,0.82561615017216927
46026,San Francisco,META00974,-9.5075137931770595,-9.5178083181382718,-9.6817948139767012,-9.30113895757572,-9.5075137931770595,0.79225056223873713,0.82344359626140484,0.81856273879777608,0.78137336857541162,0.78137336857541162
46026,San Francisco,META00978,-8.4340773574819039,-7.6692990939036312,-7.4004383469156672,-4.1893760508950457,-8.4340773574819039,0.97376122589811009,0.95769200814592415,0.97681669557329043,1.007109518845271,1.007109518845271
46026,San Francisco,META00981,-8.4688114416499598,-8.5097144850158699,-8.9580467110398132,-11.094724926260129,-8.4688114416499598,0.9172780641579692,0.90106814401237589,0.89459312285426007,0.88054523557086184,0.88054523557086184
46026,San Francisco,META00998,-4.1566034931281761,-4.1596189637297671,-5.4175053615509174,-4.6565732311449715,-4.1566034931281761,1.0169946384992719,1.071724495399053,1.0403672986568173,1.0705749021190312,1.0705749021190312
